rsi_14,macd,bollinger_position,volume_ratio,price_change_1d,price_change_5d,price_change_20d,volatility_20d,market_sentiment,sector_performance,vix_level,yield_curve_slope,bid_ask_spread,order_imbalance,trade_intensity,news_sentiment,social_sentiment,analyst_consensus,signal_score,target
1.0720151726676768,0.39171773219669925,1.8190152528563186,-0.17809812513114764,-0.022387514236665143,0.47357646982375134,-1.326969173763106,-0.380002519341601,0.48411849460574446,0.5117525773204568,-1.0232834913513946,0.24753117613081857,-0.3056116675054218,0.07555347959781585,0.10855842179103233,0.21465132452844338,1.0635283490518175,-0.5520594579750254,1.2397500112267585,2
1.5805114096028228,-0.49409555282953144,0.8063146500756325,2.418365103734778,0.6153415555923175,-0.15925902145038007,-0.2886600674522654,2.6497622473585842,-0.8621457467262109,0.3750989142796054,-0.6692725808912304,-2.1480188086538137,0.14150237824058542,2.1061837610857905,1.2252210372057866,-0.010650880706398446,0.17770237040605313,0.5880155557802436,1.2499293221685615,2
-0.7903211964241712,0.6222911663355187,0.21692014629322595,-0.14457297832078617,0.15505222179968492,-2.113578991189255,1.4100300363068652,0.018265218870555777,0.4511071490350396,-2.5685118442129498,-0.907069354186355,0.3984786182626532,0.6647807943261937,0.1415371506499253,-0.7753727296966116,2.229581221472611,-0.0336122530692342,-0.9263543471638156,0.18817572450771566,1
1.0201379025519224,0.12779978534957945,-0.8903353978579602,-0.5630093398803045,0.5562477333360862,-0.5096595512746498,0.030646948728930017,-0.6948242964617667,-0.09706233885786034,0.25668589482974946,-1.2075412711694253,0.782535097350454,-0.5431707586616608,0.7986826344050602,-0.503398403786178,-0.12018666004766082,-1.2114678974904465,2.213776653237224,0.3687669968497038,1
-0.7533654179927919,0.25725814892654736,-1.1177658422749834,-0.30922749874031125,0.6229771335525971,0.3231404055133392,0.6397927595142963,-0.9807089781161876,-0.9580455314531591,-3.2343589073829473,1.3097717282162977,0.4623777055662174,-0.7072078814631343,-0.2833928112422122,-0.6576228943764773,-0.6249507616027549,0.40157501023786346,-1.1460445765452498,0.04798693796314572,1
-0.27392992861315235,-0.6045254064087616,-0.6075924979091906,-0.607406759231324,1.5332101307876471,-0.45869789062575633,-2.053913523955105,0.04546055540637513,0.9272364055904753,-0.14650417284717188,1.8000683176953007,1.5139821673493858,0.014677386459332732,0.9935289179851122,0.17970625172110796,1.280971602870557,-0.5491980984825109,-0.6502864182619207,-0.15460992577391208,1
0.23476258092171423,-0.33119485520599845,0.4532912362528753,-0.7131860935521634,-1.76145442916335,0.5105518594293068,-1.7414620555850027,-0.540523145967309,0.5762055530796848,-1.8197172165492916,-0.15713952097938128,1.0418246919267597,0.34216538017456394,-0.27299234938005124,-0.4412760450499903,1.2336427785573647,-0.19283128685910156,0.22087982693825722,0.0011183386113716872,1
1.4079727844395522,0.5032984178292504,-1.1201233315985009,0.01810376842621224,1.5267710419502734,-1.127041131269832,-0.1385064369160535,1.5574684811147173,-1.3790718882381725,-0.3987243116540155,0.04547444478760526,-0.051789688961045334,0.41824713099968536,0.9630647106923774,-0.7402869723023429,-0.7479420572006668,-0.45349709899817425,-0.7349510048490459,0.20703629562972836,1
1.1191048903381604,0.44290489327012167,-0.11181335536605946,-0.8729776695557604,-1.649824083895044,1.2780383352866322,-1.566327835239055,-0.4593627191234285,-1.6682596594646542,-0.8674824803804433,-0.9572004651466539,2.032621193406303,-0.8807769304450168,0.07080040712884533,-0.4001586857482595,-0.4207846306359186,1.8058689360721136,0.5032861231323958,-0.5199656704729309,1
0.3726098205311758,0.46954794209930445,0.8403470572807905,1.092684336909834,0.7238457290886843,0.6166034712322518,-0.5844198042933338,-0.7489086961009622,-2.0202682013618287,1.4578007119763385,-0.5558255165550473,-1.3207298202619169,-0.09558540928810828,-0.22745602119639197,-0.7852344017804019,1.0024553215943015,0.9406230143713463,-0.49714297699805854,0.23216533566041153,1
-1.096174890026004,0.9970336075274147,-1.964931358324577,-0.8385815440797849,0.2092804253651733,-0.31733708750930867,0.7182108332691601,-0.08386923432481086,-1.9705776835392206,-0.8392754164756809,-0.5412929007225535,-1.9876398226909782,-0.3308566305732946,0.992420499349268,0.6036081523040236,-0.18002277300400374,-2.481603061533994,-2.265812667957876,0.3842423509152738,1
-0.3403953772534958,-0.24105595434082208,0.997956479608041,0.036550750912425246,0.9184426809237803,-1.5625123185870067,-0.6886370821281688,0.2834739840067395,-0.43488493998188044,0.2123050821790067,0.5366434767287652,-0.6376150712047682,-0.8756490329182747,0.5765462647148564,-0.7965885092530307,-0.8713593033630505,-0.31706515223315035,-1.203528302256349,-0.6017815665700501,1
-0.9513740832042256,-0.6404624727995463,-0.14852503359066854,0.6522389529412345,0.42624918775602477,0.19419922821213756,-0.014164129619443517,-0.6475391763128387,0.30760737146507044,-0.34871870050223097,-0.3768902157214877,-0.48866957297089697,0.13081672886027448,-0.18906889555726367,2.5872871821827887,1.1932812510246809,2.7164671382477947,-0.12141370621576726,-0.4199828767158666,1
1.829709901216043,2.1955499346257485,0.4105245843816258,-0.5413007392182193,-0.8082502756556029,-0.6738321958890336,-0.2260179439856232,1.2314310762550615,0.551191204753141,-0.5681203875412377,-0.7676907628311596,0.8757057785592242,-0.9633227637328687,-0.11372671201632847,-0.5700436448452478,-1.2492016779361497,-0.007720121026219229,-0.3132584618668635,1.676548867209903,2
-1.4660115513739407,-2.308470052453085,1.1085935812273844,-0.19046772608281115,-0.5687638100988751,0.5847509197489678,-0.48520612797241647,0.48689880950071035,-0.00828840033684732,0.23548807026163643,-0.6869111627638657,-1.0640608838104035,0.26069843957085836,-0.6914866299548741,-0.8543929542009256,0.7428435829344076,0.03671796788224171,0.15600371875783883,-1.9864599334888409,0
-1.6947091490292463,-0.25505963101201745,-1.8971068661345476,-0.785473180444981,1.0413895282048362,0.3580163635246659,0.0620687341451822,0.4126742281465829,0.4541339469129992,-0.913810731369203,-0.6501938626286009,0.3950831899627326,-0.7521284734801381,-1.0014365102728093,1.1984294115506733,-0.5293581577789723,-0.8552203031188287,0.8899308457366736,-0.9576369421095751,1
-1.5799425502427893,2.5097706921127063,-0.368400978554347,-0.5689287918325772,-1.0400957575309397,0.7021327541966921,0.10198729593601143,0.009017198794161607,1.6247872867088666,1.014539787504989,0.8171533294650751,-0.47550328301853517,0.44879242545330766,-0.631604199452422,0.9310024162628588,-0.5972762245396336,0.35015990629869137,1.4272450390730769,1.613801010206912,2
0.8597165002233407,-0.16143524203266282,-1.0048579026802718,-1.008750566971126,-0.624406614430879,0.07623032163830137,0.404044824269203,-0.595858952611377,0.9449994684195778,-0.7199137831744447,-0.5755459375201681,1.94275035226484,-0.49131957145233635,0.752062339193476,1.2829146919729628,-1.943358746846165,-1.9519922965310799,0.7803807915528135,0.37809686748229354,1
1.144728463022988,-0.6536276826617573,-1.8070294780365792,0.0003503508873176902,0.626496938829288,-2.051559476066048,0.11075489471287492,0.046342831129856495,-0.4780858206805919,-0.5268485075844563,1.6159698127838344,1.8413354967638391,-0.9379784497892285,-0.13951756548757527,-0.635805411297106,-1.993987147006552,-1.958777567988558,0.25602344145940964,-1.1735052088545155,0
-1.0188690438480148,0.9116310731677616,-0.8351181838630648,-0.11248884315821504,1.3586210990757845,-1.2594432101700477,1.8365303233588308,-0.61116512257272,0.29052102760453175,0.8831045176198138,-0.11840234191178206,0.8369953680664793,-0.17680205524894615,0.2983157536772095,-0.1740935462216554,0.13751334299438722,1.1784429080412973,-0.4744384304811439,1.0492956862142435,2
0.5224955991107936,1.120480133226167,1.6501783040301534,0.35903597716795815,0.8846235944091737,-0.9071492557840568,1.7623866073563472,0.7972412508255156,0.13165226998738824,-0.22618756418045244,1.2906721622847193,-0.19772873833868518,-0.9330671757198559,-0.6592909721377148,1.273543742390076,-0.23749280306484935,-1.7435783866836518,-0.42250149118211383,0.8561082372854034,2
-1.5002549067080142,1.616490556709584,0.47801176495015874,-0.3676764911986217,-0.5375303525490409,0.3020463914913799,0.6896247154869748,0.5285552992004333,-0.4488358728252065,-0.06486235720619941,-0.46460562256114707,-1.7023518264604949,-0.7531317368318652,0.8809467820166825,0.2232178598311596,-1.438780648283678,-0.24515447121894185,-1.3416075265357603,0.6566986007763709,2
-0.6871359832172558,1.7943072626216614,-0.013883440275034452,-0.30165029577541475,-0.5788426925494863,-1.380821255526177,0.5902898063191092,-0.1695050981466438,-0.42012535495856634,0.7670108154234404,-1.238743205375631,0.01950110766733107,-0.522740436833304,0.444521726655359,-0.4823269895459054,0.5866717323389385,0.4523597694400437,0.4635411698824962,0.917528972876707,2
0.15125437157248656,1.1323739937716455,-0.2109574052307555,1.7041984994271744,0.2611534649531091,-0.45633578922252477,1.2303745436631717,0.0820702531216533,-0.5777246557073693,-0.6386361064007386,-0.17771094634949106,-0.9701030964527997,0.22009200157752837,-0.33967661337352645,-0.1211096188915803,-0.9250553457114662,-0.49342460792641213,2.7226663557076476,0.11677243446117663,1
0.2462408421386507,0.9946315596770574,-0.623078550283982,1.6552598807771395,-0.019835688880241887,1.1641902005181841,0.5789126062789891,-0.5299256676645855,-1.9916544034829688,-1.7225384401184838,-0.29840047998149266,-1.827135566964449,-0.9321620335648573,-1.2668993579887662,-0.7006414423850434,0.9767059037799887,-0.4944879714215756,0.7951668315954056,1.086031636012392,2
0.3270982217992404,-0.5936718682013957,0.6418040357597219,-0.976260412084927,0.20229641269423138,0.06688904332486277,0.06331387010318246,-0.9587831926146424,-0.7210661582165805,-0.2160782698759943,-0.24171198595064722,0.6568472547448325,-0.721496333531699,-0.15560927015638354,-0.6310123064883175,0.3154656456478187,1.0066082816723994,1.6899055084193935,-0.8234072023555434,1
-0.5556349979528292,0.10828379059488276,0.7811966672241389,-0.5682143830866955,0.07812428959842793,1.2344253859535663,-2.2671442076075095,-0.9927986134806248,-1.789102765531605,0.5477731304946002,0.7997272421192547,-0.14053113585283358,-0.46514550015783623,0.12780034345847158,0.6827345552689068,-0.501360314180436,-1.5296751175302212,0.19187265601699413,0.4856737323942063,1
-1.8588446205977254,-0.05413853465716126,1.0970187032340022,1.0609774173218225,-0.031007439210825483,1.1763830449452606,-0.7950650885103584,-0.6291119372857974,-1.7944804711657725,-0.5821534612485527,-1.2117071375941102,-0.640147759597747,0.05528605164268967,0.3102224953840942,-0.4791430141127664,1.2734297645054597,2.253610210748934,-1.0010540860255015,-0.12841236561571465,1
1.9992818423195835,1.4775942588885507,-1.78484929625737,-0.09970443687598557,-0.9514639752606322,-2.0243359100448846,-1.247928882900813,-0.5129741401043068,-0.42719574416784195,-1.0057691547385559,0.8955623431557459,0.4808351037943755,-0.53519231394001,-2.176628898716813,5.636480611319724,-0.03305759020027653,1.14681597016833,1.3250718725060204,0.6981769484349967,2
0.9357030473795769,-1.8843037096451885,-0.7328156230105288,2.5098558833347395,-0.8292102845248327,1.078809153127065,-0.06830589596008534,1.1938997206266304,-0.1713765407768769,-0.9895386433437271,-0.6389664129709244,-1.3287815248255828,0.13188745090018753,0.8281289881860239,-0.46166001392000255,0.02046731686237504,-0.9399381212024527,0.41781132209045563,-0.16511580277139182,1
-0.047644426563362735,0.09350267565497579,-0.8716012554539375,-0.2324239879821225,-0.5833276274841185,-0.7665838820189678,-1.206698573401788,-0.8232584745641681,0.22540026259313692,1.9636058145353985,0.1766575255870538,-0.9058848760643031,-0.7236753789513047,0.4608451023109192,-0.8420899169140554,1.1505513318500165,0.1534605931693211,1.5576677562849748,0.41496337192250177,1
0.8593482609164774,-1.3669647953692468,1.3422661624704768,0.9566605908874903,0.5197524545838588,-1.1125876776215606,-0.8126345420368122,-0.7767573915556488,0.6207069827985722,-0.6642477601297062,1.404077333388764,1.1834475702822316,-0.6939288944998914,0.12534174822105182,-0.8580590733958472,-1.044792007087469,-0.03729115168215267,0.9349410099299597,-1.4729524250495543,0
-0.37152733044856256,-0.5209024330798431,-1.3259154869107692,-0.8024885816265956,-0.8821853798647084,-0.9083996102829786,0.5244549405437046,0.9807779390312752,-1.1274514393573793,-0.47220428550847526,0.05087063164462531,-1.382814253453796,0.46005925129050734,2.3558532692589362,-0.36805427455216083,-0.2762368263898854,0.7013916835478532,-0.08130152122263383,-0.27067446041591686,1
-0.8847811470498499,0.5888047349929966,0.8594476719432015,-0.9573271676921263,-2.125282566463372,-0.98976618754354,0.19696581873194285,0.5277899982174072,-0.09688430580508835,-0.333343757178492,-0.40650740429456406,-2.2172941121383105,-0.7816258874463347,-1.4901685648082172,0.4020438352744923,-0.07593423621415873,0.28570257262914783,0.7798446158322554,-0.6988935674130067,1
-0.5949563330812491,1.2708470178773013,-0.6840463285944842,2.372419004385884,0.40366801191692214,0.4340611529260447,1.0851915432289543,-0.3348564945144891,-0.5204353883276547,1.0569262787560403,-1.1868682971940612,1.5685991379968731,-0.7364877799136843,0.6161772352126281,-0.46059171192478227,-0.6361130625905951,1.1794968219240995,-0.7090269330896437,0.1498158870631163,1
0.4289490724348685,-1.5288834053866271,0.5784511419597358,0.19670593565759378,-0.5821112747381352,0.22856804630743974,1.5945608728431988,0.8065162257107759,0.7987369195281423,-0.8515424752869222,1.1942540473500358,0.21682825447554965,1.6560059417909327,0.6807116609269537,-0.6417245663058028,-0.4890931525650203,1.3386118728868461,0.7641638811627967,-1.9976179471297546,0
1.1685612702548267,-0.5120059424182577,1.5386823945899746,-0.7019475730808692,1.120551249504265,1.338735569781542,2.068071313926037,3.863079202129267,-2.0805703428878353,0.04037913482874245,0.18320808061630342,0.8848061386085974,-0.3156643899654157,-0.27206536787964936,2.2284616294207704,-0.043128846616491516,1.350993655172914,-1.6244780596620445,-0.4516420829106204,1
-0.633325482260792,-1.4482220281208147,0.7055376402440131,1.0074313910832409,0.4693941151885344,-0.2775856164013679,0.14040256023903866,0.48311431584708847,0.36109841089127276,-1.1467411723542777,0.16518757914884694,0.04155071632461628,-0.4504226012284652,1.4157205819545535,-0.7934576007182245,0.3763678604155602,0.8610706718503048,0.633512938573804,-0.12683923005302877,1
-0.6454891589563273,-0.19412009023687996,-0.7910378555345532,0.30929388617323045,2.5687378964981815,-0.885362222224972,0.8033307114642212,0.5136624305570242,-0.1475670559280469,0.804024865999591,0.9944181949810922,-0.5284111482539362,-0.6595119324824735,-0.268877654447252,-0.8181246218414203,-0.21264771870105956,1.596531823359707,0.9155247554223596,-0.4195527844786193,1
0.07651324398626523,-1.435963742140539,0.6389878560701564,1.531830896100813,-0.5439875276798846,-0.11438848914819262,-1.554356389272476,0.41472952654192735,1.699827286244985,0.615466584241306,-1.1433319440774095,0.35910568989609454,1.6116816719056868,0.3497709555134574,1.4266297974721176,-0.8655893020448773,-1.2278270927468111,-0.9072094080315276,-1.6019111563635502,0
0.6564271631603695,0.8653182154333052,0.6584238083089348,2.922274403670565,-0.11474354866539246,1.634999474260401,-1.7604790230115783,-0.5849408249336746,-0.5666396406149405,0.6992716966921017,-0.32080569658624836,-0.7017186833156591,-0.32993162201787046,-1.2455153030902057,0.08426655475010271,1.206940681224943,-0.07470950764983754,-0.07142182567715578,1.471095447408412,2
0.3162516932643879,1.7935150124849049,1.182681666455623,-0.08518229667692381,0.17585776540827677,-0.8033599893798153,0.030073504426038535,-0.7566262519820879,1.366587641784228,0.40224882979025967,-0.4910071771493445,1.1044725039916403,-0.26656170771163884,1.853337231874813,-0.8236110888776945,0.22344948673155302,0.5369474682259355,0.7393542605530987,2.0263863823420754,2
0.3356017251458588,1.506776829215825,0.5948972945444203,0.3850000667517103,-0.5419226422666638,0.12103029193758286,-1.115170143099972,-0.2141050702997602,-0.10453487051037283,2.5982353859425635,-1.1792366344944551,-0.5500726456381401,0.21325503961008077,-0.5980941872003752,-0.9029539804532947,0.8963081584729251,0.6254048232246697,0.30031776808392247,1.8843058237195685,2
-1.7352493903672008,-0.5078826171477016,-0.12053945379455915,-0.6459168129222799,0.22592390337452142,-0.9171236679050057,-2.253830830171081,-0.22531956577554285,-0.40554767453066615,0.08309845684450834,1.9384561614292208,1.0577057915661707,-0.1116463778003292,-0.01457130925840896,-0.4616950870796286,-0.8851867429814092,0.13110166420991134,0.8652400162031306,-2.134821230905158,0
0.481882001745264,1.3100465136657775,-0.5032161624039431,0.40758972256928605,-0.27812435818847164,-0.2616638690230194,0.781083386148867,-0.31351651771217653,0.8180456744226704,0.19344746275175054,-0.4392508474888037,-2.041404422642935,-0.7759206909280004,-1.7062796444808148,-0.6640605620509189,-0.07350198697572889,-0.49304896496796835,-2.6285215014930317,0.37046066086207474,1
0.4749793311950083,0.3302508888334622,0.2914740076374127,2.18206819912172,-1.4996144637846311,-1.6595950042193035,-0.9442316828103228,-0.7500233207352001,-2.0888708239795295,-0.6501899806589434,-1.2780066150542408,-1.6001148885626162,0.6085329064100686,-1.0982940825872303,-0.7917101878772721,-0.0672751677337623,-1.636092481001834,1.648954658325358,-0.10391484361534424,1
1.0776651246186568,0.6044421277935703,0.360070703452319,-0.8779048638415984,0.9475568963051622,0.6655109879674062,-0.9218150687420176,0.9110578376456384,2.1537240899898853,1.792850845485753,-0.03438239440398895,1.2088834552598087,-0.9450500535041458,1.6885433221545376,-0.7490000147859707,0.10350778715681065,-1.310965366828457,-0.5381565096162799,0.8144912294496882,2
1.8065934640818004,0.7687884421061761,0.4674308354579648,1.8918806103030152,0.5476444052821892,0.24386139332216386,0.387562307740587,-0.9707599631314638,0.09979180387574628,-0.46328849124458404,-0.1608263626020218,0.14249680534921894,0.28633333223069635,1.1122081802216934,-0.46875959154445607,0.24365984018737905,0.7614178689846031,0.7945482828541979,0.8238221767622474,2
0.8765148541038674,1.922454326749048,0.18120340361546738,-0.7777825226349546,0.20499277228680254,0.5125172819006626,2.321470815258059,1.1009620129467217,0.013678902921430407,-0.630147533597853,0.5281040497813725,-0.93047003347352,-0.2422904129190322,0.9143576006414977,2.3222530409327424,0.6244164395013495,-0.46682984894349583,-1.1558316949080556,1.9718272590026689,2
-1.0903106116043317,0.201065463616908,-0.3176631399135513,-1.11344234755397,-1.3674504847432007,0.4336547841372305,-1.7925016697200995,0.6616982142021955,-0.6806068106098909,1.242655307972698,2.710762762058284,1.4748208675675463,-0.06272772489911728,-1.2188463803279377,-0.2732031684460424,-1.655624770568477,0.6963891524428047,0.48509968201158743,-1.0670900316939842,1
-0.19946095848344747,0.7463110722570472,-0.014488449428752097,-1.3018294994916713,0.1108174327913893,0.4088427849462904,1.773492508569254,-0.9243981739615732,-0.10247499771687926,0.5946208999788222,1.1072058950549521,-1.6296102585724976,2.9762355715889792,-0.14601560356243445,0.7240822150326408,0.5614980646190718,1.4366852476980356,-1.2105205265330963,0.7924236716284788,2
0.5429501250112947,0.24330811421264295,-0.6700829413907408,-0.7299814926667032,0.6340667333309882,-0.030662171402926198,-1.833315438971778,0.6727555319133884,-2.196759457072129,1.1226837848896438,-0.361448405059152,0.29095668816835124,-0.8223936853105456,0.1163418233680442,-0.8578055746664811,-0.27272027206878885,1.1169027723769143,1.0434849840556468,0.47898878869352546,1
0.4111581690162133,1.7493258877454472,0.6413222776916182,-0.7362106654193555,0.3631781461274046,-0.1392439036451382,-1.5870141610299044,1.2469868583689205,-1.6669887168889364,-1.4221908802281324,-0.8400118870202872,-0.2322430168363142,-0.15411640938074228,0.5158834241408623,-0.7892116498145691,-0.39056088059426824,-0.8688709010401264,0.43030189819510467,1.0879937464152853,2
-0.28704795622259793,-0.5048973563780329,0.317221177661206,-1.230877593129573,0.7472696007349732,1.0133955784336932,0.6430973341375773,-0.19262070508730936,-0.20994897173889812,-0.7763419542528007,-0.26633220758433884,-1.2122926596217327,-0.2050453807667912,-0.408325170946987,0.7023493118631718,-2.24394722829699,-0.4882587662980455,0.6498767905127093,-0.2336361398434796,1
-1.556069061843412,0.5947796194356332,-2.173064786058658,0.020447474577140787,0.35908569350710706,-1.184165142547174,0.5460151264904884,0.49660867279712473,-1.4568408435991744,-1.1132956080552248,-0.9645454006481572,0.11478164887405815,-0.0665481388160536,0.7793064796907114,-0.7262780222949701,-0.9234372164834098,-0.7833205261784737,-0.7626249563873412,-1.452150204396122,0
1.771307468508561,0.39776427023786254,0.706920986479826,0.3611025713885963,-0.8548022615360387,-1.301919997694,-0.7866602993407933,-0.11062111289331024,0.2620098509743816,0.11372236144167366,0.9471436142303941,-0.652006478931724,-0.300568339170057,0.16223401233357848,-0.41689816773595617,2.5213903190753606,-0.046412780808026105,-0.3523707202943521,0.7923130407355045,2
0.5099273669160204,1.707951961881009,-0.5562067535609587,-0.148338407839816,-0.6205766804026359,-0.9215943639815294,-0.7347905056820896,0.07389034653163941,0.749505503569255,-1.5657822327972248,1.465981599014139,-0.36053212615642666,-0.962948267217105,0.7885534904584196,-0.5984185913621328,1.5700578683237656,0.7435977296344538,1.8220899181069505,0.9504860904974769,2
1.1711774444853067,0.2540679089292366,-1.4396805329122038,4.593191700934866,0.053355974415762064,0.1574896019210141,0.2721861006247497,-0.6565073005733079,-1.400774479226107,-0.7873669170707689,0.44425261590798937,0.5284959124059876,0.5408587168588253,1.0090736970492054,0.15332366855913435,0.30652602763535125,-1.051064148350312,1.5664024119177504,1.4048067718255322,2
-0.7892979469024932,1.492586911698367,-0.3737214856963167,-0.6256307090616834,0.3710657640606863,-0.4496404096892985,-0.9569280855531179,-0.7856656031724479,-0.3613793745232515,0.615585558861066,0.06169828511032917,0.3235007774039185,-0.8652392644497626,0.8059282842314519,-0.937026363898032,0.3044308407601137,-0.33849619753453214,-0.43408323024284695,0.2382238172416476,1
0.7265991642032327,-0.12976973732127692,-1.927429738992007,-0.8996366098024059,0.026995821372805057,0.788934195368628,0.4792501087451851,-0.970347918707274,-0.03942154313631425,-1.6945810750566865,1.768854635707969,-1.1492971637990206,0.7405122238932559,-0.6791946224884359,0.43629320911167285,-0.12352808005072302,1.7383304867522227,-0.7585582553992738,0.5518287362484192,1
-1.7762902294435845,-0.3490437871539096,-0.6760183753149668,-1.0885516055748188,2.620582623124589,0.17017020191010335,0.16150900082468894,0.0720595102254744,-1.4040113797687903,-0.03855772694245604,-0.948966465183223,-1.8491469199928887,-0.546382182329852,0.40096853828268986,2.233817198413105,0.028654824308199475,-0.4779910160175681,1.114794236480596,-0.1755931352029694,1
-0.041541036498986196,-0.6830321753248876,0.4826160957381672,-0.5805016055020055,-0.2629271819430034,-0.7894806127194498,1.4274988307125165,1.6058374584693877,-0.8779259020596302,0.16595236769761035,0.03642335526576671,0.13771756066621796,2.26427712401319,0.16235029111960084,-0.11980329625847011,0.7799459475207787,-0.4580323603029703,0.06400778537358483,-0.8867889237595389,1
1.7908778475559657,0.9307284900975968,0.4025859671925349,-1.262918950646206,-0.15466598932627232,-0.28522336325665537,-0.8362749919620331,-0.39237547701970854,-0.07244871007032172,-0.009637250200530977,0.48709248928674986,0.4837473054915581,-0.6513623541632297,0.23924035047460956,0.42425888849212257,0.13786018933940333,1.315806265342724,-0.16986677955328916,0.6622712449930688,2
-0.21215328343215403,-0.6921439228541271,-1.08181274278973,-0.8368175509074307,0.152382382159333,-0.5654474321830003,0.0479770232596663,-0.2956417132211753,0.0561034289082781,1.4305521883295356,0.30921713808954804,-0.1577744592076572,1.3948525783491947,1.0125088870242107,-0.48764486803220475,-0.2274186375635822,-0.895807695434133,0.5729418141563304,-0.6445678336888904,1
-0.7675100934666668,0.8763293483730303,1.9888440120252182,-1.194222179388634,1.3513003057789066,2.5772565152422704,-1.063484371707882,0.7204914772916132,-0.9299585742322222,0.14533008056333682,-0.33924451228302427,0.031724356049397905,-0.7476352530100256,1.1934766038814846,1.9929375970311825,-0.13553807772583967,2.391431424358527,1.4024122512235906,1.1084416669176012,2
1.2137109170336604,-1.3526622094146805,0.5764114248387893,-0.8922064669422102,-1.2844734363775057,-1.4972574424239162,0.36244718694032585,1.0291157163340923,0.31617648184618624,0.4476860166029847,0.07902136991039727,0.3145829129245606,0.8173293583028696,1.385105392883154,0.6266893619942578,2.095340533841659,-0.6939977383087889,-1.244302626422395,-0.7117726632062511,1
0.5270668192595397,-1.0631322906707155,0.5646835963827566,4.613238122341324,0.47143079719614317,1.6521310884651048,-0.2931237591668241,-0.9086397412073564,1.5569199943031407,0.060422499176795194,-0.7995738036823689,0.6541625369703287,-0.6356052599488966,-0.8843526991776084,0.6321722400322637,1.4040752881255538,-0.18323842369597293,0.8858766615889818,1.587958436992443,2
0.6845645394475439,-0.9351776259399796,0.7749909916170091,1.071024377431608,1.1679853690357445,-0.6905949382929218,0.4606036175117295,-0.5139507335585295,0.3623397842516897,-0.7160588864926609,0.03422929597702404,0.6781297214447799,1.3354258106655772,0.1771560563105462,-0.5390671021945339,-0.650848262551393,-0.7025638095812495,0.5095915885895379,-0.6704809929697277,1
-0.0875931823118988,0.9717121575793572,0.3079910096736576,0.05621552467423893,0.0641438420303053,0.47693352363622465,1.0076637084164954,-1.012832868418722,0.22774666756437914,2.0199138999032145,0.5841222333821039,0.46244069219369693,0.5342632181308488,-0.5191689461889675,-0.9624138377929676,1.6294964716030518,0.7282642112089169,-0.842925987449808,1.4831073932374816,2
-0.023810803788477178,1.5054194643246888,-0.8485459602074847,-0.9971585378013348,2.1971035290880327,-0.18679682576081566,0.6575384135568473,-0.3260477064658408,-1.0824937725778812,0.08495155379038781,-0.912988623142028,-1.3957348069708087,-0.6728191168599034,0.06123086618825929,1.180541659884179,1.409130731583868,-0.8185539385404141,0.4157511662300171,0.5661449173968256,1
-0.8399931345119368,0.7718122052832268,-0.4474841730515304,-0.3541168236526699,-0.28107843064651344,0.23102005842419063,0.5361612280934088,-0.37883833422352164,-0.43483831648676435,0.7697329372506713,-0.3954259188758075,0.07865769344589985,1.098282996853862,0.05938857138670769,0.24025967998572265,0.9124125374826974,0.41768715128507145,0.13594707824010605,0.2902609323661498,1
-0.7139065006891907,-1.2986421984656502,-0.6842176200136019,-0.2965749424269398,-1.4386088157010082,0.5236961118114047,1.0595587697686562,-0.7895632158128476,1.342719620811397,0.0887553239172079,4.094850327737241,0.8812387241361938,-0.22576790293972748,0.1488409497267957,1.3899021016603152,0.3920288636342369,0.45488504374083005,0.49788193288963,-0.14570358684930115,1
-1.6685668437729015,-0.6763547071237224,0.39208219877828665,-0.7715081773822172,-1.1564066670155784,0.5045586177729106,-0.41055770036285694,-0.2781740661038423,-0.14281838521615506,1.2441026142523475,1.7091137061789001,0.11906837313927873,-0.5713986158417941,2.4510159381250918,0.5441787149325259,-0.5964564709107563,0.05352027360745657,0.32146554693011054,-1.3459059151245367,0
0.5345563512741276,-0.5310695400680839,-0.040563712343933946,-0.5790971099181338,-1.5978565721070674,0.06273645360935981,0.4322464057450672,4.384400288638853,0.9517023360542882,-1.6920796880766327,-0.3555269109146334,1.1110825673381448,-0.29774131884822214,-0.9825071334341736,-0.028964086264342964,-0.04168893774136556,0.43710569973093144,-0.4868193024746419,-0.5486254613203763,1
-1.0328619436787603,1.5536344938268827,1.3226276977506501,-0.9278819111476994,0.9142121441761718,-0.466582569323022,1.916445685938705,-0.23342205107595435,1.656202426535592,0.24390704891481252,-1.2775805739905397,0.023197913455694875,-0.8203973022581407,-0.4033090436557096,-0.6310185241294558,1.1810728808834936,0.019495074883012716,1.9693774878484942,2.4201178678425364,2
-0.36382694317896663,-0.8164730554153342,-0.28609216216617794,-0.3214064735000988,-1.3532545353599132,1.2288263875628493,0.016012191745051245,-0.3657809476642233,-0.9437856330605883,-0.8110266154534557,0.15578680850338636,-0.31765137050421743,0.5243136114656873,1.3544225839961581,-0.38196368307280987,0.20391830476480277,-0.8429271917892044,-0.04186229058315151,-0.7162976997865993,1
0.25824374359375774,-1.422138600238975,-0.3228147398335007,-0.31996968651707847,1.6708067873567705,0.6923901155747314,-3.265008926733258,5.199013693504591,1.2340894570405587,0.7650521629525487,-0.7478092440252442,-1.2939321322298312,0.8926032030074981,-1.7556583536012824,-0.9617886835700962,1.348605424922577,-0.33278920352337565,0.8185574958647851,-1.0414426254457123,1
-1.4769286631775786,-0.5415453038015482,-1.8702003758923613,-0.5075520405082795,1.0510876674449487,0.4659327419397749,0.7048399548654055,1.447488605264348,0.6286300282634105,-0.6714644621071866,-0.8938906138189613,-2.0880116649628975,0.8429283045576649,0.6320115844341416,-0.2646568078003984,-1.3303565643207693,-0.1960520814104596,-0.6425737099002228,-1.043566827522163,1
-1.086049112233512,1.4939192334446236,1.4322806449733756,-1.1724566099540483,-0.4856229081991158,0.2712627426203976,-0.31503246591189066,-0.9839844387177741,-0.2773772178035551,-0.01691287143312298,0.6660423327606789,-0.10879879059629022,-0.7927913218492061,-0.5842638722583906,-0.677866014184762,-2.144366394928786,0.34899812172516975,0.8555253015101618,-0.44058541606907925,1
-0.32739607562619827,0.34781124522175816,-0.5882460974436985,0.6308630140517255,0.17849599192089677,-0.8666773829431706,0.5103464771397365,-0.9500667552216999,-0.4546300640489001,-0.05907587077325994,-0.2692284845377405,1.0061898056061878,0.7796751710693666,-0.4059807767363702,-0.1087690998332779,0.6317049329649761,-2.1749447530867716,0.2127028484660083,0.45184084630734234,1
-1.7644072032301348,-0.15032906743686417,0.9777458614998893,-0.19907185949464373,-0.3397297803135495,-0.35864409038024775,0.8259015910675326,-0.7868179843772384,0.42266399121869935,1.7513191349950519,-0.8413647951405432,1.0192695933713714,3.329647427785609,0.61955498400266,0.2289692288561894,0.5179931420039074,1.4665808841584045,0.7759610413696506,0.3416469080374941,1
0.07653271302608679,-0.7853386355757195,-1.4472952634848082,-0.2345742032768388,-0.07245970999296827,1.0593007418499776,0.43468874229715215,0.9735280416298552,1.5003313260675113,0.011125366941490737,-0.28654409990093754,0.8315032075439731,1.8513049442604148,0.9516950058971002,0.41092053645756,-1.060158950643617,0.14218715167921678,0.1479216065323264,-1.3120239258708126,0
0.47428982516054075,1.8703852608950986,-1.1785641299378722,-1.391161305211391,0.7782313098110601,0.5187149746366189,1.439993055669171,-0.5528647554304464,-0.7805675853151154,0.3234856703315874,2.764184254575129,1.77157732423229,-0.9544630841814525,-1.4956075796476018,-0.7026949786871207,3.9754810038318635,0.7398890231173272,0.5840036723830798,1.6096541637931372,2
-0.21534201840934364,-1.3292566202901435,0.5093424832286689,-0.11686640106295482,0.9848328520013813,0.5829455794389818,0.2728775541610807,0.9580082892663067,-0.6322199097776501,-0.9347439746512479,-0.8319848849797361,1.456953373578065,-0.3602393175148405,0.27195231596995295,-0.6601606890132765,0.363687941449369,-1.429550213247816,0.02754280447468383,-0.8964620581842352,1
1.0289928278044065,-1.386640848514717,-0.2726844698996506,1.803684513654925,-0.5543035997743058,-1.0566593228481567,0.35331027690092415,-0.8261347972145505,-0.16949177638391077,-0.1641161719597388,1.4912715895478172,0.49674042047256367,0.14484683899343642,0.9468828562597689,0.48725691286675427,-0.8947761013309709,-0.0007488159821410702,-0.20929600277536176,-1.9578370432727903,0
1.3104472047224525,0.4541120412116211,1.5673051699403837,-0.33043323875800684,0.4688148615590783,-0.7313040624260395,0.02889474528291536,-0.7507010817977058,-0.24532961440861406,-1.1227068207239088,-0.6911314171061064,1.0507097163869543,-0.5484392293495984,0.5708318086487116,-0.20352645506102715,-1.6561309015276457,-0.11212485102494166,-0.26215229960668157,-0.21981703740352673,1
-1.5287126284978885,0.7296134284402107,-0.9284810350493509,-1.003941400372529,-0.4517057868532545,2.2167356504805973,-0.11796797032176617,-0.13269780905613798,0.21358296168953558,-0.6261089396216241,2.2816245504252435,0.4866990011519422,0.8604330083192709,0.5569040709255932,-0.5418837305298243,-0.10835738681802026,0.9473100048802855,0.34667251680491445,1.02007798900026,2
-0.9215988049787676,-2.3892508322887687,0.5003468694161142,-0.4527376970765191,-0.23432085683696835,1.1096241791749197,0.37007355434428757,-0.6703021188853485,-1.2087838105271673,-1.0016773671124222,-0.05408018694667289,-0.133796299452617,0.021605055932372087,-0.5874172618958007,2.1112055890542827,-0.16829472984266056,0.38306552853077086,0.40130295912906694,-1.3081602969368442,0
1.281795845740727,-0.016560106580155807,-0.6449613607919057,0.5861570577373834,0.857527466293121,-0.08419461590497233,0.45834246047779964,-0.6400619783367688,1.7531316566272659,-1.1942869734251118,-1.3165557035328173,-0.23887653366209818,-0.8582820352740302,-1.6061428235238324,1.4857208991189668,0.39213954056893274,-1.6720096082803444,0.024496592106093475,0.23957480515441834,1
-1.0728583236028952,-1.0135170268840987,-1.0995510258690366,2.3870207558298113,1.275737560347098,1.034257407111289,-0.36910539458258035,-0.6475290524368524,-0.5579070697409031,-0.864305542127753,-0.13556585741805885,0.7642769988127429,1.0048490228788964,-0.6217851501474991,-0.4228289761708241,-0.7351005917549103,-0.2066720066850806,-1.246683421295875,-0.2685176827944468,1
0.21830601996768037,0.018318892078632965,-2.0285532090755822,-0.30436609327749564,0.16934449643505703,-0.8109944616284983,-0.8315788574818425,-0.429580401045093,2.0374564505738344,0.34956848158969833,0.4811010157814082,2.006084503880679,5.30093851807807,-0.22761761965604818,-0.0855466903922927,1.5676608451257967,0.4395905024949242,-2.0812483092797938,0.869607137831855,2
-0.9494995522023189,1.7493529559509275,1.2900828383879397,-0.392180668716201,-1.1543548379865334,-0.7967094992615331,-0.635752644912529,0.05904917695255255,-0.6808737239379353,-0.7028826788911529,-0.6406421665013909,1.0615412108217193,1.3132829414086948,0.12729859477822128,-0.7082949186587973,-1.36094186555383,-0.12761703015319614,-1.0096197863461365,1.521420891735247,2
0.1324992715636625,-0.3004235902601024,0.2289703446222202,1.1707598495779938,3.183639620423638,-0.8076657974451273,0.5734237994380971,-0.6445636741160313,0.8552843391444949,0.3882050451887843,-0.5362419825857889,0.5726293472437536,-0.1974036907381002,0.40247213474308,-0.17432391617871412,-0.5275000075716779,-0.4917903896403703,-0.4387627610263495,0.15892732947151264,1
0.20632666858374069,0.3375462508462937,0.2524850183953457,-0.7006984602718669,-0.06011908889800568,-1.2876668571066703,-1.0380202357349018,0.18941732030334338,-0.98442142615326,0.27167225411926565,-0.3994576908191277,-1.641440816112456,-0.8555572852901943,0.6963078926454876,-0.5904801822169385,-0.6459061590811317,-0.0074952639502191285,-1.056766725236539,0.2134513830794595,1
-1.7725064973184605,-1.0129200787464627,0.6710696995990526,0.9157532008555683,1.568434840618941,1.1390086721116595,-0.03392055753177803,-0.5341431606890618,-1.2390748897358776,-0.6192243491676102,-1.2334380556628866,1.6052644687620294,-0.892666969086625,0.9675873746865641,-0.6192451966844792,-0.4329025880703248,-0.2549618663299812,0.4235619036353221,-1.5126995929056866,0
0.4553593887025831,-0.7336529445104065,1.6025239096695203,0.1852384823838725,2.6173875608585804,-0.8195850026179726,-0.20798242621763163,0.21496768091262677,-0.2068518397165261,-0.3613870520073759,0.037481298934075535,-0.5248192890683245,2.4271661669508933,-0.7472162517500662,0.6486247447496669,0.33215387583033607,-1.276438884805098,1.2461727789459898,-0.8852685623806852,1
1.3936094311036349,1.146458847979598,-0.22865409248144197,-0.5685621450240578,-0.48460644434014993,-0.019698887078462794,-0.5577635623889244,0.5439346945607314,1.038598489804611,-1.1616313976327457,-0.5301160528273346,3.338321315488129,1.2888062437024204,-0.7919405123341813,-0.8073119405558925,-0.5364492559306251,-0.21066847229052338,1.7189570965215117,1.4842009292790979,2
0.3747619105305024,2.4211567618224628,-0.9021231327574232,-0.38758413764801636,1.4231653911685798,1.0260069648744015,-0.6503019624682478,-0.9265587293695399,0.8553163413419934,-0.042237927550619454,-0.6792835961134626,0.041602662705364314,-0.58332688628855,2.0596137356003457,-0.15761351244138017,0.11188205522893443,0.22763171695775133,-0.3057265061578536,1.7921078367120744,2
0.8874410765016939,1.5402000873934163,-1.0663809436175713,-0.34695295030866996,-0.12477702868086528,0.474186648819825,1.3705101074083277,-0.453971105287408,0.06359783231395884,1.790681460233445,-0.5963193627719051,0.9214053179871262,-0.7919803435045699,-0.4101731676810408,-0.7618840547945096,0.5572074171306626,1.682970930032475,-0.7168251002533156,1.436186603079693,2
1.314258723446749,0.590325174884448,-0.216244376232806,-0.8553988350154355,-0.5533543962480354,0.50918136073753,0.6099889963599479,-0.8133403772138187,-0.7793822640949655,0.6592555482462362,-0.9882650452089737,-0.2324433195094983,-0.9694250691595583,-0.4171040804298505,-0.4637157280880824,-1.8446858260242451,0.5172282486813086,-1.6136545464052976,-0.5542640681643104,1
-0.14847745422873013,-2.4326314699314007,-0.09045174257901917,-1.1111879383382584,-0.6239000012130124,0.24216124690236876,0.40428742629576675,-0.5436926177162835,-0.5545215110820143,-1.1876015608312052,2.0476963033292956,0.8351050410336347,-0.883091586605344,0.08470659522966656,-0.8276535613248471,0.4765352184942955,0.5423208511542063,-1.0537795045769192,-1.7813842546511327,0
-1.1813691475127601,0.04319652432515973,-1.1656753480467708,2.130315868810096,-1.8320391328962453,1.179011071552111,-0.7355649359152304,0.1261748656545361,-0.1616384358591083,-0.006112457384410762,-0.5424642950192603,2.0382837679952366,0.3549580584884297,-1.4434359005373618,-0.8516654893919509,1.354949558290308,0.8843494776345037,-1.106762873019691,1.1339746336019874,2
1.0161903514861588,2.2425226350729703,0.18020940805959676,-0.829111191100973,-0.6864687004440985,1.6668798023867968,-1.4713600456608684,-0.5913829637061733,0.7383916482631295,1.128822313867656,-0.5416740650487277,-0.7485658150140154,-0.9499493510938647,0.24482507041670115,0.9559966489564306,-0.02668305077670286,-1.5960294484974846,-0.8131692224027869,2.2035535084663485,2
0.18135480459648032,2.5012128564881735,-0.5115841601941706,-0.4981697428832947,2.0092439823506587,-0.7807538351030157,0.4379145987188539,-0.6695713025790291,0.2908993464430478,0.2513471279501645,-0.6754416223208598,0.735855403217534,0.5102043814448192,2.07960521175969,0.014374660244429457,1.3404323273057535,-2.13816956856161,0.5339179867367404,1.1674015208801796,2
1.580388214650413,-0.041384710335650575,-1.6962859752131387,-0.5332270297311444,-0.9167379829194402,-0.07793417200517934,0.21401376809416398,-0.12228771975612884,-1.8348235690767722,0.1807726967992238,1.516572735944745,-1.02708793052503,-0.2647125836358713,0.4354783095531131,-0.39440201670733405,-0.133605311657064,0.1209932768755855,0.37574537212496106,-0.7625567662371253,1
0.15906853577103017,-0.5739197733610607,1.7151175771928322,0.01616740770015615,-0.45189522308475116,1.3502162766055696,0.456086823004702,0.6654056007556818,-1.3337040849723183,-0.41112627143583547,-0.09772726306299474,0.15977486762185436,-0.46374641816728096,-0.08754154267885249,0.8264893177030861,0.05428064271646568,0.6657825678477306,1.2119420771920082,0.8863901130605,2
0.29351105001341826,-0.9072113423642587,1.6334785916443613,-1.3863866771642002,0.1476877772866568,0.34499841858591274,1.7800569253250413,0.7630269403953794,0.8666383657222332,-0.4621039676210569,-0.9173267842452605,0.8720117967461478,0.6834565324989575,-1.162032371198187,1.160392333043463,0.04539441393127668,-0.46909347171300664,1.115647274900912,-0.46905350775421145,1
0.319760464520867,-0.6432236713080046,0.5408387254283823,-0.814252427589196,-0.510120009360243,-0.5130022862183761,-1.3173348370917584,0.390943351777209,-2.132118924996721,2.0175491763285427,-0.12266625288630258,-0.9734364077812586,1.370857776261574,0.17502179541778404,-0.6602655458008908,-0.13142884745541725,-0.7798226040571747,-1.080928836578347,-0.7310330581440808,1
-0.9034662357717027,-1.6044634612273472,-1.631547834378342,-0.9658180118127874,-0.4677729548567724,2.020235285368912,1.1421156321324872,-0.9601278427525352,0.35394379017325506,-0.9465404267985863,-0.7614944718388407,0.3768770201326203,-0.20563326246971775,0.30601172666036563,-0.3398279033965652,-0.3218756295693341,-2.0119198726153344,-1.954534982513844,-1.3599165710647232,0
-0.03708204362316158,0.4593877451996571,-0.08743274641955757,1.3471752673663546,-0.12898108319779922,-0.39461476836494214,-1.3157161209019435,1.7119052197574278,-0.11965420167867853,-0.21454916348177977,0.7739536231871359,-0.436676983797373,-0.3552089668465991,0.9070974501408117,-0.0009895504022271332,1.705725069078764,0.8624793526466593,1.0264907528881075,-0.29469028899191285,1
-1.1940241766155222,0.7446811052632475,-1.4499313294086746,-1.2697323915720342,0.7223861134260701,-0.5411857509351705,0.33822980832497956,-0.3817357721509418,-0.4207254255346443,1.1647491010241064,1.0330856980213896,-0.057312215985798255,-0.8794227560942365,-1.757540482979247,-0.8741390597699499,-0.011102891493728175,-0.589329804585691,-1.2536948397538084,-0.9331617756489377,1
0.11631059056018037,-0.5094937587602983,0.043318500671956583,-0.46478896072988424,-0.23683425417579074,0.09031873971577077,0.254926735447061,-0.9704227784273288,-1.0578884402153463,-0.11928299792702654,0.29022949858772845,-1.330914768711678,-0.1600981696338846,-0.5644278332754586,-0.32889741642169096,0.4309084388529158,1.8494551513670319,0.23878523464607976,-0.23589890229732718,1
0.18790749048284577,0.1581616323740497,-0.4470021572048508,-0.8425314738066638,-0.6664499790223615,-2.162444757247245,0.961172007834164,-0.9407421444283053,-1.6313586126782642,1.596900193427993,-0.709035979473237,1.2383646648230648,0.11363647005622764,0.5868592693741737,-0.7093006921826852,-0.9261884256292755,2.3235395709722386,0.9438021814625449,-2.0459793218066276,0
1.20049501895067,1.5161938859730408,-0.380736528338359,0.29287156640296813,-1.6540144675410469,0.7736148801438306,1.0850611889972999,2.1921788130167643,1.6493126078624252,1.6454769222677819,-0.8456552555441859,-3.6989331067715154,1.6228600408543556,1.0413910029233358,-0.6188130031341428,-0.7425766726481912,1.5369795832223179,-0.08553274695227119,1.363541795793754,2
-0.30401845965732405,-1.6819808634422935,0.9655207431238041,-0.2385645723099718,-1.5413712538710191,-1.8441176977804972,-0.0779166019379082,1.0789857824917823,-0.380689221883099,0.43693633149176025,2.2259346483109264,-0.3843043426595552,-0.9686565475913373,-0.2758859161134809,0.4621200417463607,1.2538794200276466,-0.04363630608244391,-0.9693684896475864,-1.6560941420036595,0
-0.7876962402814108,-1.5856040236713094,-0.99656230888132,-0.6828129619093891,0.30148018418976724,0.951662027991937,-0.46992801457467703,0.912227087495229,0.11732498368785342,-0.23306288222358665,-0.4222958866028459,0.8057946361363623,-0.8363104761704199,-0.058561972348411706,0.08193969554189427,-2.747114204310774,-2.1292504267712893,0.13375571472556733,-1.9273528589044704,0
0.8560163421477962,-0.11221662137065191,-0.6171090113007417,-0.21132742512929742,0.9643817425118488,-1.1674159611434427,0.3328484202630131,0.5818631063980986,-1.0936502348598256,-0.6712647179246379,0.25644875355509833,0.9435738841359027,1.128465731772271,0.7697953778645608,0.011642877743165773,-1.443316772922723,0.0003108489581347418,-1.8330531348526258,-0.2254084062006282,1
0.026957424966707152,-0.7207892341015116,1.191653343993479,-0.880893877144435,0.04492777174049476,1.7917176800257468,1.1042395574396742,-0.34225940932760307,-2.3290668131979526,0.5058360162378305,0.13695123293930414,0.14613574978346952,0.25843930879503746,-0.9905659145168456,-0.4055572890960804,0.30726875713857776,-0.3244860122687507,-1.6766260799317645,-0.45755605914135666,1
0.5902374157669527,-0.049766748535915374,0.2475573718928055,-0.6021171219363527,-0.40702644114050407,-1.9118578936568227,0.3809955712071743,-0.5207563724473651,1.0978768748741314,1.232186655215752,-1.0703638521131946,-0.3202901644388496,-0.4794946121571134,-0.4393126042766256,-0.7775169061264321,-0.8877976897261896,0.248344615940209,-1.3616286048865882,-0.5140240227435363,1
-0.6228818758694676,1.799247853390076,-0.3855101220511628,0.8078407343234713,-0.8649995725015909,0.7189493739126073,-0.14582365950212037,-0.8921173619407121,-0.9947725344888257,0.8032076685201591,-1.3707322783383697,0.05454065487138821,0.022186101454337723,1.596839669345492,-0.9198705843496622,-1.2270758600499994,-0.15941883648780103,-0.2675408693639919,0.46224430491801166,1
-0.39355300833840784,-1.4045742047143621,0.4392471335442719,1.7484159237394614,1.2442314031793107,-1.0605756968111266,-0.8060715916397518,0.632028687752264,0.8936339314422445,-1.4808412522658763,1.6827438469092066,-0.18352281541394647,-0.5619164731032124,1.3528305975421342,-0.8565425692850894,0.8370424613438595,0.1367725987421652,0.6946329000143413,-0.8300993358836101,1
0.7326016014153723,-0.049608523152462655,1.401291300455062,0.48487609449225316,-0.7906842290918403,0.033320726140365506,-1.5080835977266538,-0.9088966411555467,0.4454478957046506,0.5386784534515626,1.7024169899228918,-1.0792269692150391,2.754754925242492,-0.6838381500525808,-0.7236179246002953,0.25389939989868315,-1.202136473222417,-0.7283797242770149,0.38226076381821594,1
-0.621268726738758,1.1148396628244335,-1.598861155808644,-0.5399269457573291,-0.5035882480946541,0.4200630149493301,-0.13327857668224827,-0.8939586879507265,1.0153340485758349,-0.6248652085344875,-0.405604184789179,-1.2166945009321315,2.3665597369866984,-2.1027523133035144,0.024751498671337375,-1.2164955444110723,0.01573647951634136,-0.08652361505835296,0.4842050927122544,1
-0.043976788881532516,1.0764379813638263,0.42140904153070974,-0.7315754524249188,1.2517392622320005,0.5123571903366702,-0.9249028404109183,-0.5190236106770437,0.6973732242159116,1.0360987849837102,-0.9999586933317066,-0.10537895210195727,0.5917372953913453,0.7300003666994664,-0.6264493914647685,-0.9078780584502177,0.42542090149256045,-0.28541779958582225,0.5013288818232061,1
-0.3556092389994462,-0.5881354460103793,1.3019694848288406,-0.25751241943005077,-0.9290430740608563,-0.5886487686040484,-1.1401896274294192,-0.8781567269539613,-0.8325736408043805,-0.7206520787696427,-0.7630045920384668,-0.5285077858783757,0.14799773501087157,1.3839174109801649,-0.7026395671400465,1.5567256959491211,0.9928332887389432,0.18112969931627518,-0.6384976454618667,1
0.21868284947272765,-0.7740601756234623,1.3674472990427493,0.06150794893515907,-0.4066598661752315,0.5211643680183681,-0.981412498545022,-0.47429963858273794,-0.8128416540895953,-0.08677925743193525,0.4752155456490371,-0.02292016942851102,0.37766570330731586,-0.7157267536033839,0.8434781194591867,-1.4611283565965172,1.1478199378970348,1.4941526964523073,-1.4557701393715565,0
0.4651634235862059,0.38635482341785243,-1.0395316042995608,-0.3103952351423886,1.4397052099230019,0.9206528786487996,2.16994506486393,-0.7135859753517567,0.8576538168691317,0.4556077836424413,-0.4429155719211356,0.8628384380310834,8.04741633237189,-0.3561766416605573,0.4290855180241946,-0.15882729692687556,-1.1138577989496676,-0.8068389800023608,0.5895697232137372,1
-0.9246477191154857,0.5261412940954939,-0.2856304755602481,-0.40090203929516205,0.4882093306576502,0.8104986492319773,1.105021673531792,0.2635456926394868,0.15698200582741204,-0.5534351174655736,-0.6648350453953884,-0.8214472187290213,2.447886698882558,1.4569765583817362,1.0343371995688888,0.06919070139374746,0.3955518238384142,-1.2265355102963797,0.2285538287005611,1
-0.7752469507042133,0.525770708048477,1.1559299802999472,0.9797864931326146,-0.1896406730621093,-0.22573136989705617,0.16446345183517927,-0.7775607792255951,0.9967958849551084,-0.6518597283655475,0.7871077364086178,0.5204204335946718,-0.6473284575050753,-0.7413376371458608,1.0373583832078035,0.6570459829414517,-0.8955920021484663,0.1507672302163789,0.12680569443234524,1
0.6004847868144381,-0.06138183143828641,0.8908565566287807,3.180090842952142,-1.6388613771236276,-0.4550150194147966,1.749641493269019,0.15554783955187604,1.8265829313181279,-0.0296349091600851,-0.12817427900246026,0.26117362190949306,1.204315364988838,-1.7786578946974674,-0.4227608120380198,-0.2841551752266176,-1.1385441803954557,-1.0399826512838901,0.07073810868442623,1
1.8341209833984302,0.1702127846041081,0.5842829100191976,-0.0940051073734387,-1.7175307130700437,-0.4904103688901051,-1.8303094842371719,-0.2655544658988826,-0.9991445124963881,-0.14338162033655513,-0.37653182189627743,-0.9867352161201985,-0.6910270206513406,0.21176842979612107,1.271319039633632,1.5799625150716128,-0.8283013267876099,0.1648581035377969,0.1865857981186411,1
1.5972718746530339,-1.7812822504089447,1.1193621164197094,1.1176247890504403,0.2542538533752566,0.15010440465323133,-2.551254071275098,1.2404252998470293,0.059375457193205305,-0.7893644513281798,1.2684460081260447,-1.0570412846283666,1.8556517035256954,0.376958855004915,1.0366041780652435,0.6666876886304685,1.0855257495817823,0.7397104031274424,-0.7023090435707533,1
-0.5555610952192676,0.7100147183702796,-0.6864640675475612,2.4935872338950857,1.9614625862613666,0.1707046114235985,-1.1391131997150592,-0.7094570605388894,1.088423179095314,-1.3381422866925745,2.1900722295944823,0.461221159203813,-0.13624553950993532,-0.6813568656306037,-0.42669253178532984,-0.3323693777812986,0.4408931109295899,-1.0919203004852631,1.2382218156965945,2
-0.09467407063586905,-0.7919036618888425,0.14129988446949301,-0.2763446895699872,0.7587929946582125,-0.3535668534634331,-0.6592877089512993,-0.573916827148466,1.0250328418268815,-0.1675260897768809,-0.8392676668480908,-1.042469123555015,1.0221141306305939,0.8624911440405783,0.581434417636859,-1.692494281933558,-0.6181327126247955,0.8255787178268409,-0.9856901970324347,1
-0.6872343699507938,1.362386267128342,1.2220479137121718,-0.3465294231941901,-1.6050291016820974,0.018631806933669292,1.071284508324923,0.22976726727392777,1.4884729796032174,0.7879520226529717,0.9526652137927736,0.42127863730775755,-0.6500347624703219,-1.2253887308843523,1.3303283200376725,0.6560351081822278,-2.2115479508796265,-0.07574076559907701,0.6500779499222644,2
0.16327491098796815,1.1018285789316558,-1.2676935722728069,-0.007876320275209195,-1.3412388281441254,-0.8199599293434977,-0.09455165892141837,0.33331505038208614,-0.29369264653847255,-1.3360843170868664,2.2236360226421366,-0.19753451196063454,-0.3948820810062308,0.22577512169358013,-0.06279300910767549,-1.6056747807524765,0.24223754928415345,-0.6199279744009817,0.6890745261562826,2
1.0240360555667318,0.6658509602126124,-0.8867838327069966,-1.1717398974934774,0.4713359644996946,-0.1849776136996684,-0.6313469962291033,1.2625431715544848,-0.38791475165213457,0.011995574361869788,-0.2846800960058756,0.16353260785110094,-0.2874735988428687,-1.0930365138850895,0.39332556589908657,-0.6337800847349933,-1.1659237240193436,-0.6619702772824908,0.5237098909947348,1
0.8036397057375769,0.7700081682578928,1.8677103177707466,1.430799818280094,1.980300973051015,0.8388355512066948,0.48286605590563475,0.7877025397382408,2.1490022117998544,-0.3400601761205067,2.1522058754378692,-0.3796147543592614,-0.9512552780219948,0.24376405497393464,0.7338679811887907,0.050798758012313115,0.5617567498357133,-0.1562560700656749,0.4891597391005545,1
1.0534548178015637,0.3004559556195928,-0.42032440543096483,1.2471745381396095,-2.2731639671103516,-1.1314979913847085,0.6461299319141175,-0.17912926990659764,1.6304260641487467,-0.4070075590399585,2.245697665061541,0.4462893457857551,-0.4730826713790428,0.15270246654533826,-0.7777787919804282,-0.1720104057192031,-1.7776845712291625,1.3888143607017198,0.4392610196585479,1
-0.9383828192113899,1.2126444309409306,-1.5710253285166775,-0.09907046538257692,1.772916457206876,-0.683177369975371,-1.519765873123817,1.4176846015469036,-0.4755267415534877,0.3235205255807005,0.1644929392533829,-0.5127240459417705,0.2916177015967212,-1.7557721909688706,-0.8861938895967445,-0.29712916501473624,0.5210560164602785,0.3429468303133898,0.30772176191056605,1
0.17928819457707315,0.7902193372771296,-0.920731678499376,-0.8142751864291344,0.8979826232640801,0.36629136181156297,1.6018725347672282,-0.03389094649890526,1.0319798062806642,1.2348348001893208,-1.116060764407194,-0.2973953919351701,0.21558200894402194,-0.746339567883472,0.5819433902802479,0.7232407844238329,-0.5872935612110927,-0.4165115349914348,1.386455628316946,2
0.9453425044893984,-1.556119976744563,0.09532571909635966,-1.0419404110976689,0.012051926894181317,-0.9889664744408101,-0.8764978289289947,1.6881585003904835,-0.5437687995985966,-1.793806853303403,-0.880192093267017,0.45284450324514297,0.8829531264185924,-0.46237306242769305,-0.35425153728221853,-0.23246312731590266,1.3718042088815248,-1.6492572679362094,-0.9997184828728322,1
-1.2803081461499957,0.6563966029216158,-1.3950507735783186,0.41526323248981994,0.7585907599905933,-0.767990844464753,1.2209898162500203,-0.5649855532428222,2.023654260110112,-1.4128317899187353,-0.5098040344309334,0.21746383805962405,-0.001249249257704573,-2.1758275993291236,-0.48716298788132956,-1.1843575605702314,0.4947868821413044,-0.22461246587435363,0.46476073252164346,1
-1.424039173567374,-0.2680253519276593,1.7463150605899909,-0.37553353926133304,-1.7987776480135433,-0.21711063100856456,-1.9631961929265211,-0.9215641542795142,1.4232759542266753,0.17072894421466997,-0.8441565559245259,0.9851491493270053,-0.8247907752729267,-0.10114891116113088,-0.795204620144045,0.04780555021254487,1.4635906539429777,-1.3818695637476468,-0.9587963048863375,1
0.9146818483778306,-0.7463224957817447,1.3879156995580741,-0.5815334518275275,-0.2836439868577279,0.8371873033896918,-0.6522668913287618,1.0590072283998655,-1.3234716845655727,1.3197404940013842,-1.1043993512935804,0.03892622335777481,0.7440320375949044,0.64155210725627,-0.8298354662370901,-1.0813351240764435,-0.6106889210867684,-0.257098101088744,-0.7334324317979741,1
1.0312667883963869,1.2137694030083854,-1.596997281245826,-0.6186274866678647,-0.023703094903930057,-1.0625008541629704,-0.39538318031977165,0.47630718047455295,-0.34864929208950185,-0.05837542734594133,1.024886628342206,1.1480179053469275,-0.8428583785521453,0.3116064151652597,-0.9057474962299038,0.3812816872536188,-0.983584121079255,-1.5599154752511442,0.571580698654613,1
-1.0019991423369463,-1.4736193716194308,1.0809401548207969,0.027985691884180753,-0.20677098348480955,0.016854440194820856,0.170472210152733,-0.7481453534478834,0.20094424283370077,0.7335863261268246,-0.3863620736414646,-0.3974942802437657,-0.2524651761173118,1.7980050694123926,-0.6160590046828238,-1.5770746334443164,0.12933125772088194,-0.6220012109266111,-0.9950503167016759,1
0.761431069893455,-0.31526086639979617,-0.7740047946283249,-0.36460129364884514,0.285489225609325,-0.07252058558541287,-1.6650929763007618,0.7467437563014481,-1.9809552209707504,-0.1525795946536265,-0.2861530195835537,0.404613661336082,-0.9361179760015775,-2.180924763638787,-0.3109664634454344,1.768282073622182,-0.387341966676682,-0.14402090989603689,0.9080070112829445,2
1.6289562652183975,-1.043477326642512,0.8654724181127333,0.8662555545420936,-1.2686350697266275,1.9759744254029747,-0.7828389752533343,2.2126983745794053,-0.8329178155186682,-0.970588011363665,-0.7250017687371824,1.4261543141794775,-0.937972162362874,0.09004743742815943,0.015382299960068844,1.090185803239905,2.67960975239323,2.561161404419647,1.4547712857408082,2
-0.10680640813599299,-0.7835513581271192,1.2802918077878778,-0.43486832823178945,0.6524274801013689,-0.24062912624967508,-0.9012560609461697,-0.8410806239486358,-0.976903614271149,-1.0772870517608102,-0.4076053022320696,-1.306947677405682,1.002848206526753,-0.04427363098906161,-0.8959432400506833,-0.31549183203754133,0.34902770504261216,0.11704451553167125,-1.534935204384031,0
0.45444593854081294,-1.1999433360491663,-0.19238621654423219,0.8068834134437642,0.08646945642916648,1.4539548425571651,-1.1447944674062094,0.31635328558679615,1.4573794607335395,-1.0925205419315378,-0.22459426586612694,1.9521888587670642,-0.32795663500166755,0.34803402607806133,-0.6967779962687094,0.5478000372596709,0.9947396176627943,-0.20537420786948116,0.31669115661167097,1
-0.47771448282583723,0.18231210267361178,0.8018157171390765,2.121510773200518,-0.6006453139807335,1.4599340075558507,-0.7381982317345578,-0.03574834909983829,1.437022625303536,-1.25363842635351,-0.5007894853124296,0.689001601814476,-0.10245773296414817,-0.09633133400836842,-0.3986787805325645,-1.5367687901112619,1.0819647973634912,-2.0694841234292545,0.7171680553580907,2
0.3062870582509995,-0.6119139737402088,0.3939877318623312,-0.19366373618867977,0.2797095743975394,0.7420322902869055,-0.12083741718589641,-0.007520716931998996,0.9433013858204164,0.5738764936232105,-0.9716665705845697,-1.4703579626376035,-0.31818564354400686,1.262654573526862,-0.9467803159217851,0.5588614653293648,0.008284691666754513,-0.3572304510164522,-0.10421953287444326,1
-0.21935046912449987,-1.3378650152743237,-1.4456077488068744,-0.5666486152685791,2.2148986933925183,-1.0276984954512345,-1.4317973190960018,-0.5230407258527611,0.08593143991920907,2.5657354727747235,0.4950935025507697,2.1795192990607606,-0.9405567102980681,0.35388228758752543,-0.9127696278827793,0.7640391261270524,-1.0487002844322624,0.09548625820001388,-1.43685229630898,0
1.5324859099398254,-0.9545928329640874,-0.5454899763609131,0.39578682259488224,0.7807968217145416,-0.804645625120187,1.3177459390303623,-0.14246082508588231,1.1507398200037022,-0.8719599215396853,-0.752867003317082,0.9131608700076442,0.48624857442109515,-0.6123028904165077,3.2833411516911086,0.19044567049306182,0.058720913378474474,2.134153961349065,-0.5389006425987383,1
-1.1148457541589505,0.4825852791978588,-0.541535153633213,0.23356652608200834,1.3526056351001512,-0.5725890345938606,0.5984317589887508,0.29453950893443537,-0.8141965491218934,1.1788381496289555,-1.2090393278889888,-1.418092096861104,0.49353777457364895,-0.5237687958408273,3.0678633967480815,0.497710127100177,-1.3327865212356722,-1.0909183110631542,0.9472466692383141,2
-0.6124970562035555,0.36363414910948977,-0.301734207155656,-1.2322275354640675,-1.832919916183149,1.7101051648379977,-1.6287581331164507,-0.9898512803650703,-0.736041494938211,1.0945945246702147,0.5398378050544308,0.6823008962668314,0.455534979498383,-0.9093866792042188,-0.7671528598389975,-0.12130217757032564,0.33307995088435594,1.7529083018890546,0.7243046996008267,2
-0.17826405602038717,2.577847688120923,-1.137916457941102,-0.18537156733949045,-0.4123335252514177,-0.08529611551150884,0.8939987569556259,-0.5389414296481235,-1.4867372286674794,-0.31742223003279046,-0.054562183820800636,0.10545751250721404,1.516069333125395,0.7738598066031648,-0.3063701863835052,-1.1015733607558158,1.1738097917225643,0.7265571512614636,0.5638795851026432,1
1.5833544612959125,-0.3723168070356573,0.25888760144983874,-0.25253823689437205,0.4132314293007745,-1.048807694572048,1.0458275276126177,-0.34493146880391656,1.013180911943585,1.1876886178673973,1.427447715089009,-1.3711273418111376,-0.7051734440571731,0.3954168711402116,-0.11386835717417831,-0.08827219526093075,1.0056059866719975,0.2673161221647219,0.24185391742286647,1
-0.6577173888200971,0.5976981087123938,0.3794417868078195,0.2965306580462038,-1.2695642794689697,0.020312547673437962,0.8998781880501447,-0.2217551141941162,-0.6642329088467004,0.5101800283342622,-0.5798111708736593,0.35717156508291803,0.11234042569182671,0.6345281310617773,-0.5193828801358261,0.143735556312531,-1.6949469019447347,-0.3603598107618491,0.7625450249523205,2
0.7765790652890119,-1.622334978428188,0.5670894041521226,1.0918394641952296,0.03395853821016562,-1.4253258571633889,-1.1663167626611868,-0.8379295578588317,0.053749083429951966,1.3682943084709338,0.8804129155028971,0.5250313974650431,-0.7798495714058996,-0.3397802762624751,0.7156665089416246,-1.1482438625283278,1.3019079196062242,0.6173978053913695,-1.5133615251949402,0
1.6687474846362127,1.6227256831412171,-1.073242698428224,0.06260911092300178,1.122872700815769,-0.2726485672381841,0.037087029822630374,-0.07589794705894197,0.21552024968750916,1.0216549677092341,-1.0611355090394057,-0.3373135429715576,0.27346143926354255,0.9419602056207238,-0.5378778819266776,-1.5348029710969207,-1.461580280460544,0.20895242418649926,1.2025458095808432,2
0.7039317828960117,-0.5539768913524703,-0.39668635532620805,-0.595833930197817,-0.5224382204978849,0.22129896029481735,-1.0961791689396858,-0.6303148895271982,1.039482896542612,-0.09837886965618126,0.7671304845546597,1.2883709959360994,-0.6020681506983852,1.7359520901621985,-0.7991185348200993,0.19280749915783366,0.7710854077022822,-0.06750798635598831,0.6007415111296667,1
-0.7648494500638342,-1.011009309720247,0.050267164266720864,-0.5963802275629686,0.1685812324658603,-0.31387730796175745,-0.29482501008388146,-0.17514564675602262,0.9133777393692233,-1.5618431502365009,-0.40296623656688846,0.33237921682206106,0.06542391650491677,0.7727023983717748,0.10873382422657868,0.3379383356538722,1.3129857660729745,0.7353600159172107,-0.7868211446433638,1
-2.0325641106416668,-1.2559646832392892,0.4513212073131223,-0.7312512126827432,-1.6934337741391174,-0.8549370897693847,0.33600101145632055,-0.3134476188165363,-0.0537512220936722,1.2263352726065069,-0.8955132636493179,-1.4354501760873069,1.206504401903972,-0.04586851897217737,0.7417837633774595,-0.4266403718013413,0.6388852985090434,0.18058775016986733,-1.5244904425648371,0
-1.4867827512756324,-1.2767469346125548,-1.2167395942833699,-1.4776695841098773,-0.20124904577183084,0.20352620821427658,0.9052810022400569,-0.8722724469662854,0.6273716647058114,-0.8777847451333813,-0.4788568332732185,-1.3571756448237042,0.7043541180437886,-0.052337333678709394,-0.9514775161049691,-0.8408073349265892,0.4478751021708634,-0.8343447625509709,-2.327820730073643,0
-1.5589551013047167,-0.6791444770958861,-1.6575017649459047,2.3513601705346336,0.5959138540658926,1.0770963804392992,0.13656541586711593,-0.5143524447997696,0.37975570491389665,-0.5311890758215944,-0.521331144321377,0.4658854677450903,2.9020742943397657,1.7597355342635308,-0.6765839643467766,-1.3716282420534016,0.14259292743704646,0.3738946888539,-0.37298875155926103,1
-1.530389761664436,-0.6059555898800616,0.936879042858228,-1.0208254787302016,0.8305443248166755,-0.35160423740741065,-1.104017625489728,0.676147990050912,0.3580862079379945,-1.1469307259679795,-0.8110987558170693,1.4417648092261544,-0.7545559325435199,-1.2640716413903577,0.372941043751436,0.33887690504555307,0.22691213741907137,-0.05357740841189951,-0.5193242933541078,1
1.666517591909515,0.0586877429220229,-1.5082761299791412,0.07321689307100226,0.9929753730783952,-0.5537853432247307,-1.3417907716560233,1.2336888653062326,0.16879442586759963,1.0136560218546378,0.12019829268226434,-0.6346713685391193,0.8675310546634455,2.4138707720402603,-0.34647159085148194,-0.21201190365649308,1.0543000125007984,0.12751000749696523,0.052532180846030924,1
0.22576330605376002,-1.69538903062961,-1.1129660521769464,-0.8871034916669115,-0.6455335073486906,-0.6424945199106924,-0.557784702167522,-0.9075442630230601,0.051931110920211784,-1.2570599181200943,-0.7063360531306149,0.8912449114054971,-0.9267667750633809,-0.017870148814184125,0.4955959669558881,0.6254361220688353,-1.035976230121884,1.2410554891941112,-1.169880563834085,0
-1.9703566059700843,0.2342275522908812,-0.5362017890926117,-0.3741245146193228,-0.622587698786352,0.6061313952966811,0.4716652279834241,-0.6888790407152529,0.5138518910515062,-1.3516713245416405,1.8105167169091065,0.5915076031606447,-0.6096337637035786,-0.11457584089021237,0.17897608360077571,0.27189845556750236,1.4008710745026036,1.9647302428086881,0.28681613181238524,1
-0.31298610540055766,-0.4635528268727312,-0.6146131918959161,-0.22267384647939736,0.8887341526459058,-0.6304729236382121,-0.9296030878465081,2.517632289805026,-1.1273734900838415,0.2816996561554061,0.0078830241499197,-0.43276141130505963,0.3043160364058888,-0.7974868209278148,0.07271790561975366,-1.1442486261380231,-1.4982493696050962,-1.5941234402080562,-1.3216589687187243,0
-1.423691075518311,-1.5058723871616064,0.47564965987008134,0.2798586529023806,-0.6337065656403295,0.4837958081838164,-0.2767391558698359,-0.3458643567744097,0.6571822854850599,0.572364247496597,1.2508874223210122,-0.8590489170367898,1.4505465052728173,-0.8548477415891345,-0.46479885778306507,0.6063525604756342,0.9474689167766497,-1.3457715483327786,-0.2850716008153999,1
1.056008898633664,0.10996045189993563,-0.23514784021204876,-0.837067300626753,0.7074421936764604,-0.9163218093324218,-0.8713774641507916,-0.4125759676895891,-0.9222540136097984,-0.3565432657844818,-0.4618142436223928,-0.4608684482621815,-0.9025936289438614,-0.3963155009106353,-0.8052024650270081,-0.12124619768327115,-0.9512815913423536,-0.5893851680040441,-0.6846775781927752,1
0.4505543497621437,-2.149886312503988,0.6818036581806963,0.5884860518788441,1.4237445156935125,0.9817337141774582,1.9144457721274288,-0.8086849091730164,0.22946329586316025,-1.462730963518938,0.1675666679241611,0.1389883167624739,0.5722914208721349,-0.1887513107593012,-0.004213733402404408,1.0040898283969744,1.5649515142457913,0.6424097650283925,-0.39890289538619256,1
1.3425068260770623,-0.5502999485892834,0.13547631616186143,-0.17582867243620098,-1.2390126003551643,0.15692643571463044,0.9850028788276386,0.5499013384231544,-1.5863866470419035,0.7246586826276665,0.47610140820853875,0.6001229821803035,0.08677009695746854,0.09316009828471072,1.7742024922939457,0.15161508394384673,-0.15464740856123588,0.4360063195326555,-0.25705559404213,1
-1.8045341330141884,-0.21970963152854653,-0.9346424036649695,-1.01704788578044,0.6464967301814527,0.09278035675118892,0.5721129097147404,-0.9851619821342673,0.08263364324452158,-0.8004756114556881,-0.9492389123215701,2.0375357848317455,0.3523644825597536,-2.424332989175019,-0.20604079505616524,-0.8605840581231899,-0.38730352080004715,-0.5255620412254243,-0.9393162459066527,1
1.1829083712610868,-1.673438647657977,-0.717520027822602,-0.6182044712941037,-0.315399466920673,-0.5427039673243843,0.4436548877399221,-0.866025217128275,0.5147992487432267,1.537686552319183,1.5921535989188753,-0.08925436291697655,-0.09741901224356114,-0.0322471950067254,-0.24562651575367261,-0.998425857562952,-1.8459721405448974,-0.658551253616674,-1.3449311868358964,0
0.4001271816328142,-1.4037792929856379,-0.7242260277994087,0.5357287621953459,-0.3088236294428399,0.30153099354908514,-0.027168814373542113,1.4799686512743822,0.11717582176337017,-1.568440077215137,-0.6022783406196166,0.24892431336805718,-0.8291741636542195,0.6979195112846867,0.7443190339766836,1.1115157059712342,1.0794837929668821,-0.922370052149342,-1.417832143402156,0
-0.06390086247050096,0.24671748148414896,1.168507262183332,-0.7768195293585648,0.7351206275987037,-1.7377191506197882,1.0198249272215985,1.2153516307398917,-0.5362507389703268,-0.4227695634675275,-0.6198115756251702,-1.1908700863519728,-0.20682479193137002,0.9708894986144496,-0.5776940312819621,0.7377205805469581,0.4858527658931108,-2.47920649331241,-0.40796101772176374,1
-0.8409792955115826,-0.6967352240829658,-0.9220453949381882,0.37788947305952025,0.019903940917698055,0.7338456182648995,0.6221443226009845,0.7606572541138761,0.7667412825719343,-0.25289067818781297,0.8311616280788022,2.9336686058372945,-0.8711517887229021,-1.5685764514050689,0.4676891488120468,1.7770731123041268,0.3750551631255978,-0.14777090749033914,-0.2957868989377539,1
-1.641688294802409,1.307561004572273,0.4641286711994266,-1.286602418746202,0.8580468344761105,1.1023575001576762,0.5983529475463035,-0.9229927288580935,-0.9431031758868342,0.128120054064005,1.9198072447434247,1.6217136727393522,-0.43147639803673826,-1.182017516916978,-0.11228596745814882,-0.3349024128135631,1.1666076644467636,-0.40522824217137343,1.401509784963041,2
-0.5299432898185998,-0.9986517208714893,1.4334082955978376,0.21409802536070283,-1.196436424147131,1.7121132205547038,-0.2285127962034046,-0.6763217535528581,-1.21710775709261,0.7379292176102308,-0.03243196817006114,1.2022337026053056,-0.9104123387761011,0.7734366587617587,0.41110981474441183,1.9048376980279271,0.8441311572943165,0.5484537814484841,-0.33434831916495467,1
-1.7616790800052144,-0.677127571329593,-0.48475120296949503,-0.7804210488905373,-0.7481593119605338,-0.7633056575078512,1.0590915928947395,0.6056197377247184,1.1974070165357464,-0.9521131581929984,-0.629353200602963,-0.209366931747753,3.393335759615251,0.8665196457891409,-0.12895582403236827,1.5008033106598853,0.23273775301121327,-1.611571150889137,-1.4371091112484375,0
0.3257562417582206,-1.2021224789182154,-0.7809074371886183,-0.05344346568259562,-0.33098809459625994,-0.5605045118389254,0.49510588693806995,0.4333263429577271,-1.7520215494390716,-0.14698287704205815,-0.043063045670227916,-0.4249838263125192,1.0951935919310942,-0.13518933199432812,0.29199562209382135,1.0240637920138114,-1.4787861209815223,1.3233798733337996,-1.5681149967424541,0
0.662757610841552,-0.24589122509083164,-1.1970889572221077,0.729266637002922,-0.46826860810858745,1.6317185353254928,1.220843048706742,-0.39567613568988313,1.0555041784374382,0.2882604121749489,0.06428704065287892,1.6631742075324754,-0.4521566963542451,-1.576167201513131,1.8564765990405843,-0.002459232662538092,-1.1510551847502528,0.9497369564656415,0.640449284248778,1
-1.0886093776641772,1.2309063753890461,-0.7648836406972729,-1.2308976702556318,-0.45133505231440596,-0.8890933170551925,-1.0113468638745313,0.09962863676895034,-0.6314009266030752,-0.4644080421521868,-0.5134404819006978,0.1338331645361296,-0.38492350132673103,1.387612356805477,-0.5596518765556122,0.7979524233830676,0.9729839480352027,0.5380195674675949,-0.37754550062186615,1
-0.02767340107105998,0.9017331962628923,0.05932654983526114,0.6027385617791379,0.020690210357856093,-1.0372739079423492,-2.4442889931494527,1.5424078795714067,-1.2963282970441152,-0.4525153767815035,-0.2767946600042939,-1.2635987030451303,-0.362524783765137,-1.8952418850667654,-0.47655110906265347,-0.34278461880618455,-0.31463027331125093,0.8696786954372175,0.3481602754951458,1
-0.7836127347923555,0.0777156769538771,1.3724761199780555,3.971899720342082,-0.1380982304368076,0.003515812547808977,-0.26153320771999794,1.5727648388791098,-0.6071887053677695,0.46656807051063404,-0.5373640103270638,-0.21383308700220588,-0.9813229584174512,-0.9335729668839544,0.4990738888344006,-0.9833322293327664,-0.3031490931642061,-1.2197107095433852,0.42965467388082534,1
-0.41473714087349456,-0.8268258307669302,0.08101868481045325,-1.1129207193496262,-0.7793918749737263,-0.5357788929859096,-0.955315613190051,2.1297270581914263,0.3265641354029991,0.5541080899230846,-0.5351178538781017,-0.8780422207125937,-0.9836655709210939,-0.9272943720492962,-0.7732843432544921,0.42416432217253264,-0.266988226326767,0.7213410310937795,-0.6741998408781527,1
-1.4035923388852447,0.3362800891360092,-1.4547444721776221,0.8093290732397211,0.236486942083471,-0.48391139830020086,0.2312758706287718,-0.5083267834245631,0.11972847457643777,0.03909188930680407,-1.190534029946898,0.13321542848433512,-0.9754864248843195,-0.5238715601051461,0.4587785375214382,-1.3473625410133343,1.307785451613942,-0.36983602446589203,-0.8624419531646617,1
-0.2983121001928569,-0.9402974604175848,0.22651809961582692,0.5023754851284697,1.6552243291706075,0.20094433779345003,-0.34818879858390395,-0.47032636980084774,0.88620272190486,0.7263444023472911,0.8598471411439245,-0.9448843477478599,-0.9202247583988197,0.8505793206560612,0.10168215189302965,-1.0742945144851537,0.5599068072316927,1.6781658426497608,-0.5107375993602082,1
-0.2581630645934891,1.1407591161843196,-0.5764896740296628,-0.2230352852120507,0.3941704029450326,-0.9094274045700242,-0.03304304322744217,-0.8330192861507717,-0.6316404390258681,-0.2828320732188989,0.35326367881986387,0.2298894393471268,1.4892064808264902,0.15520453922878333,-0.9384724169716623,-0.018672107233280263,0.7728997417014759,0.03286558990759653,-0.8670882812336553,1
-1.1358364634874563,-2.6847451069482724,1.3785473821796737,-0.9280529178512075,-0.883055989999122,0.9860171451654334,-0.7414047108995769,2.206491762724524,-0.8524371381539698,-1.8678759295381178,-0.7006354660219228,-0.25300231916386035,-0.6878981755021555,-1.1956145476024318,-0.8465175615495646,-1.0324251563622144,-0.021198301346765577,-1.1356924888331452,-2.202821041071496,0
1.5449434471772407,0.2800594518233077,-1.9190959191892552,-0.30399726736200594,-0.5406489050323668,1.4032872920440969,1.3390454981265152,-0.25150278545798455,-0.9462767669740865,-0.3109631170109781,0.4856072189421364,1.597815477218896,-0.4272546959189606,0.672203086970603,0.4230088358648653,-1.5776975043566095,-0.14546769383646307,0.5995257353943564,1.0743589866100676,2
-1.651332929999383,2.4399581357700866,0.2476778156404644,-1.4503527942918546,-0.504433604326603,-0.41490204863293545,-1.093497292261985,-0.15720730177009481,0.4315928578618277,0.772969850920005,0.8130973473565961,0.40444041383001567,-0.3342508562011426,-1.8627672232828523,0.7646907147362958,-1.1627655556591907,-0.08569222556605303,0.605230260799714,1.5268192983891165,2
-0.5398111823195899,-0.9960937618277956,0.4899881452715603,1.0725027353017924,-0.9769617303822409,-1.2701707983371942,-0.6010649858670494,-0.47518418442308796,-1.4712281488452972,-2.311261829344403,3.268380367046292,-0.7975389780900627,1.6529897573431842,-1.0261533662552975,-0.7561022810467306,-1.373820609112552,1.0842363664795427,-0.7552151886589279,-0.8592023004579439,1
0.8478535515546715,-0.037056457010499956,-0.38695143836117785,-0.6035316490121435,0.8234434118338765,-0.348478899332359,0.01873754825297599,2.4094206404926433,0.7689088896577806,1.4998232597056886,-0.03701501957209564,-0.45641033611073295,2.996237479111619,0.41200844558006106,-0.2877426668946011,0.6603458634228272,0.4660776660777917,-1.3566589655967494,-0.29870354514797637,1
-1.6049642088990672,-0.6002129122301797,-1.1307937410895423,-0.5965707370675086,0.8095420235724274,-0.7624765540903958,-1.5788216621669362,-0.7933262459344679,0.061065693011521975,0.8512944295566072,-0.3147416002763775,-0.1245113910813688,-0.15689553030402814,-1.3014327113029933,0.7850248176813505,1.6564062970141396,0.2496212460859432,0.5099009346417174,-1.3718253987111595,0
0.8043347114446652,0.8690637643318828,1.1584444113920407,0.5447915477076396,-0.9057338588521175,0.9425119813941066,-0.2495389043729302,3.741307891726135,0.6498434386935013,-0.6033560307593057,-0.7550140411176864,0.6634576991474922,0.14395591589230802,0.0165427552688458,-0.8856794049533121,-1.1827506393397733,1.6733526299153763,-0.7088225320428441,0.6740462527615199,2
0.6294339015227329,1.7551826639085002,0.860580099551277,-0.6990348298039488,-1.1819677390585441,0.9031147539262138,1.008309945230218,3.892082275214153,-0.389295247811004,0.4782288723757312,2.251403292958373,0.8654156764845051,-0.16171043049835954,-0.6719979224308769,0.825310542059397,-0.698354815243499,-0.5078431065265397,-0.392066762131039,1.5443063534718593,2
0.26390951364790577,0.14828901938556904,0.9720617520031406,-0.2734616082395404,1.1326603963627884,-0.3985608567821206,-0.36186503735334585,-0.917792051646653,-0.8839410314711937,1.1468779716299975,-0.030457491064585375,0.3277830247575488,-0.8916995841613344,0.961110178334263,-0.26329460850184083,0.42322188574889125,0.17275393492291338,0.8533098438766594,0.19547426577032792,1
0.09494510200459054,-0.27267531188655153,-0.8301623004365847,-0.8491301463552883,0.8067289667080285,-1.0130867012620022,-1.2130966744228442,-0.4412263450050093,0.6972165468256163,-0.27287891125846603,0.1491675715897332,-0.6250196483711717,-0.9688250854317088,0.9716047823170535,-0.8269377189139954,-0.07474061800309574,-0.7551497176007013,0.7954021649484991,-0.16300203352862147,1
2.0861172127230105,0.3532394831854701,-0.48616054632855676,1.5579212703067247,1.2831216539450396,1.0629473656626387,0.33056606219221907,-0.42347478949126827,2.5540772435185097,-0.48926892896409224,1.0235525375822976,-1.289399082828872,-0.7769128203329537,1.1734142483832373,-0.4621638472220157,-0.2602724139390437,-0.16649387849403285,-0.19291558557308253,2.1237543526802853,2
0.747042501644594,0.21311830094541248,-1.122536021940792,-0.5342432517682998,-1.76287626504624,-0.7127376311879544,1.3840549147705004,-0.44167917544734875,0.9609383593327175,0.4671785835054239,0.12219648356446274,-0.45293190959545426,-0.02195770121548755,1.975285834286553,-0.2516556402306361,1.7454993081381522,-0.7746473318727127,0.3440115188811007,-0.02843032625889175,1
2.027952830655616,1.5787660947292987,-0.40593658887117096,-1.1044320665379666,-2.6826746708957567,0.1710442730730042,1.8994111350332872,-0.4130152746140288,0.2686044954546991,-0.19123625676019868,0.5986818824067786,0.20667359572000105,-0.7411813804025419,1.735871745243578,-0.12026059524093415,-0.005248528708787454,-1.9448393008377565,1.1099812192254737,0.9673871593846964,2
0.14784376339447133,0.5188035266029422,-0.20820376029845955,-1.3795944648181582,-3.0415183237451675,-0.43655472482083824,-0.19688635130351587,-0.5576834659823107,-0.07857379219354373,-0.004672288018693409,-0.7232036775169413,1.796485321835038,-0.538366919649677,-0.7764813139722192,-0.5144298606630351,-1.6168182445171269,0.0880920104472732,-0.2455160748274581,0.0965594630289582,1
0.4300925941703619,-0.48460846593837414,0.37240913951183374,0.42247289607898475,0.37004183481034886,-1.1212846572680695,1.3123573213684845,-0.6225929687215026,0.5386729824373341,-0.15010032888943975,-0.044365972847607564,1.5076649182491346,-0.884647740455988,-1.0350894290852275,-0.6706816004829314,1.1521312391063316,-0.3350860854295112,0.4506236120567624,-0.38057327173409433,1
-0.3486896571608379,-1.1144005154626064,-0.03909713811209717,0.8605319021800099,-0.7163134133685256,0.8271663046663296,-1.3769394476387098,-0.9918756576582537,-0.06181063639464431,1.6766136786249957,-0.878595868301607,-0.024676585591211494,-0.9004449161492079,0.28091638800308505,-0.5289904707741316,0.5139391674698454,-0.004075111264013433,0.6955048955361468,-0.5339111158302247,1
-0.4222854047158668,-0.06306649659528875,-0.7721271929951249,0.05562964354358523,-1.8962519379118792,0.7633457231308125,-0.2515677944754646,-0.28516222548988396,-1.0266205143205076,0.7786161848458981,-0.8169789761910357,-0.3474661648017426,0.10045741389205749,-0.6923060865196227,-0.83501341506357,-0.03628483297624749,0.5582056682274819,-0.6977682705160391,-0.15539385460066416,1
-1.5483900021229382,-0.8139894685520426,1.2746844806744342,-0.23171377463845344,-1.1210087558274469,-0.7070687285282008,-0.7464843972146025,2.689091584481417,-0.06943505230123079,-0.8645339147699377,-0.926070225812024,-0.046618438854410665,-0.7317408849711293,1.522522602416118,-0.7131625109778967,-0.39463701369968224,0.26550914241119394,0.5266979887833694,-1.5775769502075503,0
-0.07846855085295755,0.7185596392322636,-1.1748331247030486,0.6994792155935701,0.3478308497389229,-0.5275319050472278,1.2282729330934237,-0.6937136377451047,0.6179811923709243,0.24057193008993216,-1.3938366434236582,-1.0674199343167283,-0.22279972196585668,2.13407134355277,0.3371989463039676,-0.48386594425250656,-0.931517070744619,-1.293516308338031,0.12982370545557573,1
-0.30493097137636255,-0.27378087236347715,0.6717871320938555,-0.7838936772977673,-1.7704823825986973,-0.41284541357053545,-0.07267935710188993,-0.39805965519533903,1.8154411521712477,0.6246593732801808,0.8601912259575283,0.037284141284064674,-0.6736203194389891,-1.6382527402504825,0.4317894863960178,1.7964840661699633,0.18755520467135386,-1.098533386158475,-0.2291465458728942,1
-0.7126293193912163,0.9338647420320377,1.6469378974126656,-0.770095675844577,-0.15160078452695858,0.4453674024569037,0.3462842452778583,-0.1753776505900506,-0.4205740364166012,0.824227181469197,-0.4320603590473564,-1.2598283257888547,-0.414761939763172,0.6208943339978114,-0.9105157657638087,0.8509946063048714,0.0988056319016263,0.43124385975619145,0.3514039966326245,1
0.8993577263104046,0.4520382576854931,0.1403711005030527,1.6779684629235114,-1.8391372995683541,0.2946459709920717,1.7199223824649073,0.9840860222014329,-2.2812649120273436,-0.4779282703799728,-0.17713503149442184,-0.11712880991792127,-0.5639771796568392,-0.07040943604517612,1.7713699525380955,-0.5500228953905308,-0.34139092429317175,0.02329090788989897,0.1907340396418905,1
0.515363361429359,0.8111677833090291,1.9342779670588497,-1.0228011980405025,-0.9113244399158332,0.8074220799130863,0.841832254871584,-0.07618848490675964,0.3266707655204719,0.9574946172218012,-0.9847823727651749,2.2241735710754007,-0.5254110360429938,-1.0782135177555616,2.1684214949184777,-0.15207445022780955,-0.39767970661447904,-0.03683102964183461,0.48288157861995795,1
-0.05764479919142247,1.258089487362437,-0.1645363266064818,-0.8494855645596116,1.9785042286654084,0.022344298226496945,-0.6400909962629675,-0.8644397232286716,0.45688088740918764,2.2016298559935596,-0.8396876561590183,0.978584975120274,0.7907276513905311,1.0659097045049504,0.46270498548382744,0.7030406235705482,-0.16619315526824763,0.5535136456942062,1.5502908671698552,2
-0.9235783738438526,-1.5930882452053177,-1.128733826294672,0.55662161701231,-0.881737841618295,0.1809378918649488,-0.3747702148489414,-0.5732404841156934,-0.15133889428648545,0.7468668947415679,0.5535845698184219,-0.20644429878747772,-0.7485427229707988,-0.2199971307170187,-0.6008031189618913,-0.33473952401561535,0.7224019002712909,1.695822555599217,-1.0586703052765258,1
0.06846916016767596,-0.042327023267085956,1.3063037445206613,0.45775854570432467,1.0413343720353814,1.4043625589752535,0.49052619190070323,-0.023688898533959155,1.032783537769221,1.3886685866921373,-0.8915944580240945,-0.4427925556801513,-0.4081301750231012,-0.5549892434219826,0.29611453333023297,-0.9558872363884373,-0.7035557187394519,1.3370582066068728,1.0144659544999135,2
1.8259766735951595,1.8957524732084332,0.820644089838586,0.5727088705699265,-0.8380075201891866,-0.04400543616553441,-0.09244008977246515,0.559693810276665,-1.9984496392084965,0.7870390691787132,1.794827041008944,1.0078103647839842,0.0835821889439129,0.27265693600919344,-0.9041239153396358,0.15011511236920969,0.0010208983933823823,0.8022228805169709,1.28322529622119,2
-0.5091549313814521,-1.6874580770987921,-1.1859977407907125,-0.5140425653392163,1.976697373578055,-0.39647342063309776,-0.2150823145773829,-0.9600714847396609,1.5104095858358104,0.3849490257821351,-0.4127807751047798,1.129871316682657,-0.0290245445108503,1.2675560450104806,0.5739336145637056,-0.346237373954405,1.1533948426999794,0.718211732987527,-2.2254151060187946,0
-0.13032904908660944,-0.09920106177573322,0.5202017520424502,0.8924114527028727,-0.9324501934832103,1.016823977068768,-0.5523410461072767,-0.08369801774993113,-0.4593053420651211,-0.1242613938314923,-0.735266426890365,-0.6571434449122465,-0.5066733525606943,0.130761382003479,-0.9462244778229102,-0.042554225915994635,0.6505726085441043,-0.6927736343865508,-0.03488341120698987,1
1.3870685452044855,-0.07023918031318545,0.787947415244559,0.3331923834936819,1.0304949226038014,0.33772266887156577,0.22606470759991396,0.272765009626462,1.4030033581818298,-0.44847004968025017,-1.2051670279182916,1.886881626068082,0.3486960366525884,-0.45260519366990454,-0.219288534610988,-1.0120158778238117,-0.33782373895641044,-0.2804326497222344,0.009768637532719348,1
0.9847522455244995,0.4247607091026438,-0.6185649514537571,-0.5013275446250445,-0.2759486873985252,-2.05793231854169,0.3883429172957389,-0.04350560766824254,-1.7157966756307492,0.5926353250456814,-1.1827904264027576,0.15106556316238326,-0.5062589042350312,0.6940919910155672,-0.15990236565376179,0.7246975604198772,-0.8975848772850473,-0.7964018958769495,-0.6641761638864643,1
1.1026890016651894,0.32211926874061053,0.6041331983478042,-0.8900656454898117,-0.15702460370307073,-1.6925346791569078,-0.36331505598007163,0.3678027927966239,1.0718970834636183,2.385480953457759,0.1535185074916287,-0.5579168218873154,-0.18578744941997605,0.38310534571475036,-0.5241220927149548,1.2554153570934368,-0.5120641956721276,1.398769267043877,0.8353438970478151,2
0.2757918515602102,-0.025039302121552247,-0.9080408211799623,-1.1083694166966218,0.9948150206191497,0.8321445775092677,-0.3743901229029545,0.7107390800579626,0.5882642478257561,0.7768351997990226,1.105910739794036,2.347638757866718,-0.39458648881139996,1.5621907664438215,0.3006587237353132,-2.43668299585856,1.2146306425452613,0.5722003976418821,-0.4910497490695937,1
1.4874096924070708,0.41309330411533635,-0.7229186764895544,0.6143984143550912,-0.3014339730865819,-0.8039633099467403,0.30315781348291326,0.6449933146393302,-0.09353509089079995,-0.36660286517090757,-0.296752468311578,-1.7884323811819844,1.3579769226104574,1.998149153867629,0.23046329668090287,-0.2864092445442877,-0.048711984115967374,-0.18029468187445766,0.0782657948370237,1
-0.5009569492975756,-0.19536310630348874,1.2561714103748638,-0.166997838423855,0.8433364426574697,0.8108487979618721,-0.8154092108763336,-0.6237325171145938,0.13776712909011768,0.8159645913137356,-0.1977331523585936,0.7616092774495258,-0.5578513337903347,0.45322911335990385,-0.6633967874439929,-0.3372746583298529,2.9891686103096484,-0.8529972880497271,0.6493875863529612,2
-0.8745358787020249,1.4016412174115183,-1.3113055793617283,0.0988085266305481,0.4112891891947155,-0.8203226141719226,0.4445780544804429,-0.9922249209576035,-1.262608340503805,-0.8000619672553628,-0.9822468628781523,0.11322980983359858,0.0700866874943264,0.4901596002527446,-0.37263296955931785,0.47749544264980764,-1.0775249196863628,0.5292406752412452,-0.01739156723265918,1
0.4472203417140269,0.6703704939501538,0.5655477664799146,-1.1477254091933244,0.11880428352495112,1.76132235280662,-0.7916654126685759,0.6097340173122563,-0.48559402398857576,0.2795007658188172,0.7342144478486589,-0.1017865724053284,-0.3346371556881678,0.029323656820803814,-0.2779804311813113,0.7112604677763754,-0.31267425941817967,0.5377779249654285,1.4963419909132887,2
0.7096889349349335,-0.5514450031492006,0.24875519114618289,-0.37876623804509796,0.6892131880462588,-0.48290896019614227,-0.20532724918958126,-0.948659911969062,-0.8772783129931337,1.9285649659091348,-0.4790028648554051,-1.3850293181687632,-0.8520405073314775,-0.23998215622038951,-0.9377683267120924,-0.6732133324804317,-0.15275212701855873,0.0379446382202141,-0.11586713026466852,1
-0.1425820100514857,0.9689762397545169,-1.4113418158879305,0.7408759784621382,-1.8302079527912674,-0.768973426949547,0.3818112169094698,0.44553760820536065,-1.404096873777773,1.3744629738013634,-1.2476356467339214,0.5079060288858969,1.0182517794250103,-1.4447414377026577,1.0920972723217386,-0.5467308934665581,-0.10111999693114426,0.840553937220723,-0.12521145563368016,1
1.3523347261156657,0.8771648811869106,0.761712371301362,1.3553974500002548,1.2607144495027127,-0.9833871009587285,0.16110589809716616,-0.8505855233638452,-1.8060131569850124,0.439857144454472,-1.0972680200193967,0.3941242587297637,-0.30082552517876243,1.0977610988203719,-0.14316769805461704,-0.6302988218236479,-0.3731792362423181,-1.2323231465564424,0.7223224662648837,2
-1.379703617297682,0.07854235110927223,0.8119271809513477,-0.14725793362042403,0.1235059418754161,-0.9713511719588002,-0.322101683031283,-0.9232295716007843,0.6754351909434009,-0.46885706546768546,-0.0443471505994299,0.1289154796637515,-0.36249029563100615,-1.0445337610193042,-0.6721384288597062,0.22892090258817432,0.2164781932432793,0.32966111848857726,-0.09215402930894577,1
-0.14938905964231255,-0.2689792545574517,-0.40861318476875075,0.07350189004645863,1.4012343613804132,-2.232200612060694,0.18796269886223085,-0.771778403040161,-0.3336504772828557,0.8488841083138743,1.0634633025318019,-0.25785692872585586,1.4220198981807426,-1.104522894529334,-0.21808606019574392,0.07054445035014403,1.7281500972231019,-0.5123109503051718,0.20788246570161267,1
0.28979958706308634,0.08530605507940756,-1.4458774172225906,0.19743527667247182,0.5048734394902235,0.24012651016561784,0.8202585007548129,-0.14063950363507766,-0.6218838111146066,0.7123538264549343,0.9292394428152372,0.7204174822677896,-0.1298621856241728,0.18314004921652147,0.3580144238308361,-0.8446418118549565,0.04539874711024027,-0.4672001374548929,-0.10668036209218143,1
0.049570972869125644,-0.3670243421550825,0.8924357505838195,1.4781276880271736,-0.9555462772825085,0.17007584655007363,0.21301866507266146,-0.393335168827356,-0.0026880617606182657,-0.20284044553122582,2.2364732042395588,-0.7556189805903384,-0.5559035163645746,2.03965486961514,0.20126354760725146,-0.7690494815672453,-0.611723997891895,-1.7465205594280597,-0.48813242101744475,1
-0.2086112788629892,-0.1184980387483777,-1.3518360509897376,0.5386732866956249,1.2193995078193665,-1.3564847313474269,0.9670694338224408,-1.0064149385735206,1.8123706414547593,-0.13793558563880368,-0.8888669960608601,0.6229438933363471,0.8493485260462356,0.21326926257945858,0.599398511330883,-0.7953406153917717,1.1330401901702527,0.758957698386137,-0.6484527244331807,1
-0.3646102352393027,0.32688245744270655,-0.4290820381363747,0.5286122580999404,0.09567407302721966,-0.3617224003807412,-0.2685299647797132,1.2351026823881075,0.594966432112374,-1.4506395998641122,-0.9699339040134323,0.4428336092077845,-0.43761993620713274,-0.43270065337032065,-0.7883736577452695,-0.6747080135273958,-0.7573539132764207,-0.1023387492828726,-0.1425967149602962,1
-0.8510655141152623,-1.141888097985316,-1.1520319339107543,-0.8484361127448645,-0.23361713672483778,0.2060362127504193,0.34270625956456074,-0.7283106680813313,-0.8560058207573177,-0.5482453517133867,-0.030951598054001394,-2.1149819337536706,1.0890607273689328,-0.1267415374957753,0.19117477698426114,0.09067479400262626,1.7210793672898808,0.4923336307922773,-0.8236345264464117,1
-1.210996922281352,1.4593787023214364,-0.03989188722483688,-1.032469986304183,-1.1676450068743978,-0.3063333989190744,1.7542412023588652,-0.6396478964672098,0.44941956477491973,-0.4274905281813492,-1.0890302652414987,-1.7127626684335147,-0.13515931340281262,-0.06600096279086229,0.305062398993289,-0.9320717114555047,-0.05712839056157617,-1.144847781277299,0.46055121676184096,1
-1.3475344901552084,-1.0591415164235574,-0.16263838985194926,-0.44938844464563404,-0.8193244628330892,0.13461670612644272,-0.16256983243300543,-0.1585041454393468,0.4781207601746177,-0.9630220522279563,0.517375857748865,0.23926888354571685,-0.7335494839421257,0.2764792852720589,-0.6517586973582665,0.690417959144919,-0.7228286906044042,0.5038925483560215,-1.402162856857601,0
0.3500964452722498,0.8774206387472003,-0.5127506741734457,0.2470817167594234,0.6475424833790393,-0.4644409001617356,-0.8654222736797478,-0.32539788990481466,-1.2935220080264305,1.5994418531452708,0.21402039824551095,1.89806002153034,0.3350034569120996,0.4730585887672151,-0.27695642323140823,-0.93638012332634,-0.5902591293407324,0.12167833343337228,0.17058923757864305,1
-0.31652555555691947,0.2490354750621707,0.16304961427733186,2.7150159166211822,0.3614578499249962,0.5711551595659687,-1.226058902918973,-0.8942590529221244,1.488014806491243,-0.6748996434156597,-1.0502968223643703,-1.045204478049025,-0.14348878672908047,-1.2688851450624004,-0.7237267007324323,0.5069811702701527,-0.25567865091096853,0.5168020772055086,0.20491725497529586,1
0.09499572395469669,1.1611851470794672,0.638377462980647,0.1757298758437407,-0.6589037233289964,-0.6386907643611619,-0.36448107526743845,-0.6324498910056665,-0.05570175684345611,0.32544099223844686,0.9459963597849557,0.39645873916893626,0.06321587633617338,0.23467868065166156,-0.7856757072394002,-0.3864050560672886,-0.007499751557336412,-0.42008278734664783,1.4015484284049804,2
-0.5707869661509792,-0.44262357710498457,-0.9628384411726246,-1.1428618480128385,-0.2395320705709383,1.2147534574559609,0.30923394722283193,-0.30628132760197124,1.2414183847900115,0.9607202126511653,-0.4324709637961857,-1.176776236935988,-0.8577731995593036,0.3574318571293816,-0.17312255129332,-0.3281607036041862,1.2305617062667162,-0.4018033016244296,-0.09388333793227906,1
-0.01825221963240801,-1.725796897779559,0.3643995309668561,-1.1325197056588137,0.01956993004144503,-0.07857042971034835,-1.0470020416466606,0.16870885041181388,0.21465908180747362,-1.8663486253797525,-0.3071126189101075,-0.17648187028652904,3.235963175192374,-0.07089181612117804,-0.9186716920916783,1.2916245395500567,-0.9805563448559729,-0.3739379367928089,-1.0576031363312142,1
-0.8117034533620562,-1.1561520323933971,-0.5849917074549272,1.9965783616210984,0.44994728104823795,1.393668437284322,0.8079535594799122,0.5315029489308314,0.6932490685019309,0.8804500364152971,-1.2560300992087472,-1.2685863093856824,-0.5049824839620265,-0.8638091532075413,-0.1378126951213188,-0.5769691235956214,-0.3830779377161055,-0.21084366402658125,-0.2586737076253756,1
-1.802243209517342,1.4836799686896343,0.7344568733599112,-0.5436387239842545,0.331242759777409,0.06053294008839589,0.17669141585586653,0.47485478560963806,-0.8196552488034287,0.7356791505194684,-0.7700014552974106,-2.3447308177953023,0.4631296126501315,-1.023866570192723,0.25166410129740313,1.1804624147616405,1.127207331311535,1.1114278151358297,0.5913365732897194,1
-0.2345633645189892,0.2594732937878483,-1.0787348259637484,-0.9352011456246582,-0.7001407988503788,-0.15808663397626757,-0.9514136956150943,1.7646250166462363,-0.897106019046143,-0.0998423716324906,1.7114289286150648,0.8640376362654263,-0.3455978155695246,0.39944398009295146,-0.3618324729208853,-1.5115825563897218,-0.4933970884338615,-0.759773473108661,0.26156496929720763,1
0.9396336778520024,0.33907674634128937,-0.37949595169791306,-0.7126795126805153,1.7908174507776842,-2.0077539385854073,1.403037531067021,-0.5126570544464137,1.094369540616014,-1.3483284498351504,-0.7076053778163142,-0.8256128814730541,0.1371987245587032,-0.7790233240803707,-0.8513218064482814,-1.0003500490451496,-1.1056732560209186,-1.6832166468282292,-0.1376205858809614,1
-0.3066092754126435,0.09838364615603713,-0.9114521457675603,-0.8461316010872126,-0.601548007684274,-0.018498564387214148,0.29651848677909276,-0.798264925296196,0.9211126464177566,1.3020911767644323,-1.1266838938527184,-0.09991830375699749,1.0012433048754532,1.469856124999258,-0.7504552909618133,1.2359830600295592,1.8087318268270427,-2.3406847619073603,-0.35437468559590035,1
1.7613675960768393,-1.4375507949567154,-0.49035154878976317,-0.8416361852270976,1.0305220791912426,0.23479807834290692,-0.832057945903227,-0.9531383329483077,1.1952596890805256,-0.6832989750671722,-0.4380252613306153,0.8768378690487301,-0.9361125753553589,-0.4563018751663321,-0.8009681611046234,0.7532759002952601,-0.6346897749796336,-0.07313239539350949,0.10631504808799001,1
0.023893593629107597,0.26825813879467947,0.2978840770435471,2.6562137787780666,0.09074263980931145,0.9359028505635131,-0.14181723300703752,-0.11904635055771691,-0.7148472438625335,1.2321326645841444,-1.089546195842576,-0.30359849677594636,-0.6010128560868708,0.2463891297010314,-0.5516265605663679,-0.7278768037000033,0.5944252415713827,-0.009346550672826495,1.5300111270663759,2
-1.3632808244783845,1.2359019146973793,-0.4434241419052424,0.3426073110293932,-0.7009360546737536,-0.26086013543049613,-2.4294911505547447,0.3845324579080842,1.1012643396934885,0.7025155548669824,-0.6579107776624951,-0.36048182781715205,-0.1381670910744261,1.184416738246792,-0.7378745412156782,0.1308673704887163,-0.29794292308997505,1.2650623361340585,0.45441132947388596,1
1.0471317649770742,1.1863263311886376,0.5331408864310102,-0.5288497274506413,0.7123267118424192,0.6631662369787682,0.11050252146516978,-0.44236468313538546,-0.2437914747897454,0.8974774883574719,0.7138761222715987,-0.45915571679142037,-0.5535905626944895,1.0286554157085335,0.34023308900824745,0.6237663103111992,1.5407568557979656,-0.22028343623768012,0.5138365903504845,1
1.7528721326680208,-0.7986538076438844,-0.377963082251011,-0.2378681323087054,-0.16356749378613247,-0.5737080217132019,-0.44947196709484194,1.5964844960816,-1.1657970300542373,-1.1865074004352505,0.9044720918439039,-0.7445016334019501,-0.8156990733129746,-0.8754632931361346,-0.8730177159298576,-0.31752999649516733,-3.093805246185909,-0.6252084668316529,-0.7138574449001553,1
0.21940266194668553,-0.18391057299589744,0.4756361027891651,-0.5090877635902299,-1.0003335483275406,-1.4121795804437078,-0.0599776343700498,1.415083616596133,0.7737568202179259,1.2674261765393848,0.1912174468951514,1.156896795914138,3.381685106456113,-0.8479824611325807,-0.2734808683771349,-1.615373725220402,0.13911822894335266,-0.5435137587885259,-0.5666297974817808,1
-1.3977954170397855,-0.4548199614082168,0.43101009511287014,-0.38030589323964253,0.3976358468465138,0.8081569528270822,0.2600731009108655,1.3884765822979224,0.3722388985257809,0.8289134379148975,-0.2529757165600414,0.8230147869321496,0.9185863445536796,-0.625059988316539,1.0888953633297893,0.2891133835112853,-0.8446325424344463,1.0680888535101112,-1.0444446817862174,1
-0.4276313439994135,-0.28788355447803415,0.4859201004424619,-0.6965727969110705,0.20945293531177417,0.5311763926781786,-0.021729819226232253,0.18826763362434645,-0.7724950698410661,0.46768449310489546,-0.1653187866719993,0.04855513767423057,-0.6616969815889053,-0.8774882850625647,-0.6099081959146727,1.543107285084566,-0.7352130318968286,-1.5614262954462865,0.9016906415626195,2
-0.5314376681885815,0.06597144836699677,1.1420142537486349,2.5367966399911337,0.07998530886972068,0.3237854002476328,-1.11473985431486,-1.0078240610625089,-0.02329801455999572,1.0603640878084817,0.6650077285614944,0.8925993777521469,-0.3858642130232299,-1.699577337591001,-0.005700176596580533,-0.8955130815259393,-0.39308733351937514,0.8597042199675746,-0.08095445032175433,1
0.6523230229171934,-0.11305954575939574,0.8365092571159775,-0.5486448609350839,1.8691034434137601,0.4760045050092347,0.4442942472838559,-0.5128220096237515,0.5756316638966162,-0.4730082604817548,1.0788616048331188,-0.0639596208343791,-0.5034978027595084,1.0502498009784442,-0.7735745221264483,-1.4147055713789605,0.9094534338543439,0.642044331106354,-0.48600719018291877,1
1.8997648065892514,0.2641133299403852,1.6468812624084028,-1.0193389946074916,-0.5604128948925711,1.2065940848502923,0.3811053688833847,-0.02465104115097387,-0.19210905923004135,0.7327438776381769,0.21843004948274056,0.6135049271116328,-0.7716327038053094,0.7344581758995372,0.9401119730590654,0.45654939256368565,-1.1035950116277529,-0.3425795106613597,1.2556774318549049,2
-0.10207918032870522,0.6123883468969886,-0.11043460683329867,-1.4256601949964751,-0.4117027789159481,0.2973806414914275,-1.3849825082327256,-0.9075952805463655,-0.7294436091767356,-0.3190157952450841,0.030738801431776788,0.6034651398050613,-0.9670208222696793,0.5518715818203427,0.12996483242804377,1.2117040217348216,0.5393855425990307,-1.3533884926134363,0.2991631151812521,1
0.15882871708188323,-0.006484709322363514,-1.328449949397395,1.874154654602296,0.5551747078167283,0.5820723517685614,-0.167699882481445,-0.8476016629672785,0.695365159625008,0.9638961672088447,-0.027162647402133623,-0.8091113765344546,0.8603361271342562,0.38482001115026687,1.072853048953421,-1.9095397472488593,-0.4136333274622737,-0.9843406817509642,0.47468047835773036,1
-0.7185579815484876,-0.49311969728652655,0.03112739740088432,0.7841005417267526,-0.19819996457111028,0.5719460138924188,1.1663499402430073,-0.6851224061812377,1.888841084044542,2.004799944348236,-0.6895741709510722,0.2367727779569172,-0.8076974052037823,1.0160388478031481,-0.9041075187073452,0.5813270175366951,1.3428510963040567,0.13289579250412803,0.5940879208798693,1
1.9348177680577845,-2.446345675176496,0.5619015588741255,0.12570705284693487,0.8084983598977645,-0.23460966211567444,0.5231503838020286,-0.3971508799335246,0.6701259545273766,1.6668809154816633,-0.2263771358264415,0.9309358532335497,-0.1787528841555847,-1.6005127119011249,2.56544456569371,-0.1401760711053516,0.8797359185249936,0.3385792756232519,-1.6059691866595853,0
0.4176721143088512,-0.20299948378570135,-1.085224812900632,0.5766600331107818,-0.25949839763414173,-0.9001953000047485,-1.93661164719815,-0.578144969407821,0.1436455623283343,1.463614684688484,-0.20284640720501756,1.2419559565943967,0.004063792266904088,0.05535259468759527,1.3265910462043584,0.9845962396754677,-1.0625700160805325,0.17005116379105562,-1.0108682602614043,1
1.2365801614375855,1.0961994162030537,-1.384442551155312,-0.6511894683795074,-1.039289948721586,0.8270561462955646,1.3841883547875047,-0.26446466698146254,0.9467936547802697,-0.33897252320193344,-0.6745741385373303,-0.33860609058324076,1.1616067362310818,0.6264221963647375,-0.8047324148906062,-0.1871656943124033,-1.1337817188036536,-0.10264159346591091,0.25578144936100367,1
0.31686141148177177,1.422492745593126,0.10015311995397379,-0.8354743260340702,-0.6960514286886903,0.45971201279514123,0.5067340489903233,0.7158611348291384,0.8013337890215108,-0.35295517281335587,-0.816688791709902,-0.3312933054951847,0.9204143432892872,1.5166966919215692,-0.8357645884622368,0.09112897354029989,-0.597499952112878,1.367674061942982,1.1715678629647959,2
1.020232783757563,0.5514722678401158,-0.6467867076771445,1.3569384545985566,-0.4493944273700272,-1.5057235682947718,0.12889332866675898,-0.7252790641671958,-0.8818701345236098,-0.3793948782477751,1.4150155617764766,0.3163156709557093,-0.7208334460410919,-1.1800061549855916,-0.809526386530718,-0.5331321566250546,0.3426400573519683,0.49402430182520324,0.8316719243341226,2
-0.2609429353355865,0.13595246934503577,0.270772641864861,-0.7152523419304584,-0.8625732843807719,-0.588139727006124,-0.11845088318992474,-0.9680467322270301,-0.872291211257363,-0.5031678905635313,0.31092424869548385,-0.9317902483766949,-0.1430845165074241,0.12225012583103664,-0.6264407364803622,0.871323469295137,1.252840662158332,-0.22751302879513993,0.4481057411877202,1
-0.9310025630122506,-2.966656758548852,-1.3344645795052201,-0.5172261827136679,0.5915789627117524,-1.0754487825306627,-0.6732813032002485,-0.2823537573205625,0.20769071529648403,1.0906428042346619,0.171886416588912,-0.04150660886816179,0.6097327189126059,-1.3231425219207278,-0.6099063780747745,-0.9486870374859685,0.1950953711966789,0.016467696656612723,-2.384471424016543,0
1.0320134555175042,-0.14759280994786936,-1.860941127199718,0.37490837856582226,0.7154919930688866,-0.36584049072256347,1.8463740711095669,-0.9548102142933063,1.4285063939312928,0.187688710013087,0.7009494075179092,-0.6261638377696715,-0.40124053602188386,-0.3788008022167906,2.1017729887620877,1.29292649707435,-0.5611563220595092,1.055128236623406,1.4892594514661228,2
-0.8014553013025766,-0.6165276327236354,-0.10745911813523483,2.1877667349656176,0.3097666587280401,-1.0648075461708102,0.3829446721430935,-0.40697491012802334,0.6302221737950687,0.7892257679043955,-0.4791925840448647,-0.22973278167250563,-0.23762068120944427,-0.3169813801815878,-0.8854433685909338,-0.5268984664298636,1.615266136915889,1.6397808825617264,-1.5771237937513405,0
-0.7533663502018262,-1.5755385555513608,0.39690327075090714,-0.781541210303587,0.9163152869968971,-1.189380447134396,-0.04038775554477438,3.136301962408767,1.1030013480003584,-0.22028246060266862,-0.7045239453609479,-0.1618333062931101,2.364271685914891,0.05619492704728717,-0.13873255626724149,2.0674718080380456,0.6830475086255704,0.008665485819070385,-0.4647998886219311,1
0.9528071108183164,-0.5173651369891447,-0.8720232041465614,1.8632258048351202,-1.0725230446747376,-0.35817704665275685,0.18288173061092092,1.7313066447760936,-0.585955741037868,-0.5753489603820462,0.3289762700234093,1.1863248895166765,-0.7086345346010192,-1.0685694099882053,-0.28700572695115856,0.027482514888591804,-0.9117102924752858,0.40434991899797446,-0.5573106508255733,1
0.9959367703525779,0.29135747174502136,0.8839263169291718,-0.5203910306332388,-0.13325477489339782,-0.3981352972095957,-1.1670439556808518,-0.7355566835302904,-0.823904596983007,-0.5187238507725934,-0.5357072467829728,-0.8927444423853166,-0.5460012724955469,-0.014861820777078268,-0.33677287280289037,-0.1484984915287129,2.6376341362682183,-0.012113397841959328,-0.6361420727242516,1
-0.41800217145127516,0.9422205824035205,-0.1366189638447053,0.2107316612378375,0.18558282494737502,0.3964377925326144,-0.5292212334213111,2.0356144496235977,-0.09402738895083992,-0.3861110223736386,1.488885612340998,-0.5389947148659697,-0.7057176044509718,-1.8890892301136448,-0.4571292507818225,-0.9645835964342108,0.7443555883592882,-0.18270495957247446,0.9492440732784619,2
-1.7449311219875356,1.1918975587031908,1.8918325141211147,-1.061163724172007,0.5469790441623072,-0.3378202441901022,-0.4112636941041725,1.089075525799553,-1.2351084230176965,-1.1227158315180938,-0.665381518127812,0.1428110800996795,-0.7212667823903331,-0.31220994975056704,2.2905519112602875,1.8373977820513105,0.36604805040317634,-0.407558597091194,1.1106750985920606,2
-0.8228994777466078,0.6744348635933597,0.776062530565542,-0.8332781693732818,1.4735046610915792,-0.4207503010362099,-0.9065693001049762,0.24584288807895688,0.5949450132333549,0.24137219711357868,-0.11134737376282065,0.16343672703794632,-0.48643943169670734,-1.4649689438536744,0.4066920662169848,0.2887534449560818,-1.5806230408896282,1.4174476782798089,0.18324703043329127,1
-0.9849877109006203,-1.0606209466090144,-0.3132007015995987,-0.046114506612162376,0.48040154978950994,0.02727525069790163,-0.9107986949035537,0.39035131013694335,-0.16053208808584554,-0.5740073536117828,-0.45184479203669664,0.564749817119155,-0.5826455218788396,0.08800598100314345,-0.6172646676052954,0.18120004502227427,-1.4336877464869038,-0.06869354739014671,-1.0711974054721298,1
0.6124888249212269,-0.07343884151204971,-0.9347269491810373,-0.39461125875368536,-1.07856300123721,0.23508959135669724,0.7371403829644452,-0.7747248404292234,0.3018814550973545,-1.012841728892938,-0.17726900837579646,-0.6210458549984638,-0.4770994023863043,-0.23701956514943942,-0.9134765176227156,-0.2996696146130422,0.1896209323719057,-0.1929928663827809,0.4515773568341436,1
0.05772941155567058,-0.6280731566115891,-0.02556765145604234,0.3966941546183687,-1.4416487997124414,0.802379643391148,-0.7353540711929736,0.03955161369078121,0.9937482632561955,-0.400558379063265,-0.21863009106050282,0.12032202849160316,0.5790479025950694,-1.2252858822065043,-0.16439273614573416,-0.003648103077246215,2.168559123718277,-1.2722084076352236,-0.2585412716112857,1
-0.4157771662451765,-1.2143764667045807,1.0355004960689187,-1.2935095034012918,-0.19614782238778047,-0.6265300284433628,1.072508118189668,-0.533573597303463,-0.8507066958323967,-0.1615448074904133,-0.8618456108367248,-0.28551983767809147,-0.4856657187610371,0.1867379847456866,0.27157187267963867,0.8527041882821053,-0.4098266398194409,-1.0170958345502534,-0.7047377726780037,1
-0.36817324972284454,0.12266713780740442,-0.5343216566342801,0.5320148565123086,0.018991806183946233,0.3723570906497068,0.5605623223271117,-0.08485353073640292,1.5165939774229027,-1.7765416510302123,0.1335171649791187,0.323178134954774,-0.9081391999324947,1.2492492151763268,0.13722293226340657,-0.8888463241664691,3.0727131681150723,-0.9155469516774656,0.1744974831938664,1
0.7948824566513247,0.3970136267159008,0.9231938244743316,1.4155651186234244,0.2517802339580001,0.5207032680735413,1.1882117153314038,-0.0632394153578138,-0.3921409882759999,0.08688042721207237,-0.7296807126223993,0.252272904197871,-0.5617913953397706,1.3923862316024447,-0.7592931877588642,0.3915767423991592,-0.9096072848908292,0.5584105153774847,0.09035849416284661,1
-1.188926675385571,0.8800820074489333,-1.0760169708990095,-1.0468067210372196,0.16103851339792555,-1.1656955889486973,-1.1374248175790556,-0.9751097379343268,0.28359902120103125,-0.5692487981078992,0.5336049763707092,0.5447917250919971,-0.7862063363320915,0.4822013613880771,0.40205376100371465,-1.2928684001510993,1.6234108999587589,-0.08235440075559264,-0.11392374255326185,1
-0.5078846058819647,0.17889069329858423,-0.5328020577469967,1.8951379239967892,-0.5500738198130815,-0.013820836690290017,0.21197066112777652,-0.10784136080813003,-0.021141351475845872,-0.5218289650045873,-1.3845841308532814,0.04411145269274136,-0.8990079692777754,-2.3046657290018944,-0.6926776708709859,-0.9393458641222262,-0.7749823370349407,0.2506422972248109,0.9173936563962878,2
1.4498036581667073,0.2547780956777382,1.3221728131270034,0.5110967856007195,0.42266313970732705,0.4468047629222303,0.07366620132882165,-0.20865319263975576,0.9999085203312031,-0.18007162129207893,-0.5501415864063676,-0.03747320252431871,-0.45382927494953645,-1.075773315869366,0.9417649117338247,-0.9628448886677157,-0.6092562624390016,-1.7213119201665559,2.0498465505959067,2
0.7684204815469773,0.13989152731089066,-0.3946761397003892,-1.2676645819280332,-0.11141665904195446,-0.6700133324506584,-0.4344898329649937,-0.08430506333742907,2.5280934479422656,1.0184878412123848,-0.3356740867721353,1.6870108847119187,-0.9340579861458901,0.591442847695438,-0.18817146165869494,-0.893477021370991,1.0736179874230154,-0.02763713548059501,-0.2957886196018485,1
1.9079516845195277,0.2261192205233537,0.06995873897857588,0.8419310272541893,-0.45075504921398163,2.36420954950084,-0.5073261677632331,-0.11250908836330988,-1.2972367049903208,-1.3696864342932458,-1.2760215883705854,1.4255474637035512,0.6528459450908854,0.12085553809507861,-0.839897407238997,0.9625618408073626,-0.05606679619153555,-1.5578899633424228,2.290678474772884,2
-0.04809755100484559,-0.36185316337926254,2.090777756311493,0.6003666076123247,0.0784496560156771,0.1634992291410197,-0.434809637574066,-0.5772732582831817,-1.3695741541595179,-0.11452084057758019,-1.0394870451692553,0.1996871517311516,-0.5137161137028012,-0.1973731317333011,-0.44206638868137366,-0.6078314062270471,1.5227920456588684,-0.4820949897308344,-0.47549987305667135,1
0.8363333684575947,-0.17067197481938542,0.639627852498717,-0.3194610262622304,-0.3695552980658262,0.5719441976573847,1.9938794409684952,-0.4657197221782016,-1.7710383439561759,-1.5217556602074616,0.3764561973284236,-0.5167423267286724,-0.790988202934273,-1.7052331375616203,0.15086139165676954,-1.5139189788596046,1.0151320882669843,-0.6664998209648586,-0.7888585178748783,1
1.5394445647046016,1.1090903389455173,0.5952953745510915,2.2388190501085647,-1.0486585868802405,1.2206112323955212,0.04655985599712601,-0.8952980557104223,-0.9618682659175218,-0.1162668640086981,-0.6975186681542879,0.14097918391355496,-0.16223665194535156,0.09572013795292639,-0.8309284316441703,0.569107792873332,1.7267227043138527,-0.19590952921799684,1.4292862729711677,2
0.9695202187826202,0.48984190325887517,-1.29710082830048,1.4002297071027012,2.420284421257132,-1.359501512620389,-1.2428325874578476,-0.1349027707288011,-0.26366995341282057,0.7738730611988079,1.1559667033638792,-0.15557101321752445,0.4375611241527049,0.49455956006252233,-0.1989313150447625,1.5925779917004008,0.8191155871175791,-1.007637179328988,0.704081983097815,2
-0.516901070132771,0.4154883864020148,1.743747435333523,-0.9421401016465226,-0.7174392850714325,1.2025357968523545,1.5352008843012164,-0.4092278860062614,-0.22335524910653,0.46938967241160734,-0.10394523981380278,0.6913445093615437,0.4837092821505113,-0.9514406699706018,1.0400990207358423,-1.237230493345413,-0.14493713907656927,0.501678762599621,0.35761059307698745,1
-1.8456954228409486,0.37129239752686116,1.8041065968053647,0.055247532078819495,-1.0652405058940182,0.049997724623410976,-1.215347580587752,0.8415370143469024,-1.0431260105099207,-0.08788468993091206,-0.6469315253373112,-0.5416509907592798,0.08675121038894876,-0.7876297686978873,-0.825171071492766,-0.20191900438551466,-0.572067804537482,0.3167393970415346,-1.2518804887429293,0
-0.4849095690676762,-0.7051800021153374,-0.4212682673910601,-0.12245060437382141,-0.7411533110574007,0.08688671108435428,-0.9853204113295045,-0.9745730120154962,-1.749852607364792,0.9556895371972562,-0.8579193586357797,1.4777061311696367,-0.13428889316206485,-1.244195327069171,-0.40969438672374187,-0.5802833233384574,-0.49111244945701427,-1.249706315508871,-0.49363941179019183,1
0.532688217556593,0.6704087289654669,-0.6254815599116277,-0.6626054222835795,3.343817175726334,-1.5040449813935612,0.8741782584771731,-0.8906145055196836,-0.0409527083534687,0.6932136235547595,-0.5455553368078465,-0.6738875231537831,-0.5326600374436613,-0.8329561342235628,1.7276736200837082,1.3289675288718992,0.7945831859639328,0.965077524424068,0.08117546100542818,1
0.15971880839160968,-0.15320797787971432,0.4163821578401853,2.9710016216068134,1.5083923503649306,-1.0164497891763251,-1.6165954426084963,-0.20319606971707857,0.19422077195919984,0.010344009001225465,0.5978382815615157,1.367852657535893,-0.23452864073225752,-1.8533376908996944,0.5098860451836895,2.4473863498222235,1.031683733041436,0.3894023384718056,0.3943754879661754,1
-1.3441790244524447,-2.1771419078395815,1.631900204261352,1.9471140970912362,1.019116685408964,-1.1571818389898383,0.40183773809892487,-0.4809013630982667,0.9240268135216095,0.2407048663567205,0.1449166107450314,2.02898689789874,-0.4908193254773831,-1.1084256777047004,1.8079766801556425,2.541749829342387,-0.185925197606813,-1.1235773409668155,-1.360416037216103,0
0.873049042707596,0.17177110659462486,-0.4240695162011756,0.2013361504570467,0.7384634875726733,0.16387802434604842,-2.516914959522931,0.9127637872640628,-0.5867788101312348,-0.7658485435114083,0.6280724841935413,-0.4023264696944822,-0.9286216536289819,-0.551251615282913,1.0106389611049102,0.26889594954524565,0.0645077994697254,-0.011371948960733872,0.2366900177472686,1
-0.9204068702390359,1.0218095257427253,-0.8394383339559465,1.5632396304406293,-0.28845893933256284,0.4924661908836576,-1.4504237175872579,1.3106681209512003,1.190358010519949,-1.6259274575215799,-0.39474040538304017,0.915947301229505,2.167154995088869,-0.8245513637850309,-0.006596962071942058,-0.03984525571499187,-0.29064582878237327,-1.5401840675269747,1.0072518017961696,2
0.6432944715854787,0.7946896735313398,-1.304688796206757,0.7750688677654916,0.6093653272333153,0.02697078925957895,0.6818001798628733,0.5840946427051726,-1.0141897648202045,0.10330630130257892,-0.618318293286621,-1.1178263315826211,0.522641206473978,-1.768094230152173,0.5416578389767439,1.321832187586093,-0.5483762990236383,0.7289776970048901,0.985966295737508,2
-0.9256214722210196,-0.3458398040212529,0.13536641624614845,-0.14122910354641915,0.9185017389644275,0.6838559316704845,2.40719591016998,-0.5641416706430317,-0.09406230781186777,-2.666471085135563,-0.2250343054849813,-0.3388536290903499,-0.7532217402728838,-0.517759114590821,2.235551583393812,-0.009332708719053832,0.8282646654229978,-0.14643912311944546,-0.7736340951747251,1
-0.6182431674100306,-1.3309608786824432,-1.5549167796243089,-0.9152922231528244,-2.77340802316935,-0.8189420409082036,-0.37683218417950737,-0.7907193652291797,-0.8276480080793304,2.042311354706048,-0.7980512877569793,0.5670707929925886,0.7148022388341518,1.459344899016803,-0.888867805501689,0.7002165040133294,0.6013033531474067,0.8277251692096781,-1.0439939944116876,1
0.801983403018355,0.35461169150579713,1.1346388215700993,0.15434266018582554,-0.7243292372451088,0.23813920977285247,0.2401549709601415,1.5697278775130172,-0.15943092523916766,0.3936802150444797,1.6584752210933,-1.476549648760812,-0.8821775172873244,2.478832871734351,1.2954654281283642,0.3239908777079621,0.555446291868436,0.6314150401015273,-0.17852438187417227,1
0.24640904164110583,1.082040493463331,-1.5479131912896442,4.108868725912351,0.8224071961004787,-1.1769537587742482,1.4940098863866291,-0.27172974004524114,-1.151561146749478,-0.052109548213733176,0.8230992379009003,1.370647615015153,-0.4675413229735069,1.430811565635771,0.0666593345633976,0.5784330520992735,-0.6319041331677198,1.3489298629189332,0.8943791201622898,2
-1.1086252255063198,0.6083368734513829,0.36499452230584745,0.9447927461319393,0.7711582199644929,0.4194497029823047,0.11817686891559467,0.6524441207525068,-0.23497371430410852,0.33483491028826806,0.007588018960650716,-0.5416195118857939,-0.5723434067148649,-1.8698628389549676,-0.19877489964736383,-0.9603270289464388,-0.09574496804221679,-1.7077375090119233,-0.239006863441151,1
0.7077601904344779,1.3090223343314176,-0.044512360604813256,-0.7458331117304989,-0.23033164155811373,1.0255471266570573,-1.381670756009991,-0.4600925258874996,0.5784167503814921,-0.7273756851138029,-0.6510705880215949,1.7194701333010396,-0.5251540944447068,1.576445588991886,-0.7727286462737822,-0.46825879434439555,0.10036683975174111,-0.8963839627270523,1.5200167995442726,2
-1.7154285285626316,-1.2749347966288929,-0.6408463390271736,0.12418449160466123,0.9124674055565056,0.7711251511499143,0.9636936798591831,-0.14573403991158074,0.9534753027817797,0.3214019361689545,-0.5734306082632811,-1.141603152444578,-0.22805335058240986,0.9670991160354052,-0.8123088872043733,-2.4218681934113775,0.4342263198111444,-0.035354756386411244,-1.557762913623714,0
0.661324100531522,-0.11031516860962418,0.4394474858528438,-0.25807861770766105,0.13989367760360033,0.9067411622059547,0.8046145186927172,-0.4941495752991687,1.6302288449689797,-0.33842804900861767,-1.2127139736447117,0.5763370291748688,0.3124083537207547,0.18719706120358556,0.2591157207511777,-0.6109187631751692,-1.1087819572696527,0.8831407275248601,0.9348784783672865,2
0.41393411298860855,0.14082596855656465,0.8974618724694431,-0.5674516487315094,-0.0035056231712300378,0.4012613436559207,1.6998730506458515,-0.8042584071516873,-1.1461900042777518,0.8631133682922253,-0.20207404738377321,-1.9030480106701417,0.5252307196152328,0.40964078825013167,1.7732943031623465,-0.10907259425038472,2.3663310255763226,0.5041475014107332,-0.7276095470020241,1
-0.4405479915964121,1.0146683546853703,0.7470923705546413,-1.0882094962024431,2.278449830080969,0.619477315614469,-0.6320654985928499,3.4413559001955036,-0.19784197632509323,2.50939795683232,-0.5824031554430698,0.9945659878796886,-0.5014290234364336,1.2499349502438006,3.4411488967077943,0.7275572221585164,0.8737986780295431,-0.1740889118876774,0.27509395046801643,1
-0.07128288249838773,-1.4467360328192589,0.6202407494795521,-0.32108133961911606,1.3431817188297381,-2.2414573538292815,-1.3021841754692547,-0.46924627665628915,0.18760537121645102,-0.3795748819997025,-0.8461945935227158,0.30128153650333594,0.06017190973374995,0.1961862511229786,-0.3185492398424303,0.19946910004381777,-1.57449153612849,0.16104982280414545,-1.9953294603110243,0
-1.014253102960159,-0.023743741837141143,1.7845845452236466,0.2798961028981095,0.8594409216552849,2.6710758766313014,-1.350482408667054,0.919639424239866,-1.353056934821345,-0.020089476968861618,1.7760917201714894,0.7398323880408396,-0.47952682060788987,-0.19834610964835417,-0.9509759557079452,0.8592960700360426,-1.2350062114541156,0.2295616462604433,0.9186287543297098,2
1.2241044379140211,-0.21142593897836648,0.5543656922118191,-0.7924933759172227,-0.9953718046413298,0.9118395799877028,1.340845056407811,0.1301076594360099,-0.1897110361252305,-1.1023451257381618,-0.38013377672939136,-0.7780851279356926,-0.603735399632381,-0.21077065478675905,-0.12422979828796947,1.858112858481848,1.3077625001768782,-0.9824420796582414,0.3735170800107654,1
1.2330335494076088,0.05297519506473556,-0.09519884472163344,-0.251618953727798,-1.0528569512287407,0.22228823893904368,0.6667367225402756,3.768118104146853,1.5101472691452102,0.7081244921830052,-0.7413986406550257,-0.15476244089673277,0.9807774129054886,-0.0985730568235828,-0.4393008892033403,-0.31060147131728433,-0.4550596836285184,0.29667398788799926,1.4756589344480326,2
0.2854594890107698,0.7787866706857388,-1.662276071480444,-0.4207414870915802,0.8680889025099631,-0.8203629179597682,-0.5990584061027142,-0.06931809579050431,1.7989639678151308,0.8636430583086914,0.40013567686344836,-1.1866715788981836,0.16332897700318472,0.045672170742358534,-0.8767589398447678,-0.36495902718920464,-0.23694052749733488,-0.6184558985432849,0.7686795037660747,2
-0.9880901277351285,-0.4320219869917285,0.2858376311326628,-0.8140483744253425,-0.1975356126715795,0.15371996113834246,-1.976628272337853,2.1473377051247526,-0.1703898070137,-0.8507810778838133,-0.7106673777811572,0.31233447387614804,-0.7282657919208281,-0.6459117125606207,-0.27668099338439295,0.5101240561774159,0.34842384806404864,0.6757782082166679,0.04893122559310889,1
-0.7060146776403606,1.66124960129144,1.352934924107697,-0.0918933329683492,0.5990100570989878,0.9648792541836613,1.6292325750849068,3.2823097750212593,-0.7802797844374032,-0.04513940632306649,0.23401979355021818,0.283768886951019,-0.5188236007681991,1.328864980459547,0.031400889136889334,1.2439135986688394,-0.2308589853851457,-0.06979313915057993,1.5078456157489333,2
0.17569383625885374,-0.4263865807270488,0.13718965799854285,0.36181669064772726,-1.5925272243412212,2.0647820265124404,-0.8669369027460753,0.23830571326321134,-0.07352501750340362,-1.3410608333422658,-0.23099270672488534,1.7181389683763881,-0.6588773672672117,-0.05938068924678121,-0.178485117919518,-0.28420290622740274,-1.0643012841737003,1.2332946286733777,-0.30343445546958053,1
-0.4349317849546928,0.0940304620860336,1.2425413483718284,0.598431945719618,0.37209243829331856,-1.1140177135265583,1.3003918205948828,1.1193751652863109,0.4550960782498965,0.10566051300546694,-0.8870761987416418,1.2019600963459025,-0.12196166160492601,0.7586864803921635,0.1689293957476154,-0.9371066757773593,-0.4544974378584685,-1.2915658131445267,-0.8308492793163818,1
0.19547614487483886,1.1939073834176275,-0.18638697983146765,-0.840420726750352,1.0693818727468307,-0.29034471329650874,1.0431226356185996,0.29132577750260286,0.2634148932712082,-0.9003106479582453,-0.977649356439968,0.5295042437032199,0.5548653435558832,0.6269800757315792,-0.09489144308144615,0.13407008231230913,1.1661782993214223,-0.7169733495044366,0.34857562924004476,1
0.9054111553822178,-0.9838796860891518,0.8643434522347581,0.7323520859132745,1.9005440961299747,-0.22107813067963702,0.16293360231462617,1.3231059090098725,-0.34116155672689474,-0.26211834641919635,-1.0074299335576151,1.3420572025261925,1.5601598315434255,-0.6913828907091886,0.7447527741970068,-2.101025771012185,0.4667177264102016,0.15253596812626413,-0.6417052348318358,1
1.9300187157448305,-0.4642267852592071,-0.7658665190089778,2.5019679716726317,-0.6501995261478163,0.29172632599807213,0.7411930993788339,-0.5686056162136174,0.5569162135503402,0.7586924335511794,-1.2435969340540676,-0.4511612970474691,-0.4281468395001143,-0.04654587475846785,-0.32351115958069104,0.5722874742063457,-0.8313386532045837,0.6392671886194708,0.5919329771811384,1
1.8084767420281744,-0.7777114495135581,1.6620320204801884,0.30666875027019086,0.5766115606879573,-0.5360834692903294,1.2261714093771436,0.5113595055071098,0.2933958095545229,1.4033192911361347,-0.8231237580055404,-0.4676974276976113,-0.5463250551803259,-1.2198083815370973,0.8238316237022056,-2.1903873124653463,-0.4512716478369885,-0.00017586476528888656,-0.7880786066203885,1
0.8010721870558593,0.2985727829295775,1.0339733592360048,-1.43838469069778,-0.38780795210237634,-0.9170755888851803,0.16239713374697867,0.19772621919842154,-0.054069173661250525,1.8852238208198517,0.432512322553444,0.05193160173196039,-0.48036492849764384,1.7305539868016067,-0.8307988394076697,-0.642415358088636,0.49861335700505344,-0.4581164541802948,0.1459337321844342,1
-1.6945428078126488,0.6763388641761401,-0.2667308400936569,-0.5740684384979134,0.2223011598029632,0.33994509322735844,-1.2208952365700376,0.9725861586420791,0.9536605003194526,-0.14113920341192046,-0.8553477413777181,-0.4321933854234578,-0.846526839137111,1.330228599522545,-0.15853527360602687,-0.3590528834491709,2.04712538193927,0.741268066543446,0.3010676698591429,1
1.4848184194804976,-0.03592165233956928,-1.2555604374329237,-1.0596449597103503,-1.6142356020106179,-1.2285736354342536,-0.6075519110170379,-0.41549459165326824,-1.1230019011319579,2.0198746034806443,-0.6556283788969973,0.14864859185909796,-0.08050566249521747,-0.14211688278152942,2.117933414782078,0.26260366862082096,-1.536501694965828,0.5447070392388554,0.05279018367825074,1
-0.3108659145657068,-0.423929236222948,1.5849971236046074,1.3049306814383645,0.6982428470351053,-0.3030213813282024,0.30882229526816796,-0.691880248826264,-1.365388810640104,-0.1951907397773139,0.2998961318522941,-0.6598679672160664,-0.9121390253539884,0.10486575049512022,-0.9401029034224041,-0.38875747588858284,-0.821557673653424,0.19272086364176919,-1.1094866513674575,1
-1.0401663673471935,0.0018367169663593807,1.5899167467017015,0.4178902247073405,0.06565571009723936,0.11245760155445145,0.7038792062345954,2.2340930081417905,-1.52961216356115,0.7749471498969076,0.4592908768499137,1.48890436653046,0.1233483822583525,-0.4884191533225027,-0.594209116418686,0.661505549199389,-1.719414229563998,1.2244528770801453,-0.10793193089243086,1
-1.0608402143836857,-0.8410127076641442,0.25917645955059304,-0.7329295850167782,-0.1119838202937058,-0.3239293466861998,0.3893167373076756,-0.24170884026324366,0.5833176295191255,0.29084513555682323,1.782753129632794,0.8495624360127503,-0.3914182764895584,1.057283600278032,-0.19425876119603275,-1.6838680518625468,0.49134972412080374,1.0691133051244814,-1.4527393551504444,0
1.5982470714671515,-1.1699765659884067,-0.994348231837941,-0.3527376179326701,1.8917261928415017,1.2140614036597595,-0.3188096306168158,-0.2697704615614779,2.322920375995077,-2.407385939097185,-1.2176309720523695,0.14284013587450312,1.1954879170375958,0.8202655345804231,-0.915610475306421,-0.05707727483446396,0.04609741116411025,-0.7189738221078498,0.48625639050926034,1
0.9055132615160774,2.0057971926708804,-0.6715447287789637,-0.7648414566576656,-0.24013886574555612,0.7440495412145844,-0.15559659327876518,0.22099705145370727,-0.2405339162609192,0.7312607904407681,0.041243476969423744,0.30395484108417525,-0.06626979146018194,0.266081808818117,0.8424825764099976,-0.8224788124575393,-0.17968115633959184,-1.5088321080701108,2.3251284952712687,2
-1.9647629902372725,-0.8320410620607732,0.8577393610292032,1.9351726632463095,-1.658698956175121,0.24753943779113774,0.3942264166941466,-0.8793211502700333,-0.6232801205510945,0.10509090353041287,-0.10506306063187856,-0.5673777120879692,0.34524101122421336,-1.0463420143425666,-0.13297716879303692,0.3186987856569149,-0.3850294334591771,0.14075639462359918,-0.7340697156448799,1
0.874487572022328,0.6625666486993935,-0.19342506300165727,0.10926747345016835,-0.30278718698381335,0.5918974645741111,0.23447727126414133,-0.7848932498930687,0.013896100267731689,-0.9641757423464614,2.485351944625183,0.20269112029863545,-0.4038732941779655,-0.16201959639243885,-0.7337917577288037,-1.1142607535818165,0.7372105323489118,-1.3033463212930017,0.3248464500809867,1
-0.22911790449878403,0.9398187537866723,1.8877703245295239,0.25240000447369293,0.2716391767352173,1.775483118427541,0.5638246235009811,-0.28016166048090463,0.6983597732747638,-0.7171888146596703,-1.206708682533821,0.9628747988168409,-0.22703741867957275,1.1626970648493276,-0.22724744813531647,-0.6001461956830293,1.127406387982981,0.033062668333939955,1.3181708077660463,2
0.2526804621536888,-0.2573941311572841,-0.5763239410217504,-1.282521002178587,-0.5585858015328244,-0.8942528347076494,-0.6619620120545132,-0.33212377686809585,-1.8093393314109625,-1.2855973118936528,1.2571911622457579,0.10334206718860994,1.438128794144393,-1.1793185368883319,0.8326049252146752,0.6824404623998185,-1.0379670218595156,-0.9862136265741643,-0.4406847420126563,1
-0.6569348468235817,-0.15991315370597556,-0.41527822027103045,-0.8099984898304058,0.8543631319291055,-0.7889659351103407,-0.8050275031969143,-0.30039844315728775,-0.40485782189908226,2.202720670447162,-0.2896974750966691,-0.3136313002646045,-0.5699128319711215,0.7225868857319064,-0.08013900986590443,-0.42135710786633795,-0.2357479784635174,1.2237246608179515,-0.5591392603917422,1
0.1402983935013922,-0.26433499661407656,-0.02603125190813854,-1.0756070757014111,0.9158882153771433,-0.6177650337192325,1.4217568247227015,0.436540921311305,0.11284375258929231,-1.7021295693261302,-0.13845720672197395,0.554487224630598,0.4250730773063406,-1.4283109613494562,-0.8208878510346891,-0.8570281527875684,1.7382148047563717,2.3915087636899988,-0.42864863465458636,1
-0.603785400093024,-0.4405863310567116,-1.1999398940141366,-1.1453694806545338,0.13204360108046598,0.7403623812741691,0.17818276473321817,0.06417302734018085,-0.14539127321281556,0.7008651088553686,1.5021141773845463,-0.5056931266551292,-0.19263610022033015,-0.3656756997326069,-0.4541226972785405,-1.4482665410393674,0.44217148256243777,1.2345416651108492,-0.6837064064418483,1
0.393893403133583,-0.5139504226819248,1.1187285340612902,0.18954148629797082,0.12330154620750743,0.1785973530980089,0.17003292500717723,2.2948033961094927,-1.0300495222429558,0.6390685251448097,-0.07013060426090277,1.3163116778366875,-0.7448055415863224,0.6802302711696675,0.16694234188453716,0.38677781703684333,0.1366655996198776,-1.1553958598243104,-0.962866686091843,1
-1.867416661785895,1.3769379909570383,0.5175531689816711,-0.1975320883047562,-0.2558995967325883,-0.3625733707958964,0.7135858588692078,-0.8985629902520884,0.6051287472142524,1.1367532974538923,-0.6751213080388113,-1.1252351168453611,-0.2725672067142471,1.6778600934704853,-0.5752204498639272,0.9883053127867057,1.190353447301772,0.09323180963145682,-0.3796711480866255,1
0.3473579463664941,0.19883336184607525,-0.18696494143553197,-0.7417235415482116,-0.8259655837266003,-1.948255066216484,2.2763606226541637,-1.0093431538018067,0.18659196903337005,-1.0718243743956681,0.21153659144031958,-0.3824700416773137,0.6300180498365994,1.0044212641569767,0.510512738849738,0.04941318297288085,-1.2724901867179745,0.07888183149741852,-0.14604229484940007,1
1.3397900537606384,0.5578854811759989,-1.2970513118076288,0.7161643921849473,-1.399045022044504,1.1666048274441334,-0.3629256280450513,-0.8823576496086383,0.05875056759507129,1.2750557970009369,-0.6017923591565372,-0.9133165225490155,-0.09816963478188374,-0.4244150557445795,0.9205079456042379,-0.7062275001149716,0.5667208189271289,-0.5782658522432905,1.4678128111921684,2
-1.053234143659851,1.3350009538936076,1.696792941162261,-0.26020754881488234,-0.3638520340433329,0.6821740401161737,0.6839118712406435,-0.21074058038382007,0.3275839712960362,0.8579712023516156,-0.5564986241845928,0.25259048877947665,-0.7515679768181365,-0.7809171568971511,4.088164041067035,0.3048105384426979,-0.5035719739949674,0.31369483542193577,1.446820096036336,2
-0.5178355765554515,1.3769279943056474,1.395925956268735,-0.32996035088948233,-0.13255930496101034,-0.7652626546718901,0.1070764215711701,-0.7247099215317162,-0.633772256972639,0.9042407502839748,0.3290002150827131,0.14846798988054072,0.4951640804345679,1.9340220600509728,2.6175284991199628,1.9883759874516176,-1.2815899206148815,-1.2419041889353857,2.391435473904874,2
0.2732152103278614,0.7404163850396343,1.8044549970476267,-1.0618372245989507,-0.2026994121652211,0.334180921972655,-1.305337734500883,0.23683902264003018,0.9420696972688432,0.2079916065500558,-0.9671919161675977,0.23362851222587033,1.496589675946792,-0.6556755152158534,-0.35534222016012024,-0.1499497759678671,0.537440493593041,0.419469877075879,1.5697507906732115,2
-1.0195823944210356,1.5117527688065462,1.8263558691555875,-0.6094432151682582,0.791831947621069,0.16839493574596645,-0.754031464715182,-0.23963048665831266,0.46605352948609735,0.1743304882281909,-1.0226509828864854,0.31497258335275646,0.3294108001249472,0.5679345009823877,-0.37761181038831787,-0.6124932270079768,1.068862230008359,-1.8398694347072513,0.8127767166111068,2
-1.195836118456202,0.19823385923498268,-0.3136330032682501,-1.3185479822851955,-2.1571352724561677,-0.801476174463504,0.5822167925648469,-0.4933237517122072,0.9621324379372265,-0.6952726454711032,0.4820173188214504,-0.06789562453007258,-0.49418716611627933,-0.9531033856264844,-0.6882906162920038,-0.9430404512794319,-0.17790595342863372,0.8507566346584835,-0.002044448720552283,1
0.519421442777264,-0.9720613429855705,-0.4349343578016254,-0.4951790865824186,-0.3640231836207027,-0.1600582312908806,0.561840604109938,-0.9271790048535931,2.102685685859297,-0.22219175430855617,0.7476427647929303,0.3676136856311544,0.2863846286286926,-2.2784315322457176,-0.38629373892793406,-1.3442671222036608,0.21263342882028968,-0.39831057729477876,-0.39262181700211,1
0.1324907249607769,0.6273169344068632,-0.3115452799513218,0.5165554236017057,1.1754922807662769,1.372570978635283,-0.347512258873275,-0.23021905983757504,1.5386127217073744,-1.20183198584622,-1.182771862365299,-0.26584550395129386,0.777781410370502,0.08879852292415942,-0.07868923711297054,1.2879429057694851,-0.13374034368862978,0.055935944460516564,1.3777484701505114,2
-0.27780529842888063,0.24675755522507822,-0.015506610368445863,-0.13917726836146888,0.32869893439723075,-1.073802011088817,0.4126690388386731,0.3774301167803383,0.29123241692388374,0.35429515898836883,0.017336069903361107,0.5488725318127428,0.04798356496473775,-0.5757572541102998,-0.5967618019075821,-1.2333363038198941,0.7636518239299511,0.7799220981028488,-0.34476580625712705,1
-0.9929650093724467,1.8375253275507606,-1.7582790449378611,-1.2048442044479892,0.25928329766790204,-1.2858821341596163,0.4493594562523044,-0.07132227161067922,-2.6352682647573586,0.5742298582363771,1.338468041124724,-0.5360711183773342,-0.47143892798736514,0.3506645125235843,-0.6817715041663466,-1.5546725733127604,1.0782291797542036,1.0382649856377066,-0.38383231303123844,1
-1.3787041080021547,1.049248773837218,-0.3737923312787893,-0.5971879221393375,0.5286568797766468,0.18019339754760255,0.9785150617188735,0.11252660087183333,-0.06021572200819872,0.6195806013745032,0.39054754406051384,-1.0466495971234584,-0.6025872599259761,-2.0677622631909074,-0.9002909329020897,-0.35431885704017463,1.5616119197012919,0.3857699625943227,0.5382367355963493,1
-0.524190050905524,-1.1115012709890468,0.7272892450934677,-0.6474250061399995,-0.8858427835138943,0.9901986820560438,0.17300610132698963,-0.7669611421039049,0.011654198087113068,-0.4459927577360708,-0.6404672433900049,1.0503305169132007,-0.6388968133949748,-0.3590069116269121,-0.4541686451017757,-0.42064046125672905,-2.016382011230624,-0.5587584913815633,-0.3762883325598758,1
1.4136455075175942,0.7910300356903937,-0.5081841499858492,0.8215141314609853,0.5360768031542221,2.236659306394483,1.295176764262296,-0.5441790058625814,-2.232979472755343,0.7189461215926833,1.5897803713952416,-0.4100258375448776,0.1813884729347987,-0.5120612220392298,1.8383246401311675,1.205719149158633,0.647672125961982,-0.6472970143441874,0.9698884208517384,2
-2.0093295818311296,1.5277127954255822,-0.953205468136215,2.424714467107477,2.2747345416527573,0.842794190144081,-0.6297334934559232,-0.5702527743919675,0.47439004202835183,1.2659021156493726,0.3268672997428248,1.6366842565025124,0.9071079947916997,-0.725964271007439,-0.05402422808576077,-0.5034191386157593,1.5561945422428005,-1.0044314636654594,1.0628845163124225,2
-1.7403230997737584,-0.36549843218969813,0.12256346546755802,1.269319024070504,0.4887286649621973,-0.10829043698942378,-0.49426149267534175,-0.8796461829791756,-2.5786475573043126,1.064948523650504,-0.6049105283757443,-0.6065834131940474,-0.82134763167784,-0.11653150189812325,-0.38926169511622694,1.8392222557549065,2.142012134009021,0.27856893427435203,-1.9180921925107752,0
0.5142261748984402,-1.2830173229011197,1.2609014940724008,-1.347874875721536,0.512896864589294,-0.3634189797350665,0.7889898877197452,-0.5113522706361515,0.19499997264823832,-0.9515072040223232,-0.3527999153625576,-0.20756343151804268,-0.012636502913157543,-2.182757155083473,-0.5307646676433397,-0.3197313690898087,1.015345410284087,0.11384263494000409,-1.905004084297705,0
0.6762223315961308,0.8833120645783199,1.198264790144299,-0.5469150198833012,0.4928986522188036,0.4349897339729148,0.36920663650948304,-0.47674691693523336,-0.03707739332001035,0.6411658007826441,-0.8983083090737328,-0.12871022584549166,-0.6704530571954423,-0.8097094286317591,-0.8367517987232267,0.4775816690266333,1.1972199099986458,-0.9898546280572574,0.28458012985402825,1
-1.3763764795898963,1.749387877788036,-0.48444226013111674,-0.31913648037316,-1.4722908702066861,0.6776465462640302,0.29139233238380696,1.1509460516171748,-0.7436827175803529,0.13118224339805962,-1.2937877107698874,0.18059667187294967,-0.8560794899939593,-0.48708908683396984,0.49195983957692335,0.9881389498681851,2.5122306505019565,-1.2190670394387444,1.7034382194906181,2
1.5601695120905328,-0.35298273906121924,0.6741790605809663,-0.44999596915884293,0.8337854898104907,-0.571107035278995,0.4582645536456077,-0.7181368369913397,2.239914107949318,-1.4427033598271735,0.1496426013068412,0.45161291395705505,-0.7287078910291904,-0.4393472767027426,-0.7583979812260485,-0.8819833210592899,0.694771239367717,-1.2132898870681261,-0.06710711596959314,1
-0.02487550915147409,0.16111929834061506,-0.972050956101195,-1.405462145604322,-0.2916486638980843,0.5617276331888718,0.2139136625415842,1.3395946402512944,1.6732808225783649,-1.996922025305005,-0.49877181560864514,-0.3880005975772772,-0.25367138650848914,-0.4020149070143695,-0.7112781660087413,-1.067991036642621,1.338209346365315,0.7300931105577781,-0.49630020884750686,1
-1.0151163945996458,0.3151750157702581,-1.095026668377352,-0.5501196931784713,0.13313862554975173,0.13312554537685395,-1.2518527220247175,3.469341471746268,-0.9456931124912601,0.03302771371303927,0.24534159950368895,1.1726049442562179,-0.3075600822047598,-0.05717555740153141,-0.7864251379313703,-1.3495801428025205,-0.445135835325458,0.3783147216217672,0.4911310316880085,1
0.6046912222160316,0.6752700496092223,0.5343037609992283,1.0516556809813595,0.06868999597525206,0.7868632999879116,-0.19267297540862358,1.853904026889727,0.4392127819793518,-1.817538228205864,-0.7113103269418674,0.4143491915141921,2.0714292302304784,1.4394000695789886,-0.31450583781196323,0.8775651108841501,-1.0216125326562369,1.6962566670106578,0.729175533399497,2
-1.543547951684594,-0.3019397081198956,-0.5640210036102631,-0.3744411499953276,-0.231786907962692,0.027655990864923843,-0.9222226128732594,0.38659167314754617,-0.42226321156333885,-0.6455313672060154,-0.5316729371787552,0.24615251575899674,0.1007936289692517,0.9827269769487842,-0.3064845081426224,0.29474942818298083,-0.7914125992675629,0.2303653342616391,0.047438182337723706,1
0.19625937842860552,-0.16616471344998995,-0.06361525780749619,-0.19108374749163143,0.366290860547915,-0.9156640738488612,-0.5101066331341685,-0.6629883996398249,-2.4855737622157115,-0.6918903954224317,2.9155038419854664,-0.871038858338999,2.545515918945154,1.2443797623875081,1.31787894561969,0.30040987171336525,-1.8469855568192275,-1.100785515734982,-0.04266671007315541,1
-0.11286850519217234,0.4644635624561153,0.7887877346707691,0.4725072720810855,0.7574843804191324,2.005354828612939,0.03022568162915444,-0.9103911493647107,0.686821352244712,0.5163037508805712,1.0072589976563895,-0.31622571558159995,0.018509232462403474,0.36054099266593637,-0.5695649329119599,0.049763647463906255,-0.37128714298159937,-1.2050553471929604,1.5470706094032403,2
1.1885595132130564,1.0608485305309296,0.6788195196015296,0.3195699650218291,-2.1639496785192405,-0.14376205794566027,-1.1451506589292988,-0.9973369921965227,-0.5316693722572563,-0.22719108776935668,-0.7178062091954597,-0.3078582332798491,-0.6337393835553823,-1.2604636114362218,1.323748262320453,-0.27975594358765327,-0.5624560022870162,1.4657518963039544,1.6432160008987253,2
0.3267868564319146,1.4846935564029116,-0.12601349952481214,-0.774678890924862,-0.6485004489448472,-1.8058884615082642,0.10674459366727367,-0.7288120018189526,0.45793584315357616,0.07009990134255537,1.9696276707809635,0.5082139946230902,-0.3489789070282582,-1.5583705939525592,-0.07032849988458043,-0.7115612385710159,0.12009698006593614,0.27792664082873536,0.33948264038819276,1
0.35085138153244483,-0.9197729073624477,1.4448781104652368,0.7574087121979943,1.8266717735709583,-0.15765431815043937,2.0761042996811825,0.09731838128865279,1.258892600661683,0.9318624306238578,4.238918816688916,-0.020099375714267842,-0.9130695502928592,0.6695047155636585,-0.6245323564502576,0.4138296892026818,0.8128932260289472,-0.4206858006754539,0.7260314971022792,2
-0.07518231716380525,-0.507483106445192,0.30796371829942354,-0.17379707328139649,-3.296718739766423,0.2295063852375088,1.6106969582825463,-0.8769297581767157,-0.11866559414539135,0.03976929581444278,-0.6145881269034328,-0.40719488215097555,-0.36572598129497974,-1.2519596046028896,0.5946874768883633,-0.8173220243168181,-0.0759015685566362,1.0134622005641158,-0.25971339168831803,1
-0.7926284182312043,-0.9233873591124855,-0.3222417105112732,0.3696844110914441,1.3759245016492314,-1.3787391083421474,1.1007936840419295,-0.24244008751612803,1.1671264377335093,-0.13828664635652604,-0.10852163737855323,0.013258947220009533,0.8957305800786135,-0.10745062298448427,-0.9148363825802905,1.2705579889687353,-1.6711281473931354,2.014127614865577,-1.2849801339486457,0
0.8992647097535219,-0.6819123083243799,1.0054634692546338,-0.2745082884841479,0.5888581342047379,-1.2033605939256908,0.47239389762130063,0.5565089399390678,0.46603017405101577,-0.9495526348995773,-0.7696387876590102,0.7876127118806172,-0.13789303467573027,0.45513493112403525,-0.8828845893567696,0.31760109843826606,-0.5457063379831701,0.6255116280535962,-0.6090827371457369,1
-0.3494922849647685,-1.5959849047968568,-1.8745809564279639,-0.70163019496734,-0.3030265227613189,0.5048743967547205,2.7835261524185597,-0.3733213232237973,-2.8559718838533943,-0.8808077353624264,-1.3152792504643984,-0.5650009655139482,0.09670098148773684,-0.016892071564443112,-0.2608513132385748,1.6683163751496406,-0.05943374744142348,2.4969167759991233,-1.4389487431776695,0
0.23927974835196278,-0.09048945644620979,0.436681489872192,-0.5856352859828942,1.025501084209941,0.8438914559532851,-1.6455336550457604,0.9131986949584959,-1.5235557074297592,0.42811456175719154,0.5618910565002184,-0.8760070756198651,0.08397742529632791,0.11623755590124821,0.4682828704072061,0.1849598120970934,2.08978054120306,-0.4066947542153763,-0.25585576151834444,1
1.2796624327784734,-0.11014467456116868,-1.6802203689095019,1.4534170238231596,0.9956522930285515,1.9136183414888888,1.1177452934093446,-0.8974657664969158,0.4428789167156587,0.8372482718948161,0.1796440871243132,-0.4964626180858918,-0.47500087031976973,1.4599214854419318,-0.2758236539745032,2.0137211067886813,0.5500749449621625,-1.9643808907649094,1.8409549618828214,2
1.6304972654540577,-0.7177921343642407,-1.3855440701291708,-0.7768576854981973,-1.2056827023040724,-1.6554075736960203,1.0375681496032232,-0.5984502442287749,-0.3095964530535497,-0.11111007912737697,3.2199740116818574,1.4241197567488337,-0.5515876240317252,-0.6345287681443373,-0.3313947108817588,1.0144309990038536,0.22264341066341867,1.2440734145899015,-0.6233852060036322,1
-1.2982981479699374,-1.0476736978510073,-1.2305113365733276,-0.15428010715623877,-0.3286649527523681,1.0323310873523468,0.24921582188113123,-0.5534694444392585,-0.6394833771808597,-1.475381479606449,-1.1261127829064328,1.1273970166976799,-0.7402215170538642,-1.334564839229104,-0.8436509326793569,-0.1173317172821073,-0.20081359158095746,0.2015746618889977,-0.9997369342676803,1
0.5391341711552463,-0.5282337725182313,-0.08601200306698512,-0.06552958278496672,1.815468353252066,2.264058639200391,-0.9593231048848299,-1.004878717462187,-0.21802240618838842,0.6630313641377206,0.7724727327661024,-0.36392636116961236,-0.5110401257310394,1.6020701750789474,-0.7806153419634084,1.9524163135874333,-0.7491141209858548,3.3021900565908853,1.3272000792314755,2
0.7246502361762112,0.46628155970664015,-0.33278647863765326,-0.8833237823677585,0.6643962874892038,-0.16029678043362944,-0.06194197053376619,-0.39008398596154775,-1.382191117444437,0.38684151931145366,0.24466132300319174,0.33909765136974285,-0.15256504752907385,-0.016144862342568875,-0.6007143072132316,-0.44355990666294964,1.907100026257844,-1.6244186912919287,0.08469029910025595,1
-1.9527124210334348,1.0433196470914161,-1.1756257173011269,0.6010133123850232,-0.28215583193238797,0.43176451985295716,-1.200014460685929,1.4714577167850784,-0.5803133482806458,0.40497777149293807,-0.4626798915696432,0.242924014449995,1.9047916525374562,1.4250549360240974,-0.9101405228321555,0.9006629017458898,-0.0663112211188994,0.46135066232166677,1.2424026965904331,2
-0.4638816135999609,-0.3191696065537878,1.4086490036923012,0.9302586416878063,-1.6637214585031748,0.703212788374664,0.7230532379004339,-0.6110342160884797,-0.13488507694051058,1.4038600975551292,-0.968263664115744,-0.5722512033355641,1.0652664876057225,0.009437617040396161,0.5422605597525021,0.12867243294024558,-0.7112654535899897,0.3071905676080129,0.5931640417792623,1
1.1883291707423584,-0.3870726358424101,-1.0580222653317233,0.7805755413746173,-1.3616447351894687,0.057877618634978784,-1.4430420935526933,0.15804383691521218,1.471656727474718,-0.9264530405623241,1.1047181071995122,0.6864425538270056,-0.67914903547963,0.7032536883073912,-0.6439920785527948,0.925701673320731,-0.657560413080831,0.054271395440831025,-0.3509668140410906,1
-2.20454615287344,0.4002526578227035,1.2422622336538747,0.462067115709012,-0.5955036624427993,-0.6535427648642755,0.09478338041101479,-0.6109542558664017,2.1626535654869565,-0.150928594872326,1.392231398320221,0.7657871586877106,0.566447089971085,0.11866393317648156,-0.5590432850659109,-1.972580533992083,-0.3183202637597654,0.0029472155663852768,-0.30715603263784125,1
-1.0835143757134027,0.4684571274944156,-0.22498344931263584,-0.4083856167066403,-0.3881591689201414,-0.6554523556421286,0.5342183809491695,0.9379571889233376,1.308747581526917,-0.685869105180454,-0.8098421112088204,-0.9368768447095513,-0.48649243485842003,0.8369069168474479,-0.38419546982742525,-1.1560351404256575,0.9891566785324772,-0.4102865300923707,0.28156075569543854,1
-0.7252358532243364,-0.7573676583453341,-0.5612405194535542,1.0737159031083001,-0.945691866074604,0.7229861450137481,2.3374661268157833,0.34231451479920444,1.4028409443511822,0.2694978316292536,0.6728036620496036,-1.7061849597072354,-0.8324548950524325,-1.0496605181432845,-0.9375214290759835,-1.1433506991671711,-0.15272235491264918,-1.8693351799733111,0.008926665500932978,1
-0.17313834694389912,-0.3626386476023994,-1.5136187424071965,-0.483569326332006,0.6497093248074226,-0.758447634453697,-0.2536536531058315,-0.5440522193823688,0.7384870715506345,-0.41396055303666646,-0.1681232787778,1.7759906903721678,-0.8898096234648685,-1.216259728656145,0.703001792578488,-1.3836851944593134,1.0651442542991505,-0.17778832653357626,-2.1406785157702863,0
0.17160345443993186,-0.812755639172671,0.6599152024101977,-1.2300857548934943,0.22780077114733688,-0.632186168291302,0.03919414745243435,0.7822033259018512,1.116487266536325,0.47856852883593487,4.185202487936071,-0.23065102385969696,-0.6060658629073383,1.2926396088085574,0.1081865345054086,0.9370511984409432,-1.695174578413049,-2.115799072637249,-0.3515286838496973,1
0.7738830788009633,-0.5972650018191104,-1.6374248713687596,-0.7494814383041749,0.768232617913833,-0.8860206988405367,-1.3015304104359167,-0.5970162043916454,0.1949202477735705,-0.45478331811441575,-0.9656034044207753,0.46428465333180347,-0.9290049290386354,0.6980308899623718,2.411312395091225,0.35428294287079387,0.654524022896971,0.9683508333519116,-0.14045458077985826,1
0.2826978020247128,0.04729890319394254,0.5037901452828639,0.14526603848975456,0.04626955546695107,0.12626286973594972,1.3005137381456982,-0.8047973387741314,-0.22682545949380808,-0.20229450673904853,-0.5946277492212475,2.1413430587153237,-0.5960469094904641,-0.9765632417279771,-0.2189442067020933,-0.7682055197279128,-0.8803312509172654,0.08864956876120256,-0.899942282246347,1
0.7607674257491089,1.0812806332440053,0.5422260291280204,0.9068577852708138,-0.378302736768886,0.14789064429473237,0.8816015889413245,-0.5770552559000505,0.20045279250148748,-1.1718324293378355,-0.5012619693514041,0.8429454293920684,-0.10919613316893996,-0.4652149572055377,-0.3814393509195332,-1.2836426055876855,-0.6440397556552353,1.5871010884640304,1.9798771808276783,2
-0.5786761443148867,1.0989920251495193,0.28544770570264844,2.9398299982965335,0.35342119189060583,0.750885792719318,0.32675697996578884,0.4776303626896057,0.4965210053832875,-0.3123171118931805,1.171501929135616,-0.643516743555743,-0.6825666357823054,0.16803469161879853,-0.8071341756996857,1.0682015447615407,0.21736053843996153,0.7056970499154676,1.6596953428190897,2
1.330219506098231,-0.5696408300991862,-1.1352103387139079,-0.349947671047158,-1.0771355664620053,-0.3598993825404068,-0.3667228255827609,-0.38998298724310637,-0.536253318924386,-1.7419714393662518,0.45629776076391454,0.4661690963384893,0.7303856819722391,-1.0467039355273726,-0.18125647115168728,0.3803963080353906,-1.0533978056247706,0.4166794958020224,-1.1206504451044443,1
-0.6654004736034307,-0.19782867673863802,-0.31642308745159425,-0.9381401146273081,0.5690497391939999,0.10117161418878408,-2.0035348232223797,-0.3319054887946923,-0.5813332170536448,1.147750935478256,0.9805521908450481,0.949296160539067,-0.5504587026081232,-1.2029533022633794,0.515996805075911,0.7085025448456249,-1.5230474831367409,0.730580024899347,0.4738605250104943,1
-0.4057829054395507,-1.3341121793433808,0.25839688310350845,-0.11049766018318372,-0.8895335819873899,0.992126904055479,0.7329990687954164,0.23361274719832636,0.608418159196199,-1.4330065273068613,-0.4918170257962427,-1.0906443291912422,1.7826476991976197,-0.9347007615735574,0.16744645016910775,0.1040010864993764,1.4097805605906693,0.5731626990347237,-0.47399303582027646,1
-2.1061850383533667,0.28435437101619404,-0.0677067030176253,-1.1348045921491987,0.26761677292879493,0.8414886963371511,0.6055386266949098,-0.6995270787840784,0.4046091993772563,0.03262892365625347,-0.9448582414347549,-0.8308308128245032,1.877674649071277,-0.61201439250649,0.7285473436191657,-0.36776225216342734,1.2644775826474015,0.4992295117303166,0.7517006982064117,2
1.0347255676108564,1.4900859812704348,-0.6019229691080493,-0.9233373243415813,0.35885975348214605,-0.8691603344471849,-1.0064031218388703,-0.7768303839376499,1.4667056066527728,1.1596749807339708,0.18590537224023454,0.21074891707316654,-0.6714203684961776,0.08756431234891494,-0.5581695998603422,0.21745883359890278,-1.1353486491021936,0.5058997630718906,0.02978386361369843,1
0.024881177711323622,1.7223960421539406,-2.0726251462628165,-0.6442547537712007,2.1450153255097053,1.017242093429875,-0.6132710769600255,0.10245371124421351,1.777253705786315,1.6202309710760765,1.0082755664655942,-1.1674249703910464,0.006263920170831461,0.10921568086358142,-0.46341360273139326,-0.2742974762173566,0.22912428991721198,1.8509117713819558,1.7171666916052335,2
-0.34966846949134334,0.19031128704183886,0.6315754442501473,-0.5531370200126112,0.10347476698385717,-1.7554144132901524,0.06718954213592339,0.14787941972572152,-1.322721352136538,2.2328352206491036,-1.0750606591866068,-0.28461594165476833,-0.28021407551434846,0.7389423129691207,-0.8775390357099039,-0.7509404138832918,0.6157878235967097,-1.4224849093196097,-0.7329130376844394,1
-0.47299557254729335,0.8406666973390448,0.8563999532578881,-1.1527311184528481,-0.7234915721992912,0.2234135975840872,1.7498062736996036,-0.5574435914040584,-0.2221700501883462,-0.8606874872014795,1.9420634995332267,-0.2728138521065989,-0.3436235934323328,-1.3406240304411992,-0.5656995362954643,0.015093527077211285,0.3711491014270399,-0.4620707761537103,0.7133870456071627,2
-0.5350410500520444,0.037361854406305135,-0.9757538307946374,-0.9853214410577485,0.10388277450644257,-1.2650005889195293,0.7980286895361562,-1.0096269892408498,-0.8012012610806397,-0.539946404565613,-0.7346838268506163,-0.8994405863739848,-0.09251814265075585,-1.5519885281270056,0.9207397517792659,-0.6425427343155465,-2.650335664753059,0.5788826935009121,-0.8293032969268818,1
-1.7237092158716614,0.5790639567298891,-0.6298170637804255,-0.7687904133557734,-1.755623570562383,-0.9405951800419646,-1.7533022540211456,2.8154354673084763,-0.7447995511367115,0.14605797554890543,-0.8634703350969306,-0.2282355851371798,-0.8113652813745431,-0.28305237263553923,-0.8028680740405668,-1.9366360759251755,0.8512116539418682,1.0402490529319934,-1.0672270263535437,1
0.5640255196730295,-1.4881014373029209,-0.8631330887641359,-0.9009272565337983,-0.5477531034388546,1.905407510155837,1.5108199066171517,-0.9251334242880662,-0.3330597896201538,-0.6510696900594024,-1.2010098347523124,0.04269342719081303,-0.47116721696194813,1.3288315279984224,4.333924258764805,0.6679287881000118,0.9641532376681353,1.3973693002175174,-0.5621992248817524,1
0.25061276331532867,1.6331862229953995,0.8228404588824811,-0.4119467105970004,-0.5655290036502926,-1.1596542312236255,1.0010767378872925,-0.5263000634955999,1.603042650257372,-0.6775612160032125,-0.8984669474050092,0.6387481488032173,-0.756102546728647,0.9744148282375398,-0.5582118834708238,-2.009851649931173,-1.6009263829575948,1.6202037104840323,0.1595523126377778,1
-0.6912852486268289,0.2645580099345383,1.53502839081545,3.6356659219393963,1.3682242742545898,0.48268922112575235,0.5845910298582487,-0.7841270561514218,-0.07965585491136253,-0.5795799881429718,-1.045737375523531,-0.11545766903243371,-0.011502305403337982,-0.4112342382829959,-0.8067699596870544,-0.23070197538692452,-0.47474583085998073,-0.8285820381237781,0.7345551545345971,2
-0.9735266096483591,-0.21429970236374102,0.16846081994564707,-1.039604586301598,0.10361189761803473,1.3884495667655716,1.3033137900144207,-0.9074221803005245,0.4632816968263638,-0.36233485464987614,0.031813977204912386,-0.9352469459856716,-0.43640388426676346,-0.5988929832147647,4.095852580749717,-0.08543708995410171,0.08282761616811389,1.3019658255737077,0.025731114592059026,1
-0.5176542558806694,-0.23583759700428472,-0.7367832607503514,-1.0512483474613736,1.6537257208322145,-0.46388048924923436,-0.33724770981695323,-0.3956299933865427,-0.9309974823176247,-0.9131964993262615,2.0172513704487236,-1.2852990969367513,-0.09050482625880071,0.773349311485807,0.017751216073935788,-1.3898436090231252,0.06392729688835089,-0.7832805853994576,-0.4419733352159754,1
-0.8959903877225992,-0.10840567083448274,-0.8336603961024879,1.3198089843672758,1.118003086505329,0.1164619735844479,0.010824559747621197,-0.6873342474514056,-0.07323876103991253,-0.45630920975311406,2.3337960994744953,0.20268112361469814,0.25465732211982445,0.3914367181660239,-0.41921702065501415,-0.15651998293058075,0.9367753597595575,-1.3958788818748251,-0.3544931772721302,1
-0.37275893440106095,0.9498060138876734,0.5449905095816202,-0.2737987653208355,-1.031851034694502,1.0734896195273227,0.31775185525641414,0.8686341957759347,0.1215662160228523,0.05819880987375961,0.06621484892890837,-0.23566920291317892,-0.2616667877848731,-0.23341684859522593,0.44525472455358606,-1.0432075960382592,1.5990027370315816,-0.9980599027939625,0.47722443311692037,1
-0.5740918788909753,-0.4562291734229832,-0.08889040564926053,-0.08237385171775226,-0.013730208041159174,1.2323456437775586,-0.6966921576354561,-0.8972304584620021,-0.38592387424811725,-0.7788120308983021,-0.06762462157690904,-1.230693478705461,-0.6766537096108459,-0.22415243544596075,-0.1822670157784232,-1.1488592908431188,-0.5723419958559669,0.1594962459822674,-0.05827987830288797,1
-1.7700649243459525,-1.3517817790154216,1.8997059005507682,0.12596743243800818,0.4447170408365686,1.9557822996416678,0.627983937405285,-0.3202605054571762,-0.5087607962178523,-1.4012234200701716,0.17189346498426503,0.8252775208298524,-0.977248389797722,-0.2575219752960652,1.8442832789126486,0.5911579085314731,0.8129195806726356,0.952908277717874,-0.5650546916491802,1
-0.0005846654537587595,0.5041961735197358,1.5465504557565906,0.30008165790806585,1.3048959273634304,0.3934796242514569,-0.5560166601225301,-0.12604434832507322,0.052710500601428255,-0.3881104410560876,-0.47342097448444553,0.8613151848311321,1.1117870213581649,0.7941218101268486,-0.26913356290237284,1.2449212072807927,0.7880448867811513,0.3896685493640804,0.295003455604195,1
0.05858531210973405,-0.12591464143493675,-0.13102534845665129,2.7975345648654097,0.7568767018712513,-1.9978378836084505,-1.2671904511475756,-0.9548123786408791,-0.7756486334375392,0.047354510144204595,-0.5130685272996354,0.48256895806294536,2.861812952830452,-0.284635801386733,0.13754014111944834,0.6210640006841515,0.815926218673969,-0.5617047721463926,-0.3925957794630076,1
-0.8438128546344837,0.16924087825285386,-1.3403668958454587,-0.7464479372994202,0.030183813793557782,-2.266951239677102,-0.3287371111240992,1.119879143923117,-0.03353702363157233,-0.6484834678215448,-0.8417041790602042,1.084483791696196,-0.9147445633464891,-0.8655272392341539,-0.8455895691279595,0.9434975986870764,-0.975548610888486,-1.5375316263278558,-0.9839968900860072,1
-0.19190868121232188,0.17759800646444182,-1.6797141673897376,0.6511813327142012,0.2503361275466078,1.488824159410828,0.3012072327807897,1.8605916521296841,-1.4944816703446653,-1.7517243130613538,0.6113633659461637,0.2457482822235078,1.2136580137113149,1.2610604733258637,-0.18989749858953725,-0.3893341126470346,-0.33729604124410745,0.4657246104561946,0.6750291300480635,2
0.8943260536298916,-0.9025422205796692,-1.5779240997305748,0.8237222847218024,-0.9706198054678787,-0.31021863776811354,-0.9970330995798363,-0.8767615769595295,-0.6043165959907791,0.5441146479118589,-0.5030929837431733,0.07526658200477568,-0.8411518829060481,1.7779289398049885,-0.8884468931155878,-0.6193848463176677,0.38090165210793314,-0.7580828393255024,0.6255122809943876,1
0.18417570155151908,0.37070765591499855,2.0334854434485212,0.3452075527256007,0.3448806702094481,-1.4706920756930402,0.2093174810431443,-0.33843184522381276,0.7807757113633177,1.781745043280518,0.7188903165668448,-0.9626031111015618,-0.32178118548811974,1.3205819018780827,-0.4016906773936954,0.1228705743838935,-0.26030266890424714,0.32136206604673795,-0.16595410291912024,1
-0.6564522218087535,-0.3208869272378814,-0.06133332525099018,1.3965268490133491,0.13862306143783623,-0.23963468150847522,-0.9388557515781667,-0.5403407398025565,-1.0210265387325903,-0.6751118637238906,-0.0969089798615088,-0.026371667575820087,-0.2913787846834734,-0.13306012227618,0.43564881886040363,-1.9585722566665007,-1.2226103676785232,-0.6148654015150782,-0.6708243495615698,1
-0.9663906249416462,1.708800363569414,-0.6628808951485281,-1.1037518416390586,0.19722716656218994,-0.6557242738061017,-0.2391233814216455,-0.8558060406599151,-0.35606980672365224,-0.581593501306209,-0.24458080939608054,2.091405367411826,-0.8736686432198112,0.7735129277257529,-0.7473056014117929,1.6791530092771092,-0.26135479222903846,0.7065042037010341,0.7334891731957062,2
1.5959074360981136,-0.02019576901055799,-1.1941538273581176,0.8031008169253062,1.020322079083844,-0.6341041864460827,0.39815463253283,1.9917175509219067,0.9242327050295621,-0.4163849210301465,1.4175210068308042,0.41247772981272857,-0.3562526795310142,0.09853069388178752,3.6145954574814816,-0.7267907046690344,-0.02595823630735083,0.35572662116130105,0.23356405773756855,1
-1.4875981925306831,-0.9651378703048189,-1.0651101784358306,3.2420102355182854,0.2722035904586967,-0.8513159404177745,0.6277443982493919,2.539922878894178,0.976488401353297,0.7197509531038897,-1.0077766162114383,-0.2585837420185528,0.06396003004728106,-1.1925535402631875,-0.8386087395242197,1.1500916379209234,0.8625706520672427,0.3916895946035583,-0.24510621547437172,1
-0.9680949340807388,-0.36743659613675944,0.3162308501718065,2.5592035244820313,1.1853192024366936,-1.0346625780041045,0.9338712568654749,-0.8404183049406497,-1.1460514304898815,-0.4153058833262854,-0.1619908825549019,-0.07066929808024253,-0.9096538761195234,-1.4877985281507968,0.4117537964098433,0.1699221668102385,-0.08056326113146245,-1.237405667987269,-2.051575776931096,0
2.199882378528066,0.5008199688941835,0.8932110712909455,0.43444818310164135,1.0775518182861261,-1.1232310094682172,-0.41508821127594675,-0.8903035783151825,1.8744554990174283,0.024026390551505267,-0.14451962352383582,-0.5996907784970109,0.7203502952790988,1.8513597976342535,-0.5750324284915819,1.1638386419335605,0.8089807535587746,-0.6485340098396539,1.35425543318731,2
0.8906965146153633,1.041421095417707,-2.1754687225659284,0.6218617626562314,-0.49519774634238856,-0.8184370602864878,-0.7170247512401162,0.3944247694992724,-0.37572638273313425,0.13523919360462244,-1.021984728110489,-0.5723677889754463,-0.06052779609580499,0.4231128710427892,-0.09023244047036724,-0.028118321125793218,-1.0665755942046757,-0.8079799838970022,0.5300672330946702,1
2.0556221225615934,0.6303750095846581,1.8363836778305072,-0.4031915254286147,1.060316236651243,0.6985235187607,0.6982815690454566,-0.7667485213091385,-0.833072789931854,-1.0758244634148437,3.290706939742294,-1.5132642358145705,-0.9393482808872452,0.6171918339835077,-0.22620165913920312,0.6885733535034098,0.913266060254745,-0.30092943910576075,1.6937948426799248,2
0.7452763871339864,0.8020507756194728,1.456692408136511,0.41382584367775194,0.19362851959964186,-0.11935143257638588,-0.4610830154524849,-0.628526509714795,-0.2283677041518894,0.18027180813795043,0.037962480163894696,1.0732080023998039,-0.03163285926875732,1.6952182118568702,-0.8725141499233928,-0.9582030702538501,0.2895369639131578,-1.559335480870951,1.1690466041207723,2
-0.7463340935463929,-0.9236332075297784,0.46648236579285296,-1.0975273000963972,1.2002979081399903,0.03785279987597091,1.8815621914418776,0.150107185303166,0.09990997891514879,-0.751458502067878,0.16214814891428597,0.5930857943418408,0.25795336619399173,0.5681018622816199,0.2445988216048868,-2.3953411242389695,-0.08560685202813859,0.4042183121608959,-0.23184382230020595,1
-1.092513416230337,1.2882096961119904,0.761732647267321,-0.559154373455257,-1.1747972838905953,-0.08302434282586131,-1.2353602395710077,-0.7291319166880464,-1.4858074395812373,0.7800141970659289,-0.8690843016128191,-0.987877393058959,-0.9460700848531276,1.4969145840216875,0.2069984979822925,-1.2153973521441868,-2.0294415971611413,-0.4579433024975728,0.3725000565461732,1
-1.300216972893521,-1.2766996720879347,0.06666432180475115,2.2176055345613843,-0.3243069997713708,0.030780385250130805,0.740983577749051,0.02200618167691644,0.11256434702307754,0.9263870803019237,-0.340600692413961,0.11240500905330057,0.08072793372814616,0.04652370955152936,-0.2830499074094025,0.7675206754553985,1.731828653174626,0.7541194534797787,-0.18650818519504714,1
1.4861364136809179,1.0875080224387979,-0.05273685015854765,-0.20812889674943896,-0.7822848055753351,2.0894941301254035,1.252605294124999,-0.7672600290062909,1.28167445033623,-0.2315164208535244,0.5319599695003283,-1.1621025100291644,-0.15641732946562123,-0.4003644671393111,-0.43141578991287777,1.1650514683690523,-0.20310366034165203,0.8330680935393013,2.036124689295423,2
0.5419429730072426,-0.9724553468701075,1.3621774348144688,0.08613187982784945,0.774136424525723,1.1604692375558854,1.1292443686826539,-0.6145019829909307,0.06750487741721588,1.1726624784475506,-1.099379114956519,0.3805350942355122,-0.7345705501302652,-0.20387504986568733,1.504854242500362,0.288029884581883,-0.6758595918227843,0.5798239288456738,0.6935342219845095,2
1.7062536342584282,0.10191906438153614,0.9947443992795661,-0.173600052101117,-2.299485173029135,0.26518039873572946,-0.7694165108492252,0.09174645133690187,-0.08380615459151863,0.4182970824309664,0.5679037747004537,-1.0548830783580636,-0.8853686051382365,-0.8433768043351488,0.3523573484528639,0.3888689190805934,-0.5585055344760906,-0.16620520791603371,0.04677023615729486,1
-1.9159267287644814,-0.3686452213627156,-0.45507748561750494,0.20380019973023925,-1.2526986886176417,-0.15710338386294145,-1.6411931798232202,-0.2676486446699715,-0.5177997313304732,-1.1922466956209794,0.12011203002394913,0.9305320823198107,1.7540098074481951,0.00012205915774127026,-0.004300142433478595,-1.958324092996613,-0.9511808414980246,0.5120480295304248,-2.1626655273022823,0
0.5127587854831732,2.2503408026512,1.3235171597233872,0.7127533461469902,-0.9830000910978314,1.5873013739764348,1.8575558811935047,3.6441323076906063,0.9133644712233386,-0.9070962044015635,-0.8302479268166691,-1.5306908893061488,-0.9272055080561242,-1.5313933021985262,-0.7343275096345583,-2.5519229833319335,0.04584441201196644,0.21087360165269123,2.1415430749808557,2
-1.2125795925323457,-2.296915581756256,0.01915004021067602,1.0070610160630336,0.6141167270344041,0.39397078092852267,-0.4033925823864197,-0.876239923399729,0.7863647870411329,1.1684423864690412,-0.603496118700071,-0.25789433818871327,-0.8587817528182511,2.438241624025429,0.04708741478087751,-2.1559173362318877,-0.31981546475121925,-0.15330131416375195,-1.6925564022931747,0
-0.16832487321092832,-0.5319606944188908,-1.352069324831034,-0.2108593796787689,-1.7520022486305722,0.3500472673561041,-1.1355225058252536,-0.8672890059218207,0.00723073897153159,-0.4546757644448571,-0.4834687024094957,1.8204540736352985,1.6354978247417526,0.6849113186570102,2.045308538576491,-0.6077200304579843,-0.8792810965664556,-0.39608171677020343,-0.72757867536125,1
-0.28664601834818565,-0.06944270296049282,-0.27713661488467817,0.18882500702169244,0.5619486924015274,-0.19873571555486383,-1.6254381518486547,-0.46320381109395586,1.471482899173134,-0.7824288536812121,0.12800224382537131,-1.1429778773951187,-0.415634453826528,0.5763764946251145,1.2366873825758296,1.0431114503501397,-0.6248346953698803,0.625093174039559,1.0379852821471078,2
1.092450680801839,-0.23920723828901372,-1.3936142641773466,-1.0422200112446667,1.4618172236106082,0.14398934420112874,1.3540476923153895,1.5123786156997834,-0.20246064320266277,-0.09054668738314993,0.39701373080039487,-1.4673943963341105,1.1822274030827082,-0.2816672808059315,0.6183422423831525,-0.9427454469541439,0.3177170968810935,1.1517209316360315,0.4399384172850338,1
1.5314136573404873,-0.6588465693577921,0.4031891734638592,-0.96855839320293,1.259262329247512,0.41853458303343954,1.658190366376924,-0.9460327490034043,-0.443181446128561,0.27285241419374756,0.6514622287464128,-0.7812974588421078,-0.9615311424598845,-0.07876039245536053,-0.6914811872068399,-0.23877918314229588,1.122254448514173,1.258343173424131,-1.1594565756175772,0
2.020955006194738,1.6833758730887176,0.8686256442533359,-0.23432661998312035,-0.024603346920749676,-0.9516102432596972,-0.28898856166936054,0.04703962725398315,0.6970879740651176,-0.24096234111696596,0.34172537086435706,2.29690085298333,0.17164191530759093,1.7327628746170567,-0.5929615548383512,-0.3876383272914955,-0.9001473158323924,-2.000111480110696,0.8971608767174278,2
0.618109013020056,-0.7584599752582681,0.806324200442662,-0.20682997266590517,1.2856217011787583,-0.3278714345252538,-0.2337474673007736,-0.6201313429827371,-0.501957961763779,-0.20534862031703244,-0.04906894088790299,-0.26524735573970415,-0.10454442153611462,0.032690979127417245,-0.9619362747477138,0.8122255364499166,1.179448682035948,1.4718362028870722,-0.9947586888402445,1
1.005651321977983,0.35752728278037954,0.5379101247730356,-0.42394949772468254,0.5157869338693176,0.7469450311908608,-0.5173685927824123,-0.49403813074755987,-0.47844884513374614,-0.46367013835690374,1.0810193106637878,1.2590772309368659,0.7909336946766033,-1.4585051525883344,0.5112800734346725,-1.7663159238590094,0.8917766094170658,0.3849216444626761,-0.14320164198067747,1
1.7699312669077623,0.4139224640484183,0.09555424606583567,-0.9564294801436108,0.4991275395689937,1.2522738412384842,-0.9498705959878198,0.7470152371460871,0.14508143525856404,-1.079949100920842,-1.0934625598330363,-1.4848959128034083,-0.8384950428330407,0.83186488564857,0.35236381276597023,-0.00805143098337008,-0.9735528632291266,-0.870280805108763,1.314696694721013,2
-0.4456174126281596,-0.25771706200669753,-0.1784163069400126,1.443629864300203,-1.10223736995331,-0.5973967454998018,-0.12083768279335602,-0.5553159024380873,-0.013804898410046165,-0.21301182777042738,-0.6627681399057578,1.1330875753945555,0.19507553926982898,0.9044387566039477,-0.9070576148719648,-1.588537986272013,-0.41606833580221986,-1.0601153467037407,-0.7956345424706891,1
1.2598237553981066,0.13891306664078393,-2.024038311580679,2.2257710536268864,-0.5553177044147728,-0.688423295784071,1.5813411934362909,2.016724072761897,0.32576748036876785,1.0401180223868236,-0.3064482975548251,-1.1276138029157672,-0.8587107313734507,0.49852896148826475,-0.9373595635809024,0.5154397131406502,0.7662901180013352,1.0863067055049918,-0.5039854790807408,1
0.4751058280046965,-0.6503473280663743,0.31333678124376585,-0.1981555978048004,-0.30976770557328076,-1.1363590010491516,0.8634766017550091,-0.9890225781884584,-1.1373810200124068,-1.7601307745299781,-0.6466767749336612,-0.13318994506140844,-0.6586219659058855,-0.9779314856382425,-0.7914543695626245,0.24580290411434225,-0.42145486965998064,-0.6915887652009516,-1.0480762637277798,1
-0.5636172428942706,-1.782895505804694,-1.261644367921047,-0.8449579582689241,0.2607814921186026,-0.5885101177968626,-0.4559336137819619,-0.7123602653977441,-0.3188885124844342,-0.21360753996066462,0.654637493859953,-0.19499519633911494,-0.564283890575248,0.10300541386352347,-0.8414069882153854,-1.1067207347317483,1.5178109552768222,0.002336489398015759,-2.025339405798326,0
1.0727109025709274,0.9644519337101604,-0.1464144337757822,-0.39708877435515355,-1.0171748846682716,-0.9649830188901359,-0.7018870111868489,0.12745288049315362,-1.0226430200262047,-0.5998353417419353,-0.23627100339855303,0.7522624522100384,-0.4303382218383169,0.028499740467058957,0.246930556418238,-0.5201910692163321,-1.869001418451405,-1.1148465616277634,1.1395055285328735,2
1.6836633757058563,-0.8497874948736158,1.4788859253743787,-0.675848470376118,-1.6899026177865673,0.2682566421915035,-0.6194697062351389,0.9560771022074364,0.8423034089824645,-0.9014254944722515,0.330812333249476,-1.7138811026292786,-0.4194245402765688,-0.7509282681691086,1.3622441677582717,0.15259036846267382,0.5382831737935388,0.698700374962439,-0.16871599159893166,1
1.222405537481196,-0.3793299116470791,-0.18026247571896914,-0.9177823069319521,1.4754491096139724,-0.955449499645316,-0.38576042589994886,-0.9827439673939252,0.7597558193992022,-3.446445662176838,-0.5638088169400003,-0.7374497934861289,2.126358440946956,1.1298314215741563,0.11945024950132578,0.25089052656631217,-0.9757067908314896,0.7079538719014116,-0.4523889269444251,1
-0.8177394166037911,-0.046241869720188726,-0.45202711905446114,-0.29030631412212876,0.825372658983237,-1.4057694609946019,-0.9702794959683569,-0.9985440237512715,0.7481631423405397,0.39229747873640136,-0.4270622147066886,-0.06501097621830967,-0.49478789292301767,-0.49641280118027964,-0.6173373477192252,-1.0070751860183147,0.7185014690084203,-1.081273357413908,-1.1965854207781073,0
1.2339435925637543,-0.5108707996103568,1.3453843355114337,-0.47575848167062035,0.43404434782948736,-0.28545659092800724,0.04936980524256953,0.2135829909001311,-0.4791564866496797,-0.151066126580138,-0.21580357159800836,0.5115397460952524,1.3598704831240256,0.23778556448241023,-0.5553842342101062,-0.14116518181646084,0.82020612276404,0.36707217860401986,-1.3278511861294402,0
-1.7573157905859829,1.2847145079615194,0.5764085182550927,0.8140915852567292,-2.032886953729666,0.9481295523574734,0.8819202683989367,-0.6967859624541383,-1.210112479720354,1.0423483702369052,-0.18877522912403058,-0.8453021695632247,-0.6024075318301692,0.5294858743299516,-0.3560814258796042,0.8713308516111843,-0.16174018088204,-1.1449480367447422,1.8599940358869764,2
-1.7329126606028442,-1.1371125156328104,0.3980736614993207,-0.46373737597592274,0.9415483210274859,-0.76178630225753,0.05691461902443837,2.217624914100955,0.059277045691300934,-0.12013762653573361,0.7748227010842836,-0.6978719037442538,-0.0871995945683229,-1.1715180769062807,0.059220679893718965,1.1570342939338238,-1.5855598765652363,-0.641096791844264,-1.6328939065825838,0
0.04390800123693842,-1.1756108282803268,1.0583412734265534,0.17469218543883425,-0.009538623489862336,-1.788146301593142,-0.5793850050606743,1.488284751648219,0.6465368692736713,-0.28930021639394626,0.45237776112542066,-1.9095208433516768,-0.25939100983501717,0.23816169498805081,-0.2846482204770487,1.1322704675854243,-0.35630337607391277,-0.06785859090230674,-1.8456572255972865,0
0.2961590209318424,0.3810087113329605,0.9727631128329124,0.3976036610051807,0.291048861306742,1.3543089172999203,-0.0822468152322413,0.0972017768751057,1.3214219282117532,-0.37280308845988586,1.7914891940211741,-0.17145381565016385,0.6163453468735678,0.9825686810495582,-0.1526953004437526,-0.7519751737248928,-0.6525826774365638,2.1397217982540613,1.8266901586595772,2
-1.9017146190703726,-1.005406921383472,-0.5013305301811265,-1.147712582704872,-1.174573909788551,-1.0072128285457334,0.5499538341421808,-0.9429997916771732,-0.4124208067784873,0.37472181370881835,0.5410679622496912,0.8554914977258842,-0.405656629771334,1.5971347591256269,-0.6617791529558074,0.8715165412850194,0.7119534880824955,0.14933574020996082,-1.8123757327893366,0
-0.508634809371996,-1.0934592731126167,0.8775340481703441,-0.4639995755442615,-0.5606323387194007,0.11677583620825623,-1.2585828052316488,-0.7566929613414966,-0.9588759705466866,0.394656865741522,-0.7855510463265911,0.6475205528425293,4.75025168910327,2.5009375183823392,-0.8132345975127966,0.004483274924375412,0.8160177410467656,1.3149363375773375,-2.0079090369612125,0
-0.6289149982235929,-1.351319688711993,-0.1538280088207701,-0.474689030676214,-0.10248322660804934,0.6598358764431115,-0.06311342731187022,-0.479881528390622,0.9197001740944792,-0.262389253405768,2.580483800019205,1.1423025926913564,0.9181734363048141,-0.06340179912452791,-0.691242907468921,0.3192833932855327,0.2948716776742818,-0.8961981541554185,-0.8261309310782966,1
1.0029071555068487,0.16286598056981025,1.0541232617132437,-1.1686520521361081,-0.7838119444386935,0.6553796082127329,-1.3326168107117602,0.5589983690801993,1.1551479791011308,-0.7488651462300264,-0.278655377788721,0.7686614786918549,0.46985145574304865,1.4107105022885003,-0.762012785996059,0.5303429030961765,-0.6514732424257529,-1.0381594872708728,1.0734577588082908,2
-1.7070238660670796,-0.8217677959053007,0.2088263964119187,0.3630747391761512,-0.7542065967682181,-0.6657352540846291,1.035773910858458,-0.5391500487187038,-0.6944173849890681,0.9629891815948761,-0.17370517658786364,-1.579092911257743,-0.7445909976673584,1.426662334944532,0.05921989345269244,-0.34390212112544105,-1.032098097099959,-2.3879546654854718,-1.2272092120877363,0
-1.0993911236553022,-0.5580460865271768,-1.855487297942568,-1.0934798772591758,-0.06219894464573177,0.4195531213998524,0.26282793181784786,-1.0114030187987142,0.7241464957015646,-0.9882107929840245,-0.6583006229959303,-0.5514852018646037,-0.4105726997253521,2.647610771179841,-0.3271709073471801,-0.18812607090937772,-1.8407032333212985,0.49007578632805254,-0.29861164644985094,1
0.6754425434673827,-0.9870145559787301,1.6924087558954148,-0.5009769274739166,0.9437626433936168,0.07037904068638372,-2.1192062518542043,2.5791226573393367,-1.0160048284098144,-0.30275259902897494,-0.5397309921639847,-0.6165083595595581,-0.6232902674893483,-0.4605091217550286,1.7640314403308666,0.2619595065418032,0.08724790302850702,-1.322278623585174,-0.6109890351575095,1
1.577833002804321,0.18728457751729802,-0.8593045573219421,-1.2097607444204725,0.6539191328969953,-0.5126828423789985,-1.2769861382138161,0.09039167424955812,0.5826288897028072,-0.049412263934737646,-0.5411931529741606,-1.2933433759873167,-0.8549871516704254,-0.4588613667649249,-0.8221245133896142,-0.12489142602136268,0.8623729907518015,0.25714069935539113,0.5599780196257984,1
1.2614386574301182,-1.2768926536701959,-0.519590412747491,-0.4487573886722589,-0.12403651960573392,-0.8075063905559304,-0.8719253967799367,1.5888045845338288,2.0418817274529526,2.4732473115212468,-1.141858493851872,2.4500912513327937,-0.785550639102103,-1.7765463584599217,-0.42152415488360984,0.9081490422190972,1.285029462045673,-0.23005109956120623,-1.0635610820411303,1
0.10725790198964585,1.1493119168748254,1.9705474322654883,0.15785706812978498,0.6265250475434768,-1.0319055680886415,-0.20502680068165005,-0.5605697968957315,1.5479841055022898,-0.23770488410401835,0.2175736710430368,0.47521938141280506,-0.6657232472964626,-0.847074308274898,-0.5021168218420425,-0.7045586660068232,-0.860885101877479,-1.0047061782126887,1.0515842610299075,2
-1.351604105480778,0.18790162243687175,2.0675451034260264,-0.8819059036550732,-0.04607267568960384,-1.0403398943997153,0.10158811991688124,-0.6361159412261447,-0.31086768958673244,0.36072283571644514,2.749942903827779,-0.516664504283578,-0.5273891489734268,3.727739252681138,-0.621428001788758,1.2338164811802825,1.809798245555141,-0.5821955477199556,-0.1227811252560163,1
-1.1464990232280483,-1.1099949561461147,-0.047991252933278446,-0.4694214994229864,-0.7198253548281965,-0.7391990400065653,0.11632802567135882,-0.6967652101884362,-0.8262589907673139,0.08142052662243808,2.275312208811717,-1.389508744011424,1.0046511988847582,-0.8058802191065073,-0.9122610926106349,0.21911584413853913,-0.1961574085051218,0.6681853524209083,-1.6354949382435038,0
-0.005825469274715467,-0.0857545905802789,0.0418200203799552,0.4080253260061834,0.5210312984990737,-0.39273489072513706,0.6804619689635568,-0.9479461512650224,-0.18525009141954252,-1.093824814024799,0.724848272605147,2.3811000730791174,0.6712652761179176,0.7324270860526757,0.4161358917959431,-0.5365978504015153,0.428512555323607,-1.3767337340519112,-0.5867842709819626,1
-1.432970493752057,-0.19572296078767334,0.7820939708338076,0.037808998457054335,-0.29830325498172244,0.773632929093205,0.7075136198751061,-0.6993110815571043,0.3047810209925531,1.3061174890019167,3.05245424736336,1.3789493404131317,-0.06929851038367231,0.7971654970496869,-0.5053329269329504,-0.3101431462107724,-1.0913787654838112,1.5371162319496778,-0.5614336163361964,1
-1.9830358165731568,-0.12763374457710763,-0.43025727953593573,0.9474331497206065,-1.1338050091240244,-1.526396201256697,-0.24702863346356008,-0.5382798023416441,0.39061145606170383,0.7525934348128567,1.6322395217036996,-1.617665266046967,-0.15396797297239884,-0.6886433965740435,0.02243478471464944,-2.3787188659250313,-0.959039241847291,-0.8264041496192946,-0.799198558254507,1
0.34751339469229664,-0.7522207740329961,0.20422308770918482,-0.095337933813205,-0.9563830540139975,-0.9712935249730007,-0.16731785567211593,-0.600979890007481,-0.2979341803381946,0.5275731288425394,-0.09442227910872673,-2.394129690268542,-0.8963231140123279,-0.12160965507801502,-0.4067363666407013,-0.3894248845333635,0.6910296978128839,1.1872173890655886,-0.3852282726954611,1
0.3817057627372145,0.5896991497630776,-1.413540464607498,1.1918553438811383,0.9742995428488772,-0.7837479945797664,-0.3610403817376118,-0.526482289205641,0.40406034648763023,0.2109872584930131,0.19142145668932556,-1.003183190202839,-0.2170245253001237,-0.3235687216533768,-0.7616014080882929,1.1517428038407107,1.2156599862324156,-1.7228035838931406,0.36277445688195614,1
-0.8797477295619316,0.08522130075984422,-0.754028768489874,-0.49351497644803627,-0.44959857969215233,-0.1526447231572587,-0.3893954491625729,-0.8285988551079069,2.150495962786958,-0.9195731515690461,2.049679847826254,-0.2292933700104271,-0.8560875715685624,-1.0214180058787068,0.6578763097643149,-1.5636795105352033,0.01932649333677589,0.2647408644920076,0.6380103602266868,1
1.9098626523747693,0.5764660602134576,-1.3998500125097582,-0.20632509670022484,0.11805820495591113,-0.7749674603981453,0.04852883768319364,0.7457474360418008,-0.5485216034825656,0.2038358142309002,0.513273232078488,0.24327910055849988,-0.6732715196988972,-0.5335979019832624,-0.06652639252178445,0.21579637645771133,-0.8971584879589466,0.33179800592173964,0.8730847698816538,2
-0.6757661951772342,-3.1742155082008088,-0.13654146965137592,-0.08887484347626794,0.3500943845961561,-0.04842192771634646,1.4105580579062318,3.94143179712127,-0.08119645215212071,-0.6944876250495878,-0.3881085608495941,0.6034856343878258,0.46115804502727237,0.9618371950199429,0.9378036821796649,-1.1681257637523843,0.27232582903260855,-2.232530496231363,-2.912299666630484,0
0.025398118530920145,0.08569675238896213,0.3890008944871378,1.309922840594827,0.8849691956796747,-0.6619962386800947,1.1638516358355708,-0.34326965631957923,-0.4737739280852423,1.1252856937381097,-0.1868946415046453,1.5173058410972078,-0.8319396231204403,-0.24457918427647254,-0.8200320611114965,0.4978575450651262,0.03012239555835067,-0.95687682926557,-0.963176016253441,1
0.7200347061759325,-0.12856548317092656,0.43030292966518924,-0.7151000999595005,-1.1051497936731771,-1.3620152625142452,-0.9287031569790577,0.5426046462433004,0.6338083137168161,-1.4573715635584767,-0.3331471948625771,1.2305548991694708,-0.45220996420644016,2.2035385614656944,-0.7007112973046042,-0.8078630870972513,0.7775467166692566,-0.4798020399154677,-0.20449314911658442,1
-1.4489608171704658,0.15449376696620026,0.05513441596980237,-0.9433854014415143,1.2011941516686258,0.26789830289649025,-0.13846872620443884,0.07838151998587801,0.021305649981494923,0.5351420320114053,0.19290368321525822,0.023921026020758105,0.006657000512012652,-0.6243051637806377,0.5616624877411911,-0.2349299955856732,-0.9383158635638738,-0.0162529922644638,-0.7132612300960722,1
0.5281406003437124,0.20364589970592706,-1.2589010194059722,-0.4468101374457557,0.9616125009993468,-0.7484498364430602,0.37970012711372636,0.056581990360391805,0.5365481130275944,1.1143394708715324,-1.0016909175282538,-0.2798254514297185,-0.4912762205127821,1.5376257285754373,-0.43272072167965636,-0.6188022598895625,0.8881585798675923,-1.8996024607732218,-1.5824963456736434,0
-0.9423778032338954,-2.018912746596508,-1.3099205061442305,-0.148898114162595,1.7045985289654122,1.3754752778985888,1.5751803847529526,-0.2911075090709042,0.16191511586525573,0.22803909150869411,-0.7738876552415077,0.8963265936840921,-0.4918607296433023,0.06404600713728766,-0.6415110080140823,0.021945929002621014,0.1654683277005782,0.5621819208136919,-1.2098372133849389,0
-1.1608111195183186,-0.36953908906226945,0.509658419607323,-0.5235589599242648,-0.0800994817524629,1.0790878394303682,1.908012429193798,-0.25875408177524917,0.9340172948179645,-3.287532068657328,-0.6992783433788157,-0.9330191674602597,0.011508155329293482,-0.5139416228216384,1.8562598863833215,-1.7764657822020247,-1.2702274465520342,-1.0957404937180177,-0.9525753896380823,1
1.1718368685820693,-0.18790560936192943,0.6579735930018277,-0.01525238035316757,0.3446675126673991,0.2806457469234222,0.9303880958006132,-0.6159450185322063,0.14494622510828153,2.224639165361877,-0.7930045029941781,1.307544446619863,1.27860518131517,1.3758452118829951,-0.7325217919740348,-0.00850185466236798,0.3610722316583971,1.3012779818095117,0.4741705420936033,1
0.48288130757714925,1.1496343614936468,2.243245452072203,-0.22019735652809827,0.48726551517044575,-0.7815249507155271,-0.33592951084054773,-0.7543160634201133,0.3911558812152129,-1.1674610611898966,-0.8977656950979928,0.7816046035502993,0.6296178985998663,0.4684235273262294,-0.46201176748319744,-0.9315968730867749,-0.7803636172992109,0.830373849902166,1.1197334039094793,2
-1.1140025065159331,1.545948061963476,0.1787411967422217,-0.017613212845487766,-0.35436615845437613,-0.5136407415898464,-0.2648537588405813,-0.9025721924351356,0.03255494491767438,-0.5610690766532255,0.12641372073748042,-0.05373227562700767,0.2139887564757041,0.49590720295977375,-0.8385090251791147,-0.06653682195933296,1.3990941862885264,0.24165437353465927,0.5310636562687071,1
1.256376650624694,-0.9367732680057457,0.4096153119383569,-0.23549555292163027,0.17555009236095376,1.0899536792902913,-0.8386774407637713,0.8769091179560027,-0.8424873123664255,-0.5577025707902635,-0.01593132037884533,1.4221300537217045,-0.7953835924624355,-1.4301779282474691,0.7716097642762327,-1.1049865506770236,-0.2322106954242978,1.7950237689239656,-1.1004251623396906,1
0.11151739210008056,1.4995401425857204,-0.001338408983903418,0.3667554502613533,1.200277717132449,0.5258537993545893,0.41755805199194446,-0.9606052545842481,0.8065868367687044,0.7426844426189135,-0.8095016418175168,0.10921977688132112,0.8144802674652376,1.1130858281299572,0.8362956329382306,-0.775794168376572,-0.5477537720266217,0.15044964402304092,1.8122787949101393,2
-0.36934696797017236,-2.0542315121019663,-0.14713221383644356,0.8927650051659404,-1.11904032304393,1.0683950834202398,0.9479286287328944,0.6457895243843831,1.309516633283775,0.042716065211164146,-0.6465788677493385,0.15492470153668253,-0.9690013717229747,-0.4612200020542935,-0.1358879408149302,-0.16177868831468611,-0.7879674832150466,-1.3794498344593493,-0.7341946490759813,1
1.7285709612769309,0.2974569206177289,-0.01568931604216516,-1.150092166769624,-0.897325040326783,1.0096832229810202,1.6493271496691386,0.6329296726460097,0.6978332761735418,-0.15513415082707235,0.7156769617064993,0.7262630619103836,0.5726889434749423,0.5378719181006429,-0.5413680624287803,-1.5935454112547662,-0.500295222436462,-1.0379770983813792,0.9741607740395565,2
-0.21404622428816786,1.4535330984140995,-0.3732210773152826,-0.17612355895902876,-1.4522367708622936,-0.732623477361425,-0.08343633576251336,-0.18975061320967493,-0.22880219972106472,-0.6871134417758469,4.313144854468484,-0.3872258192372933,0.2943785762887475,0.8381515254255671,0.5528413705769695,-1.7262797264969953,-2.9150634460418785,-1.5288249169740207,0.2155761192176699,1
0.21852639103012997,0.13856395724864157,-1.506011902339674,-0.4320157109588375,1.2701753924603332,0.06447764679041873,-0.9298069555514002,-0.898390838658349,0.665689976660737,1.7301500333400712,-0.39389814905708054,0.6274261748336328,-0.587989354616639,0.2626422209607412,0.20614988698671993,-1.5647000418758503,-0.18474292734559605,0.12347796078789737,-0.6874190698605559,1
1.2624948296188951,0.20712800450259924,-1.064898314190638,1.5907084672334826,0.8026557681794401,0.468389166096999,-0.4171053548574427,-0.9080731092446331,1.2862800598506463,0.8729862487388282,-1.1882176097367105,0.8388224853930794,0.9315723094770415,0.8390810775115924,-0.7498068462501797,-0.8169338879728976,-0.87805823272416,0.7087226360759848,1.4714541779736312,2
-0.3665326578684868,0.8805581577559038,-0.44258163322575633,-0.42061997278491003,0.390376678109445,0.7873973708084697,-0.016678746015893715,1.7157943966182032,-0.7739037865517124,1.5216959151002585,-0.1985724136936168,0.29403021518877553,0.383922761578639,-1.6239256386115266,1.1537521910491553,0.8480555433624791,-0.8840068724627075,-0.3288811031508832,1.2018643770648128,2
0.9759057535705749,1.4329354609678808,0.21766375324701764,0.13276795447428838,0.5504603833349869,1.0957151319065046,0.3059994048220664,-0.2608024978749689,0.8505665794569336,0.6696395090607306,-0.8318963679736385,-0.9419164912513092,-0.739801051526515,-0.9477644265394259,0.7559238577357812,-0.1521618930313713,1.2211356519526562,0.4794514634659115,2.053730697487747,2
-1.3166233544399475,-0.0491867349634745,0.8780165933869692,4.760073171322958,-0.9753457790517018,-0.2603937282341871,-0.1406637612800038,-0.8533154298591585,-0.5854490275635587,1.4568976048138749,-1.0432878999432558,1.7824670059762895,-0.2784018621168287,0.6491960554263287,-0.6720038741536354,-0.41425438793737923,-1.0438805913899456,1.7309017056070213,1.033959397722204,2
-1.2456035899279758,-0.24730419615112012,0.5423282881552532,-0.9368435744281508,-0.4602561509429483,0.4812152937266393,0.18660582456671793,-0.7129253024017548,0.2678332055971176,-1.1868232540362305,0.40370352403658183,0.9049039059502543,-0.5582966462959501,0.32148248969105214,-0.9467778417434691,-0.8940437477307424,-1.9777253101438566,2.643766043224487,-0.14822763663170646,1
-1.0848968199041633,1.548913500036886,-1.31834672805152,-0.04704186592725948,-0.2589545257593445,2.831663020480288,-1.582635334311202,-0.578454040622678,0.8226914745734948,1.1761061543732483,-0.6351401178765308,1.3172859284349878,-0.75525156383092,0.3443400641812673,-0.8882491258852495,2.230066747243503,0.19817765404521562,0.15876997883343766,2.4544604194454704,2
-0.7752611009419025,2.3434262843544835,0.5953144382992779,-0.6757328258401684,-0.6148732825570967,0.5764137651072739,0.718626388586321,-0.9374817517176918,-0.34659858779507385,0.24920943518716934,-0.9878541737419292,0.19221836726850555,-0.3693875625341331,0.5954121772965032,2.0096891784480295,-0.27422829014100386,-1.1647743767624796,-1.5172357380733854,1.3802452093608968,2
1.1569049696455314,-0.6680058502872679,-1.1063490136281604,0.12442736545759718,-0.8547512400475479,0.01370168481981044,0.570529224579051,0.8780996359688009,-0.8797998089358864,0.37833051397782264,0.14724575811340623,1.5047483520975018,-0.15458995430835654,0.09356112409743335,0.20010283753622188,-1.2572193711001949,-1.0131873130435605,1.527050774610933,-0.5210048760866186,1
-0.27083533736676846,-0.6693981206594503,1.691708451729166,0.2501969439233097,0.5062000762271244,-1.1722969885943353,-1.5875442004236733,-0.4184810164079512,0.028777964250696054,1.2233701618817021,0.06450327035815699,0.5441103690180024,0.5284155092856935,-0.4289178136272373,2.030574042196526,0.5188449292805578,-1.39147023184229,-0.6274649383801388,0.03426700057071156,1
-0.1051855173956605,-0.7491960623219593,1.1817784066641075,-0.7952897063737218,-0.32976651625780595,-0.9759926068574752,-0.4026484823671803,0.07953015648842698,0.1233613418417269,-1.3099562223415298,-0.6784951760433325,0.1742194710154751,-0.6450519002787959,2.2795129900110185,-0.6202270037785909,0.1843248887773056,0.2309551719244421,0.716586173686203,-0.08366194723654602,1
-0.18330354632309906,-1.5445647550413137,-2.010590122084218,-0.0022891113299709546,0.2298555256804388,-0.5665089967110335,-0.9532126538937105,-0.7723627393241033,-1.6214872035382994,0.08431122720651225,-0.40140765037750537,0.21111985625145804,0.8408900711125951,-1.1313556544323784,-0.2154389320794187,1.391874957115962,-0.404342532774215,1.2394756610708577,-0.7799988942355974,1
0.5008232923788797,0.08399189163140142,-0.8812324677508129,2.22275892689322,0.1364041071789896,0.3426159282048318,0.3068851857298296,-0.13826593500903792,-0.5519398240839388,0.9901999566824345,-0.3586793417354907,-1.5249670897451575,-0.5669008392996917,0.425364918986037,-0.6781100914181544,-0.06624441669090929,-0.09116047971091831,0.44711914092895716,0.4183650799511543,1
0.09436553247630676,-0.42756340836430146,-0.4165352796764959,-0.9563522968052602,0.491865199389577,0.785478885671687,-0.5746302006082856,-0.11637084641037009,-1.8430513519278677,0.8323672396483629,-1.1845534054766798,-0.3962648594704372,0.8273897462734745,2.7027373864827346,-0.6883159210331455,2.0554770004159755,-0.8866941929786601,-1.2172045948304893,0.2601198061025119,1
-0.1898574261651521,-0.5113119796939923,0.5594998651247453,-0.8336855483793071,0.9136441224770174,0.49302917515903977,-0.5189813265696114,-0.9216511740766842,0.9714235718349447,0.8573747393277567,-0.4640520450735566,-0.5344402271336549,-0.10782946382513907,-0.8385087969318317,-0.8577733957347146,-2.024075862254795,1.0416766963450401,1.09165855494931,-1.0641858795175207,1
-0.9043384961048461,-2.046790938821618,0.6536437845003242,-0.2623018262793403,-1.7112566750548788,-1.2209916501789657,-0.2968200260147217,3.2267833711340774,1.2129589505470864,-1.5650619764836566,-0.6353935767104021,-1.0298236615902974,0.11658376737247939,0.8327504555595094,-0.933796135362863,-0.7105659296410839,1.7687862858333974,0.49098963339253426,-2.049791056759829,0
-0.44654919877890203,-3.071617508003998,-0.3408252197388832,0.7158591994295774,0.24838822384402937,-0.9902341228230904,0.20561405644299177,-0.5368294212872565,-0.19551265420594519,-1.611245204442296,0.7223031320884498,0.8241666609158379,0.9408019779661192,0.6424345243356236,-0.4248734732096034,-2.052709488874617,0.24788448001452595,-0.14961597793460887,-3.345209335185251,0
0.3532329617439863,0.9425273439423759,0.9745716682349692,0.6714555971614741,-0.15952664714938775,-0.2806271564204682,-0.6199767861445886,-0.3635676394048257,0.49279311448389,-1.246675259066897,0.7083746608506629,0.5178158478916857,-0.6078992403835167,-1.2628997140350249,0.23814945126060663,0.4956562596335478,1.0450349554891278,-0.22101639821023275,1.2926004273745246,2
0.9094914494232061,0.3309595219610903,0.8528849080641703,-0.22467511708128257,-1.7221985967149092,-1.4830575496013916,0.6710143266708772,-0.6542693948450782,0.7808538678467387,0.8510130232504565,0.5472699296645519,0.7633926330733835,3.0754151067186255,-0.1091356562591989,-0.060945582644948294,1.1891512862691949,-1.3684122438203716,-1.9609777529054317,0.3067825577589359,1
-0.44711730083946966,1.6436191024610904,1.7831376732898383,1.7773611363633335,-0.4916818551025008,-1.8450218723387848,0.7000876045006001,-0.36362861006127806,-0.20476562374294016,-1.140153152398461,-1.1851288873669539,1.1413455243580306,-0.7946953253586091,-0.028918428180517444,-0.3277321435945543,-1.8955406954896434,-1.4653926755750848,-0.33233043339941537,0.3655815623921726,1
0.9761561938516746,-1.9657235228918029,0.48183426611798663,-0.7741820223584702,-0.20599245267931707,-0.003999198160299844,-2.077093519356282,0.26044243033353803,-0.6036566209822937,0.36436778630928884,-0.8085170720351266,-0.4601728912721962,-0.48115229224250194,-0.8796754207514454,-0.08542334478880091,-0.5796308566329664,1.9629934335149601,-0.32676082917242544,-1.65839637649701,0
0.9149999639324973,-1.3524996188720038,-0.7825245540025101,0.3302929315409617,1.0529904638261975,1.4728047965266198,1.0349585047041836,0.6737607219255047,-1.3118216480997529,-1.6982144929501088,1.6982821771123062,-0.589139490690902,0.2716535613785052,-0.9288827095370827,0.4765070824249756,-0.21073835985608294,-0.24140536550207992,-2.5268478679110546,-0.7130807681531605,1
-0.4299202056029681,2.0031967519558282,-0.044561816490340384,1.0622079233475241,-1.140981635647685,-0.2260402492930626,0.6648981227800599,0.05659536563297805,1.8921193319624887,1.067229055780647,-0.025820637138106103,-1.3735655924160166,-0.37146998726409997,0.05966616164974136,0.7724059748461337,0.9315911133048362,-0.1944449442132992,-0.8707824081655027,1.934844194111801,2
-0.7790255873944915,0.11762694998960468,0.22541661987671632,-0.2677074710721352,-1.2305182470718827,0.7657699457085827,-1.8045693029505905,-0.28133443574885314,-0.4702363322471169,0.40748714669839414,-0.8794889873052069,0.3444215821968797,1.3516162862455003,0.5385261526364343,0.18982262269851477,0.9869463169389954,-1.0878406152268618,-0.605092600800057,-0.06941573280801017,1
1.7563894695309878,-3.0818390711997496,-0.3133504174158459,-0.15584611610172444,-0.5154741499788332,-0.7973146166379924,-0.2741069243749926,-0.11974338006548245,0.3632079394789596,-1.0068137654627598,0.06345343443293847,0.5509787231966112,-0.3307975400951698,1.0783797803700435,2.1640547638806633,-0.6890379057378174,-1.4839837681256085,0.7308806957325245,-2.254346091313012,0
1.6496325614058962,-0.886973489894355,-0.34599242422724885,0.9928413712503887,1.2479752802935284,-0.24168501631696404,-0.7166903027172892,-0.5980937037694374,2.1466899350532014,-0.16223199520761256,-0.11062757705066353,1.084403105646915,-0.7747416541948251,0.7761056475904755,0.3336233273067664,0.5609853887794242,0.9215338805922149,0.9001560869245964,-0.6015939755219937,1
-0.07214526928623115,1.2685127545763657,0.9154001843120392,-0.511817493310168,0.8278187741014961,-0.5877828836036167,-0.6936238345072323,0.005445379576050291,-0.35818844981595066,-0.24576255139356393,0.40219014752371396,-1.3174638679551984,0.8106870890707012,-0.8467247324118738,-0.8936959889212099,-0.10573450821099949,0.03779070557557691,1.4912795744474527,0.4079262255088867,1
-1.6058229532182986,-0.0002689922172077356,-1.194936665315294,0.5035391009137946,-0.569983022368674,1.3749631311347916,-2.0055165759036733,0.22866799309678504,0.7146038330636508,-0.3952223415484843,-0.33574918935769654,0.5992767294019197,-0.6835203876697774,0.44571589834838327,-0.5458394368372782,0.43992366022460194,-0.6682870528523018,-0.8569707763922643,0.3384487711121629,1
-0.9450994216699925,0.1650207652259825,0.5689792474760219,-0.3056888163153543,0.9439540957205609,0.48190160925288167,-0.15965284437300536,-0.7663729667005496,0.5203408377444764,-0.9265442763239222,-0.9804555853140249,0.7565679042335492,-0.6505441263886909,2.5574797806120806,0.4772764254677558,-0.8604972807597565,-0.02658285115524323,1.6522795481047563,-0.08335761212661116,1
1.2771950268218566,-0.9279955805354462,1.0719163735507318,-0.5260884619005028,-1.3951866205973493,0.63731145022546,-1.372900256528235,1.361752592504711,0.9095660040858474,1.2764672870130969,1.1566898780940322,-1.0796903059682046,0.07410860519104095,0.6270665062026373,-0.5060815887907039,-0.6100024644718638,1.3548509953869954,1.8477172781837659,-0.94760127648213,1
-0.7749950927298446,-1.4700413948203104,0.22859243201324328,-0.6151025594527209,1.6651271584638487,-0.8622780850271445,-0.23613004999619971,-0.43981782987484064,-0.5833272155806072,-0.04044518045598026,1.8133953103828713,-0.8006297275839489,0.7644054769412097,-0.8349687065555821,0.10354415843248285,0.7456496870524574,0.5912342360606351,0.19180474218760984,-0.9376436898407353,1
-0.3893715499777409,2.0059876708065283,0.98658772632446,-0.8520692406418355,1.0975345891961157,0.8353238806496728,-0.5587790737035996,-0.806615437884158,-2.115027790818453,0.06745858237339047,-1.157615176402858,-1.6891455930597181,-0.7217442281424471,0.8237289034718822,1.3518997170986755,-0.5614190519929211,0.5006339192807321,0.7945598146139335,1.059048860248566,2
1.8761822298024646,-0.46003969474882234,0.16847117236135248,-0.8175635863622047,-1.3557175621531385,-1.3270571289067827,1.4290730554307847,2.4522100813854553,-0.11531875826338923,-0.27673698447419276,-0.8644115694506245,0.6688184309760641,-0.7310168239066228,-0.11441241485922253,-0.836150427347732,1.2313502493063153,-0.45556293814870086,-0.17228613080141678,0.06742432346699614,1
1.09613331266289,-1.1186144975269405,-0.8688700610872088,-0.0875560484763966,-2.019695871555336,0.3211677416908451,2.4210638625486296,1.5639161100507442,0.7348277852083003,-0.5295196109971836,-0.4085357983733616,-2.7980066215504786,-0.8507526974978304,-0.3179469735321964,-0.2640509688385984,-0.9704356017216171,1.4328016800594092,0.17401766077824654,-0.23578572586105256,1
-0.47088856456694683,-0.14584969767204034,0.5757312721786431,1.1153262705484162,-0.5278368253792016,-0.5065054045419478,0.19739366056980287,-0.3461635860612626,-0.04432201521334813,1.6147951541030237,-0.650250825820548,0.744099617153264,1.5209522693059325,0.23377006991093358,-0.00032302226215662455,-0.8367352717508876,0.7509098338297355,0.18140187697456867,-0.17872388968002295,1
-1.531171638682211,0.43778378925550715,-0.11917543734693092,-0.18929854411323802,-0.7215219801595919,-0.3063200852428104,-1.409733652080792,0.4723066522724362,1.3539260546309562,-1.0330146576108052,3.10036594569286,1.810832833784985,-0.3236092400062158,0.27675817291864147,-0.8944980783019089,1.7521897645727245,2.1121231476873645,1.2235607455693527,-0.3709976149128029,1
0.4766104680752251,-0.015000694326596509,0.5609950125086955,-0.07226146095503436,0.3035865873526549,-1.6094739355677081,-1.4511956368380892,0.35527084373015155,1.45201860771558,-0.987715894632489,-0.9515925842647831,-0.9948941818426226,-0.444645882156089,-1.7608271820628854,-0.9368140926146881,0.8505930880487983,-0.2910948413179876,-0.2208248660409358,0.3063417100073916,1
0.5245645776434098,-1.0811019098204626,1.2204738166483107,2.5288598232484385,0.6682679504782668,-0.13157233512369548,0.766235332196574,1.162656535402382,1.4330691578168697,-2.173694357336647,2.7066407434424766,1.8656843859291552,-0.2621470085823715,-0.3286057975289855,0.16454057112877427,-0.9547377471307106,0.1676383547793811,0.3059063918612721,-0.587704607720831,1
-0.26661998799447906,-0.48371036129706607,-1.4554989832476803,-1.1105835532979618,-0.6461632590722063,-1.1487384773773623,-0.04772418135123481,0.702417994003338,-0.3581432653348371,-0.5545323136230441,-0.14809228781484232,-0.27932732872864346,-0.5727806078011156,-0.5479073160173527,2.1723156812399,1.1275141492552887,-0.9143764243125877,0.5648595697198426,-1.3005273127713128,0
0.15457359842574442,-1.6516822640840314,-0.6173966758281636,-0.1234486626923989,0.39948609873496954,-0.5251143675428313,-0.9886811722210979,-0.7479586886324975,1.5361040748705692,1.5300307974856924,-0.3775541671922157,-0.7770716664462677,0.3600884726084482,-0.9901322515334117,-0.24469828786081937,-0.6332593996986957,0.1028148920543854,-1.2491320756684925,-1.354534314740162,0
0.6255368522089455,0.5611225562966277,-0.33526925520260575,0.16269524525617723,-1.728864622360029,1.4209262820505595,0.40350374245630855,0.15787778882552322,1.5565928268983023,-0.9922441764411604,0.3193805095144596,1.6144031295197534,-0.08856407323054581,-0.869625936073006,-0.9552979644511195,-0.3361188727179328,0.547500568515511,-1.0958388306840485,0.19232201661337262,1
0.24581481789229914,-0.6531683248774105,1.5089980116176793,0.28772934675749523,0.6804417760851182,0.37691701676932354,-0.9692266947687815,-0.8089607980759794,-2.1503647931038907,0.7874075053375647,-0.6074149061862156,-0.9633842449247264,-0.742669786599984,-1.3065350683066634,0.6561373761821765,-1.0234122221535404,-2.107552130093749,-0.6521989072482615,-1.5115861152661176,0
-1.2475332792704283,0.9951903366694136,0.5536939695026311,-1.1005078166331472,2.4327706064314367,-0.7439949908059312,1.9217844821265628,0.34519245260997067,0.4510937559076662,1.2408442209021595,-0.9795243207568286,-0.9881794290623045,-0.5066952924634122,-0.2945476540203766,-0.9275025933838186,-0.9775281071752084,0.7168188810634841,1.240208542295471,-0.6712706552296007,1
-0.13240045610557222,0.23849032305285572,0.3526752526235054,-0.6245064725651512,2.1776209189173037,1.2238193833999467,-0.6294605789819516,2.2847355015542066,-1.0748146517558603,1.0505459577553675,-0.6397683262995812,-0.513372553589693,-0.9818341744806959,0.5172186564655389,0.18673240694369034,1.1566481374384483,0.9942892854305356,-0.024910619746050397,1.1072697994333767,2
-0.056772728620671904,-0.04410468590854509,-0.35436962532343974,-0.9198284493959744,-1.789127677841936,-0.7657118409621294,0.4107471884472811,-0.25193832075057565,1.3115811890577613,-0.9889643156471947,0.7374454209886125,0.5289931951037659,0.5403280530028459,-0.44911104781782146,0.029565512394214472,-1.0554348851400195,0.6014009620078368,-0.8087821741983707,-0.35072453964572187,1
-0.4808899399909323,-0.7504863806053195,-0.34703701315875046,0.5359336130002721,-0.161296684492437,-0.5960518923715676,1.1556888587375753,2.0382044661001366,-0.7463875836628263,0.1253951400636555,0.7904499833351321,1.194254719283067,-0.5580885497878534,-0.30001058771610023,-0.6517522096678049,0.371977749110461,-0.4929133042946314,0.5867555746009546,-0.7314497199236512,1
-0.40308842373835346,0.11774476493745153,0.5544483826672413,0.06137187436033734,-0.0848415501080592,1.375557704917814,0.3504734050200585,3.0458817630373347,0.29831711266344646,0.5922353830129832,-0.4559612773147914,0.40969660291913945,-0.752372989497826,0.9268168214931813,1.3322689569313675,-1.0225596013736737,-0.03612856499698359,-2.687274549569819,0.25246279906478347,1
0.6479202497677068,-0.25996375491423307,0.50268641328544,-0.6408763431643484,0.9218028839356031,-1.8422495147188547,0.43643575612312174,-0.6398796503796675,-1.8805603990795356,-1.4435071973651685,-0.4878831624717097,0.09985537877278883,-0.945303375449875,-1.1841739502401962,0.1908470808887054,-0.7205694582127351,0.01200648971420075,-0.4444089768725898,-1.9872713583239303,0
0.707270032224919,1.5175531602942158,1.9746916206110912,0.33209650297665433,0.11719701945316523,0.46260835384848376,-1.1213559807740605,-0.4690460577418301,1.9634940257010272,-0.16100766881253611,-0.6160007839959609,0.4313365981790298,2.3670899097229627,0.5009561268659973,-0.2767064639439274,0.5097699940944053,0.8272502457134758,0.16698410288784704,2.241601828800552,2
-1.6919252260554927,-0.28847109186145825,-0.03731727819580024,2.7194763399660635,0.23633290658168335,1.728686578486386,-0.669335641146978,-0.32475745998064026,0.4564771594951589,1.317190429110662,0.5984574262945048,-0.8712496574494181,1.4423505555067995,-1.5676349972752543,-0.9111262396588965,-2.253734740373763,1.1748936522226598,-1.3002672340601151,-0.7463776995345776,1
-1.7392185152500528,-0.59976370741572,-0.6618659278236594,-0.6908762594656719,-1.005648567126819,-0.10838068514433703,-0.5056220092536499,0.2656824835778618,-1.4473401073544507,-0.19984801002798233,-0.6923529446740894,-2.4862601714944335,0.2686562120196446,-1.6787239474140248,-0.8303559771767063,-0.08032839544271088,1.0740972833041411,-0.3921548621246165,-1.2842589592534306,0
-0.9258156749653417,0.5260162805710925,0.8379700377214585,-0.6254946629331113,-0.998721044260613,0.08241447425032704,-0.6079027303944514,0.9714050237346985,0.18200672668707313,0.049992407900328974,-0.5767051906746088,0.6543932457107015,-0.8909720321509471,-0.7552906399388375,-0.8310506945502282,-0.225991863211351,0.07798624889746639,0.5000145924045437,-0.5611487290227066,1
0.7664821394639668,0.9175995323230239,0.12591740609974947,0.7925352843537713,0.28229474217002004,0.41314914623217414,1.6044318854706336,-0.19125661824453227,0.8745104282908014,-0.07740616018328408,-0.13576131720871382,1.3978429017356662,-0.5254397354386884,-0.47946668044601026,-0.5538735292600071,1.886155132037044,0.017082961790356687,0.13908901077789115,0.8963781858261485,2
-1.135420705797118,-0.4568449008234825,1.5455782335381172,-0.6906520302657264,-0.5553986457248046,-1.021642123207538,0.3921026223071506,-0.7328499481609281,0.4559976761113837,-0.1994690891951898,-0.015139297941440585,2.1352842385819084,-0.6580055087763742,0.3598159967966642,0.04609635797105643,-0.23773769273364068,-0.3328382642512176,-0.014413099456774336,-0.8039763396535783,1
-0.197031945346749,1.177577022854387,0.013013406661918725,-0.8611101550587449,1.5050606554098227,-0.197504206461166,-0.6855268080537466,-0.8007515767096631,-0.4225791244683985,2.6852492611193743,-0.5174634959798444,0.3776594129486253,0.38704377728123907,0.45735998279944745,0.3710206542618564,-0.973972963029038,0.10437313152628994,-0.38183176893444365,-0.04461090353862123,1
-0.2732257936024656,-0.30664230870952813,-1.8986567577383577,0.11708597045328195,0.22796363325000035,-0.9566392285763623,-0.45440499937301354,1.520314591721842,-1.8994634333748102,0.3683885270511035,0.10345553523336176,-0.8875561975031803,-0.7322959469282061,0.10547529225454133,-0.18717926212792052,1.0758986308403475,0.40589554999943345,0.6988196501988736,-1.0526564326435905,1
-1.5261068017914892,0.9148671450717912,-0.2320556614903337,-0.8413787434955291,0.9694838945153201,0.19136925484141967,0.5949528903046025,-0.7378378955009525,0.30086282806250264,1.2497762562700776,-1.1607077019811933,-0.1623754070491229,2.201417654345171,0.783746978106051,-0.915237332074871,2.3841174072042057,0.011300101971742917,-1.4221530006504846,0.2212798021520682,1
0.3348863515494599,-0.7401539472475188,1.6037542646433625,2.8782351098659964,0.7919762149398869,1.9710495508085468,-0.5184028566037362,-0.321479237470006,0.234030938576436,-0.053549643685833016,0.8844748374582215,-0.8381539710015926,0.13990194125189365,-1.5281137457270273,-0.49741677556406927,-0.3968344880520415,-0.8094058725257147,-0.41071548920982115,-0.03896958475808746,1
-0.024797060415301296,-0.171949112317555,1.0063515339578133,-0.5784889646911521,0.24379592112350737,-0.16368182600088085,0.09854147842752749,-0.6586645973236015,0.35133746559764806,-0.7569911940595053,-0.815545394813341,-0.3173788204143286,1.6185952745714134,0.22528423634645436,2.3543109563079523,0.9164425703058369,0.31019268668391337,-0.9018957491567978,-0.3823771135168865,1
-1.3493921227932808,-1.7638684158753408,0.48520726790856433,-0.44819503063272387,-0.6624275381894724,2.2949071484114665,-0.05194414477394951,-0.6020285603816371,-0.2260735508160574,-0.8361363692459134,0.9805998159352142,-0.4265472526924152,-0.08646007064653026,-1.0291522034085412,1.2391004339308178,-0.08652432773524006,-0.8967408452783888,-0.7331075885297085,-1.3883765776659103,0
0.24306608322085363,-0.08337310903742794,0.7116387411246916,-0.059805767461445336,1.0742878018831499,-0.5384054499942545,-0.0317880468106933,0.24565018566891458,1.0932955794462123,-0.32575883905127,-0.14303147668544003,0.411110244506679,1.199944486947715,0.3066005796586682,1.3741275838342986,0.269642088438184,0.00445880473605037,0.2744720926859456,1.1427630270144598,2
-1.167359112976919,1.1820684834679869,-1.0184911588219006,-0.28651472843472686,-0.7133932354961898,0.3638589927850089,-2.060218030690221,0.6041854742474022,-0.9088482603918485,1.839868084415559,-1.0770584928638944,0.9505861665867178,0.03108800919434053,-0.8351832446765696,-0.6745628442182767,-0.6803412529193573,-0.4852246090816725,0.15135595895836554,-0.5219092120900976,1
-0.7942752049106113,0.03933802784360306,0.3606061178758413,-1.0627754277162942,-1.4595565508024453,-0.4368387583540056,1.4564585490987225,0.10292329725174508,-1.445224372679405,-0.8159338589654654,-0.22915869085586038,-1.5652934293555743,-0.7543237546981357,-0.0626645709449292,-0.7008444971246718,1.3048218765995518,-0.3722298243141503,0.315418346458001,-0.3785525727436884,1
1.70105140660016,0.9197749106228155,1.100463977532549,-0.5253564633228077,-0.2815034081678177,-0.3102179968766938,0.04488065322923098,0.8169069511001286,-1.7137877543472535,0.638216951153286,-0.418996171167621,1.389728386232484,-0.8849412941220195,-0.17243956727592788,-0.5577291374550006,-0.21953559623408833,-0.15855195263452074,1.0597659240572124,0.8176565328842301,2
-0.6320610016307053,-1.4829574142242576,-0.7928781815932662,1.5425444698230462,0.29843550162032473,-0.5544644502188172,-0.5034644781078587,0.5669568235855869,-0.3517748177171736,-0.9850425688577867,-0.5580239759620343,-0.5176776151692293,-0.46299991995502704,1.1725723960143388,-0.21369447200568042,0.06427683533448626,0.48312502195178864,1.636885594316201,-1.4778088971137882,0
0.06776743897039827,0.6760089975154921,-0.8466045182258854,-0.5276142283867707,-0.8159446592637937,0.5368197019551216,-0.3510672008775637,-0.02876137201257911,-0.0016636543288105464,0.678456975380672,-1.1287026657908317,0.6378194408834783,-0.5313027163555503,1.702520305842368,2.182079243629074,0.28025639921791085,-2.2514045438000188,-2.7307763391739046,0.8917548972339975,2
0.3170786518408629,0.2502002596243143,1.8682353818491875,-0.726199027282994,-0.3187260795041028,1.1145273349397347,0.15912947636735802,-0.8409218337630853,-1.9250328978765223,-0.4690116638824699,-0.15490206025542466,-0.9763965150415141,0.40230881650452566,0.20016144678582834,-0.9191490464720952,-0.5378223461871902,-0.18069487463130937,-1.1592047886672254,-0.05976920838096977,1
1.9504101418121946,1.239359369721768,-0.7068338311045523,-0.056686209874886,0.8488666234221277,0.5408897684685039,-1.300095953738782,0.19717482606648307,-0.6301979457478424,-0.5437695985608735,-0.5514432789475852,0.11371996033211607,2.6824241691888293,0.634046561669434,0.143576241017113,0.9682599351406956,-0.08859268836002933,-1.4268596118450332,1.748290232349467,2
-1.9445565856807512,0.18358277923819788,0.008721691424108988,-0.8312805075944477,-0.33425290352040565,0.14937936357491982,0.38931454696633466,-0.8525650311121935,-0.6309298102508157,0.9647206575333701,1.03726891968774,0.6476913348566985,-0.4590600901094749,-0.9692953663830491,0.2582532387800011,-1.1496820236023435,0.40843368057882834,-1.0289813520287432,0.23729983809281033,1
1.3550442660265356,1.1585635496322493,0.7345527127205718,0.8542112328436199,-0.7103767535505146,-1.6658506737369185,1.1646417677019731,1.904711057278973,0.6053412444982751,-0.2043275783750111,0.15619602921887094,0.43236800267042746,0.57096291686661,0.05279692057246153,2.102567106382096,-0.8142014077741676,0.4265032523923153,0.8336402245413163,-0.14887353655904412,1
0.42954025332202406,0.6483300424068891,-0.09517267467501221,-0.7979482431036777,0.15542771643842201,0.8402233963780464,2.09703810036659,0.04376852686937503,0.6809282309641167,0.3815862055207351,-1.0226817312642038,0.9357709807393728,0.3918572523438787,-0.5351720415417206,-0.6772323343255708,0.12722605887923713,2.1117442253610523,-1.1910146468249188,0.623255674398435,1
-0.9894288359098476,-0.4711283752940368,-0.9059286984934701,0.4828556141739681,-0.92755939148005,1.1885116626083372,-0.8254467148208738,-0.8571050021192456,1.2772370956727266,-0.7584552411481055,-0.7852772751011727,-0.026567645628592273,-0.8788309089899837,0.14543357594772124,-0.4767638682636262,0.22738043998869759,-1.4074977054182396,-0.4938516421107258,0.8369199465840087,2
-1.9761808152177858,0.18161951195055984,0.2703703695271466,1.173257585245921,1.1358649138445673,-1.0175478301126453,1.582983314979298,0.0969347001195788,-0.5087465527628384,2.462660425222684,0.08793526232369106,1.5601332512299315,-0.6335383035405221,-0.8988431520991861,0.7133874740366233,-0.2327700148216451,0.5713971999498745,1.4184559418386922,-1.1505058511679236,0
1.4656466360118372,-0.027860509883528367,-0.8620985751242001,-0.6776098072214444,-0.12212077858842454,0.012874362235462762,0.7247450205175551,-0.0010699599163967119,-1.6712904203907564,1.2673800565289677,-0.3148290543963058,-0.38222590524905325,-0.4107428974684524,-0.2861912993156346,-0.36614657980125936,0.9920092004590235,-1.1751686511296688,-0.24392311894334417,-0.30868170632721803,1
0.06564726958834241,-0.9936981765272739,1.2847298579525177,0.27047291963973613,-0.6351539758560929,-1.6964124900112174,-1.4505634387298658,-0.16899035355777656,-0.5580803262922035,-2.120429680148227,-0.6108379791132036,-0.3131503227468048,-0.2624683089101362,1.694662171438863,0.9438228374248564,0.13148079473806668,0.7257988629159585,-1.1711348874092578,-0.7286356309505557,1
0.6519450418345919,0.9684743630815504,0.48411357737470706,-0.8912209655358776,-0.4843411691728333,-0.08592285433659325,-0.7153803110276298,0.6441001479004188,-0.07735520449248477,-0.32219331506580723,-0.6927682349422167,0.019321242316906417,1.1667464521819841,-0.04459890296430025,-0.6788692436602699,0.8139959935068891,-0.21211125562307961,1.549358160013152,0.45290400049432256,1
-0.15869458713724177,1.4991029630434476,1.523495727133577,-1.0967685309389394,-0.7583376221791203,1.498949409340685,0.18850926684482142,-0.9321775695096093,0.430345354892826,0.6983851754591172,-0.9185805956026388,0.8097433134949381,-0.6579092257433503,-0.24243737091592713,0.005531983597296508,-1.457382722488037,-0.10821464111212141,1.2550232322935733,1.2757027688583877,2
1.5307736130193446,1.4375694134037136,0.42900912250756257,0.06778821616151823,0.7881511180585621,0.1354630727729265,0.44944215330379556,2.5457497908910307,0.05609032221168626,1.3586712270838281,-0.6652857494039426,1.2418944121227449,-0.42454611656873076,-0.6345093001733344,-0.43778621198036094,0.591903869146258,-0.20346296260545121,-1.3369540508811666,1.4974103920726851,2
0.2528817252803604,0.29853883962817473,1.5385450705184103,0.10310042303909679,-0.10916839145644343,0.18138698488786203,-0.13753032864970574,-0.7737761796970887,1.48555888878139,-0.9455422872386522,0.6224137192180706,0.060401432282088746,-0.08042494212315152,-0.2815671239590878,-0.9167577124983256,-0.12303965435001668,0.7978991513647143,0.9683640787645075,-0.5355009771500177,1
0.12962345606680778,0.42283227612502877,-1.4182665319829737,1.2729205379060717,-0.242901293234575,-0.25010010926214804,0.2530605326239229,-0.5513085016468464,0.5726726753661615,2.6119408406903273,-1.2731639513661046,-1.5443565116067524,-0.6811828046132417,1.1896282028863063,2.4778646056623876,-1.4907335952903247,-0.2552084939191701,0.8347461223003864,0.4771172697647997,1
0.16643899278477056,0.7075871877579013,-0.9592950953254826,0.510356985806383,-1.6497328836687342,0.3610161998454405,-1.0314095133345549,-0.6801293449175876,-0.5261714297365843,1.4913675970374658,-0.8328725093803366,1.4425043375476834,-0.6759470904913367,-1.017978846580168,-0.6303280471834761,0.17305718098974096,0.9772212739562417,-1.729878164144889,0.07776108223988554,1
-0.10773264852306313,0.9430661757193161,-0.28271812714893413,-0.11488914356280115,-0.5933791188241874,0.48846257395657067,-0.07350936467777217,-0.4973759150068185,-0.4925429908888565,-1.0134584495007655,-0.18751390434875667,-1.658164782987796,-0.8840337561618864,0.719199559568056,-0.5254461458371474,-0.22612132146028877,0.9452867081257428,-1.240113719143743,0.31182471614972634,1
1.6363268675383311,0.8493634169483631,0.49490791748345997,-1.0137067276350957,0.6461563215709603,-0.9264604510040294,0.3364752678014167,0.08898079687100575,-1.55624716289926,-0.5309620245819479,1.2035530816347564,1.936462919627829,0.3173042549608384,0.6452722960818387,0.25135360457031586,-0.2191195156721164,0.4326286424834277,1.717125518085149,-0.7613671139864,1
-0.4227327071524915,-0.0110404586107724,-0.6512390046640143,0.32885201821515303,0.039169448766799966,-0.13341657637135795,0.1596566447684591,-0.4784574753460318,1.8166866641019859,0.162854054170233,-0.4695498385766098,-0.46845257458435674,1.7978987330650733,-0.3845544100437633,-0.21871755841572477,-1.823483596467983,2.114358053276531,-0.07119284845008088,-0.22875046130362564,1
-1.293376077684573,0.6050480508031996,-0.5432690391109408,-1.157895895395366,1.4195576734674702,1.9223993164078343,-0.7056757917965691,0.07691691541447783,1.1534033539816246,1.6569527157645194,-0.8765104384861802,0.8173300214043822,-0.24470902554261992,-0.5676745138160044,-0.5018253311415969,0.32148294711706954,-0.5767829947198242,0.5087887360436063,0.36498367045803903,1
0.7901573790122187,-1.4488056872552897,-0.9616221986597577,-1.0722317837489528,-0.26372219598606506,-1.9845734704887081,1.665243452727333,0.05262899107437116,0.2785686044414239,0.8778129043189443,0.655441634716678,-2.281011643341622,-0.3150209322497679,0.43940460545204796,-0.41377259952894535,-0.06720791807315434,1.9573964589781987,-0.6165808558859456,-0.9002169087654257,1
-1.1279242294629663,1.5034477198917304,-1.597229406114507,0.1804645831091023,1.0094973634592228,0.031021681565660604,-0.006800555697559738,1.7850227490287234,-0.3882295687201745,0.2198836718622616,0.5202119350966682,-0.3808201140836801,-0.12093932901094812,1.161539874288798,-0.962625623221475,1.2721384739059138,-0.9094527268675324,-1.9181959386375433,2.1536274595817217,2
-0.8085003241931882,0.399217056565361,-0.5814141299528097,0.4338524147070485,-0.9892515967893766,0.9443074305646857,0.4963647670939489,-0.8667998408300598,0.22366222091557883,-0.06660932771892311,0.16790503715777821,-1.024266433475967,-0.8207043174843143,0.9481674103717466,-0.5930481384015341,-0.4845331965787074,0.5377146651848046,-0.2235808191722949,0.7529258555721189,2
0.687837861129935,0.4626823207284771,-1.6527446004748403,0.08107068571513168,-1.2983482473775518,-0.04218757442312448,0.17580942767488444,-0.9771335760563958,0.5730841688023413,-1.9100833962008192,-0.4959081772797015,-0.7583072994361936,-0.8190495795830587,-1.2273523586052013,-0.33559372393016335,1.3420291875359414,0.8989416322044095,1.4081941487466898,1.290300280564506,2
1.6016040767554636,-0.42807238480371906,-0.4992380091608185,-0.2360605337237257,-0.28096286088969097,-0.5326365674529733,1.0270744588928826,-0.6379419063539806,0.5781347805969285,1.1536172332616303,-0.7912637880429582,0.595640502409123,-0.7358535882746723,2.291592135406715,0.45403073869818694,-1.0369968597878028,0.3710470355774937,-0.5385142512054617,-1.3553628532700843,0
1.905129503795455,-0.7168379157205482,0.12767043657443708,2.380489549035778,1.9855415589075778,-0.25469664893063276,-0.2672611033983997,-0.22936331541995358,1.3830296382628544,-1.731030709260093,-0.43149788977468073,-0.2865370877850844,3.5662550537749818,-1.5417563718494025,-0.9300051939232724,1.6219869873773565,-0.40160405947311534,0.287799426591302,0.2842483577732769,1
0.09035677786032426,-0.9445019306089166,-0.8790086150785709,0.7498930064078777,-0.8467065053435775,2.289827872251095,-1.168247248031704,1.3765056214470295,0.9020194976044319,-0.6510767389785878,-0.6805682538343394,0.02819007233385686,1.0086523161154841,0.23668001067029298,-0.013030326110843695,3.0744427474264606,0.1758650268587673,1.5015089994267066,1.5403215872141693,2
1.566526945824508,0.05193288288850141,0.6672321097652607,-1.0989067270537973,0.0019777182824476406,-1.587763468923508,2.214027402378615,-0.453426862792992,-0.12017115090663198,0.5758432213405849,0.8823294682683207,-0.4959801429690612,-0.22086222425106192,-0.4802767104877114,-0.4381560054601398,-0.33032981672604084,0.11013522065922829,0.8907861739866402,0.7246337876180478,2
-0.592884960736269,1.0745415308929775,0.29426355532662907,0.9707854735110827,1.1629818931696987,1.3986334068614548,1.2053271967220063,-0.8665733764180596,0.058328762130389906,-1.1848134397532155,0.7978387520874175,1.1793062199668565,0.41661918427857414,-0.06356338651871137,1.841824193971731,-0.2414936071900484,0.7547588981176485,1.257886720039431,1.2467485581575362,2
-0.579347089661313,-1.4515009560436052,-1.1174040335358775,-0.23307578418313352,0.26398065618047256,-0.6171298675789136,-0.8929369209051137,0.565385014173951,0.18678606818624813,-0.43960112078293256,0.7071502609905521,0.7443215623058062,-0.8669793838864263,0.5743741732888306,-0.5316787649110394,0.5629953391906871,-0.994522097671333,0.026406454128022654,-0.44000444267323324,1
-1.826627060227126,0.7562270538287952,0.5306164890519063,-0.9889703072420831,-0.7579077492144436,-0.6645009223178412,-0.47334552613993125,-0.9218710625080431,-0.33725191196769444,0.1647031383201694,-0.05601256436182824,-0.8316905990185459,1.2700438197220327,-1.0444709135213366,-0.8453573864175126,0.4657285766554869,0.645657666327796,0.8822553072718394,-0.47592145993826984,1
0.4369499681351146,1.3680184956306625,1.617927868129313,-0.9059244709742252,1.2862821243797982,0.34434085821021404,1.155419268638106,-0.44001267859631144,-0.9950978752601422,1.0132642219414483,-0.9559139752843607,0.2616146628352208,1.8833421156575902,0.7917749378715827,2.1813690917144575,0.22984781634398033,0.10273550624806069,0.38583365628571126,0.33385257377695576,1
0.31715010278029415,1.28135379847375,-0.8942811308846249,0.18065140671380767,-0.3046112621361579,-0.09168683945440462,0.5582105978567092,-0.7183459170324983,0.48443059674318456,-1.689228952267688,-1.0037500048367622,0.12933834572281144,0.37040389947020935,0.5870004548433053,-0.4489238397233251,1.6716989300363094,0.2809922355245798,0.8830802832401845,1.7007702034069674,2
1.167803517272318,-1.036175293247108,0.3989757881172626,0.724116181009823,-2.3309717238766807,0.30499403709824385,-0.5456041400701337,0.29713484656581646,-1.2590791385170652,-0.020511485673913275,-0.8217145914676655,-0.13928956089563682,-0.49396205059036125,1.4520071385873496,0.01549112649304531,-0.4895357456291883,-1.225313650188486,-0.13616503557302487,-0.6014699065541661,1
1.075914273749378,-0.777737244722532,-1.0813415776168889,-0.2702214978123265,0.5821759428209352,1.5573383934866531,1.2682929163434686,0.6398166929398146,0.41687278807558475,1.495864819822295,-0.7227013312456474,-2.490404368884678,-0.1841037487492039,1.3205924896251373,-0.9453122000560202,-1.1627084004519959,0.3512279390895015,0.7648414681076082,-0.312431406296204,1
-0.8361843100696008,0.009473843090721168,0.06775416612046568,4.0309390550440725,-0.27951136187294084,0.2676232481995956,1.5853797457592447,-0.6861702625922884,-1.2842467434946072,1.3011188302199956,-0.7188233368239982,-1.5864493822023717,1.2978134059516857,0.06308456066298877,-0.6069638579722993,-0.2331576847262371,-0.335601709427047,0.40257218036169495,-0.5697931438799099,1
-1.2677514781551746,-0.6857040655581587,0.2755147020233638,-0.9292750947981441,0.4099668696503799,0.9854488946764509,-1.0365709057956944,0.21574628635356877,0.9106564346300321,0.22931101933929574,1.0799046802272054,-1.1549983256132925,-0.9704327164852158,-0.409083435873911,1.2552316994592454,-0.17761539402002743,2.4383944024456428,2.0259463992471534,-1.3973852241960576,0
-0.7616214512063102,-0.41289231141428656,0.9623455270471228,-0.988401435440999,-1.7877638257114743,0.9193811699760124,0.89402255176761,-0.07715491470034203,0.6136814017892596,-2.5638028566471345,2.978476944671511,2.0981036017410424,1.4901772622230196,0.8296409692347643,-0.7321292384162483,-0.3304694928084124,-1.516793825485821,-0.13148832674151864,0.0380298308464993,1
0.9797577303420372,2.5713102180769742,-1.4365086613577902,-0.40563919833810785,1.2638842309509561,0.20110942761423606,0.17107622376902681,-0.9127435425174212,1.1143575967614179,-1.722147056582748,-0.9277139858430398,-0.7722624419619297,-0.796031040516428,-0.7064042284320114,-0.8610578292526123,0.334896932350835,0.43615019960322066,-0.145117894485102,2.3034453090910327,2
1.4786030623999897,-1.356188404995238,-0.16975323890707847,-0.4467237472461586,1.0992109579546563,-0.10972062618809827,0.03568545472494533,-0.7591117167620824,-0.15223384557772196,-0.4965559653958272,-1.062566654573909,1.4119007827276433,-0.646161211393238,-0.47340704723306626,2.144531519114291,-0.2138419134663125,0.41436920913259395,1.5396096833759705,-0.9452895004181846,1
0.5492939300324288,1.3748077015572644,0.8446804227901462,-0.9335858911853592,-1.0441309513264085,1.0752571233205386,0.08292414345205291,-0.5947288604812461,0.5468566426960779,0.09247539576274977,1.2180661000694868,-0.5070429951605474,1.5603730402418603,1.1738692368112285,1.1532074451532102,0.5044133276373939,0.5570687294390694,1.4479339754945353,1.10221080387614,2
