account_age_months,account_type,customer_risk_rating,monthly_transaction_count,monthly_transaction_volume,avg_transaction_size,transaction_variance,num_countries,high_risk_country_exposure,cross_border_ratio,num_counterparties,counterparty_risk_score,network_centrality,shell_company_exposure,cash_intensive_ratio,round_amount_ratio,structuring_indicator,rapid_movement_score,industry_risk_score,pep_exposure,sanctions_screening_hits,suspicious_score,target
-0.6722830891112946,-0.6173899449276066,-0.4678748172649848,-1.2858785448946894,-0.1456232037069363,-0.1482491635739398,-0.6513728829108455,0.4358515124530109,-0.32361742359417855,-0.89679632788425,-0.7032788853103935,-0.2911132568384417,-0.6782555555728996,-0.23610007040075875,0.567821367550038,0.20581674904013658,-0.14139250356818595,-0.42500357448259324,0.569111788643018,-0.11020775375559674,-0.12751534261266764,-0.7500619147254548,0
-0.6611946310860305,-0.6173899449276066,-0.4678748172649848,1.3152189243477441,-0.07752680748808831,-0.11521228376105613,-0.39611538446133715,0.4358515124530109,-0.32361742359417855,-0.15205141703374106,1.0730367474194349,-0.09566294336715182,-0.5869650923294649,-0.23610007040075875,-0.6356127513411168,0.8669558369466238,-0.14139250356818595,-0.21244690613868308,-0.8978872917105969,-0.11020775375559674,-0.12751534261266764,-0.6124392382329704,0
3.0306599639544194,-0.6173899449276066,-0.4678748172649848,-0.5055493041219594,-0.16744918918358173,-0.18091251897564745,-0.4550136761677211,-1.2443779110358517,-0.32361742359417855,0.40760535868773234,-0.34801575876442786,0.20783927270545413,-0.8127344823376523,-0.23610007040075875,-0.16007990646834497,-0.10485613894526678,-0.14139250356818595,0.0329957095151305,-0.5642559857922566,-0.11020775375559674,-0.12751534261266764,-0.38208085581830553,0
-0.6825159212160506,-0.6173899449276066,-0.4678748172649848,0.5348896835750141,-0.16744725450873368,-0.18129630012572623,-0.6523645750628956,-1.2443779110358517,-0.32361742359417855,0.36063286336424466,0.0072473677815378485,0.7659600415650609,0.7781176892280028,-0.23610007040075875,-1.275797984658526,-0.7916431794179707,-0.14139250356818595,-0.7077882886968403,0.48311067720516093,-0.11020775375559674,-0.12751534261266764,-1.0448779165914663,0
-0.9553618350305562,-0.6173899449276066,1.3887712829928915,1.0551091774235009,-0.15853417340465073,-0.17451358516242055,1.2266072582238419,1.275966224197442,-0.32361742359417855,-0.7226843443844223,-0.7032788853103935,-1.1069172906130706,-0.13216400201584677,-0.23610007040075875,-0.16075392671844121,0.27485205233248594,-0.14139250356818595,-0.7071042418110081,0.09671596530017051,-0.11020775375559674,-0.12751534261266764,-1.3655282423239201,0
-0.49707806507947744,-0.6173899449276066,-0.4678748172649848,-1.8060980387431762,-0.16886147042425492,-0.18249080441898985,-0.4248948448760178,0.4358515124530109,-0.32361742359417855,0.5898166825993423,1.0730367474194349,2.064353062214776,0.982010053033739,4.235492172037854,1.7679242899792895,-0.405297718137313,-0.14139250356818595,-0.8218149046083278,-0.3135661800764976,-0.11020775375559674,-0.12751534261266764,1.500168945751954,0
-0.3681332218306023,-0.6173899449276066,-0.4678748172649848,-2.3263175325916627,-0.1480435860328674,-0.1313276056944673,1.4582453248026472,-0.4042631992914204,3.090068479298001,-0.5776881190082934,0.0072473677815378485,0.620020498366563,-0.017532198569578987,-0.23610007040075875,-1.004785570000166,-1.12020051447472,-0.14139250356818595,-0.17957799250569986,1.5833871378614441,-0.11020775375559674,-0.12751534261266764,0.09991303139814046,0
0.85814768419126,0.8973057001352163,-0.4678748172649848,-1.0257687979704462,-0.16819190877333912,-0.18160992097523831,-0.8184562975155607,0.4358515124530109,-0.32361742359417855,-0.9950038796499762,-0.7032788853103935,0.018188400031795546,-0.6852583313978737,-0.23610007040075875,-0.26294092114800305,-0.7208458120469883,-0.14139250356818595,-0.30297695512596384,-1.5852763048177083,-0.11020775375559674,-0.12751534261266764,-0.6821073367659536,0
-0.8253741421063054,-0.6173899449276066,1.3887712829928915,0.27477993665077066,-0.14880245650681834,-0.16404116899257132,0.009167388273507075,-0.4042631992914204,-0.32361742359417855,-0.5686498015609386,0.36251049432750354,-0.08911369492416987,0.4285021247423997,-0.23610007040075875,-1.337721882651063,1.466130853648881,-0.14139250356818595,-0.5538509613500392,0.5642130960634089,-0.11020775375559674,-0.12751534261266764,-0.7213460635477225,0
-0.33639721157111024,-0.6173899449276066,-0.4678748172649848,0.7949994304992574,-0.11381391063898658,-0.1374457040914906,1.6369692125196904,0.4358515124530109,-0.32361742359417855,-0.8457321834495849,-0.34801575876442786,-0.14712267991885244,-0.8213744747815482,-0.23610007040075875,1.4269605633539875,-0.7584069462589926,-0.14139250356818595,-0.4287242467967173,0.1622045278749393,-0.11020775375559674,-0.12751534261266764,-0.09496200879188824,0
0.667011903317476,-0.6173899449276066,-0.4678748172649848,0.014670189726527326,-0.1556968120675864,-0.16958213520849433,-0.6011933136007593,0.4358515124530109,-0.32361742359417855,-0.33750809629569106,0.36251049432750354,0.5299323087576269,1.5144676350117552,-0.23610007040075875,2.1307092711623,0.012714480036621088,-0.14139250356818595,-0.5839391025007704,0.816800176597005,-0.11020775375559674,-0.12751534261266764,-0.3333065264855649,0
4.576241283898919,-0.6173899449276066,-0.4678748172649848,0.014670189726527326,-0.1640355102794304,-0.17777639609129228,-0.3421918326704165,-0.4042631992914204,-0.32361742359417855,1.255502026688117,-1.413805138402325,2.296492297850857,0.2933049051202884,-0.23610007040075875,-1.0666189562488209,-1.058467692316491,-0.14139250356818595,-0.92679661253643,1.6948223502022628,-0.11020775375559674,-0.12751534261266764,-1.6511495294200795,0
0.14594081043314916,0.8973057001352163,-0.4678748172649848,0.7949994304992574,1.6875719586643898,1.33770719034668,-0.5068120480151336,1.275966224197442,-0.32361742359417855,1.6812420479150485,-0.34801575876442786,-0.7388035833300435,1.2274263443282651,-0.23610007040075875,-1.096654072413472,-0.15938350665657594,-0.14139250356818595,-0.931143956979469,-0.5667614026083165,-0.11020775375559674,-0.12751534261266764,-1.3751748370092232,0
-0.7751398013267046,0.8973057001352163,-0.4678748172649848,0.5348896835750141,-0.1667658919133598,-0.18070551145791097,-0.6145507749579906,-0.4042631992914204,-0.32361742359417855,-1.0775187150852743,1.4282998739654007,-0.026584219363031184,-0.14039916948405864,-0.23610007040075875,0.08026164122274387,-0.015224564342182823,-0.14139250356818595,0.4677099413787103,0.7628614835912548,-0.11020775375559674,-0.12751534261266764,0.18150832762690983,0
0.20727599863581003,-0.6173899449276066,1.3887712829928915,1.3152189243477441,-0.15843328629511133,-0.1748410871075714,0.448755766648804,-0.4042631992914204,-0.32361742359417855,1.9180624545716995,1.0730367474194349,0.6488530359441833,-0.16304126806607366,-0.23610007040075875,-1.4498358760684085,0.4832726328235425,-0.14139250356818595,0.2389232834943786,-0.33075364296713067,-0.11020775375559674,-0.12751534261266764,-0.8766755796611093,0
-0.9722596711596192,-0.6173899449276066,-0.4678748172649848,1.0551091774235009,0.009351564704375254,-0.044268005587756724,2.199035760257653,0.4358515124530109,-0.32361742359417855,-0.7552310726443623,1.0730367474194349,0.04141525748817063,-0.7874436144310766,-0.23610007040075875,-0.911412074791068,0.627264275092475,-0.14139250356818595,-0.36653690015013657,0.5281095435410279,-0.11020775375559674,-0.12751534261266764,-0.20974901062793186,0
0.7732119926411386,0.8973057001352163,-0.4678748172649848,0.014670189726527326,-0.15736385558849952,-0.17122030332134652,-0.7177069420934862,-0.4042631992914204,-0.32361742359417855,0.07565076022311079,-0.34801575876442786,1.1183580816397083,1.4031265846294736,-0.23610007040075875,-0.47026227166839013,-0.3562452379647594,-0.14139250356818595,4.304056387051755,-1.4329019134993188,-0.11020775375559674,-0.12751534261266764,-0.07552999567313431,0
-0.1399970848611048,0.8973057001352163,-0.4678748172649848,1.3152189243477441,-0.13992307114473423,-0.16119889187947165,-0.9420162989722948,-1.2443779110358517,-0.32361742359417855,-0.83771219264592,-0.34801575876442786,-0.7002361429768169,-0.5619664434738098,-0.23610007040075875,1.2849731996977634,1.2082614160140899,-0.14139250356818595,-0.5532822035352416,-1.3868064757159722,-0.11020775375559674,-0.12751534261266764,-0.6824762224119572,0
-0.10053086996163998,-0.6173899449276066,-0.4678748172649848,0.7949994304992574,-0.16639348162210918,-0.18050305656981624,0.20529048504439953,2.9561956476863047,-0.32361742359417855,-0.7752577603764375,-1.0585420118563593,-1.2503135423755942,1.3742014446217956,4.235492172037854,-0.6987921298723033,0.7029120197941318,-0.14139250356818595,0.996152279898691,-1.6667073006485837,-0.11020775375559674,-0.12751534261266764,1.5244485455781278,0
-0.4627763967167123,-0.6173899449276066,-0.4678748172649848,-0.5055493041219594,-0.16850671152354096,-0.18211160126221573,0.33082051617177893,0.4358515124530109,3.090068479298001,-0.7924485261114156,0.0072473677815378485,0.05633274117068881,-0.9719851399603158,-0.23610007040075875,-0.14402057797721896,-0.9773366155715829,-0.14139250356818595,-0.6517830354100471,-0.826207993080768,-0.11020775375559674,-0.12751534261266764,0.4547852147114273,0
0.9340261921491184,0.8973057001352163,-0.4678748172649848,0.7949994304992574,-0.1463966484526017,-0.164127672021583,-0.34382231699398214,-0.4042631992914204,-0.32361742359417855,-0.4812231140845202,0.7177736208734693,-0.5939758929395412,-0.03130058933354142,-0.23610007040075875,1.2999315883170721,0.9927979517062483,-0.14139250356818595,-0.17724067011456152,-0.6431484414339442,-0.11020775375559674,-0.12751534261266764,0.22966686375024387,0
-0.9301289341108377,-0.6173899449276066,-0.4678748172649848,-1.0257687979704462,-0.15291543860712328,-0.1611392008683649,-0.9105150123685871,-1.2443779110358517,-0.32361742359417855,2.1393472463271825,-1.0585420118563593,-0.7629811522050082,-0.8521284744683932,-0.23610007040075875,-1.2190532789652662,0.5086806941207337,-0.14139250356818595,-0.6068914241035542,-0.48882013497246024,-0.11020775375559674,-0.12751534261266764,-0.762633883304627,0
0.7697697768270821,0.8973057001352163,-0.4678748172649848,1.5753286712719874,-0.15632102246921215,-0.1737255862484312,1.0535307728321908,-0.4042631992914204,-0.32361742359417855,0.7065958767676138,1.4282998739654007,-0.4967032830520165,-0.8739778214734996,-0.23610007040075875,-0.9279900572349752,1.1380609820389864,-0.14139250356818595,-0.6627536951885837,-0.27073581091520926,-0.11020775375559674,-0.12751534261266764,-0.9288390188183014,0
1.6591996414667263,-0.6173899449276066,1.3887712829928915,-1.2858785448946894,0.36456095002062794,0.6037714662124726,0.042499338179101294,-1.2443779110358517,-0.32361742359417855,-0.4644483196824823,-0.7032788853103935,-0.7780640080476642,1.0525144454405797,-0.23610007040075875,0.004236465045023688,-0.2381534173618824,-0.14139250356818595,-0.6223848547491102,0.24377032915028699,-0.11020775375559674,-0.12751534261266764,-1.467919607193747,0
1.6606478642910107,-0.6173899449276066,1.3887712829928915,-1.0257687979704462,-0.111395776107247,-0.1055021734190221,-0.5149589219122354,-0.4042631992914204,-0.32361742359417855,0.77292213175203,1.0730367474194349,-1.476064318513624,-0.6114277655342624,-0.23610007040075875,-0.9339867368278632,0.7925688106380125,-0.14139250356818595,-0.9689190562096689,0.9828925532911493,-0.11020775375559674,-0.12751534261266764,-0.4912748534574716,0
-0.7983231425429349,-0.6173899449276066,-0.4678748172649848,-1.2858785448946894,0.26811345981711643,0.46160612886470687,-0.7602486654263854,0.4358515124530109,-0.32361742359417855,0.17401747948570362,0.0072473677815378485,0.5028292866765047,0.9631770211207837,-0.23610007040075875,1.2286298321363296,-1.0515563418321272,-0.14139250356818595,-0.3083941484428982,0.25721030678184453,-0.11020775375559674,-0.12751534261266764,0.07097962768785951,0
-0.9675213160934426,-0.6173899449276066,-0.4678748172649848,1.3152189243477441,-0.1435766910078905,-0.16389164261507969,-0.6545539998840214,-0.4042631992914204,-0.32361742359417855,0.40106296629119853,2.138826127057332,1.490761807161258,-0.13541036535334774,4.235492172037854,0.6270709668547181,1.7295531308049306,-0.14139250356818595,-0.38239319734641863,-1.0253584735577859,-0.11020775375559674,-0.12751534261266764,2.2833999164584897,0
0.39152623994058966,2.412001345198039,-0.4678748172649848,-0.5055493041219594,-0.1159502921192942,-0.1225199792492782,-0.635595170372043,2.116080935941873,-0.32361742359417855,3.8056572428148767,-0.7032788853103935,-0.8225730450285592,-0.6465645944056305,-0.23610007040075875,1.7795228059227228,-0.47173147940223825,-0.14139250356818595,-0.010594952356104761,1.612925010436441,-0.11020775375559674,-0.12751534261266764,-0.4054082744673824,0
1.5418018740974289,-0.6173899449276066,-0.4678748172649848,1.3152189243477441,-0.11984499356274987,-0.14640116792255786,-0.8952592061002626,0.4358515124530109,3.090068479298001,-0.35241851276781777,-0.34801575876442786,0.5215952284661622,0.32726813082677536,-0.23610007040075875,-1.3470833228610872,2.053679078714785,-0.14139250356818595,0.46982844283953934,-0.12158381625679854,-0.11020775375559674,-0.12751534261266764,0.8536306044511167,0
-0.9551542132878813,0.8973057001352163,-0.4678748172649848,-1.0257687979704462,-0.13056871025242503,-0.1311942190449443,-0.24820583139632305,0.4358515124530109,-0.32361742359417855,0.1882231577314677,-0.7032788853103935,2.651495034317238,-0.9661489415245499,-0.23610007040075875,0.7005722550195971,-0.6370493971867149,7.072510739706607,-0.8390180375421821,-1.4401146288697233,-0.11020775375559674,-0.12751534261266764,2.2470616603900697,0
-0.7910439325752683,0.8973057001352163,-0.4678748172649848,0.27477993665077066,-0.16871134675912544,-0.18238245820708732,0.5269010459170085,0.4358515124530109,-0.32361742359417855,-0.6085600253931219,1.0730367474194349,0.6110762136887222,-0.13987226466159966,-0.23610007040075875,0.47997382362155605,0.2519691234786473,-0.14139250356818595,2.016909045354435,0.5765897225273089,-0.11020775375559674,-0.12751534261266764,0.03675940126260345,0
-0.06461674852690408,0.8973057001352163,-0.4678748172649848,0.27477993665077066,-0.14756085441326652,-0.16289732908996582,-0.4058248836775397,-1.2443779110358517,-0.32361742359417855,-0.3310541407133735,1.4282998739654007,1.3165957622740996,-0.8504077639998272,-0.23610007040075875,-1.4207930626847063,-0.16163793442674898,-0.14139250356818595,0.8065536807141602,0.8077149021236786,-0.11020775375559674,-0.12751534261266764,-0.3552145939981853,0
-0.805891274295481,-0.6173899449276066,1.3887712829928915,0.5348896835750141,-0.16527257590400815,-0.1794107028174279,-0.6784220226775685,0.4358515124530109,-0.32361742359417855,-1.1846517642319037,1.0730367474194349,1.150512312936213,0.5616189875890409,-0.23610007040075875,0.23711030813566,-0.14957779075438846,-0.14139250356818595,-0.373101164923133,0.6369781478573289,-0.11020775375559674,-0.12751534261266764,-0.8098829897697423,0
-0.12597478267745496,-0.6173899449276066,-0.4678748172649848,1.8354384181962309,-0.16284820842081096,-0.17849999662547864,-0.2917212464360391,-0.4042631992914204,-0.32361742359417855,-0.8830342412957922,-1.0585420118563593,2.1543732422004656,-0.6024294615913727,-0.23610007040075875,0.7200629180993828,1.0405685503512523,-0.14139250356818595,-0.8309565856479232,1.413645282572797,-0.11020775375559674,-0.12751534261266764,-0.41311526912478347,0
-0.8722594532385259,-0.6173899449276066,-0.4678748172649848,1.3152189243477441,-0.15857027078552538,-0.17494204591038748,-0.42654816698207204,0.4358515124530109,-0.32361742359417855,-0.29411480223065084,-0.7032788853103935,0.3671231324083264,2.008939948929411,-0.23610007040075875,2.451368606479858,-0.8156353133534193,-0.14139250356818595,1.6257276772601488,2.7185248522051233,-0.11020775375559674,-0.12751534261266764,0.39786548190011745,0
0.4518034306409681,-0.6173899449276066,-0.4678748172649848,0.5348896835750141,-0.16004009046995943,-0.17487377472666873,-0.3454108342454574,-1.2443779110358517,-0.32361742359417855,-1.128418600123274,-0.7032788853103935,0.237558736289239,-0.48257180270360245,4.235492172037854,-0.81999462235235,-0.5413407248227984,-0.14139250356818595,0.27153655525841086,1.8728378791209292,-0.11020775375559674,-0.12751534261266764,1.0492964285757957,0
-0.6002292189566493,-0.6173899449276066,-0.4678748172649848,0.5348896835750141,-0.1652032453889707,-0.1793505884482271,-0.29893469981455617,1.275966224197442,-0.32361742359417855,-0.6901642055392916,-0.34801575876442786,-0.5416823226630233,-0.9410668882960628,-0.23610007040075875,-0.48521390632141365,0.6320054617012415,-0.14139250356818595,3.139602658310611,1.0298717777523296,-0.11020775375559674,-0.12751534261266764,0.16108518129457403,0
-0.23331566844079477,-0.6173899449276066,-0.4678748172649848,1.0551091774235009,-0.16765036543103787,-0.18158591737696317,1.3079021872350771,2.9561956476863047,-0.32361742359417855,-0.8206120438027056,-0.7032788853103935,-1.167946995064817,0.1507940465277299,-0.23610007040075875,0.4994734746953234,-0.9454818242665429,-0.14139250356818595,-0.635310956904696,-0.7996525824047788,-0.11020775375559674,-0.12751534261266764,-0.4155260253948943,0
1.0343817675578133,-0.6173899449276066,-0.4678748172649848,0.27477993665077066,-0.16051249195346756,-0.17482917094131573,-0.24342473232598066,-0.4042631992914204,-0.32361742359417855,-0.4912902491778343,-0.7032788853103935,-0.08540994568821504,-0.9430093264926784,-0.23610007040075875,1.4470305835071267,-0.800887657273003,-0.14139250356818595,0.10445719076217323,-1.1289589430616331,-0.11020775375559674,-0.12751534261266764,-0.5656318778705067,0
-0.508924508982429,-0.6173899449276066,1.3887712829928915,-0.24543955719771604,-0.15936637238035267,-0.17251937783642324,1.2009105753304312,0.4358515124530109,-0.32361742359417855,1.0188187928964514,-1.413805138402325,0.11578088806730509,-0.5896535194040597,-0.23610007040075875,-0.7136192166074652,0.15690872433162323,-0.14139250356818595,2.0086501359678297,0.007857958757363637,-0.11020775375559674,-0.12751534261266764,-0.2354096752578895,0
-0.4068073185430225,-0.6173899449276066,-0.4678748172649848,-0.24543955719771604,-0.13790100572563865,-0.14991913713015376,-0.9913925077088284,2.9561956476863047,-0.32361742359417855,0.36656314119044114,-1.0585420118563593,-0.3027076070623796,-0.3174769221633248,-0.23610007040075875,-1.3292492084901755,-1.0536053627602566,-0.14139250356818595,1.6185161363818585,1.2860813666271826,-0.11020775375559674,-0.12751534261266764,-0.7908033731832684,0
-0.48043221363105937,0.8973057001352163,-0.4678748172649848,1.3152189243477441,-0.14231670330047952,-0.1629630203300407,0.9167784223504921,-1.2443779110358517,-0.32361742359417855,-0.44722262883410624,0.0072473677815378485,0.14798213122692738,5.289889764942995,-0.23610007040075875,-0.6296203151192769,1.0947225000436724,-0.14139250356818595,0.5553001144121426,1.902733702674554,-0.11020775375559674,-0.12751534261266764,-0.3220423937894787,0
0.9963798450490404,-0.6173899449276066,-0.4678748172649848,0.27477993665077066,-0.16243950998379056,-0.17660445798985655,-0.7686043642579036,-0.4042631992914204,-0.32361742359417855,0.3968891889011655,1.4282998739654007,-0.9966849554789975,0.14494310593773146,-0.23610007040075875,0.027685958157753664,1.9094094488930524,-0.14139250356818595,-0.7672927449546754,-0.821017172216429,-0.11020775375559674,7.8421935706790595,3.5360092318089893,1
0.1882598713571385,-0.6173899449276066,-0.4678748172649848,0.014670189726527326,-0.15591361086713487,-0.16979517876486797,-0.39870190081854245,1.275966224197442,-0.32361742359417855,-1.131469314094163,-0.34801575876442786,1.360482576439399,2.499088132266693,-0.23610007040075875,-0.9556073961820719,1.3869375113683846,-0.14139250356818595,-0.5146779076419582,-0.2584265061164976,-0.11020775375559674,-0.12751534261266764,-1.1232029083643964,0
-0.5059990040482889,-0.6173899449276066,-0.4678748172649848,0.014670189726527326,-0.1493159814929785,-0.16331182909488473,-0.827508680478058,-1.2443779110358517,-0.32361742359417855,0.04237993145262652,0.7177736208734693,1.4729532109499137,-0.49919300432298985,-0.23610007040075875,-1.2352073008310926,-0.8593922130902342,-0.14139250356818595,1.439675638331802,0.820563006816794,-0.11020775375559674,-0.12751534261266764,-0.4500092035153353,0
-0.9167820831079704,0.8973057001352163,1.3887712829928915,-0.24543955719771604,0.32830228966873115,0.3409323290224142,0.20609838451877416,1.275966224197442,-0.32361742359417855,0.37637734202045997,0.7177736208734693,2.1895825799154864,0.11478674114994322,-0.23610007040075875,0.8261874503970856,-0.4633644221220989,-0.14139250356818595,0.15294245817378666,-0.44085626425870983,-0.11020775375559674,-0.12751534261266764,-0.6119478347864177,0
-0.4948325845488352,-0.6173899449276066,1.3887712829928915,1.0551091774235009,-0.15591008858629363,-0.17247782291203784,0.6417387282611609,-0.4042631992914204,-0.32361742359417855,-0.3379670477043112,-1.0585420118563593,-0.34629614883319987,0.7613506924304487,-0.23610007040075875,-0.7564682328303917,1.3154070739264903,-0.14139250356818595,-0.5710863557497325,-0.4308697772838762,-0.11020775375559674,-0.12751534261266764,-0.9105211104460309,0
-0.9113210176193186,-0.6173899449276066,-0.4678748172649848,1.0551091774235009,-0.14337681191815974,-0.16275452001569163,-0.8444084498975205,-0.4042631992914204,-0.32361742359417855,3.1853073238254623,-1.0585420118563593,0.8970368963960623,-0.8283720035742779,-0.23610007040075875,-1.219963016306424,-1.1117179799762456,-0.14139250356818595,-0.9632045423119986,-0.9719518425444952,-0.11020775375559674,-0.12751534261266764,-0.9428932324833361,0
-0.400828840221851,-0.6173899449276066,-0.4678748172649848,0.27477993665077066,-0.07988896642053038,-0.10055384064649153,-0.4120628462223732,-1.2443779110358517,-0.32361742359417855,1.7131729335657833,-0.7032788853103935,0.9928193722184693,1.6502782610736948,-0.23610007040075875,-0.517981761853055,-0.5163471670269509,-0.14139250356818595,-0.891621873077535,-0.21332490861197434,-0.11020775375559674,-0.12751534261266764,-0.1922227771185496,0
-0.27461204983251514,-0.6173899449276066,-0.4678748172649848,-1.545988291818933,-0.16573730717754415,-0.17738071385955415,-0.5888621868165014,-0.4042631992914204,-0.32361742359417855,-1.2060784525692547,-0.34801575876442786,-0.5559413098806022,1.3197609812640507,-0.23610007040075875,1.0985488354982473,-0.471075146279791,-0.14139250356818595,0.656568708371195,0.32848839252234197,-0.11020775375559674,-0.12751534261266764,-0.7573400982438904,0
-0.5786321329458107,-0.6173899449276066,-0.4678748172649848,-0.5055493041219594,-0.011780324970925748,-0.004405819689464393,0.08301294421408205,-1.2443779110358517,-0.32361742359417855,-0.6635262530646722,2.138826127057332,-0.4679531160337081,0.0965217359228616,-0.23610007040075875,1.3386493960025951,-0.9065773156094012,-0.14139250356818595,0.3004700481077616,0.649394936004254,-0.11020775375559674,-0.12751534261266764,-0.14746813009268156,0
-0.8275993017346563,-0.6173899449276066,-0.4678748172649848,0.014670189726527326,-0.16778703163760778,-0.1814629361165244,-0.12595491983173607,-1.2443779110358517,-0.32361742359417855,-0.9607446274181687,-1.413805138402325,-0.19557470527105075,-0.43584429949916526,-0.23610007040075875,-0.2262287087548163,-0.4531266373801529,-0.14139250356818595,-0.6646079955456561,0.6860206846151051,-0.11020775375559674,-0.12751534261266764,0.061704217653997695,0
-0.7360609244860216,-0.6173899449276066,1.3887712829928915,-1.2858785448946894,-0.16852633480878354,-0.18200879124847802,-0.7313069459607808,3.796310359430736,-0.32361742359417855,-0.7841843224982619,0.7177736208734693,-0.949806978755457,0.47503419415632364,-0.23610007040075875,0.32199395619209503,-0.6165434177865556,-0.14139250356818595,0.502203557878392,1.5654369507004953,-0.11020775375559674,-0.12751534261266764,-0.5784170608399088,0
-0.5120871437841262,-0.6173899449276066,-0.4678748172649848,-0.5055493041219594,-0.11535447993125732,-0.12184441163826765,0.9990199892104968,1.275966224197442,-0.32361742359417855,-0.08496856551926914,-0.7032788853103935,-0.6595518044130732,-0.7110312549092039,-0.23610007040075875,-0.13476636825198024,-0.7868462406813974,-0.14139250356818595,-0.943038236095079,0.9569246892664158,-0.11020775375559674,-0.12751534261266764,-0.5980724018271688,0
-0.4272392425362774,-0.6173899449276066,-0.4678748172649848,0.014670189726527326,-0.16615071113702326,-0.17985495886048036,-1.0033086743775679,-0.4042631992914204,-0.32361742359417855,0.6549499697535188,-1.413805138402325,-0.8242358506128605,-0.1714843645932987,-0.23610007040075875,1.6888523199402241,0.29840243996647586,-0.14139250356818595,-0.039691434981682774,-0.5934290603446963,-0.11020775375559674,-0.12751534261266764,0.09108630454180991,0
-0.9502076629017193,0.8973057001352163,1.3887712829928915,1.3152189243477441,0.23833428647086471,0.11758018643675308,-0.40593070584661156,0.4358515124530109,-0.32361742359417855,-0.01990138079334715,0.36251049432750354,-1.3874661830019965,0.2803442887066448,-0.23610007040075875,1.1206046412533217,0.8436823483845097,-0.14139250356818595,-0.03365303193244458,-0.26984836601740053,-0.11020775375559674,-0.12751534261266764,-0.4502020503143466,0
-0.8523948640743575,-0.6173899449276066,-0.4678748172649848,0.014670189726527326,-0.15331456672954782,-0.16724115352396826,0.4332260221612855,-0.4042631992914204,-0.32361742359417855,0.45751389883913557,1.0730367474194349,-1.3597789753977365,0.43005668534346186,-0.23610007040075875,-0.7201659926235053,-0.834219458356517,-0.14139250356818595,-0.029973842940894054,-1.0137867415655248,-0.11020775375559674,-0.12751534261266764,-0.6282847094281965,0
0.0921966878414719,-0.6173899449276066,-0.4678748172649848,-0.24543955719771604,0.08345138761117472,0.0831361584439472,1.1881524499049532,1.275966224197442,-0.32361742359417855,-0.7131541901696848,1.4282998739654007,1.163362086395698,-0.9181614334897845,-0.23610007040075875,-0.767432870200922,-0.5065355231675147,-0.14139250356818595,-0.25544154744708597,-0.10349189192790369,-0.11020775375559674,-0.12751534261266764,-0.34889830102371855,0
-0.5677084665122124,-0.6173899449276066,-0.4678748172649848,-0.5055493041219594,-0.08201497905977824,-0.08404208498523379,-0.23199941640508775,0.4358515124530109,-0.32361742359417855,-0.16016270177201597,-0.7032788853103935,0.35484249863971923,-0.9676579435681235,-0.23610007040075875,-0.031049697630829123,-0.45681440189850114,-0.14139250356818595,3.47912937358999e-05,-0.03903586869577219,-0.11020775375559674,-0.12751534261266764,-0.25993561775961543,0
0.346258984642917,-0.6173899449276066,-0.4678748172649848,0.014670189726527326,-0.1617047147675833,-0.17548597305362895,0.9819330724441119,1.275966224197442,-0.32361742359417855,-1.1804158467035708,-0.7032788853103935,1.6952355565069988,0.6668721949607722,-0.23610007040075875,0.5881058278930945,-0.5843088793156157,-0.14139250356818595,0.3769907157530354,-0.8418996266261428,-0.11020775375559674,-0.12751534261266764,-0.1457970923694392,0
0.599359556009427,-0.6173899449276066,-0.4678748172649848,-0.24543955719771604,-0.16855962068480113,-0.1821986732286317,-0.5065475662983793,-0.4042631992914204,-0.32361742359417855,-0.5053300311865192,-1.0585420118563593,0.5989639542328854,-0.6542260582351312,4.235492172037854,-0.47788735971373286,0.7155812074454082,-0.14139250356818595,0.3945308486752539,-0.5813613341219582,-0.11020775375559674,-0.12751534261266764,1.763699753722644,0
-0.5158974657049855,-0.6173899449276066,1.3887712829928915,-0.24543955719771604,-0.16809904105480547,-0.181713742751098,0.11638970666195492,-0.4042631992914204,-0.32361742359417855,0.5202598627508194,1.0730367474194349,-1.1551913371330949,1.4317752474772434,4.235492172037854,0.9191832121038475,-0.6808553869424758,-0.14139250356818595,0.5874096564404215,-1.0634209568730946,-0.11020775375559674,-0.12751534261266764,2.025123020732297,0
-0.17086487157956426,-0.6173899449276066,1.3887712829928915,-1.2858785448946894,0.8164703836060621,1.2698941091215556,0.13130124972661705,1.275966224197442,-0.32361742359417855,-0.7417386009756566,1.4282998739654007,-1.5350511299401448,1.1822166288999922,-0.23610007040075875,-0.7780597126533295,0.8177741845980215,-0.14139250356818595,-0.8890913574197905,1.5427691410524689,-0.11020775375559674,-0.12751534261266764,-0.8273445074933422,0
-0.9071070588569036,2.412001345198039,-0.4678748172649848,3.1359871528174477,-0.16094593207299,-0.17821161559171525,0.2739290338149642,3.796310359430736,-0.32361742359417855,-0.32161638940317594,1.4282998739654007,1.4573272583761923,-0.38798789898098957,-0.23610007040075875,2.3881099390182405,1.4232672207461983,-0.14139250356818595,1.586001622045131,0.1047765300821147,-0.11020775375559674,-0.12751534261266764,-0.21865355762445166,0
-0.3443949094681887,-0.6173899449276066,-0.4678748172649848,-1.0257687979704462,-0.009342732804855465,0.03125057527013327,0.8843562443313919,0.4358515124530109,-0.32361742359417855,-1.1628316088334714,-0.34801575876442786,0.7211037544705143,0.7552411594649351,-0.23610007040075875,1.3334113379945338,-0.889433568655297,-0.14139250356818595,-0.21117510773044412,-1.4551990082714237,-0.11020775375559674,-0.12751534261266764,0.00047368642336747857,0
-0.863477347000735,-0.6173899449276066,-0.4678748172649848,-1.2858785448946894,-0.1412808107550701,-0.14184839816681524,1.0055267502134562,2.116080935941873,-0.32361742359417855,-0.8969449104465127,-0.34801575876442786,-1.4279834462707441,0.055199434503516186,-0.23610007040075875,-0.5294841108973538,0.3386786862024864,-0.14139250356818595,-0.648212434490213,-2.085748477232454,-0.11020775375559674,-0.12751534261266764,-0.1095252321310956,0
1.2486332555588169,-0.6173899449276066,-0.4678748172649848,1.3152189243477441,-0.16773821366397682,-0.1816989023581286,-0.05773867676658273,-0.4042631992914204,-0.32361742359417855,-0.6591896023391582,1.4282998739654007,-1.3312082902734712,-0.4465725305842748,-0.23610007040075875,-0.8742439265242256,-0.3554301260219593,-0.14139250356818595,-0.4360994813557966,0.7056681275426596,-0.11020775375559674,-0.12751534261266764,-1.1071081959638274,0
2.366438171223723,0.8973057001352163,3.245417383250768,-1.2858785448946894,-0.015361030343048409,0.043759625673497025,-0.7426581659824251,-0.4042631992914204,-0.32361742359417855,-0.9727077407043696,-1.413805138402325,0.7100061242857972,-0.7911932216832436,-0.23610007040075875,-0.7136342872961904,-0.9478737621942165,-0.14139250356818595,-0.2375676669123751,-1.1465109749710432,-0.11020775375559674,-0.12751534261266764,0.854253557715132,0
0.18458409954729407,0.8973057001352163,-0.4678748172649848,0.27477993665077066,-0.10583053434189245,-0.12445280205990204,-0.1658438175797864,0.4358515124530109,-0.32361742359417855,-0.5421915201780043,-1.0585420118563593,-1.1163550911726907,-0.9366346809917453,-0.23610007040075875,-0.965534757891459,1.3533602121309427,-0.14139250356818595,-0.5614515291474361,-1.496824223325204,-0.11020775375559674,-0.12751534261266764,-0.7469020416657871,0
1.1913072356061647,-0.6173899449276066,-0.4678748172649848,-1.545988291818933,-0.10293963147340812,-0.0745308196114443,2.8445736885277624,-0.4042631992914204,-0.32361742359417855,-0.21028866613118266,1.0730367474194349,1.0719831749302884,0.6824667728002679,-0.23610007040075875,-0.8287272641074807,-0.936139071351115,-0.14139250356818595,-0.9613706978906076,-0.38790538309630235,-0.11020775375559674,-0.12751534261266764,-0.3238854607196576,0
-0.49120146279421,2.412001345198039,-0.4678748172649848,-1.0257687979704462,-0.16783629496167857,-0.1811333926460213,-0.7146959361219795,-1.2443779110358517,-0.32361742359417855,-0.8038251123233936,-1.0585420118563593,0.4870880841173307,-0.7818802516465837,-0.23610007040075875,0.16078095888950128,0.6779134533652611,-0.14139250356818595,0.40697638923114027,0.6181530589951518,-0.11020775375559674,-0.12751534261266764,-0.4498598265760623,0
0.49473709855161874,0.8973057001352163,-0.4678748172649848,-1.0257687979704462,-0.14944619776755128,-0.1564903613499747,0.3813769988599685,1.275966224197442,-0.32361742359417855,1.9862018163358692,1.4282998739654007,-1.1278713113504588,-0.5097804528229057,-0.23610007040075875,-1.3463680386556072,0.6892037594040696,-0.14139250356818595,0.009139560620471728,0.6712818371104348,-0.11020775375559674,-0.12751534261266764,-0.9165317250329077,0
-0.6576316384030865,-0.6173899449276066,-0.4678748172649848,-1.8060980387431762,-0.003384647205548394,0.12240396716195451,-0.7802749448729555,-0.4042631992914204,-0.32361742359417855,0.31000818385716417,0.0072473677815378485,-0.3608999462689638,-0.2181324494304218,-0.23610007040075875,-0.2666738344445293,1.3990212907621782,-0.14139250356818595,-0.10929865889824517,-0.7751019171747892,-0.11020775375559674,-0.12751534261266764,-0.6853535002824235,0
-0.7592678691108724,-0.6173899449276066,-0.4678748172649848,-0.5055493041219594,-0.12368943244236939,-0.1312950809412423,0.018608357391841756,0.4358515124530109,-0.32361742359417855,-0.4105781589671073,-0.34801575876442786,-0.4131057118439226,-0.7142936048822065,-0.23610007040075875,1.0942606327443263,-0.4606620214183832,-0.14139250356818595,-0.45525078910660266,-0.5209603195886431,-0.11020775375559674,-0.12751534261266764,-0.5451086836246046,0
-0.6977533238706997,-0.6173899449276066,-0.4678748172649848,0.27477993665077066,-0.16736621910198055,-0.1811432442138674,-0.48974523432045297,-0.4042631992914204,-0.32361742359417855,1.8493279460779284,-1.413805138402325,-0.8974592122707518,0.20040179065318658,-0.23610007040075875,-1.0357140174163468,-0.4590528170947207,-0.14139250356818595,-0.736082578715379,0.6758318419279524,-0.11020775375559674,-0.12751534261266764,-0.46870628990450147,0
0.7802639482076188,-0.6173899449276066,-0.4678748172649848,1.5753286712719874,-0.11198902900254647,-0.14260836878050034,-0.29203409517542733,-1.2443779110358517,-0.32361742359417855,0.24900596275166761,-0.34801575876442786,-1.197760857807147,-0.2435703298980247,4.235492172037854,-0.35195151858987483,-0.3567948682127476,7.072510739706607,-0.6202777379358008,-0.39879746603627975,-0.11020775375559674,-0.12751534261266764,5.062946482058066,1
-0.6133390091208925,-0.6173899449276066,-0.4678748172649848,0.014670189726527326,-0.16752064420822924,-0.1812011628712563,-0.25445884580978967,-1.2443779110358517,3.090068479298001,-0.1364010520991303,-0.34801575876442786,0.061838209587409855,-0.10931590675126289,-0.23610007040075875,0.04288516743518783,1.3610792466862665,-0.14139250356818595,0.2388626212495641,-0.7110267284494827,-0.11020775375559674,-0.12751534261266764,0.6891283183967287,0
-0.7966442842411193,0.8973057001352163,-0.4678748172649848,0.7949994304992574,-0.003860349217255177,-0.047404854349632194,-0.9470828217171797,1.275966224197442,-0.32361742359417855,-0.00965741169128062,0.0072473677815378485,1.5396285470226636,-0.4222954639085199,-0.23610007040075875,-0.46435483299098446,-0.5138863758514601,-0.14139250356818595,0.8471182716812315,-1.1143971006619162,-0.11020775375559674,-0.12751534261266764,-0.3329388252922508,0
-0.4513002012929394,-0.6173899449276066,-0.4678748172649848,-1.8060980387431762,0.15832973451372986,0.4203663555895271,1.2110671451743111,0.4358515124530109,-0.32361742359417855,0.19804808268312996,1.4282998739654007,-1.1799117059308764,-0.25570704238433034,-0.23610007040075875,0.029739244304028193,0.20680144135536174,-0.14139250356818595,-0.7756458581513391,-0.422357080365701,-0.11020775375559674,-0.12751534261266764,-0.529874590209066,0
1.6779023806688007,-0.6173899449276066,1.3887712829928915,-0.5055493041219594,-0.1069714117689319,-0.11233918592272699,0.6431035689312291,-1.2443779110358517,-0.32361742359417855,0.30883134406184215,2.138826127057332,0.034295647993279096,-0.7013859354151237,-0.23610007040075875,0.3670778501582964,-0.9667039451427099,-0.14139250356818595,0.5469046439115731,-0.3275487630907127,-0.11020775375559674,-0.12751534261266764,-0.4828208791431591,0
0.5830600329782722,-0.6173899449276066,-0.4678748172649848,-1.2858785448946894,-0.16732029509193888,-0.1802310669879686,0.2152132555337057,-0.4042631992914204,-0.32361742359417855,1.085250363520745,0.0072473677815378485,-0.13628843626134274,-0.9178776114112783,-0.23610007040075875,0.46962124304458985,2.0007061824141514,-0.14139250356818595,-0.32902787101290515,0.04036918500473969,-0.11020775375559674,-0.12751534261266764,-0.4003789041396808,0
3.0129405386574137,-0.6173899449276066,-0.4678748172649848,0.27477993665077066,-0.15028328910513847,-0.1654054026901741,-0.6888484786615585,-0.4042631992914204,-0.32361742359417855,1.0750502980905385,1.0730367474194349,0.8462986515359843,0.023916539059896023,-0.23610007040075875,-0.40308227530555896,-0.6891053939818962,-0.14139250356818595,1.993677292663955,1.2456031598810242,-0.11020775375559674,-0.12751534261266764,-0.6574549973604208,0
-0.25410253771164976,-0.6173899449276066,-0.4678748172649848,0.27477993665077066,-0.10828234916389667,-0.12671156405923575,0.666591870481471,0.4358515124530109,-0.32361742359417855,-0.41804836149244756,-1.0585420118563593,-0.8968720211380343,2.7277454277962163,-0.23610007040075875,0.2361278946101477,-0.9923436050240471,-0.14139250356818595,-0.698118196325138,-0.38547690252523575,-0.11020775375559674,-0.12751534261266764,-1.342020439904331,0
-0.7848690867866613,0.8973057001352163,-0.4678748172649848,1.5753286712719874,-0.09829413257476124,-0.13299573832965872,-0.8809349728727287,-0.4042631992914204,-0.32361742359417855,-0.059929890383566234,0.0072473677815378485,-0.16859764608759603,-0.8511127864674354,-0.23610007040075875,-0.768039729011948,3.718574032922889,-0.14139250356818595,-0.7514867440957543,1.0334382345818254,-0.11020775375559674,-0.12751534261266764,-0.5173321060690641,0
-0.5042116319790687,-0.6173899449276066,-0.4678748172649848,0.014670189726527326,-0.11886268596610242,-0.13338602509663883,-0.2563481168055588,-0.4042631992914204,-0.32361742359417855,1.0342243517917857,-0.7032788853103935,-0.27671007319651797,-0.6987378848790782,-0.23610007040075875,-0.7656217883346569,-0.9450843470505428,-0.14139250356818595,-0.7679414572734304,1.3836796748422941,-0.11020775375559674,-0.12751534261266764,0.014614125788041794,0
-0.8748953727822865,-0.6173899449276066,-0.4678748172649848,-2.0662077856674195,-0.08132330867842791,0.0018503643615234715,-0.13136292123986615,1.275966224197442,-0.32361742359417855,1.5251806037756874,0.7177736208734693,0.19770996022997242,-0.5029187905744539,-0.23610007040075875,0.6931977633087849,-0.7527657153793,-0.14139250356818595,-0.3811177705976452,-0.9521995490667766,-0.11020775375559674,-0.12751534261266764,-1.1528358482879442,0
0.6853226163736814,-0.6173899449276066,-0.4678748172649848,1.0551091774235009,-0.16623442125376792,-0.18048742936904116,-0.34174621074431594,-0.4042631992914204,-0.32361742359417855,-1.1064108928283753,-0.34801575876442786,0.03208539650094584,0.6279057749183166,-0.23610007040075875,-1.0705660588737653,-0.09712737344886797,-0.14139250356818595,1.515793443963177,-1.5637476923612124,-0.11020775375559674,-0.12751534261266764,0.0016089106685682102,0
-0.8088747442906555,0.8973057001352163,-0.4678748172649848,0.27477993665077066,-0.16791765534962982,-0.18165126106329127,-0.7183775492042729,-0.4042631992914204,3.090068479298001,0.6909332684057946,-0.34801575876442786,-0.07348257546808881,1.735374514859537,-0.23610007040075875,-1.0776066408648526,-0.3631246997482045,-0.14139250356818595,0.3498483448177106,1.0184742902928812,-0.11020775375559674,-0.12751534261266764,0.30396457003123695,0
-0.9663615159225368,0.8973057001352163,1.3887712829928915,-1.0257687979704462,-0.1618928264927575,-0.17316904759984827,0.3513474015471882,0.4358515124530109,-0.32361742359417855,-1.0911678277448533,1.4282998739654007,1.882722626633323,-0.9525222827906632,-0.23610007040075875,0.2639176728423944,-1.0463527646810529,-0.14139250356818595,1.3336813339699511,0.2995518758808335,-0.11020775375559674,-0.12751534261266764,-1.2278798079727142,0
-0.49987328871985337,-0.6173899449276066,-0.4678748172649848,1.5753286712719874,-0.16747832966822207,-0.18155704897588915,1.3092512647930554,-1.2443779110358517,-0.32361742359417855,-0.9045449612378289,1.7835630005113663,-1.0679965147788886,-0.5759729107380779,-0.23610007040075875,-0.25388869235522776,-0.921853491323848,-0.14139250356818595,-0.20661151168933822,0.06628411665673314,-0.11020775375559674,-0.12751534261266764,-0.42633739091436446,0
1.9329061526570614,2.412001345198039,-0.4678748172649848,0.014670189726527326,-0.1580415914558879,-0.1718862999032976,2.95026809673312,-0.4042631992914204,-0.32361742359417855,-0.9703296570372744,0.36251049432750354,-0.18861097065041513,-0.3641297556612974,-0.23610007040075875,0.3332548629779219,1.0478280866146583,-0.14139250356818595,-0.451392338731626,-0.6728532462385625,-0.11020775375559674,-0.12751534261266764,-0.565112443534579,0
0.5709697514109369,0.8973057001352163,-0.4678748172649848,0.014670189726527326,-0.16646228488182802,-0.18016113573417203,0.2639520391596648,1.275966224197442,-0.32361742359417855,-0.5662000894794147,0.36251049432750354,1.8084629314798775,-0.4442064918293549,-0.23610007040075875,1.4119645929209752,0.8775524027863922,-0.14139250356818595,0.7914595495799188,-0.49862924761134103,-0.11020775375559674,-0.12751534261266764,-0.443602155208125,0
-0.8454200850021313,-0.6173899449276066,3.245417383250768,0.7949994304992574,-0.16612211651555014,-0.18028083598442612,0.4752862559868426,-0.4042631992914204,-0.32361742359417855,0.2770174298850364,1.7835630005113663,-0.23085636871460224,-0.16415572701183123,-0.23610007040075875,-0.3121798915684574,-0.8159610776199624,-0.14139250356818595,0.50725218240586,-0.6175664623660684,-0.11020775375559674,-0.12751534261266764,0.4555605663237824,0
1.3979901756019264,-0.6173899449276066,-0.4678748172649848,-0.5055493041219594,-0.12587391599208222,-0.13377197947168992,-0.968965806432777,-1.2443779110358517,-0.32361742359417855,-0.9792627644914469,0.7177736208734693,-0.9891892635528897,0.36872802915964004,4.235492172037854,1.7670971936642506,-0.22646811083819926,-0.14139250356818595,0.04652410563000229,-1.1084120263677648,-0.11020775375559674,-0.12751534261266764,2.439227812832966,0
-0.8334769008727303,-0.6173899449276066,-0.4678748172649848,0.7949994304992574,-0.16206451065770427,-0.17695806703875577,0.22251873102145753,-1.2443779110358517,-0.32361742359417855,1.0865788879787153,0.0072473677815378485,0.5006373947167001,-0.4714558542561429,-0.23610007040075875,0.08339878798445712,-0.41126475762137726,-0.14139250356818595,-0.6354363542450342,-0.6731276949761545,-0.11020775375559674,-0.12751534261266764,-0.3606409971853048,0
1.1577952611285194,-0.6173899449276066,-0.4678748172649848,0.27477993665077066,-0.16124771477901037,-0.17550650324409597,-0.9682740879920594,-0.4042631992914204,-0.32361742359417855,-0.9347043398505948,-0.34801575876442786,-1.0328005182481164,-0.15784297006535533,-0.23610007040075875,0.8652957141390829,0.22992076585144255,-0.14139250356818595,-0.7204927081326641,-0.4115798182566468,-0.11020775375559674,-0.12751534261266764,-0.347359366468046,0
2.633408483195341,0.8973057001352163,1.3887712829928915,-2.0662077856674195,-0.13853265552983673,-0.11861764629846272,-1.0125321706068944,0.4358515124530109,-0.32361742359417855,-0.28779900276704895,0.36251049432750354,-1.2256889813017628,-0.1903838042445678,-0.23610007040075875,-1.0253111650537488,-0.36671242574712987,-0.14139250356818595,4.603401169548951,0.2627835453965945,-0.11020775375559674,-0.12751534261266764,0.2794210886060415,0
-0.4365634893135728,0.8973057001352163,-0.4678748172649848,0.27477993665077066,-0.16162374876509836,-0.17585292878594794,-0.6979316538763937,0.4358515124530109,-0.32361742359417855,-0.8515280202641328,1.7835630005113663,0.5298513310930519,0.8828345279588612,-0.23610007040075875,-0.06391897667811958,-1.1189543460715738,-0.14139250356818595,-0.7932819334889083,-1.4392621019797087,-0.11020775375559674,-0.12751534261266764,-0.6546402363719682,0
-0.682889934273105,2.412001345198039,-0.4678748172649848,-1.545988291818933,-0.11020126376710866,-0.08642390490642395,3.2767629179456703,1.275966224197442,-0.32361742359417855,-0.11248375124669252,1.0730367474194349,0.16275993634744904,-0.833299135523455,-0.23610007040075875,0.3831276040221243,-0.8660866989026532,-0.14139250356818595,-0.6690033189417974,-1.6250048515742275,-0.11020775375559674,-0.12751534261266764,-0.5137581229770477,0
-0.9559397016663019,-0.6173899449276066,-0.4678748172649848,0.5348896835750141,0.12682997784080047,0.07386248793885994,0.5234701851322309,0.4358515124530109,-0.32361742359417855,-0.392403905299422,1.4282998739654007,1.3310571367439339,1.8674251629189915,-0.23610007040075875,-1.2678550869517788,1.9067276853972714,-0.14139250356818595,-0.7545197517005665,1.5214515048017654,-0.11020775375559674,-0.12751534261266764,0.014576458537105402,0
-0.3183177044583017,-0.6173899449276066,3.245417383250768,-0.5055493041219594,-0.16071101419611827,-0.17327237184497157,0.3783317698801857,0.4358515124530109,-0.32361742359417855,-1.1027502856697582,1.0730367474194349,-0.4228483560103775,1.109909908928028,4.235492172037854,-0.21125699511972426,-0.6702277492596171,-0.14139250356818595,-0.5286319430577153,-1.0046425677383826,-0.11020775375559674,-0.12751534261266764,2.9237306814104516,0
-0.6246609982121513,-0.6173899449276066,-0.4678748172649848,-1.0257687979704462,-0.16488049058657347,-0.17717256639525156,0.1874646409644372,2.116080935941873,-0.32361742359417855,-0.5126339359194546,-0.34801575876442786,-1.5945435018612915,-0.9737328284176946,-0.23610007040075875,0.06278734749343065,1.1028959353244405,-0.14139250356818595,-0.4854422523491206,1.321842674200326,-0.11020775375559674,-0.12751534261266764,-0.5804442646267518,0
0.38352647327996353,-0.6173899449276066,-0.4678748172649848,-1.0257687979704462,-0.04483427445579606,-0.016308671558011367,0.8477627887162055,-0.4042631992914204,-0.32361742359417855,1.5029254402643726,-1.7690682649482907,-1.0294901286105997,0.5748769041131468,-0.23610007040075875,-0.851947156564194,-1.052308977969517,-0.14139250356818595,-0.24527496317234518,-0.30202781408461904,-0.11020775375559674,-0.12751534261266764,-0.5770717819079192,0
2.4762344321976983,2.412001345198039,-0.4678748172649848,-0.5055493041219594,-0.025004467542581565,-0.019400146063068755,-0.09337925332084009,-1.2443779110358517,-0.32361742359417855,1.1249423613535245,-1.0585420118563593,1.9331543552526695,0.2055949158798602,-0.23610007040075875,-1.1444526992714763,-0.8971034430375856,-0.14139250356818595,-0.8837929954592783,1.0448965870610236,-0.11020775375559674,-0.12751534261266764,-0.1069627894050167,0
2.037007196310871,-0.6173899449276066,-0.4678748172649848,0.7949994304992574,-0.13154485148345646,-0.151965551922842,0.40612595627216974,-0.4042631992914204,-0.32361742359417855,0.9569413803089695,0.7177736208734693,1.0484581722462296,-0.3373400090129457,-0.23610007040075875,-1.43382140920415,-1.0084624326894838,-0.14139250356818595,0.6628184811000899,-1.756566674688732,-0.11020775375559674,-0.12751534261266764,-0.1490057096691793,0
1.3284746040725584,-0.6173899449276066,1.3887712829928915,-2.0662077856674195,1.1690487591338299,2.634808856011331,-0.7555261916837884,-1.2443779110358517,-0.32361742359417855,1.7019956754051766,0.36251049432750354,1.872291863228741,-0.8841072938958163,-0.23610007040075875,2.0674262757348627,0.6728584655208751,-0.14139250356818595,-0.9681032719719405,-0.4879063491347418,-0.11020775375559674,-0.12751534261266764,-0.36939922329087205,0
2.3812754181954245,-0.6173899449276066,-0.4678748172649848,-1.545988291818933,-0.16864064529335052,-0.18213579459827525,-0.10508084499922073,-1.2443779110358517,-0.32361742359417855,-0.7690872631628266,0.36251049432750354,2.0806392619568816,1.6729512069078942,-0.23610007040075875,-1.1600145168684477,-0.15438392825508981,-0.14139250356818595,-0.43117263689815144,-1.1599004082357098,-0.11020775375559674,-0.12751534261266764,-0.5257522868953126,0
-0.6676199255092631,-0.6173899449276066,-0.4678748172649848,2.3556579120447174,-0.14439792212332278,-0.16750586748902724,-0.6846545002962608,-1.2443779110358517,-0.32361742359417855,1.2683266055540585,-2.1243313914942563,2.112789455793244,-0.9285514745590967,-0.23610007040075875,-0.0257473206126521,0.8278746499255921,-0.14139250356818595,1.3120844822908675,-1.1374586412188505,-0.11020775375559674,-0.12751534261266764,-0.36186518226153763,0
1.7135590798421778,-0.6173899449276066,-0.4678748172649848,0.27477993665077066,0.5061747891442899,0.43936399016851996,-0.7362320295147404,-0.4042631992914204,-0.32361742359417855,-0.32969463924563813,0.7177736208734693,-1.2830210892204192,-0.6283954932652909,-0.23610007040075875,1.0410320176090175,1.3471644997497279,-0.14139250356818595,0.14854896495401762,1.7432199797343753,-0.11020775375559674,-0.12751534261266764,-0.30530128896767783,0
-0.6756656372157703,-0.6173899449276066,-0.4678748172649848,-1.2858785448946894,-0.15998613697310185,-0.16942038585021976,-0.6878052747350895,-0.4042631992914204,-0.32361742359417855,-0.2829977888184671,0.0072473677815378485,1.1881896549395283,-0.34692288650047515,-0.23610007040075875,-1.0174973376835472,-0.6697580000064558,-0.14139250356818595,-0.8590166021802531,-1.0360053498130233,-0.11020775375559674,-0.12751534261266764,-0.17884632977705925,0
-0.0867416678974172,0.8973057001352163,-0.4678748172649848,-0.24543955719771604,0.20964579708883063,0.21600246703570963,-0.9640545814204725,0.4358515124530109,-0.32361742359417855,-0.3354338879766607,-1.0585420118563593,-0.9567284405744086,-0.2557349779471496,-0.23610007040075875,0.7872796762540168,-0.49111607376835686,-0.14139250356818595,0.7194368219987254,-1.6410126531828302,-0.11020775375559674,-0.12751534261266764,-0.05365143874352938,0
2.2266978293907047,-0.6173899449276066,-0.4678748172649848,0.5348896835750141,-0.16804567253534589,-0.18181517009472542,0.5937798288604584,-1.2443779110358517,-0.32361742359417855,-1.033803946074933,0.0072473677815378485,-0.057908680043909304,1.650381894549932,-0.23610007040075875,-1.1956045348060251,1.0883434585607896,-0.14139250356818595,-0.11633817814817747,-1.3268541804313696,-0.11020775375559674,-0.12751534261266764,-1.000564079945886,0
4.293665876963052,-0.6173899449276066,-0.4678748172649848,0.5348896835750141,-0.11902580723923807,-0.13931154410850685,0.3406396784995993,0.4358515124530109,-0.32361742359417855,-0.038357406792963594,1.7835630005113663,1.794517101858576,-0.45414360435359175,-0.23610007040075875,0.21950935695016188,-0.7572970168562825,-0.14139250356818595,0.14158850804186537,0.014098811197122469,-0.11020775375559674,-0.12751534261266764,-0.41882520086292263,0
-0.15205861013766683,0.8973057001352163,-0.4678748172649848,0.014670189726527326,-0.16819567314794107,-0.18186449941311372,0.44864722222409625,2.9561956476863047,-0.32361742359417855,-1.106110114610309,-0.7032788853103935,1.831942270562315,0.012833419282535374,-0.23610007040075875,-1.1039852645735593,0.01822889853303315,-0.14139250356818595,1.9585442165526132,1.6473377673998169,-0.11020775375559674,-0.12751534261266764,-0.20070942309057033,0
-0.6729257031319543,0.8973057001352163,-0.4678748172649848,0.014670189726527326,-0.15840928729140585,-0.17224762675854616,1.5349673351297934,0.4358515124530109,-0.32361742359417855,-1.0827889586787538,-1.7690682649482907,-0.2898173816652297,-0.8609983845402208,-0.23610007040075875,0.4558152545496591,-1.0666127589456451,-0.14139250356818595,-0.02438351678797446,-0.06469004463495097,-0.11020775375559674,-0.12751534261266764,-0.5282182729855625,0
-0.7814355012968471,-0.6173899449276066,-0.4678748172649848,1.0551091774235009,-0.05100656281663358,-0.09109377762510534,-0.7186467717089703,-0.4042631992914204,-0.32361742359417855,-1.1484406452077254,0.0072473677815378485,-1.5435285510673005,-0.5244752625013428,-0.23610007040075875,-0.6864559222904599,-0.5362303846399877,-0.14139250356818595,-0.4215046215473376,0.35164379935384965,-0.11020775375559674,-0.12751534261266764,-0.3492264255071984,0
0.04718394349028624,0.8973057001352163,-0.4678748172649848,0.7949994304992574,0.26384545542694343,0.17181913275286773,-0.2204902357139518,-1.2443779110358517,-0.32361742359417855,-0.11290254507186567,-1.0585420118563593,-1.0309912594988238,0.0023563762522319145,-0.23610007040075875,0.5597229339265772,-0.15069404637495323,-0.14139250356818595,-0.8460557901181706,-0.7031377082016778,-0.11020775375559674,-0.12751534261266764,-0.07266812193399347,0
0.9313321327429389,-0.6173899449276066,-0.4678748172649848,0.5348896835750141,-0.11194749875586879,-0.13317415930390003,-0.43321327163600654,-0.4042631992914204,-0.32361742359417855,-1.0456551076649274,0.0072473677815378485,-1.1819931023168386,0.7823436113976934,-0.23610007040075875,-1.0103435997551256,-0.8920493285369187,-0.14139250356818595,1.127568796210874,-0.8303201031101155,-0.11020775375559674,-0.12751534261266764,0.09604437214164056,0
-0.9394688674138832,-0.6173899449276066,-0.4678748172649848,1.5753286712719874,0.1543448493874116,0.044334932543619004,-0.7893784250620814,-0.4042631992914204,-0.32361742359417855,0.6211688897174094,0.36251049432750354,0.18464638065280142,-0.49445151126638354,-0.23610007040075875,-1.5948286553356648,0.045600001297280375,-0.14139250356818595,-0.5587039571461208,0.4469246842458345,-0.11020775375559674,-0.12751534261266764,-0.4095791505049435,0
-0.04053423168777038,0.8973057001352163,-0.4678748172649848,1.0551091774235009,1.0407218736799164,0.7558679985877966,0.05789055488386851,1.275966224197442,-0.32361742359417855,0.8557229602073203,1.0730367474194349,0.6209187649484033,-0.4584438447442988,-0.23610007040075875,0.5015182001400981,-0.19379720797914435,-0.14139250356818595,-0.1114232416365377,-0.43737913433500636,-0.11020775375559674,-0.12751534261266764,-0.8766699094932701,0
-0.5433396633580236,-0.6173899449276066,-0.4678748172649848,-0.7656590510462028,-0.14586511469277522,-0.15426324030731783,0.1510063886870531,-0.4042631992914204,-0.32361742359417855,-0.3604683976190373,0.7177736208734693,0.1413950386709353,0.07731452886971094,-0.23610007040075875,-0.5043456938139032,0.05786875917836464,-0.14139250356818595,4.551200975003543,-1.3757227954409832,-0.11020775375559674,-0.12751534261266764,-0.21467101441540826,0
-0.5466348447038446,-0.6173899449276066,-0.4678748172649848,0.5348896835750141,-0.13465599821755556,-0.15286400467571942,-0.9874909360200737,-0.4042631992914204,-0.32361742359417855,-0.7096701991877944,0.7177736208734693,-0.47085947650528537,0.13825399533401103,-0.23610007040075875,-0.5429196612621009,-0.048522648860670356,-0.14139250356818595,-0.7862215567868668,-0.38877682780973627,-0.11020775375559674,-0.12751534261266764,-0.6950414360805971,0
0.5291024455716652,-0.6173899449276066,-0.4678748172649848,-1.0257687979704462,-0.06611005700120744,-0.044818568465020865,-0.35805969819288436,-0.4042631992914204,-0.32361742359417855,0.6576582459082001,-0.34801575876442786,0.4844074712062614,-0.8978637082851358,-0.23610007040075875,-0.9318014613256569,-0.9463571529037056,-0.14139250356818595,0.024203948722063058,0.038691360776679,-0.11020775375559674,-0.12751534261266764,-0.3771653242498029,0
2.2912366365963344,-0.6173899449276066,1.3887712829928915,0.7949994304992574,-0.15279852827639076,-0.16937016432311294,-0.31366694018858,-0.4042631992914204,-0.32361742359417855,0.7756423615814045,0.36251049432750354,-0.4720097376429177,0.41244321676529944,4.235492172037854,-0.2910126344551024,1.1360762624523726,-0.14139250356818595,-0.6900523671729503,1.0687678097652966,-0.11020775375559674,-0.12751534261266764,1.8047436104772225,0
0.1343195652303766,-0.6173899449276066,1.3887712829928915,-0.24543955719771604,-0.15325976340456657,-0.1660899124109387,0.6076034802186323,-0.4042631992914204,-0.32361742359417855,0.714069641413337,0.0072473677815378485,-0.6215540295750325,-0.73556552399918,-0.23610007040075875,-0.7792575420438539,-0.1446346451975956,-0.14139250356818595,-0.5409633430312605,0.039716685749581766,-0.11020775375559674,-0.12751534261266764,-0.5293460591133107,0
0.08710682515061052,2.412001345198039,-0.4678748172649848,0.27477993665077066,-0.09076050892985008,-0.11056937153969291,1.6230874033866654,1.275966224197442,-0.32361742359417855,-0.9482404118970872,1.0730367474194349,-0.9990174183844687,-0.11175713598175874,-0.23610007040075875,-1.4142583026460511,0.13599586956358542,-0.14139250356818595,0.01270317827004147,-0.7367419260320681,-0.11020775375559674,-0.12751534261266764,-0.4505868675422692,0
-0.5223974173959899,-0.6173899449276066,-0.4678748172649848,-0.5055493041219594,0.6584360906473833,0.7555257692415139,0.10179063116075314,-1.2443779110358517,3.090068479298001,2.740972517577262,-0.34801575876442786,0.05254750908642637,0.3783407657570195,-0.23610007040075875,-0.16109063696635348,0.2251466511448008,-0.14139250356818595,-0.06690722623407643,0.8762352901079367,-0.11020775375559674,-0.12751534261266764,0.506054457449816,0
0.3778942097189137,-0.6173899449276066,-0.4678748172649848,0.014670189726527326,-0.15347937281823104,-0.16740310495228902,-0.6369528901065254,-0.4042631992914204,-0.32361742359417855,1.25881096136987,-0.34801575876442786,-1.2052572479205932,0.05247329399418815,-0.23610007040075875,1.5291316063848222,0.4246299413612917,7.072510739706607,-0.5073194619418967,1.2204164403230664,-0.11020775375559674,-0.12751534261266764,2.6606319156512575,0
-0.09947663786743041,-0.6173899449276066,-0.4678748172649848,-0.24543955719771604,-0.16147165987943665,-0.17473597189701193,0.46676410574746446,0.4358515124530109,-0.32361742359417855,-0.8920251251815543,-0.34801575876442786,-0.007743806487303754,-0.2578809175167155,-0.23610007040075875,0.030054636315232173,0.25988128108195685,-0.14139250356818595,0.7611656315623538,0.2975722048011361,-0.11020775375559674,-0.12751534261266764,-0.054236271297337976,0
0.1586725898410055,-0.6173899449276066,1.3887712829928915,-0.5055493041219594,-0.15890259539361437,-0.17122187809099274,-0.3882420726623738,-0.4042631992914204,-0.32361742359417855,-0.8991194036068113,0.7177736208734693,-1.1811865241576458,-0.6272047132416171,-0.23610007040075875,-1.0905070144098956,-0.5712680110990104,-0.14139250356818595,-0.4230013844778517,-0.6136941414753371,-0.11020775375559674,-0.12751534261266764,-0.9481932540693765,0
0.049979666798165304,-0.6173899449276066,-0.4678748172649848,-0.24543955719771604,-0.16367911222943693,-0.17706013226473946,0.2266980623192946,-0.4042631992914204,-0.32361742359417855,1.5029555324281838,-1.0585420118563593,0.24481434427721968,-0.8602448168237117,-0.23610007040075875,-0.3468149225454862,-0.8925359517647266,-0.14139250356818595,0.42571011097283595,-0.7954825267410232,-0.11020775375559674,-0.12751534261266764,0.12960132590487763,0
-0.6057389612429241,-0.6173899449276066,1.3887712829928915,-0.24543955719771604,-0.16418790286565232,-0.17759582266465346,-0.6149993628975121,-0.4042631992914204,-0.32361742359417855,0.7944859896625746,-2.1243313914942563,-0.8971176621752126,-0.941154088881596,-0.23610007040075875,1.3998242446828641,0.14222093263694793,-0.14139250356818595,0.5252613752283516,0.16150326257108996,-0.11020775375559674,-0.12751534261266764,-0.21325626417180424,0
-0.24165658622960726,-0.6173899449276066,-0.4678748172649848,0.014670189726527326,0.09361514697409432,0.0754114095497597,1.9513168399056637,2.116080935941873,-0.32361742359417855,-1.1770926249119442,0.36251049432750354,0.09590548313376578,-0.7068633440373913,-0.23610007040075875,-0.9033421125707669,0.9405365578863241,-0.14139250356818595,-0.30938282588425714,-1.6361112649339609,-0.11020775375559674,-0.12751534261266764,-0.13339778412480022,0
2.2247389456633098,-0.6173899449276066,-0.4678748172649848,-1.0257687979704462,-0.16317662338799768,-0.17488935645592513,-0.290379737888367,-0.4042631992914204,3.090068479298001,-1.1477653590189185,-0.34801575876442786,0.5008786945951812,-0.616856442675029,-0.23610007040075875,1.756119960678524,0.39571386480019377,-0.14139250356818595,2.434559082070498,2.0065193515372903,-0.11020775375559674,-0.12751534261266764,1.587066050111543,0
-0.8661264691928914,-0.6173899449276066,-0.4678748172649848,-0.7656590510462028,-0.15704184504014942,-0.16799215847241364,-0.3560000552081845,-1.2443779110358517,-0.32361742359417855,1.158590409888949,-0.34801575876442786,-0.5948888427762268,0.32465704483187535,-0.23610007040075875,-0.5824658810319763,-0.36384043452331966,-0.14139250356818595,2.5595087117165685,2.5044818691870203,-0.11020775375559674,-0.12751534261266764,-0.11949305667724844,0
-0.6006174233100062,-0.6173899449276066,-0.4678748172649848,0.5348896835750141,-0.16614101938272766,-0.1801637035975544,0.9590722503168795,0.4358515124530109,-0.32361742359417855,-0.9041243922340402,-1.0585420118563593,-1.243772939756849,-0.08632983644712715,-0.23610007040075875,-0.08387533242092031,-0.968880757163566,-0.14139250356818595,-0.7593860245059412,-0.09519850348640195,-0.11020775375559674,-0.12751534261266764,0.08505778554547352,0
-0.3070545048497082,-0.6173899449276066,-0.4678748172649848,-1.8060980387431762,-0.16695874186104118,-0.1789849842118008,0.5585437350863488,0.4358515124530109,-0.32361742359417855,-0.39447129337371106,-0.7032788853103935,0.3084954799841077,0.0028730931999055684,-0.23610007040075875,0.9716246447917596,-0.14507628677235077,-0.14139250356818595,-0.9517465062696256,0.4217052599978642,-0.11020775375559674,-0.12751534261266764,-0.21850543827203855,0
-0.4285753907577749,0.8973057001352163,-0.4678748172649848,1.8354384181962309,-0.10922227394088291,-0.14257018158103665,1.255286116549467,0.4358515124530109,3.090068479298001,-0.9154892388144492,-1.7690682649482907,2.373050459949804,0.20866012830947414,-0.23610007040075875,-0.16609898417943222,0.9755420161898694,-0.14139250356818595,0.07170046241616686,-0.5218003594396632,-0.11020775375559674,-0.12751534261266764,1.1391620868132546,0
-0.8455255413681527,-0.6173899449276066,-0.4678748172649848,-1.0257687979704462,-0.14304004824599528,-0.1479060161189298,-1.0003346544905383,-0.4042631992914204,-0.32361742359417855,-0.005904657415644226,0.0072473677815378485,0.6290405557075016,-0.8137705529316589,-0.23610007040075875,-0.6724925142976662,-0.8087885404201105,-0.14139250356818595,1.5658080102525604,-0.23334434617702296,-0.11020775375559674,-0.12751534261266764,-0.6902628883000992,0
-0.9339379308346433,-0.6173899449276066,-0.4678748172649848,-0.24543955719771604,-0.1593265198573748,-0.1724774183103392,0.5597071269187381,-0.4042631992914204,3.090068479298001,-0.2407396563111366,1.0730367474194349,-0.8136914301098296,-0.5507519806683698,-0.23610007040075875,0.2938998469173062,-1.0514441739246174,-0.14139250356818595,0.8133229809347413,-0.7327797420471663,-0.11020775375559674,-0.12751534261266764,0.8482506799150822,0
-0.4240837044872782,-0.6173899449276066,-0.4678748172649848,0.27477993665077066,-0.16463050628123457,-0.1786229379879919,0.6714452545175537,-1.2443779110358517,-0.32361742359417855,0.38399012011870665,-1.413805138402325,1.8671608721394088,-0.6336635799098304,-0.23610007040075875,0.44595969623054915,0.36983252001543565,-0.14139250356818595,-0.344224770847361,-0.5130497053485048,-0.11020775375559674,-0.12751534261266764,0.15988165208946564,0
-0.2493183684574478,-0.6173899449276066,-0.4678748172649848,1.0551091774235009,-0.06500986254800589,-0.10195752287239901,-0.7941542476394869,0.4358515124530109,-0.32361742359417855,-0.3639580437432801,0.7177736208734693,0.7354766876085951,0.45168040980619245,-0.23610007040075875,-1.3864496269085882,-0.24114213393474093,-0.14139250356818595,-0.3928839617777121,-0.836141859267945,-0.11020775375559674,-0.12751534261266764,-0.2905752127544042,0
-0.14511846795452035,2.412001345198039,-0.4678748172649848,1.0551091774235009,-0.16469728950239823,-0.17929492416821374,1.6380651801716632,-0.4042631992914204,-0.32361742359417855,0.8700008300465966,0.0072473677815378485,-0.2545106964128849,-0.8569329720913741,-0.23610007040075875,-0.19493622323851598,-0.6920576787922961,-0.14139250356818595,-0.429917207530252,-0.6368897569670144,-0.11020775375559674,-0.12751534261266764,-0.9251043876445302,0
1.5635866460048593,-0.6173899449276066,-0.4678748172649848,1.5753286712719874,-0.1571668656575622,-0.17431929486330427,0.25772625569957325,-0.4042631992914204,-0.32361742359417855,-0.7207236769245744,-0.7032788853103935,0.9964491194415908,-0.8668429673498302,-0.23610007040075875,-0.49978000960167923,1.8047652997765127,-0.14139250356818595,0.12054629346122517,-0.12720965827646075,-0.11020775375559674,-0.12751534261266764,-0.9483417831133844,0
-0.8574978631625852,-0.6173899449276066,3.245417383250768,0.5348896835750141,-0.15340523847604448,-0.16912089748149872,-0.5490290844143906,-0.4042631992914204,-0.32361742359417855,-0.9830120692675419,1.4282998739654007,1.063691936209965,-0.8817286096141772,-0.23610007040075875,0.7084083718037602,0.6993496213317727,-0.14139250356818595,-0.31256016261060826,0.566557743884342,-0.11020775375559674,-0.12751534261266764,0.28526494530219,0
0.03660503898497074,-0.6173899449276066,-0.4678748172649848,-0.5055493041219594,-0.14513816899503731,-0.155614945494237,-0.3885753450085285,-1.2443779110358517,-0.32361742359417855,-0.007371820324661452,-0.34801575876442786,0.16916843426119785,-0.038405204439494134,-0.23610007040075875,0.523487400873866,-0.5345799764671006,-0.14139250356818595,-0.677224445628739,-1.122882708341927,-0.11020775375559674,-0.12751534261266764,-0.6358086976935966,0
-0.6904600850845242,-0.6173899449276066,1.3887712829928915,-2.0662077856674195,0.12109225718749202,0.4280849202255761,1.7658993305486956,-1.2443779110358517,-0.32361742359417855,-0.6897138163032002,0.0072473677815378485,-0.854238102185478,-0.9800268884167485,-0.23610007040075875,2.7177057588483406,-1.0563291403661208,-0.14139250356818595,0.685272346680507,0.9169945541065406,-0.11020775375559674,-0.12751534261266764,-0.426531269294219,0
0.13259987107767401,-0.6173899449276066,-0.4678748172649848,-1.2858785448946894,-0.1420216487462547,-0.14294040670653532,1.5662531599195866,0.4358515124530109,3.090068479298001,-0.6143354100778086,0.36251049432750354,-0.11571079996911142,-0.9229007443296456,4.235492172037854,-1.1357671624043044,1.9206542986884272,-0.14139250356818595,-0.7532882356538724,0.2365935619740342,-0.11020775375559674,-0.12751534261266764,2.7047904519047945,0
-0.7527343773008683,0.8973057001352163,1.3887712829928915,-0.24543955719771604,3.1274141040162258,3.2880332001889174,-0.19622466012368378,-0.4042631992914204,-0.32361742359417855,0.1968454372492358,-0.34801575876442786,0.002717063613900721,0.34452344995496587,-0.23610007040075875,-0.8254789586018256,0.2998905284931692,-0.14139250356818595,1.222420476301729,0.01590650547888373,-0.11020775375559674,-0.12751534261266764,-0.2485556117842797,0
0.9507249661528686,-0.6173899449276066,-0.4678748172649848,2.095548165120474,-0.15615789231896415,-0.17438844260353756,-0.984066228911095,0.4358515124530109,-0.32361742359417855,-0.07322724867770428,-0.34801575876442786,-0.6945326947612869,-0.5894077305024393,-0.23610007040075875,-1.137578872430108,-0.6579503944073507,-0.14139250356818595,2.951664777294979,-0.8359340452790951,-0.11020775375559674,-0.12751534261266764,-0.20620666610390312,0
0.33546432637502893,-0.6173899449276066,-0.4678748172649848,0.5348896835750141,-0.16261076368575075,-0.17710272685121606,-0.7805544451778164,-0.4042631992914204,-0.32361742359417855,0.1975515443319554,-1.413805138402325,0.36612574820120214,0.03203037637414652,-0.23610007040075875,-0.8893685228094121,-0.9961730829172502,-0.14139250356818595,0.9825971372342535,-0.5336515141045094,-0.11020775375559674,-0.12751534261266764,-0.3083312691968864,0
-0.5387459785848243,-0.6173899449276066,3.245417383250768,0.5348896835750141,-0.16411708895657842,-0.17840881542445275,-0.3156034172446924,-0.4042631992914204,-0.32361742359417855,-0.49205473256756704,-1.413805138402325,-1.193488047857257,-0.861798687502805,-0.23610007040075875,-0.4078446061111086,-1.108378968688911,-0.14139250356818595,-0.5147397439844237,-0.7857709077474905,-0.11020775375559674,-0.12751534261266764,0.6741618394250983,0
0.19253550630955715,-0.6173899449276066,1.3887712829928915,0.27477993665077066,0.06997959138022788,0.03751425496057413,-0.9977712967945378,1.275966224197442,-0.32361742359417855,0.87986742498669,0.7177736208734693,2.8408762476296636,-0.7390383682763882,-0.23610007040075875,0.2415955793124308,-0.16718522555395957,-0.14139250356818595,-0.9391619402882587,0.3879441277174989,-0.11020775375559674,-0.12751534261266764,0.10012379822200568,0
0.24992610101187943,-0.6173899449276066,1.3887712829928915,0.014670189726527326,-0.15150550658251827,-0.1654634287016,-0.4565476744666212,-0.4042631992914204,-0.32361742359417855,0.28401335600131444,0.36251049432750354,-0.8697077309858756,-0.4298521415793067,-0.23610007040075875,0.7354378364064103,1.5346936027445648,-0.14139250356818595,-0.7306923688420662,0.6840606685636363,-0.11020775375559674,-0.12751534261266764,-0.9591506895165278,0
-0.7320776203910687,-0.6173899449276066,-0.4678748172649848,1.5753286712719874,-0.1334148085533021,-0.15764740920177364,1.5739929493162677,-0.4042631992914204,-0.32361742359417855,-0.430188728044112,0.7177736208734693,0.5362605148771409,-0.786199315913293,-0.23610007040075875,-0.7587787247980071,0.1805340419318953,7.072510739706607,-0.9509593793831631,-0.6518432364427039,-0.11020775375559674,-0.12751534261266764,1.8152226080707436,0
-0.6937120486917231,0.8973057001352163,1.3887712829928915,-0.7656590510462028,-0.11851919095058921,-0.12067292028196064,-0.8266591912295863,-1.2443779110358517,-0.32361742359417855,-0.8691780050416724,0.36251049432750354,-0.1349458613164605,0.11091517918425031,-0.23610007040075875,-0.9654712453249265,-0.6760222615941427,-0.14139250356818595,0.19495953711867742,0.8406961627080954,-0.11020775375559674,-0.12751534261266764,-0.6597594016859734,0
-0.7265984981463178,-0.6173899449276066,1.3887712829928915,-0.24543955719771604,0.04713090842662792,0.044895415327754463,-0.6587008194586383,-0.4042631992914204,-0.32361742359417855,-0.006176510406422115,-0.34801575876442786,1.321927964217237,0.19800692029823666,-0.23610007040075875,0.5834148853286566,-0.15109743312590168,-0.14139250356818595,0.6048565017946637,2.6706341655075434,-0.11020775375559674,-0.12751534261266764,0.06545051979155198,0
-0.7148010568799912,2.412001345198039,-0.4678748172649848,-0.24543955719771604,-0.1384684435583085,-0.1505165754041171,-0.33895719154946796,-1.2443779110358517,-0.32361742359417855,-0.15601905805010408,-0.7032788853103935,-1.2880975858327395,-0.9211782005313897,-0.23610007040075875,-1.0170051447668778,-0.67873023574408,-0.14139250356818595,0.08099719336502754,2.8494893573869535,-0.11020775375559674,-0.12751534261266764,-1.01815400793122,0
-0.4380904096746672,2.412001345198039,-0.4678748172649848,0.014670189726527326,-0.15343840969813657,-0.1673628513678445,-0.13560157305736953,0.4358515124530109,-0.32361742359417855,0.1577429736523864,-0.34801575876442786,0.39187799965088677,0.6778521028542668,-0.23610007040075875,-0.180733667750254,0.8769018113377055,-0.14139250356818595,-0.5760489894545546,-0.05611217883558023,-0.11020775375559674,-0.12751534261266764,-0.836412213283441,0
-0.6782883677078715,0.8973057001352163,-0.4678748172649848,2.3556579120447174,-0.14830865657130818,-0.1699077395720567,-0.8382902239810878,-0.4042631992914204,-0.32361742359417855,-0.8878731021519226,-0.34801575876442786,-1.2735101901848167,-0.8920642370412243,-0.23610007040075875,-0.6235880297093744,-0.7195789236054609,-0.14139250356818595,-0.8135665556753333,0.34380793963706807,-0.11020775375559674,-0.12751534261266764,-0.15462729269864903,0
-0.8863288180180787,-0.6173899449276066,-0.4678748172649848,-0.7656590510462028,-0.12545168205103802,-0.12918843421494872,-0.6410519232661579,-1.2443779110358517,-0.32361742359417855,-0.7879946999534759,0.36251049432750354,-0.42686400252051604,3.984899009418157,-0.23610007040075875,-1.262573870663683,0.7454544720382797,-0.14139250356818595,2.5848699561195816,-0.15845562231956095,-0.11020775375559674,-0.12751534261266764,-0.40832885872858804,0
-0.9605864910742142,-0.6173899449276066,1.3887712829928915,1.3152189243477441,0.09165249081726413,0.00947438234652419,-0.6712929155245116,-1.2443779110358517,-0.32361742359417855,-0.9549829356423292,0.7177736208734693,0.5585134194343452,-0.8165152913056863,-0.23610007040075875,0.03274151206037364,-0.8557101894841266,-0.14139250356818595,-0.3630975791829337,0.6594426741402569,-0.11020775375559674,-0.12751534261266764,-0.6852908745094839,0
-0.2346565382551572,2.412001345198039,1.3887712829928915,1.3152189243477441,-0.15892106057848768,-0.17520058114624174,3.019276220411812,-0.4042631992914204,-0.32361742359417855,-0.8799056461176205,1.4282998739654007,-0.980961057518051,-0.07614944209879375,-0.23610007040075875,-0.4823387662213987,-0.9008576223555327,-0.14139250356818595,-0.319896140145741,-0.6296936116592665,-0.11020775375559674,-0.12751534261266764,-1.3085671357421849,0
0.305391928883981,0.8973057001352163,1.3887712829928915,-0.5055493041219594,-0.15829955655097513,-0.1705381164653525,-0.7706187250445393,0.4358515124530109,-0.32361742359417855,1.7276617747322494,0.0072473677815378485,-0.4306820922430268,-0.9478470670273235,-0.23610007040075875,-1.5319091126013566,0.030179425043569512,-0.14139250356818595,-0.77381741159881,1.0143229019857065,-0.11020775375559674,-0.12751534261266764,-0.4095599548094711,0
0.3920715131958895,-0.6173899449276066,-0.4678748172649848,2.615767658968961,-0.14940562689846823,-0.17106024032468475,-0.7867514567572915,-1.2443779110358517,-0.32361742359417855,2.486979827985483,-1.7690682649482907,0.19786580133233486,-0.4420067372867434,-0.23610007040075875,1.8647223599889524,-1.0837332058774884,-0.14139250356818595,-0.9657579516923922,2.482117851529649,-0.11020775375559674,-0.12751534261266764,-0.34367521757133707,0
-0.7073178503731791,-0.6173899449276066,-0.4678748172649848,2.095548165120474,-0.14732645054131271,-0.1687285712064393,4.491351991639769,0.4358515124530109,-0.32361742359417855,0.4746473259904691,-0.7032788853103935,0.48099818193710847,-0.5359811116663323,-0.23610007040075875,-1.017304261681435,0.5486879418314462,-0.14139250356818595,0.2521012145785398,-0.13747249428751357,-0.11020775375559674,-0.12751534261266764,-1.0876868754577242,0
-0.05606289726519667,-0.6173899449276066,3.245417383250768,1.0551091774235009,-0.081138071725325,-0.11446977063961067,-0.1428250828267926,-1.2443779110358517,-0.32361742359417855,-1.0842527593069293,-1.0585420118563593,0.09748445742690652,-0.6702522795772332,-0.23610007040075875,0.36234600905880116,1.5669637172958888,-0.14139250356818595,-0.0750776215950436,-1.3827135972578817,-0.11020775375559674,-0.12751534261266764,0.8382833483946491,0
-0.02656572035638922,2.412001345198039,-0.4678748172649848,0.7949994304992574,-0.1633038935304251,-0.17797299630136748,-0.29567676286715566,0.4358515124530109,-0.32361742359417855,1.0829210379034069,0.0072473677815378485,-0.6655065121302742,-0.46128123465419585,-0.23610007040075875,0.38807490307197784,0.9982136711478108,-0.14139250356818595,0.7257862423549424,-0.09799396951028197,-0.11020775375559674,-0.12751534261266764,0.11895572393474509,0
-0.8061983864846917,0.8973057001352163,1.3887712829928915,-0.7656590510462028,0.23238583766516097,0.31036068899877484,-1.0022813708846263,-0.4042631992914204,-0.32361742359417855,-0.9475419315912749,0.36251049432750354,0.3929452077316654,1.0318324490896758,-0.23610007040075875,1.1792111754016028,-0.4944155765033076,-0.14139250356818595,-0.7177304822397076,-0.24939361693243542,-0.11020775375559674,-0.12751534261266764,-0.43434395532636,0
-0.8131945106556397,-0.6173899449276066,-0.4678748172649848,1.3152189243477441,1.2117993455319684,0.8350326998493097,-0.5899027372713401,1.275966224197442,-0.32361742359417855,-0.9317423074779058,-0.7032788853103935,-0.9199942991184304,0.8484222268706911,-0.23610007040075875,2.4681048849775484,-0.9603283068760883,-0.14139250356818595,-0.7893234380350533,0.6426318957726979,-0.11020775375559674,-0.12751534261266764,-0.0333395544864747,0
-0.38580688505514604,2.412001345198039,1.3887712829928915,-0.24543955719771604,-0.16773236317730342,-0.18132767861222202,0.6605291125786484,-0.4042631992914204,-0.32361742359417855,1.632365500221319,1.4282998739654007,-0.2580803757435859,0.2339964179783275,-0.23610007040075875,0.5815730585016367,-0.7049370534575389,-0.14139250356818595,-0.43988682159803755,-1.0519978015833513,-0.11020775375559674,-0.12751534261266764,-0.8477117579674062,0
0.19218731402297104,-0.6173899449276066,1.3887712829928915,-0.24543955719771604,-0.14984068137692544,-0.16249006349793635,-0.686706087254541,3.796310359430736,-0.32361742359417855,-0.7308201046986702,0.7177736208734693,0.9611321511564405,-0.9739793584138147,-0.23610007040075875,-0.6390997407590605,1.6929906429523216,-0.14139250356818595,-0.04809210765953654,-0.4647580681259668,-0.11020775375559674,-0.12751534261266764,-0.2158577453248002,0
5.0404432187793375,-0.6173899449276066,-0.4678748172649848,-0.5055493041219594,-0.1633395479386344,-0.176252761129627,-1.0106170908906338,-0.4042631992914204,-0.32361742359417855,-0.5182825063657831,3.559878633241195,-0.9173715794698027,-0.7857273346120124,-0.23610007040075875,-1.0806203824449818,1.1487629369926864,-0.14139250356818595,0.021051735034883872,1.2744844818970584,-0.11020775375559674,-0.12751534261266764,-0.5738902962251303,0
-0.5999554670642168,0.8973057001352163,3.245417383250768,-0.5055493041219594,-0.15811289773323675,-0.17032647149718047,3.4615572262631638,-0.4042631992914204,-0.32361742359417855,-1.1507277447964688,-0.34801575876442786,-0.48114382300631775,0.8558735371055877,-0.23610007040075875,-0.3683934668962584,-1.0160046811873789,-0.14139250356818595,2.3973683895765294,0.3037781995609402,-0.11020775375559674,-0.12751534261266764,1.0658269826920042,0
-0.4380769547617932,-0.6173899449276066,1.3887712829928915,-0.5055493041219594,-0.023104707852636658,-0.017246084529922073,0.5276224334089303,-0.4042631992914204,-0.32361742359417855,0.2752451838731457,0.0072473677815378485,-0.26679946457016734,-0.677527468981847,4.235492172037854,-0.8547227070612563,-0.9804608168102502,-0.14139250356818595,-0.10345313497490588,-0.7422017960758077,-0.11020775375559674,-0.12751534261266764,1.3455905185960177,0
-0.0060488537361065835,0.8973057001352163,-0.4678748172649848,1.8354384181962309,-0.16541687292914384,-0.18022102287128078,-0.8114947247481454,0.4358515124530109,-0.32361742359417855,0.8497911761765051,0.0072473677815378485,-1.426769499673715,-0.5059922029340804,-0.23610007040075875,1.7238776943131755,-0.5252362562425353,-0.14139250356818595,0.18807694596362715,-0.3121072609121845,-0.11020775375559674,-0.12751534261266764,-0.6004441411001021,0
1.907621589705992,2.412001345198039,-0.4678748172649848,-1.0257687979704462,-0.15829192620043034,-0.16834378225942914,2.4111339652050017,0.4358515124530109,-0.32361742359417855,-0.6574170162711768,0.0072473677815378485,-0.26539562605095207,-0.6991474093578657,4.235492172037854,-0.5142261438796705,-0.08446546924452672,-0.14139250356818595,1.0791662797352675,1.1661195182977704,-0.11020775375559674,-0.12751534261266764,1.5967282931170899,0
0.275631072677267,2.412001345198039,1.3887712829928915,1.8354384181962309,-0.1686235546734084,-0.18236952588750216,0.06778181479860902,-0.4042631992914204,-0.32361742359417855,-0.8288567621311819,0.7177736208734693,2.8955984461470203,-0.6311841379795843,-0.23610007040075875,-0.2936545320476542,-0.48541874583221695,-0.14139250356818595,0.32473290858330256,-0.6694578199356099,-0.11020775375559674,-0.12751534261266764,-0.48456549354846457,0
-0.39859677193883924,-0.6173899449276066,-0.4678748172649848,0.5348896835750141,-0.15235060845779225,-0.16820646004722878,1.187754236586748,-0.4042631992914204,-0.32361742359417855,-0.02260693179072823,-0.7032788853103935,-0.9798708294656826,-0.3413838448220578,-0.23610007040075875,-0.6690130416818474,-0.722218983995415,-0.14139250356818595,0.6055853479908117,-0.10503078415634712,-0.11020775375559674,-0.12751534261266764,-0.13219239708042033,0
0.4961784200656002,-0.6173899449276066,-0.4678748172649848,-0.24543955719771604,-0.16548543282625744,-0.17896195304131918,-0.8938720869908598,-0.4042631992914204,-0.32361742359417855,-1.0902654383597936,1.0730367474194349,-1.5316253503546713,-0.09362063933397743,-0.23610007040075875,-1.1300048675815282,-0.4816240182686273,-0.14139250356818595,0.8979603295843374,1.758167705770572,-0.11020775375559674,-0.12751534261266764,-0.006341140066165869,0
0.003148255880000761,-0.6173899449276066,-0.4678748172649848,-2.0662077856674195,0.4205540857707115,1.0586736743975504,0.5486150477380369,1.275966224197442,-0.32361742359417855,-0.5859118755825868,2.138826127057332,0.14819501966552243,-0.46754211049036104,-0.23610007040075875,0.46879530923706825,-0.14212292952279662,-0.14139250356818595,-0.3210389047942563,-0.4609046475971056,-0.11020775375559674,-0.12751534261266764,-0.7281714800958752,0
0.4075430765498721,-0.6173899449276066,-0.4678748172649848,-1.545988291818933,-0.14603668025524746,-0.1451150706990346,-1.010467396835769,0.4358515124530109,-0.32361742359417855,-0.7817624621812025,0.7177736208734693,-0.8482873136944303,-0.21170353448977114,-0.23610007040075875,0.2523805239997935,-0.08934254496141554,-0.14139250356818595,-0.9418225163640319,0.02241342300854045,-0.11020775375559674,-0.12751534261266764,-0.41893051285303523,0
-0.8795192457339054,-0.6173899449276066,-0.4678748172649848,0.27477993665077066,0.1777495527932034,0.13679854483622675,0.6953218028808293,-0.4042631992914204,-0.32361742359417855,1.6247140475180168,0.7177736208734693,-1.2380325597711035,2.303596446723197,-0.23610007040075875,1.0061693460876426,0.4271101622280956,-0.14139250356818595,1.7758355184502825,-0.8919954420176979,-0.11020775375559674,-0.12751534261266764,-0.2025213993425745,0
-0.6393944437527438,-0.6173899449276066,-0.4678748172649848,-1.2858785448946894,3.392579679048856,5.067125600149053,-0.9721387406439246,-1.2443779110358517,3.090068479298001,2.1157743540635576,1.7835630005113663,0.3190559429203406,0.9480148935499233,-0.23610007040075875,-0.9834379591836391,3.5449233901031465,-0.14139250356818595,-0.5161506156094917,0.5983578254520975,-0.11020775375559674,-0.12751534261266764,0.8312738591385763,0
-0.6951488283883394,-0.6173899449276066,-0.4678748172649848,0.27477993665077066,-0.14831507305877686,-0.16359216150568437,-0.9403253480843045,-1.2443779110358517,-0.32361742359417855,1.1002271432170185,-0.7032788853103935,0.3983437432701647,-0.26405384907936047,-0.23610007040075875,-0.730972288019243,0.5572075097874724,-0.14139250356818595,-0.2675878368307,-0.6091649498458314,-0.11020775375559674,-0.12751534261266764,-0.6302270342943656,0
0.35288124955170896,-0.6173899449276066,-0.4678748172649848,-0.24543955719771604,-0.16057837787661722,-0.1737954620698544,-0.7744574596695711,0.4358515124530109,-0.32361742359417855,0.497325075318584,0.0072473677815378485,0.6853572887136116,-0.6639492837206458,-0.23610007040075875,-0.025212817146736823,-0.5721735442302025,-0.14139250356818595,-0.7602567397546903,0.37222718207905453,-0.11020775375559674,-0.12751534261266764,-0.787350575914179,0
-0.8387652042707805,0.8973057001352163,-0.4678748172649848,0.27477993665077066,-0.07652769403899376,-0.09745723063472134,-0.7106623268676552,1.275966224197442,-0.32361742359417855,-0.0680217092915073,0.36251049432750354,0.4876186719122536,-0.19333847312793614,-0.23610007040075875,-1.0517216520409323,1.0191552415785174,-0.14139250356818595,2.7853444215778858,0.24176570189034025,-0.11020775375559674,-0.12751534261266764,-0.835343976460828,0
-0.5804478826039601,-0.6173899449276066,-0.4678748172649848,-1.0257687979704462,-0.16345461521606455,-0.17526187005641247,-0.8540211579237135,-0.4042631992914204,-0.32361742359417855,-1.1293462873438265,-0.34801575876442786,-0.38187587129075695,3.234373028510926,-0.23610007040075875,-0.4166541587515609,-0.7745077005941479,-0.14139250356818595,1.2502226706574635,-0.1256342194131036,-0.11020775375559674,-0.12751534261266764,-0.6458523746629964,0
-0.7676823423295501,-0.6173899449276066,-0.4678748172649848,0.014670189726527326,0.32773452181541035,0.3054755258458063,1.0268717044211708,1.275966224197442,-0.32361742359417855,0.46273528590384433,-0.7032788853103935,0.7943868231029431,-0.0699697817831611,-0.23610007040075875,-1.2441721725650545,-0.29035948332011746,-0.14139250356818595,-0.8733519622544944,0.8031751807649379,-0.11020775375559674,-0.12751534261266764,-0.9837974871131305,0
0.11836856096858968,-0.6173899449276066,-0.4678748172649848,-0.24543955719771604,-0.14384299415539487,-0.15617527852044613,2.180681258558694,-0.4042631992914204,-0.32361742359417855,0.8451088704760442,1.7835630005113663,-1.1890007096513562,0.200090610424428,-0.23610007040075875,-0.3786183332247788,-0.09318414775704095,-0.14139250356818595,0.5857448925018435,-0.1959132120958716,-0.11020775375559674,-0.12751534261266764,-0.409157050065548,0
-0.6721372595063644,0.8973057001352163,-0.4678748172649848,0.27477993665077066,-0.1649618284379067,-0.17892817225377405,-0.4273628329338514,-1.2443779110358517,-0.32361742359417855,0.02678013997015569,-0.34801575876442786,-0.7076594671353615,1.2200364565668378,-0.23610007040075875,0.54837530093598,0.7862678847744347,-0.14139250356818595,1.1765583049481243,1.6640816391887476,-0.11020775375559674,-0.12751534261266764,-0.22028868153133235,0
0.11706405180870862,-0.6173899449276066,1.3887712829928915,0.014670189726527326,-0.15430351467681716,-0.16821297157920406,-1.0136755755341882,-0.4042631992914204,3.090068479298001,1.1292501202220593,0.0072473677815378485,-0.2654753340234712,1.2710466303820585,-0.23610007040075875,1.4437506889510165,-0.053612910643836394,-0.14139250356818595,-0.6754729070380598,0.2683823829601763,-0.11020775375559674,-0.12751534261266764,1.9972394045720991,0
-0.4157468540949076,-0.6173899449276066,1.3887712829928915,0.5348896835750141,-0.13186757716047887,-0.15044625005754234,-0.7082791922809553,1.275966224197442,-0.32361742359417855,-0.9041987751370336,0.36251049432750354,0.7679368845710715,0.7436627377559932,-0.23610007040075875,-0.34533927487228966,-0.8770927774674487,-0.14139250356818595,-0.7904342412280992,0.30461381801184445,-0.11020775375559674,-0.12751534261266764,-0.9158324331826927,0
-0.044632575891409246,-0.6173899449276066,3.245417383250768,1.8354384181962309,-0.16514375315195196,-0.1800380303850024,0.06606782568691255,0.4358515124530109,-0.32361742359417855,-0.2930109600653778,0.36251049432750354,-1.1972669603079342,-0.7870443679765914,-0.23610007040075875,-0.6649140320641447,3.203665396321394,-0.14139250356818595,0.7669993537264038,1.1267720547696358,-0.11020775375559674,-0.12751534261266764,0.25736821117932307,0
1.1576220416166005,0.8973057001352163,1.3887712829928915,0.5348896835750141,-0.15134341314536778,-0.16733315179565017,1.7975011641420564,-0.4042631992914204,-0.32361742359417855,-0.8410747975387645,-1.0585420118563593,-0.7574724241446353,-0.397795101323606,-0.23610007040075875,-0.6534474560639779,-0.964721521664665,-0.14139250356818595,-0.3365739695717913,-1.5975175007127302,-0.11020775375559674,-0.12751534261266764,-1.1416028834746836,0
0.21324517007292912,0.8973057001352163,-0.4678748172649848,-0.7656590510462028,-0.16808666793458069,-0.18155904833669734,-0.5490651685801909,-1.2443779110358517,-0.32361742359417855,-1.0495520187630696,-1.0585420118563593,1.1066908805727642,0.6596857138276331,-0.23610007040075875,-1.0792709160468663,0.14921994322706683,-0.14139250356818595,-0.5255278391152614,0.15535069422730782,-0.11020775375559674,-0.12751534261266764,-1.3500819365379575,0
1.4171464982191253,0.8973057001352163,-0.4678748172649848,-0.24543955719771604,-0.16753253028227338,-0.18111728055094697,-0.3354695192380685,-0.4042631992914204,-0.32361742359417855,-0.7013028944971865,0.7177736208734693,1.9105094770136704,-0.38747606025538994,-0.23610007040075875,-0.6545598274196048,0.9343378349135397,-0.14139250356818595,-0.609270823217969,0.39933099015781814,-0.11020775375559674,-0.12751534261266764,-0.3707685733687697,0
0.09603679093920034,2.412001345198039,-0.4678748172649848,-0.5055493041219594,0.1905640449414932,0.22502436876231116,-0.821156407636331,1.275966224197442,-0.32361742359417855,2.024287943896205,-0.34801575876442786,-1.5224527079603112,-0.5128794139780998,-0.23610007040075875,0.8430993658503146,-0.6479905187944448,-0.14139250356818595,0.18852001148506986,-0.012655264379297359,-0.11020775375559674,-0.12751534261266764,0.4169260653632322,0
0.021727064678209448,0.8973057001352163,-0.4678748172649848,0.5348896835750141,-0.16533037386957403,-0.1794608176656907,-0.1912620650777341,-1.2443779110358517,3.090068479298001,-0.33462535286208206,0.36251049432750354,-1.2868403348473398,-0.3195366705211102,-0.23610007040075875,1.952195257995169,-0.8437431649578642,-0.14139250356818595,-0.27820046054392533,-1.132983502190213,-0.11020775375559674,-0.12751534261266764,1.0857728404219098,0
0.023065826190830627,-0.6173899449276066,-0.4678748172649848,-2.5864272795159065,-0.1662416401161842,-0.17473150203204407,-0.41024989493619346,2.116080935941873,3.090068479298001,-1.084543932328843,-1.0585420118563593,0.5029992684513,-0.041390753438153405,-0.23610007040075875,0.5068937167057437,2.2614705616051722,-0.14139250356818595,2.929029954691494,-0.21122301333994978,-0.11020775375559674,-0.12751534261266764,1.3978743770615651,0
0.2509505869170767,-0.6173899449276066,-0.4678748172649848,1.0551091774235009,-0.15306457606917906,-0.17027027728515517,-0.40506069777689196,1.275966224197442,-0.32361742359417855,0.49040239680806275,-1.0585420118563593,-0.4415511718607034,-0.1215393570181633,-0.23610007040075875,-0.3353054198115648,-0.23248132360993687,-0.14139250356818595,0.46210924540850434,-0.7029126606584859,-0.11020775375559674,-0.12751534261266764,-0.07454688134121036,0
-0.5084430490890258,2.412001345198039,-0.4678748172649848,-0.24543955719771604,-0.15832872090180408,-0.17142686571857108,-0.9694668688704116,0.4358515124530109,-0.32361742359417855,-0.49306877734457605,0.7177736208734693,-0.026835609601109357,0.7805001966490261,-0.23610007040075875,-0.08010061819775187,0.9739507465964858,-0.14139250356818595,2.05966413668291,-0.03637841152719321,-0.11020775375559674,-0.12751534261266764,-0.023695402340099102,0
-0.7151331498022806,-0.6173899449276066,-0.4678748172649848,-1.545988291818933,0.257250000267664,0.5153869618741367,0.39550951200787565,1.275966224197442,-0.32361742359417855,1.2029842796014352,0.0072473677815378485,0.08749405922665182,-0.4513232723129224,-0.23610007040075875,-1.4812109103674918,-0.333004960597324,-0.14139250356818595,-0.16752195543672285,-0.8177212975166893,-0.11020775375559674,-0.12751534261266764,-0.7615418042781343,0
-0.7250283827787511,-0.6173899449276066,-0.4678748172649848,-0.5055493041219594,-0.021929241488681146,-0.015913270231615838,-0.3865089953859757,-1.2443779110358517,-0.32361742359417855,-1.0012283466329306,-1.413805138402325,-1.5435683749578262,-0.6268921741561403,-0.23610007040075875,-0.6008291630718683,1.052031877950204,-0.14139250356818595,-0.9488332154027563,0.686370311022787,-0.11020775375559674,-0.12751534261266764,-1.2305180066065373,0
0.6964339930903837,-0.6173899449276066,-0.4678748172649848,-1.2858785448946894,-0.04705068892282319,-0.002951501727775399,-0.645637571922864,0.4358515124530109,-0.32361742359417855,0.5013520911224918,0.0072473677815378485,-0.4888011271204646,-0.3006637858787323,-0.23610007040075875,-0.03467024748649124,1.3716123799888758,-0.14139250356818595,1.3329334354361202,-1.7014185506672037,-0.11020775375559674,-0.12751534261266764,-0.5753164773460221,0
-0.1603044694886577,-0.6173899449276066,-0.4678748172649848,-1.0257687979704462,8.18096461391894,11.006396499676042,-0.46589000764377125,0.4358515124530109,-0.32361742359417855,1.6720417031516812,-0.34801575876442786,-1.3669285126624677,-0.16368477122214553,-0.23610007040075875,0.8644128804167295,-0.911263437634489,-0.14139250356818595,0.41099960358910725,1.9385142511527513,-0.11020775375559674,-0.12751534261266764,0.030960836861614806,0
-0.28621652118623164,-0.6173899449276066,-0.4678748172649848,-0.7656590510462028,-0.16863912413846535,-0.1822376569974775,-0.9393128837912221,1.275966224197442,-0.32361742359417855,-0.09783392498749026,-0.34801575876442786,-0.2221067280381185,-0.9980258007181159,-0.23610007040075875,-0.5917999649178092,-0.2131906070306116,-0.14139250356818595,-0.9054415049067751,-1.1896407162963885,-0.11020775375559674,-0.12751534261266764,-0.9116483537446083,0
0.35180127412566065,-0.6173899449276066,-0.4678748172649848,-0.7656590510462028,-0.15980029491505338,-0.1713804957963048,-0.9690806164385721,-0.4042631992914204,3.090068479298001,0.8191845513750124,1.0730367474194349,-1.1290865462735444,0.05354056694814107,-0.23610007040075875,-1.0049515445731625,-1.0665624150741346,-0.14139250356818595,-0.012017859387320685,-0.842774058909635,-0.11020775375559674,-0.12751534261266764,1.136764970239596,0
-0.8152349294398614,0.8973057001352163,-0.4678748172649848,1.0551091774235009,0.007203105915758337,-0.04593477766302358,0.08039597943093986,0.4358515124530109,-0.32361742359417855,-0.8634285563735891,-0.34801575876442786,1.1010153927764392,1.035854428122905,-0.23610007040075875,-1.1171490150377112,-0.9877469391809705,-0.14139250356818595,-0.9660948234662263,-1.1499457226990717,-0.11020775375559674,-0.12751534261266764,-0.6239549088836056,0
0.6709136910532797,-0.6173899449276066,-0.4678748172649848,-0.7656590510462028,-0.02866534091750649,-0.010301092781192801,-0.504987822123511,0.4358515124530109,-0.32361742359417855,-0.734001945455328,1.0730367474194349,-0.14309655185385564,-0.8372986007151169,-0.23610007040075875,-1.3214636525153518,-0.44016992903257296,-0.14139250356818595,-0.8267054131929039,0.6959829264644164,-0.11020775375559674,-0.12751534261266764,-1.4196115127287001,0
-0.8221039441692363,-0.6173899449276066,1.3887712829928915,-1.0257687979704462,-0.14568674805621537,-0.1514526371925434,-0.9986743394395864,-1.2443779110358517,-0.32361742359417855,-0.8678926347490691,-0.34801575876442786,0.7520746329146566,-0.45750588325715147,-0.23610007040075875,-1.072038894074067,0.09927073992894307,-0.14139250356818595,0.8354337346615056,1.7630197453655057,-0.11020775375559674,-0.12751534261266764,-0.3225950247338486,0
-0.8610765925520456,-0.6173899449276066,-0.4678748172649848,1.0551091774235009,0.12484923565847864,0.04533496642390971,-0.2768327328253379,1.275966224197442,-0.32361742359417855,1.5619951859658652,-1.413805138402325,-0.638609959146436,-0.38556058622753764,-0.23610007040075875,0.26303826201561403,-0.3136603062303839,-0.14139250356818595,-0.4331137572113299,0.7261039440232329,-0.11020775375559674,-0.12751534261266764,-0.603791738172071,0
-0.8020588772051861,-0.6173899449276066,-0.4678748172649848,0.014670189726527326,-0.1396813601774559,-0.15384409221789566,-0.9443086716906762,0.4358515124530109,-0.32361742359417855,2.515738217477731,0.0072473677815378485,0.29141005103328854,-0.2105534167027128,-0.23610007040075875,0.6314903507249069,-0.18393229817342627,-0.14139250356818595,0.08043750713852914,0.6379690984189227,-0.11020775375559674,-0.12751534261266764,-0.5833048148565133,0
-0.8913611392757347,-0.6173899449276066,-0.4678748172649848,1.0551091774235009,-0.1682517221468465,-0.18205244928648573,-0.8551881336538523,-1.2443779110358517,-0.32361742359417855,1.5213551836277617,0.36251049432750354,-0.5761934635638887,1.3616713528314455,-0.23610007040075875,0.3845022707083122,-0.2163868897366017,-0.14139250356818595,2.0061160836371608,-0.8941852163179702,-0.11020775375559674,-0.12751534261266764,-0.08747326456235431,0
-0.7632115329349328,-0.6173899449276066,1.3887712829928915,-1.8060980387431762,-0.1328473638264194,-0.11613400235296174,-0.5656067460813273,-0.4042631992914204,-0.32361742359417855,1.6741441884645245,-1.0585420118563593,-0.09738044774336209,-0.35810339162549715,-0.23610007040075875,-0.4899129685570379,0.3748455541447394,-0.14139250356818595,-0.731113847020754,0.4400444004753647,-0.11020775375559674,7.8421935706790595,3.01296746877329,0
-0.5717770975611478,-0.6173899449276066,-0.4678748172649848,0.5348896835750141,-0.10829154383156572,-0.1300041926019028,-0.607459060792423,0.4358515124530109,-0.32361742359417855,-1.0359149810802544,-0.34801575876442786,-1.079366447634508,0.3037819367710486,4.235492172037854,-0.025122714624684923,1.6081946633341346,-0.14139250356818595,-0.37846110224158735,1.4424009992859057,-0.11020775375559674,-0.12751534261266764,1.536248442762016,0
0.40447516190270816,-0.6173899449276066,-0.4678748172649848,-2.0662077856674195,0.08115753585952931,0.3439927797028755,-0.14740104504989057,-0.4042631992914204,-0.32361742359417855,-0.5423119817777039,-1.413805138402325,1.5995438329239118,2.3160754093926648,-0.23610007040075875,1.0794545178647963,1.714179820285147,-0.14139250356818595,-0.39751085585379997,0.24536388490110575,-0.11020775375559674,-0.12751534261266764,-0.7316057183633257,0
-0.7672091063204554,-0.6173899449276066,-0.4678748172649848,1.0551091774235009,-0.1628660111331259,-0.17787422032966896,0.7871811285939794,-1.2443779110358517,-0.32361742359417855,-0.3325969312896206,-1.0585420118563593,2.648807839940041,2.353488699843703,-0.23610007040075875,0.472145935490505,1.9073894170968597,-0.14139250356818595,-0.8836403674227831,-1.3474978160229285,-0.11020775375559674,-0.12751534261266764,-0.024107745869630933,0
0.05167754930346896,2.412001345198039,-0.4678748172649848,1.3152189243477441,-0.04220984795428845,-0.08918336659781176,0.04098892009345751,0.4358515124530109,-0.32361742359417855,-0.006941669781429439,2.138826127057332,-0.32444044263676336,-0.9682266924568623,-0.23610007040075875,0.9704889646908834,-0.4882581456800923,-0.14139250356818595,0.5555280270816297,0.19590909337749066,-0.11020775375559674,-0.12751534261266764,-0.38450978879058256,0
1.2493540454974863,-0.6173899449276066,-0.4678748172649848,-0.5055493041219594,-0.14205745847105108,-0.1521218510415005,-0.5260509132841575,-1.2443779110358517,-0.32361742359417855,-0.15489675455971108,2.4940892536032977,-0.2121475963509545,-0.5159781332073045,-0.23610007040075875,-0.5539877059095604,-0.3810708852131297,-0.14139250356818595,-0.813486387308011,1.3508212618876085,-0.11020775375559674,-0.12751534261266764,-0.30263275731074823,0
-0.9715303991891027,0.8973057001352163,-0.4678748172649848,1.5753286712719874,-0.1096134718344127,-0.14094093352149487,0.49564394444583093,0.4358515124530109,-0.32361742359417855,-0.655868492364777,-1.0585420118563593,-0.6568655264818564,-0.44657544899575513,-0.23610007040075875,1.491762435996369,-0.7430634496325509,-0.14139250356818595,0.12079716917492388,0.38481563263304686,-0.11020775375559674,-0.12751534261266764,-0.49235474113613614,0
-0.9577962267571959,0.8973057001352163,-0.4678748172649848,1.3152189243477441,-0.16851413377561927,-0.18227076246663848,0.24912955276451007,0.4358515124530109,-0.32361742359417855,2.027233521411674,1.0730367474194349,-0.7129991332801017,-0.25869409132248294,-0.23610007040075875,-0.38013331633018127,-1.113136368323497,-0.14139250356818595,-0.964543348577958,1.0559110639650564,-0.11020775375559674,-0.12751534261266764,-0.7007295686957166,0
0.06148732401827325,-0.6173899449276066,-0.4678748172649848,-2.0662077856674195,0.14629590584345273,0.4811572516200054,-0.7150907032876832,-0.4042631992914204,-0.32361742359417855,1.5324494928979728,-0.7032788853103935,1.5474409444224897,0.10449692199755733,-0.23610007040075875,-0.2565633748653267,-0.6226538154081127,-0.14139250356818595,-0.9388476018143519,0.005323437811927512,-0.11020775375559674,-0.12751534261266764,-0.5081492848072079,0
2.2456854600494593,-0.6173899449276066,1.3887712829928915,0.7949994304992574,-0.14053590114796216,-0.15932831254101096,1.8754407657626053,1.275966224197442,-0.32361742359417855,-0.21979680151316092,0.0072473677815378485,-0.26576444085298934,-0.8639440512944104,-0.23610007040075875,-1.0053681379610568,-0.9915296948981638,-0.14139250356818595,-0.10933876077839932,-0.33079704850621705,-0.11020775375559674,-0.12751534261266764,-0.2850185644001107,0
-0.5696079603704199,2.412001345198039,-0.4678748172649848,-1.2858785448946894,-0.15642964865569353,-0.16417805802654215,-0.422997341928836,0.4358515124530109,-0.32361742359417855,0.20160758427629508,0.7177736208734693,-0.022847002244731726,-0.05837856711076528,-0.23610007040075875,1.7520767427258195,-1.121975329665848,-0.14139250356818595,-0.8359608807875982,0.9163174524810809,-0.11020775375559674,-0.12751534261266764,-0.4892770352352809,0
1.6378742363900247,-0.6173899449276066,-0.4678748172649848,1.8354384181962309,-0.16064895442221377,-0.1770264784449251,-0.40259753030965206,0.4358515124530109,-0.32361742359417855,0.616223159638251,-1.0585420118563593,-0.7854430682173372,-0.750296715204177,-0.23610007040075875,-0.31536166334759896,-0.39264098843786266,-0.14139250356818595,-0.8336328132414914,-0.9412314752846761,-0.11020775375559674,-0.12751534261266764,-0.674747573981985,0
1.037851072508156,-0.6173899449276066,1.3887712829928915,-0.7656590510462028,-0.16531278148264952,-0.1781517495190447,-0.5505382540988341,2.116080935941873,3.090068479298001,-0.09880598142650172,0.0072473677815378485,1.861131200948453,-0.27013748603697785,-0.23610007040075875,1.6290020876102893,-0.8192612573979744,-0.14139250356818595,-0.8885597329398823,-0.8280408102998574,-0.11020775375559674,-0.12751534261266764,1.9217046770973312,0
-0.19768769749789394,0.8973057001352163,-0.4678748172649848,-0.24543955719771604,-0.16140732158500884,-0.17466823203660847,0.2880108675791667,-1.2443779110358517,-0.32361742359417855,-0.888367132748678,-0.7032788853103935,-0.7731522247045249,-0.4818160789119103,4.235492172037854,-0.35289510753768594,-1.0211526299805491,-0.14139250356818595,-0.9395695501283718,-0.2481605299676376,-0.11020775375559674,-0.12751534261266764,1.1143768579984803,0
0.8115061776918876,-0.6173899449276066,-0.4678748172649848,2.3556579120447174,-0.045420599145075624,-0.10671655231655149,-0.5707927163807913,2.116080935941873,-0.32361742359417855,-1.0136181745707202,0.36251049432750354,0.6773327219032386,-0.1430444437994803,-0.23610007040075875,0.23643076568684435,1.405282987273229,-0.14139250356818595,-0.46364362541957876,-1.105068584264713,-0.11020775375559674,7.8421935706790595,2.9766325437578267,0
-0.7460437098446988,-0.6173899449276066,-0.4678748172649848,1.5753286712719874,-0.161374687523888,-0.1772728211507975,0.11809364305426677,-1.2443779110358517,-0.32361742359417855,-0.686799696297854,1.0730367474194349,0.6658466262188217,2.703010300978663,-0.23610007040075875,1.292715245446321,-1.0641218553909464,-0.14139250356818595,1.149674015296495,-0.2350332148793313,-0.11020775375559674,-0.12751534261266764,-0.18430927760953197,0
-0.3450171858715163,0.8973057001352163,-0.4678748172649848,1.3152189243477441,-0.06803514078419105,-0.1082168399392169,-0.39880465616361627,-1.2443779110358517,-0.32361742359417855,-0.5246301978864408,1.0730367474194349,0.32170326385698544,-1.0025310525711861,-0.23610007040075875,0.13050170697278626,2.4522809686479157,-0.14139250356818595,0.7258976254080255,-1.630215241629435,9.073771725877465,-0.12751534261266764,0.5897270798286112,0
0.9848830741633405,-0.6173899449276066,-0.4678748172649848,0.27477993665077066,0.16609971209511623,0.12606599797707196,-0.7668783648195654,-1.2443779110358517,-0.32361742359417855,0.2869986247428711,-0.34801575876442786,-0.3392510139009201,-0.8047881623684834,-0.23610007040075875,1.4921480910150642,-0.23993179393655503,-0.14139250356818595,1.119698977315828,0.07342561226260827,-0.11020775375559674,-0.12751534261266764,-0.7686481280271095,0
1.7488907277426768,0.8973057001352163,-0.4678748172649848,-0.5055493041219594,-0.12058451070813415,-0.12777453436551134,-0.6707982823928339,-1.2443779110358517,-0.32361742359417855,-0.8480331936111701,-0.7032788853103935,0.41836647313553377,-0.4303457785638763,4.235492172037854,-0.021863152780098167,-0.9578891258091018,7.072510739706607,0.744602943774913,-1.2848544902334829,-0.11020775375559674,-0.12751534261266764,4.3632346206420545,1
0.2764316460796266,0.8973057001352163,-0.4678748172649848,-1.8060980387431762,-0.10319566019935607,-0.06150007097508812,0.3484625198634921,-0.4042631992914204,-0.32361742359417855,-1.1801388937275377,1.0730367474194349,-1.3706528049314706,-0.7364802812425717,-0.23610007040075875,0.3877254285759024,-1.1037283548458108,-0.14139250356818595,0.04322855742546331,0.7810495138808771,-0.11020775375559674,-0.12751534261266764,-0.1527329821314948,0
-0.8871898645234209,0.8973057001352163,3.245417383250768,-0.7656590510462028,-0.1386915439792227,-0.14545159663184637,2.4006774858698017,-1.2443779110358517,3.090068479298001,0.0927145329280578,-0.7032788853103935,0.48469813569475684,-0.9224007039074561,-0.23610007040075875,0.9135810541152106,-0.023654191378035573,-0.14139250356818595,0.7654021467520886,-0.05515757253999152,-0.11020775375559674,-0.12751534261266764,2.3551349760501994,0
-0.43912112025733074,-0.6173899449276066,3.245417383250768,0.27477993665077066,-0.032282527837055104,-0.056695873302911017,0.5956736062721664,-0.4042631992914204,-0.32361742359417855,0.05788715081202406,0.7177736208734693,1.110822064066904,0.006757777959322728,-0.23610007040075875,2.3013198908079313,-0.1816295699950522,-0.14139250356818595,0.4164334596816822,-0.8449531544955754,-0.11020775375559674,-0.12751534261266764,1.3519226228626762,0
-0.26159907450040576,2.412001345198039,-0.4678748172649848,-1.2858785448946894,-0.05686968164958062,-0.017424873823505726,0.6142550508680582,2.116080935941873,-0.32361742359417855,-0.27572579076398107,-0.7032788853103935,-0.6564309216236214,-0.9791490306424218,-0.23610007040075875,-1.1718227199456241,-1.066516224420807,-0.14139250356818595,-0.593569329998231,0.14544959403120541,-0.11020775375559674,-0.12751534261266764,-0.979638726177105,0
0.014246009463913793,-0.6173899449276066,-0.4678748172649848,0.7949994304992574,-0.15337291798366454,-0.16984053141861374,-0.34808443796421185,2.116080935941873,-0.32361742359417855,1.1043732808533375,0.36251049432750354,0.3447207472487605,-0.9675797951042405,-0.23610007040075875,0.02045744275707337,0.738215396239721,-0.14139250356818595,3.5340615513072944,-0.4603293298903175,-0.11020775375559674,-0.12751534261266764,0.4771463656227715,0
1.4344380405838253,-0.6173899449276066,1.3887712829928915,-1.2858785448946894,-0.08254172047880887,-0.05526592134958532,-0.1321174243618636,0.4358515124530109,3.090068479298001,-1.0753876600107575,0.7177736208734693,0.5128551975563821,-0.010856980601764526,-0.23610007040075875,-0.41394865253994156,-0.7265163373269115,-0.14139250356818595,-0.9619073633800516,-0.2479166319512273,-0.11020775375559674,-0.12751534261266764,0.7995715736221997,0
-0.8562804898869442,-0.6173899449276066,-0.4678748172649848,0.27477993665077066,-0.16868225714901353,-0.18235565907637544,-0.5407693340736925,-0.4042631992914204,3.090068479298001,-0.8043644555660683,-0.34801575876442786,0.6768993849033644,-0.26401139039464966,4.235492172037854,-0.9373851532144813,-0.7876886146176647,-0.14139250356818595,0.2945303745956768,0.457057751693516,-0.11020775375559674,-0.12751534261266764,2.740919859271069,0
-0.5135777278806544,-0.6173899449276066,1.3887712829928915,0.5348896835750141,-0.1317940305929167,-0.1503824800781401,-0.628135380380683,0.4358515124530109,-0.32361742359417855,0.4701696096441272,-0.7032788853103935,-0.9430588848377632,-0.4461637077429121,-0.23610007040075875,1.2486156336386485,-0.49745004939305754,-0.14139250356818595,-0.8194948622879611,0.6462761332661336,-0.11020775375559674,-0.12751534261266764,-0.15484930542291495,0
-0.5219079867201905,-0.6173899449276066,-0.4678748172649848,-0.7656590510462028,-0.15813475467763374,-0.1693346322110229,-0.5768363327644783,-0.4042631992914204,-0.32361742359417855,-0.9467546460098701,0.36251049432750354,0.0844831071994125,-0.7691122442357218,-0.23610007040075875,0.4863000108468549,1.7528590005462028,-0.14139250356818595,-0.5566183313714016,0.1628214078377516,-0.11020775375559674,-0.12751534261266764,-0.8140496377627146,0
0.3841430880874969,-0.6173899449276066,1.3887712829928915,-0.7656590510462028,-0.16867479920960457,-0.18228147841187878,-0.7563880311642834,-0.4042631992914204,-0.32361742359417855,0.8561296801020356,-1.413805138402325,-0.09788407084427181,1.476067626953445,-0.23610007040075875,-1.2804011091740342,2.5398131934720043,-0.14139250356818595,-0.59195682760215,2.3816762200976007,-0.11020775375559674,7.8421935706790595,3.254520381287071,0
0.628148069893817,0.8973057001352163,1.3887712829928915,-0.7656590510462028,-0.12227787029451959,-0.12528988781341577,1.0177304985732787,1.275966224197442,-0.32361742359417855,2.667034963578195,0.36251049432750354,-1.0097922834101485,-0.5796285462583984,-0.23610007040075875,0.45738158156027847,0.033511816885673465,-0.14139250356818595,-0.2690098300302377,-0.19854922740121997,-0.11020775375559674,-0.12751534261266764,-0.5379956854589935,0
0.24730235310491583,2.412001345198039,1.3887712829928915,0.014670189726527326,-0.168747876720489,-0.18240713808631137,-0.8512204022263739,-1.2443779110358517,-0.32361742359417855,-0.19196220374062747,1.4282998739654007,-0.714066561707853,-0.9141021511177316,-0.23610007040075875,-0.4421558154388869,0.2787164158305321,-0.14139250356818595,-0.26561843445905203,-0.6313533920277705,-0.11020775375559674,-0.12751534261266764,-0.6152814062349627,0
0.7890923366471796,-0.6173899449276066,-0.4678748172649848,0.7949994304992574,-0.11722478450100955,-0.14023886492164214,3.785105771621151,0.4358515124530109,-0.32361742359417855,-0.7750279290346177,-1.413805138402325,0.6275660060377717,0.6145541411007704,-0.23610007040075875,0.35323104758912033,0.7471958866450761,-0.14139250356818595,-0.7177911071704076,-0.20127158819288793,-0.11020775375559674,-0.12751534261266764,-0.2164705664868582,0
-0.9316110842514043,-0.6173899449276066,-0.4678748172649848,0.7949994304992574,-0.1585683022173613,-0.1740950258168739,-0.5268942524211582,-0.4042631992914204,-0.32361742359417855,3.0090068898636795,1.4282998739654007,-1.3403000940465566,0.11106105340179563,-0.23610007040075875,2.4817889604357037,0.4406319867667357,-0.14139250356818595,-0.7968324940594519,-0.13465209239709425,-0.11020775375559674,-0.12751534261266764,-0.34206305309104434,0
-0.4405929031873541,0.8973057001352163,-0.4678748172649848,-1.2858785448946894,-0.07215821558710032,-0.03996044815720799,0.9496316929025463,-1.2443779110358517,-0.32361742359417855,-0.04360618684015259,-0.34801575876442786,-1.3133106260553271,-0.3579554311309101,-0.23610007040075875,-0.042547802754622895,-0.4601143845000604,-0.14139250356818595,0.9673240017399651,-0.3150457783044984,-0.11020775375559674,-0.12751534261266764,-0.38083388774488025,0
0.6221215619432353,-0.6173899449276066,-0.4678748172649848,1.3152189243477441,0.10011359337243735,0.015710291111760512,-0.8740939502199481,0.4358515124530109,-0.32361742359417855,-0.7844410132778279,-1.0585420118563593,1.287397572720891,-0.5560242804350503,-0.23610007040075875,-1.588583937674124,1.090475516571329,-0.14139250356818595,0.0011800267568376698,0.14475377805844433,-0.11020775375559674,-0.12751534261266764,-0.06561816049309695,0
-0.38431573293291665,-0.6173899449276066,-0.4678748172649848,-1.8060980387431762,-0.09638894694872456,-0.04895854859509072,-0.9282788082239363,-0.4042631992914204,-0.32361742359417855,-0.25849568099722914,0.7177736208734693,1.0872823257120228,1.0035496114225246,4.235492172037854,-0.7309334254180775,-0.4488664360667934,-0.14139250356818595,0.1488124678021756,0.12366497017779908,-0.11020775375559674,-0.12751534261266764,1.9733559868473807,0
1.3459088268397732,-0.6173899449276066,-0.4678748172649848,-1.2858785448946894,-0.13068284070776026,-0.12622679947307894,-0.05468541639014225,0.4358515124530109,3.090068479298001,-0.1311421063872491,0.7177736208734693,-1.4162417115309018,0.747455621867816,-0.23610007040075875,1.974407255887893,-0.49544556525304045,-0.14139250356818595,0.5901535641627659,-0.17757576361703695,-0.11020775375559674,-0.12751534261266764,1.205819273679806,0
-0.8714468635492468,-0.6173899449276066,-0.4678748172649848,0.014670189726527326,-0.1681321693118848,-0.18180209554784799,-0.2920273314901622,0.4358515124530109,-0.32361742359417855,-0.6349054351344647,-1.413805138402325,1.7264069505400228,-0.946754744793381,-0.23610007040075875,1.3663367579825443,0.4625175041841817,-0.14139250356818595,-0.8307392378181504,0.2530776236549704,-0.11020775375559674,-0.12751534261266764,-0.5353111881513188,0
-0.2796999443138999,0.8973057001352163,-0.4678748172649848,2.095548165120474,-0.1111219074990995,-0.145525897988553,-0.31697164166176434,-0.4042631992914204,-0.32361742359417855,-0.6075472343350237,-0.34801575876442786,0.7492593624966198,-0.2654488631944356,-0.23610007040075875,-0.7084935375241238,-1.015790782925177,-0.14139250356818595,-0.1785765569074619,0.14817282947812058,-0.11020775375559674,-0.12751534261266764,-0.35542876384607824,0
-0.6463960484434461,-0.6173899449276066,-0.4678748172649848,0.014670189726527326,-0.167305912564434,-0.18099015066475252,0.330815125216207,0.4358515124530109,-0.32361742359417855,-0.41520219923703744,-1.413805138402325,-1.154502041290837,0.5256068898771322,-0.23610007040075875,-1.4223823422010444,0.842532564438021,-0.14139250356818595,-0.36297926638951755,0.9445006653062802,-0.11020775375559674,-0.12751534261266764,-1.0753007736856224,0
0.4319075337915152,-0.6173899449276066,-0.4678748172649848,-0.24543955719771604,-0.08357608305669226,-0.09272205550480743,0.15209353304662168,0.4358515124530109,-0.32361742359417855,-1.1891392095802076,-1.413805138402325,1.7237041757605929,-0.9010858676018563,-0.23610007040075875,0.6590065274293758,0.30681429401829363,-0.14139250356818595,0.9546434500936807,-0.540346206700908,-0.11020775375559674,-0.12751534261266764,-0.46593395682557864,0
-0.8569296924571889,-0.6173899449276066,3.245417383250768,-0.24543955719771604,-0.16851379034224617,-0.1821504198356171,1.1202013678788423,-0.4042631992914204,-0.32361742359417855,0.45270273516485615,-0.34801575876442786,0.905502939882876,-0.15401318422224167,-0.23610007040075875,-1.2225341335945408,-0.7699125200565494,-0.14139250356818595,-0.46035433490587113,0.13283499620665887,-0.11020775375559674,-0.12751534261266764,0.4047529675925876,0
-0.7038685407445905,0.8973057001352163,-0.4678748172649848,-0.5055493041219594,-0.15667675274884674,-0.16869808413678447,-0.45624340206555186,0.4358515124530109,-0.32361742359417855,0.938354008533809,1.0730367474194349,1.5429179195954112,0.035553600126943995,-0.23610007040075875,-1.3414344649339207,-1.0947612168759673,-0.14139250356818595,0.3924026081072979,-0.6722774988927898,-0.11020775375559674,-0.12751534261266764,-0.6169973240150989,0
2.1783481098474606,0.8973057001352163,-0.4678748172649848,0.5348896835750141,-0.12362092823353327,-0.14329583298655996,-0.9792904151845359,1.275966224197442,-0.32361742359417855,-0.7579845589994284,-0.34801575876442786,-0.41149955817658435,-0.9787261114123923,-0.23610007040075875,1.878642202306312,-1.0038754191112098,-0.14139250356818595,0.6945698737077083,-0.9346783807283726,-0.11020775375559674,-0.12751534261266764,-0.31259014564472964,0
0.14226249104325506,2.412001345198039,-0.4678748172649848,0.5348896835750141,-0.0893110742069707,-0.11354680788463747,0.916678120556778,-0.4042631992914204,-0.32361742359417855,0.9454317793250151,0.36251049432750354,0.3036384457038251,-0.4445146049786244,-0.23610007040075875,-0.2896343110461985,-0.9447183021334752,-0.14139250356818595,-0.05661841554317539,-0.5517808743518356,-0.11020775375559674,-0.12751534261266764,-0.4793922995218037,0
0.09184075614344012,2.412001345198039,-0.4678748172649848,1.0551091774235009,-0.1669601740920068,-0.18105046765989943,0.068037676805335,-1.2443779110358517,-0.32361742359417855,-0.5367284072570059,-0.34801575876442786,0.5577458201401309,0.22238341763670266,-0.23610007040075875,-0.8936076253896091,-1.025674836378957,-0.14139250356818595,-0.937907027858438,-0.0023178462367860037,-0.11020775375559674,-0.12751534261266764,-0.2841095031121051,0
-0.46122503030028006,0.8973057001352163,-0.4678748172649848,0.5348896835750141,-0.15611881096269667,-0.17147375319341182,1.1038409958355286,1.275966224197442,-0.32361742359417855,-0.16593895091477212,1.0730367474194349,0.7435871976716135,6.211860059455161,-0.23610007040075875,-0.5096802333089084,0.27545157513991164,-0.14139250356818595,1.081322549991682,1.1446683019580253,-0.11020775375559674,-0.12751534261266764,-0.3531807411529351,0
0.5966062289732923,-0.6173899449276066,-0.4678748172649848,1.0551091774235009,-0.16316540442553462,-0.1781064893319663,-0.2818289918709563,-0.4042631992914204,-0.32361742359417855,-0.3681148993987548,-0.7032788853103935,-0.11300567613528911,-0.6404927733240037,-0.23610007040075875,2.0968191542782977,-0.694376374884693,-0.14139250356818595,2.721693123193791,-0.6912408297551951,-0.11020775375559674,-0.12751534261266764,0.18483024647303928,0
-0.39164211650373576,-0.6173899449276066,-0.4678748172649848,0.014670189726527326,-0.12789919906732103,-0.14226601378804302,-0.009340149284220152,-1.2443779110358517,-0.32361742359417855,2.0351546518832517,1.4282998739654007,-0.26198338922759473,-0.8632918339142415,-0.23610007040075875,-0.05268743835456164,2.6433016656362827,-0.14139250356818595,0.844069536652424,-0.19217159891497956,-0.11020775375559674,-0.12751534261266764,-0.35259142750467154,0
0.1896175914066554,-0.6173899449276066,-0.4678748172649848,-0.24543955719771604,-0.1230463175623272,-0.13427908152301207,0.07636344339971238,2.116080935941873,-0.32361742359417855,2.4606473088931198,-0.34801575876442786,-0.9402751538023415,-0.3098644188205001,-0.23610007040075875,-1.4779092129681732,1.27196061917603,-0.14139250356818595,1.9361130521357908,-0.18382591207605145,-0.11020775375559674,-0.12751534261266764,0.14428160829927997,0
-0.27692399351113967,-0.6173899449276066,1.3887712829928915,1.3152189243477441,-0.16783140693173537,-0.18176758663556022,0.8298750682061972,0.4358515124530109,-0.32361742359417855,1.5972690025163407,0.0072473677815378485,2.1761248146289818,1.8817691157538021,-0.23610007040075875,0.2852848215748019,1.4252293677634975,-0.14139250356818595,-0.840107560092771,-0.7996898143869627,-0.11020775375559674,-0.12751534261266764,-0.9185146738553122,0
-0.2952894698103534,-0.6173899449276066,-0.4678748172649848,0.014670189726527326,-0.16245331322992906,-0.17622160479626833,-0.4341054002280806,-0.4042631992914204,-0.32361742359417855,0.5768085995710583,-0.7032788853103935,-0.8630454596136685,0.0610697791528218,-0.23610007040075875,0.7746511662121681,-0.4582386520830701,-0.14139250356818595,-0.8694734527797515,-0.059948675441139555,-0.11020775375559674,-0.12751534261266764,-1.0155229229501104,0
-0.9592471559653493,-0.6173899449276066,-0.4678748172649848,-0.24543955719771604,0.03833964738962686,0.035639360272005434,-0.7062358062409289,-0.4042631992914204,-0.32361742359417855,-1.0222141472598143,-1.0585420118563593,-0.6237824565541956,3.288135667861186,-0.23610007040075875,-0.8731207475363642,-0.9995854849694482,-0.14139250356818595,-0.8337869400742298,-1.6634970218572096,-0.11020775375559674,-0.12751534261266764,-0.6948678186148849,0
-0.33316047726460746,-0.6173899449276066,-0.4678748172649848,0.014670189726527326,-0.0848732039152949,-0.09998528602205549,-0.8727643963875534,1.275966224197442,-0.32361742359417855,-0.9916607756814262,0.36251049432750354,-0.32835057057525036,-0.4102744171314776,-0.23610007040075875,-1.367535964096557,0.7537569619096353,-0.14139250356818595,-0.6374026853495671,-0.7429191107119567,-0.11020775375559674,-0.12751534261266764,-0.291912158814773,0
-0.22726349956149175,0.8973057001352163,-0.4678748172649848,-0.24543955719771604,-0.1525855406384825,-0.16538004348355193,-0.5792382352883392,0.4358515124530109,-0.32361742359417855,3.4604188550933053,0.0072473677815378485,-1.4296175487163891,-0.026310449975154977,-0.23610007040075875,-0.7677228161846963,0.21099715023610868,-0.14139250356818595,-0.828491736225179,0.18688434131026432,-0.11020775375559674,-0.12751534261266764,-0.7128081460448275,0
1.3311042584372133,-0.6173899449276066,-0.4678748172649848,3.1359871528174477,-0.15735610834078417,-0.1762518138045375,-0.3454761078044279,-0.4042631992914204,-0.32361742359417855,-1.0516036274140141,1.7835630005113663,2.62223356758846,1.7554236647633454,-0.23610007040075875,-0.10995424935605112,-0.9886028465770605,-0.14139250356818595,0.4914767617446893,-0.17835665503462514,-0.11020775375559674,-0.12751534261266764,-0.11967542192442311,0
1.5360633819012064,0.8973057001352163,1.3887712829928915,0.014670189726527326,-0.16136718778821393,-0.1751542924898682,-0.4846764005333082,0.4358515124530109,-0.32361742359417855,3.7211036320782758,-0.7032788853103935,0.7085019551050089,-0.2605980634845092,4.235492172037854,-0.1689446431759859,0.4525075469980147,-0.14139250356818595,-0.833258327254717,-1.2514515832195288,-0.11020775375559674,-0.12751534261266764,1.4145157968399136,0
-0.8535753907208575,-0.6173899449276066,-0.4678748172649848,-1.2858785448946894,-0.0458966383410555,-0.0012504103885689923,0.6821368880525315,1.275966224197442,-0.32361742359417855,-0.6590780404441472,-0.7032788853103935,0.20477860568825057,-0.6294003561171387,-0.23610007040075875,-1.059110932343672,0.37998563269220054,-0.14139250356818595,0.3696103865958445,0.27592477664754395,-0.11020775375559674,-0.12751534261266764,-0.46255661019147526,0
-0.6440828661945069,0.8973057001352163,3.245417383250768,-0.5055493041219594,-0.1623133510600835,-0.17508919753091426,-0.8913526367080848,2.116080935941873,-0.32361742359417855,1.638210026261401,1.0730367474194349,-0.0029436086694397045,-0.6740452877217381,-0.23610007040075875,1.5344925333295703,-0.24591989385585147,-0.14139250356818595,0.0267899751848017,-1.850740606493315,-0.11020775375559674,-0.12751534261266764,0.8408744216166785,0
-0.5108949543027413,-0.6173899449276066,-0.4678748172649848,0.014670189726527326,-0.16835954692486862,-0.18202553467855678,0.7017255452105977,-1.2443779110358517,-0.32361742359417855,1.6804313055621902,-1.0585420118563593,-0.4598086815501005,-0.19732357810622747,-0.23610007040075875,-0.06917174249593597,-0.6035524052550899,-0.14139250356818595,-0.3069305708296609,0.9292729870970726,-0.11020775375559674,-0.12751534261266764,-0.43826197340627704,0
-0.8754379139350116,-0.6173899449276066,1.3887712829928915,0.5348896835750141,-0.027768726630397846,-0.06018532049768193,-0.8733194958728197,-1.2443779110358517,-0.32361742359417855,0.6352529504955166,-1.413805138402325,0.26794247406673305,0.24935487588393393,-0.23610007040075875,0.6487035012721508,-0.6815294810219495,-0.14139250356818595,-0.5778892449269664,-0.025192635234511748,-0.11020775375559674,-0.12751534261266764,0.08668775832164619,0
0.15111057581187973,-0.6173899449276066,-0.4678748172649848,0.014670189726527326,-0.1650788083760251,-0.17880162287907564,-0.11952851225582593,-1.2443779110358517,3.090068479298001,-0.9223408303617602,1.0730367474194349,0.5704193103177617,-0.7374073975489641,-0.23610007040075875,-0.15470005009504187,-0.6265771146066395,-0.14139250356818595,-0.3388530513525759,0.6471515950232658,-0.11020775375559674,-0.12751534261266764,1.1891621359907432,0
-0.5897936746233146,-0.6173899449276066,1.3887712829928915,1.3152189243477441,-0.16361897947645343,-0.17866298967316382,-1.0143382975108743,-0.4042631992914204,-0.32361742359417855,0.7815997026897311,-0.34801575876442786,-0.4098054613183281,-0.8238263200575641,-0.23610007040075875,-0.8379979566732196,0.23087614505450135,-0.14139250356818595,-0.8957750165407751,0.6905885958817417,-0.11020775375559674,-0.12751534261266764,-0.33776197664524266,0
-0.6059659209115181,0.8973057001352163,-0.4678748172649848,1.5753286712719874,-0.12060187058410299,-0.14865383715565142,-0.5685049836487017,-0.4042631992914204,-0.32361742359417855,-0.7825272278915446,-1.0585420118563593,-0.7669623646448841,-0.9764677957578056,-0.23610007040075875,1.2703273144032317,2.114628401246852,-0.14139250356818595,-0.8563725921149848,0.6016445520869362,-0.11020775375559674,-0.12751534261266764,-0.014473951730969261,0
-0.501507341000223,-0.6173899449276066,-0.4678748172649848,0.014670189726527326,-0.15553675283282398,-0.1694248484122794,2.1840902984931896,0.4358515124530109,-0.32361742359417855,2.6952725682065912,-1.0585420118563593,1.1581799425171384,-0.5903980933776227,-0.23610007040075875,-1.0637640316680896,-0.26082270797584917,-0.14139250356818595,-0.4918772780069643,-0.5291657254116233,-0.11020775375559674,-0.12751534261266764,-0.9813295411815441,0
-0.7843455767405821,2.412001345198039,-0.4678748172649848,0.27477993665077066,-0.16508623174161213,-0.17904278019744074,-0.6791532014186508,0.4358515124530109,-0.32361742359417855,1.1720965537611823,-0.34801575876442786,-0.5668064469599422,0.8377142312035134,-0.23610007040075875,-0.3224084682501219,0.2787604519862851,-0.14139250356818595,-0.86397976281155,1.698730491559563,9.073771725877465,-0.12751534261266764,0.9208842835529175,0
-0.1281856136532325,0.8973057001352163,-0.4678748172649848,-2.0662077856674195,-0.1629112023198115,-0.16995252768065297,-0.8017272985748626,-1.2443779110358517,3.090068479298001,0.160674057352019,-1.0585420118563593,-0.30568964763775114,2.860204394960102,-0.23610007040075875,1.6982426734618208,-0.8880267636744259,-0.14139250356818595,0.6167091347976156,1.587760678136984,-0.11020775375559674,-0.12751534261266764,1.929748773829872,0
2.165076100516302,-0.6173899449276066,-0.4678748172649848,1.8354384181962309,-0.06292677705351589,-0.11155181972524025,2.6075215991917955,-1.2443779110358517,-0.32361742359417855,-0.6266524703594376,-1.413805138402325,-0.6834340537056809,-1.0046448036093847,-0.23610007040075875,0.4493982498945937,-0.5630069554480425,-0.14139250356818595,-0.6081634121154876,1.3829128226108187,-0.11020775375559674,-0.12751534261266764,-0.9566998337749626,0
-0.7572750553122483,-0.6173899449276066,-0.4678748172649848,1.5753286712719874,-0.16320944329426743,-0.17856066069607684,-0.985975126893495,0.4358515124530109,-0.32361742359417855,0.6239725975645218,0.36251049432750354,0.2360590017641596,-0.3238711451608142,-0.23610007040075875,1.4434758284304103,-0.6191879270849054,-0.14139250356818595,-0.5504867252448421,-1.766008483961232,-0.11020775375559674,-0.12751534261266764,-0.29235589685195,0
0.1570264836182797,-0.6173899449276066,-0.4678748172649848,-0.5055493041219594,-0.12824899809984383,-0.13646499008428092,0.24314497033920027,0.4358515124530109,-0.32361742359417855,1.5640191720059053,0.36251049432750354,-0.7266134539037739,-0.1713595749581916,-0.23610007040075875,1.458964278820701,-0.565944517348441,-0.14139250356818595,-0.9069612803760514,-0.32685734358838753,-0.11020775375559674,-0.12751534261266764,-0.47302912909288325,0
0.8596969325913467,2.412001345198039,-0.4678748172649848,-0.7656590510462028,-0.15788426080346912,-0.16902693847659617,-0.1540701174556463,-1.2443779110358517,-0.32361742359417855,-0.7526209902266725,-1.0585420118563593,1.9981255829881537,-0.42529638679865495,4.235492172037854,1.3088362875957933,-0.9559777273308805,-0.14139250356818595,-0.8857335871791359,-1.1315502766251881,-0.11020775375559674,-0.12751534261266764,1.6151408139498216,0
2.242689660863308,-0.6173899449276066,-0.4678748172649848,1.5753286712719874,0.2007973698776401,0.07694057621075613,-0.23258611837540993,-0.4042631992914204,-0.32361742359417855,-0.9898871304731175,-0.7032788853103935,1.2014446722514913,-0.12854085762213818,-0.23610007040075875,1.1539542984440763,-0.24475109580317933,-0.14139250356818595,-0.52869943561167,-1.052026136951753,-0.11020775375559674,-0.12751534261266764,-0.7415175843196912,0
-0.15460897196065745,-0.6173899449276066,-0.4678748172649848,-0.7656590510462028,0.3835667599853986,0.4960635239200685,0.4150153019949653,-0.4042631992914204,-0.32361742359417855,-0.7934087424647257,0.36251049432750354,1.093064383983354,-0.9328717953602741,-0.23610007040075875,-0.04441875925758908,-0.23406383460661298,-0.14139250356818595,-0.3859083953143428,-1.141740518452646,-0.11020775375559674,-0.12751534261266764,-0.9003690232127236,0
0.1940424026470805,0.8973057001352163,-0.4678748172649848,2.3556579120447174,-0.16803509976103517,-0.18202321144186873,-0.884086128912384,0.4358515124530109,-0.32361742359417855,-0.80785454039696,0.7177736208734693,1.6853360891023792,0.48952381723202726,-0.23610007040075875,-0.8638782113908655,0.04806982728957787,-0.14139250356818595,2.214227458239319,0.11281027859710312,-0.11020775375559674,7.8421935706790595,3.0652510749217083,0
0.07675808153750231,0.8973057001352163,1.3887712829928915,-0.7656590510462028,0.1252155412216728,0.17871823330086387,-0.735238552538253,-1.2443779110358517,-0.32361742359417855,0.45075746740232764,-0.34801575876442786,0.5713579084519663,-0.6952276971557664,4.235492172037854,-0.7710073781399859,-0.300564351117498,-0.14139250356818595,-0.616588021183713,-0.50845575839622,-0.11020775375559674,-0.12751534261266764,1.5257570766390995,0
-0.19199041145241755,2.412001345198039,3.245417383250768,0.27477993665077066,-0.13521694503526513,-0.15152536364787078,-0.4135815695107953,0.4358515124530109,-0.32361742359417855,-1.1506414306608352,-0.34801575876442786,0.07199915268807601,0.272192851689317,-0.23610007040075875,-1.1433062215010814,0.9767794858038107,-0.14139250356818595,-0.10886814870015402,-0.037381422411712564,-0.11020775375559674,-0.12751534261266764,0.549505966437412,0
-0.8168192491484867,-0.6173899449276066,-0.4678748172649848,0.27477993665077066,-0.13628707091587144,-0.15251122915937834,0.2252682355930841,-0.4042631992914204,-0.32361742359417855,-1.132617236227113,2.138826127057332,-0.7680367049360858,0.3523290626971678,-0.23610007040075875,-0.06961959416680367,-0.33327432148109903,-0.14139250356818595,-0.444264612965225,1.381308187763177,-0.11020775375559674,-0.12751534261266764,-0.5773267536703822,0
-0.5368861746827105,0.8973057001352163,-0.4678748172649848,0.5348896835750141,-0.11871015460111753,-0.13903785135983862,-0.22114502805359698,0.4358515124530109,-0.32361742359417855,-0.9898053466543489,-1.413805138402325,0.9523244719770838,-0.6305513256553315,4.235492172037854,2.3077814979936253,-0.16935657016912242,-0.14139250356818595,-0.5200105781646821,1.8312025810922485,-0.11020775375559674,-0.12751534261266764,2.0422006444564182,0
1.2369440240278355,2.412001345198039,-0.4678748172649848,-0.7656590510462028,-0.1641168502509834,-0.17668272937627244,-0.23253020778060635,-1.2443779110358517,-0.32361742359417855,-0.4713894383879776,0.7177736208734693,0.007448345076428122,-0.903228230333586,-0.23610007040075875,-0.8736154739643146,-0.15730646013782296,-0.14139250356818595,-0.10251348218995367,-0.5977407112111243,-0.11020775375559674,-0.12751534261266764,-0.5936655865409676,0
0.42004690136906464,-0.6173899449276066,-0.4678748172649848,-1.545988291818933,0.19460395500321268,0.4127854076244664,-0.8996808092063118,0.4358515124530109,-0.32361742359417855,0.6697500680676711,0.36251049432750354,1.274625026945614,-0.6103422795498193,-0.23610007040075875,-0.22910547996631472,1.85882699264424,-0.14139250356818595,-0.5704729301304303,-0.7800619219210726,-0.11020775375559674,-0.12751534261266764,-0.5241424173563106,0
0.25163825446563065,-0.6173899449276066,-0.4678748172649848,-1.0257687979704462,-0.1619578383079215,-0.17325616449644685,-0.6934466232279692,-1.2443779110358517,-0.32361742359417855,1.4503566725482693,0.7177736208734693,2.217085516218144,-0.4082850230374998,4.235492172037854,-0.43371637504670585,-0.4177184107175479,-0.14139250356818595,1.1022626176241854,0.3756403297453535,-0.11020775375559674,-0.12751534261266764,1.550468125738536,0
-0.3802666987660752,-0.6173899449276066,-0.4678748172649848,1.5753286712719874,-0.15573490915235977,-0.17331418549436722,-0.8733379230152771,-0.4042631992914204,-0.32361742359417855,-0.875317773015982,-0.34801575876442786,-0.5799418948990485,-0.4904204863682916,-0.23610007040075875,-0.33199436195919213,1.8379071158075462,-0.14139250356818595,0.20229649173207553,0.555364162454203,-0.11020775375559674,-0.12751534261266764,-0.8252544961990558,0
-0.5768902047949999,-0.6173899449276066,-0.4678748172649848,-2.3263175325916627,-0.16013479782795148,-0.16103204556055908,-0.9000395965196648,0.4358515124530109,3.090068479298001,-0.16640977179164768,-0.7032788853103935,0.2593781977981382,-0.16921206104986333,-0.23610007040075875,-1.410181661474802,-0.6818258275439629,-0.14139250356818595,-0.5884795147365387,0.5025243322291891,-0.11020775375559674,-0.12751534261266764,0.8819206362229014,0
1.6405494084128038,-0.6173899449276066,-0.4678748172649848,1.0551091774235009,0.028449594868357516,-0.029451773813340434,-0.9182778547451524,-0.4042631992914204,-0.32361742359417855,0.48045074872212623,-0.34801575876442786,-0.8952966687630871,-1.0008136316444705,-0.23610007040075875,-1.0036743295773731,1.6462032645791473,-0.14139250356818595,-0.26413112781905457,-0.48905769123535614,-0.11020775375559674,-0.12751534261266764,-1.1208310415185327,0
-0.9074863453581756,-0.6173899449276066,-0.4678748172649848,-0.24543955719771604,-0.12473051728619053,-0.13605232489541846,0.5343551128508436,-1.2443779110358517,-0.32361742359417855,1.0007721064279347,-0.34801575876442786,-0.18555914462472556,0.27884728000866404,-0.23610007040075875,1.2693291375721496,0.5582561376528822,-0.14139250356818595,1.5966181390724254,-0.39554923162134287,-0.11020775375559674,-0.12751534261266764,0.3324362374599666,0
0.78644914319174,-0.6173899449276066,-0.4678748172649848,-0.24543955719771604,-0.157053865399906,-0.17008460859936736,-0.2913906615561327,0.4358515124530109,-0.32361742359417855,1.2975087817231112,0.7177736208734693,-0.16812183774612785,-0.42235725745452957,-0.23610007040075875,0.7069435068532487,0.06482611256573598,7.072510739706607,3.7829941893956787,0.926200153167941,-0.11020775375559674,-0.12751534261266764,2.649008493995358,0
0.2875706590691992,-0.6173899449276066,-0.4678748172649848,-1.0257687979704462,-0.05499349954924884,-0.029922199495290916,-0.18242794954538696,1.275966224197442,3.090068479298001,-1.0381661940076585,1.0730367474194349,-0.6552204913988774,0.14835173597171264,-0.23610007040075875,0.10341496422818759,-0.5733608360814433,-0.14139250356818595,0.19048033666193853,-0.9265089962122399,-0.11020775375559674,-0.12751534261266764,1.0698785944973606,0
-0.387085723355776,-0.6173899449276066,1.3887712829928915,0.014670189726527326,0.24069736266176053,0.21994596589727586,0.22821751693383296,-0.4042631992914204,-0.32361742359417855,-0.39902910220824134,-2.1243313914942563,0.11397068300774034,0.6575060121523175,-0.23610007040075875,1.440045842164172,-0.579691810388079,-0.14139250356818595,2.4158800833381258,0.18036691480933695,-0.11020775375559674,-0.12751534261266764,0.049226493257444714,0
0.726674648591272,0.8973057001352163,-0.4678748172649848,0.014670189726527326,0.048008682182334006,0.030594909305750647,1.977080355912059,-0.4042631992914204,-0.32361742359417855,-1.1658071422646397,-1.0585420118563593,0.2884795204791213,-0.6738842477481989,-0.23610007040075875,2.752997174615235,0.48474751132925786,-0.14139250356818595,-0.7655336100806405,-0.14380645187842722,-0.11020775375559674,-0.12751534261266764,-0.21385773867148206,0
-0.7910021721083075,0.8973057001352163,-0.4678748172649848,-1.0257687979704462,-0.16760410158767303,-0.1808222497237217,1.273381990707048,-0.4042631992914204,-0.32361742359417855,-0.6510157361406546,-0.7032788853103935,-1.5801746877662701,-0.17860399178011274,-0.23610007040075875,-0.28594342870757256,-0.6203606360476833,-0.14139250356818595,-0.9037055176527634,-0.9000949200607417,-0.11020775375559674,-0.12751534261266764,-0.4995917765003495,0
-0.102001284784975,0.8973057001352163,1.3887712829928915,-0.24543955719771604,-0.1632794490572659,-0.1766393388984863,-0.7499548337075318,-0.4042631992914204,-0.32361742359417855,1.420819759299282,1.0730367474194349,-1.1747606674635027,-0.12517470740510167,-0.23610007040075875,2.29927228149413,0.11659354016779735,-0.14139250356818595,0.06632425570469141,1.1039166227781112,-0.11020775375559674,-0.12751534261266764,0.4827654698515893,0
-0.056083272905324416,2.412001345198039,-0.4678748172649848,0.27477993665077066,4.385558294510141,4.013289705977443,-0.025028592320222802,0.4358515124530109,-0.32361742359417855,0.014202851156214266,-0.7032788853103935,0.210101937194257,-0.7075534294625755,-0.23610007040075875,0.8331074925610973,0.22963738163561073,-0.14139250356818595,-0.7193384072170126,-1.219064749081983,-0.11020775375559674,-0.12751534261266764,-1.3811502436529481,0
-0.9524114317840686,0.8973057001352163,-0.4678748172649848,-1.2858785448946894,-0.024817515065922106,0.02982059690339034,-0.5084056540224489,1.275966224197442,3.090068479298001,-0.8582439229551486,0.36251049432750354,2.4149045341899,-0.5742375714635698,-0.23610007040075875,-1.012514461871486,-0.48030715891112197,-0.14139250356818595,-0.19078938086859615,-1.0422592110200006,-0.11020775375559674,-0.12751534261266764,0.9319019579066825,0
-0.9553365054200936,-0.6173899449276066,-0.4678748172649848,-1.8060980387431762,-0.16447738132371384,-0.17441302156759134,1.09404367160319,1.275966224197442,3.090068479298001,-0.8545534064859291,-1.413805138402325,-1.4804343216909064,0.5967667367335434,-0.23610007040075875,-0.2967779025114213,0.7629017882779472,-0.14139250356818595,-0.31478568101980214,-1.560537513737242,-0.11020775375559674,-0.12751534261266764,1.0092481980073038,0
-0.7194213252972911,2.412001345198039,-0.4678748172649848,0.27477993665077066,-0.16703729616300506,-0.18084022025439084,0.7278219665340869,0.4358515124530109,3.090068479298001,0.8052042233676984,-0.34801575876442786,1.2390899408613578,-0.8561380881227133,-0.23610007040075875,-0.3368783099302333,2.5900018137769756,-0.14139250356818595,0.3833475992156421,1.5435614157751623,-0.11020775375559674,-0.12751534261266764,1.0408701695052234,0
-0.04135408300513772,-0.6173899449276066,-0.4678748172649848,-1.545988291818933,-0.08930482996798053,-0.052199771890281035,-0.5715363948394302,-0.4042631992914204,-0.32361742359417855,-0.7761703163129067,0.0072473677815378485,-1.43012928965684,-0.7821631690555979,-0.23610007040075875,-0.32649459853309426,0.004129722089633408,-0.14139250356818595,1.0696540006838275,0.2026860437883624,-0.11020775375559674,-0.12751534261266764,0.6693673939847965,0
1.5723453886724672,0.8973057001352163,3.245417383250768,-1.0257687979704462,-0.14758514667657563,-0.1539965224216465,-0.9367352025130046,1.275966224197442,-0.32361742359417855,0.04491702794759619,-0.34801575876442786,1.04131322971526,-0.9198742055506219,-0.23610007040075875,-1.1753858741004846,1.361230675249373,-0.14139250356818595,-0.7643552853611076,1.064582663551062,-0.11020775375559674,-0.12751534261266764,0.6998239718458716,0
0.5621304342631424,2.412001345198039,-0.4678748172649848,0.27477993665077066,-0.0707283077421773,-0.09211448073813756,-0.01596625872227446,1.275966224197442,-0.32361742359417855,-1.2003358547197835,-1.0585420118563593,-0.27448634242908376,-0.9385328209314603,-0.23610007040075875,-0.27435649605056545,-0.12183167303821989,-0.14139250356818595,-0.027471783530666666,-1.2419997828427274,-0.11020775375559674,-0.12751534261266764,-0.14365467492727418,0
-0.8817151840447116,0.8973057001352163,-0.4678748172649848,0.5348896835750141,-0.168362257922552,-0.18208967160159875,-0.3363221196488756,-0.4042631992914204,-0.32361742359417855,-1.1369513069741257,-1.0585420118563593,-0.09247155059038314,-0.8139259496326284,-0.23610007040075875,1.506702325086745,-0.7438529813309462,-0.14139250356818595,-0.5166594625964291,-0.7121077297707129,-0.11020775375559674,-0.12751534261266764,-0.28823557326108473,0
-0.47569020407382134,-0.6173899449276066,-0.4678748172649848,1.3152189243477441,-0.16021157765968433,-0.17615170385464116,-0.6660776887197617,0.4358515124530109,-0.32361742359417855,-0.5645068458816831,-0.34801575876442786,-0.2544895419317585,0.7496935141134266,-0.23610007040075875,-0.9590092610821584,-1.081660278896217,-0.14139250356818595,-0.3376878136956836,-1.5734391905775844,-0.11020775375559674,-0.12751534261266764,-0.2766969914877968,0
0.4110871353607961,2.412001345198039,3.245417383250768,0.7949994304992574,-0.16760141764993433,-0.18149223404595102,2.6862505159458325,0.4358515124530109,-0.32361742359417855,-0.22161733743812004,0.0072473677815378485,2.02316902522119,-0.5992117460116089,-0.23610007040075875,-1.0894862656753508,2.670520510059108,-0.14139250356818595,-0.7147736359755188,1.3015377671967145,-0.11020775375559674,-0.12751534261266764,0.05135509442427432,0
-0.5688023492301696,-0.6173899449276066,-0.4678748172649848,-1.2858785448946894,-0.1478640906363361,-0.1515522712608698,0.23664359142278235,0.4358515124530109,-0.32361742359417855,-0.09610401852776028,1.0730367474194349,-1.0255296299939025,0.043205578615083,-0.23610007040075875,-0.3740959185625223,1.0602266537892568,-0.14139250356818595,0.40842891596238545,0.24843254228424805,-0.11020775375559674,-0.12751534261266764,0.12370150386679798,0
-0.8746125398998376,0.8973057001352163,3.245417383250768,1.0551091774235009,-0.13912176734552595,-0.15945346089821727,0.23106863681982973,0.4358515124530109,-0.32361742359417855,-0.8918772703199546,0.7177736208734693,-0.6517151295367751,-0.5914118764944937,-0.23610007040075875,-0.6217378435889009,-0.14491444846437873,7.072510739706607,1.0743812782321236,2.8048281673975475,-0.11020775375559674,-0.12751534261266764,3.9042097984804616,1
-0.5095531195842856,-0.6173899449276066,-0.4678748172649848,0.014670189726527326,-0.15840156471656705,-0.17224003794896123,0.20171456462112008,1.275966224197442,-0.32361742359417855,-1.0232424091723846,-0.34801575876442786,-0.22558107418920564,-0.9981244867423986,-0.23610007040075875,0.6852265577399913,-1.117452844018706,-0.14139250356818595,0.03714984050315645,1.241729843601789,-0.11020775375559674,-0.12751534261266764,0.14596982970386108,0
-0.18667934041894643,-0.6173899449276066,3.245417383250768,-1.0257687979704462,-0.1642700211437708,-0.17635452734817839,-0.4547138974853379,-0.4042631992914204,-0.32361742359417855,-0.0725454680754821,-0.7032788853103935,3.1776187420472635,-0.8429217932492639,-0.23610007040075875,-1.4180158586174545,-0.7084570084333354,-0.14139250356818595,-0.7124531541766594,1.7144525668404662,-0.11020775375559674,-0.12751534261266764,0.14827334620643504,0
-0.3788026583633659,-0.6173899449276066,-0.4678748172649848,1.5753286712719874,-0.1445004095423263,-0.16542854038410032,-1.0140651660416469,0.4358515124530109,-0.32361742359417855,-0.6104847364302334,0.36251049432750354,-0.7406027404744537,-0.33302247184642125,-0.23610007040075875,-0.5701753362179499,0.39330614584187107,-0.14139250356818595,2.8749254040489562,1.266130399093321,-0.11020775375559674,-0.12751534261266764,0.0006757922559269017,0
-0.5768111348092474,0.8973057001352163,-0.4678748172649848,0.27477993665077066,0.15805367115502078,0.11865349220483158,-0.6690120664948801,-0.4042631992914204,-0.32361742359417855,-1.1500153658994976,-1.0585420118563593,1.0017356465900347,0.28304081684156607,-0.23610007040075875,0.7403756872598818,-0.12574406058346652,-0.14139250356818595,-0.8551189389699645,-0.06815382724758141,-0.11020775375559674,7.8421935706790595,3.2846816755668304,0
-0.857096391045775,0.8973057001352163,-0.4678748172649848,-1.8060980387431762,-0.16791943746132332,-0.1807550874800979,-0.4349994433639848,2.9561956476863047,-0.32361742359417855,-0.7897123246994702,0.7177736208734693,0.931065027156695,-0.8767691485067861,-0.23610007040075875,-1.0125433299660103,1.10459782845354,-0.14139250356818595,0.2778759528758047,0.18537746949790657,-0.11020775375559674,-0.12751534261266764,-0.3444276560863752,0
-0.757710823209438,2.412001345198039,-0.4678748172649848,-2.0662077856674195,-0.11441004971084842,-0.06782171005929616,-0.19403308998237667,-0.4042631992914204,-0.32361742359417855,-0.837620453131134,-1.0585420118563593,-0.1907085882846686,-0.6423001955042663,-0.23610007040075875,0.3653976353889951,-1.0854270388585785,-0.14139250356818595,-0.329009334557807,-0.5957919704828628,-0.11020775375559674,7.8421935706790595,3.1880090057587323,0
-0.7258896017703622,-0.6173899449276066,-0.4678748172649848,-0.24543955719771604,-0.09460399352429318,-0.10433301165869337,-0.9493810949815621,-0.4042631992914204,-0.32361742359417855,-1.1111098636930798,0.36251049432750354,-1.1617656182892695,0.3774078364138884,-0.23610007040075875,-1.1873235718992088,-0.5719115769522145,-0.14139250356818595,-0.5705930863356636,-0.8566875701512091,-0.11020775375559674,-0.12751534261266764,-0.9017517995584696,0
-0.9554361855699564,-0.6173899449276066,-0.4678748172649848,1.0551091774235009,-0.15630032390062482,-0.1727805670596828,-0.9686050305611972,-0.4042631992914204,3.090068479298001,0.7238757063249114,0.0072473677815378485,1.3951226394266805,1.476913681613338,-0.23610007040075875,0.5102885804025381,0.6873009565134833,-0.14139250356818595,-0.6388615488587079,1.2266726346968293,-0.11020775375559674,-0.12751534261266764,0.5521002812103358,0
-0.9548960986381269,0.8973057001352163,-0.4678748172649848,1.3152189243477441,-0.1680734827352495,-0.18194599868235217,0.47278520944648833,-1.2443779110358517,-0.32361742359417855,1.4202480919890346,0.36251049432750354,-0.7148007998135976,-0.8493836182271739,-0.23610007040075875,-0.2903467796155303,-0.6598169148885793,-0.14139250356818595,-0.7814634549364093,0.728336415935805,-0.11020775375559674,-0.12751534261266764,-0.5641529063082349,0
0.38032589214649615,-0.6173899449276066,-0.4678748172649848,-0.5055493041219594,-0.15624071821530022,-0.16820368201802846,-0.9366079516771155,-0.4042631992914204,-0.32361742359417855,-0.937930314174893,0.7177736208734693,-0.47245659262874135,-0.39366915387915646,-0.23610007040075875,-1.4735002859448096,1.4613132137674296,7.072510739706607,0.6717898990154885,0.5478736332033209,-0.11020775375559674,-0.12751534261266764,2.2627888904785354,0
-0.11217479315135426,-0.6173899449276066,1.3887712829928915,0.27477993665077066,-0.026820706966423403,-0.05166410935441435,1.531230594688512,0.4358515124530109,-0.32361742359417855,0.9354843830434666,0.36251049432750354,-0.877638085149898,-0.1565053676240462,-0.23610007040075875,-0.37590648638861085,-0.7374498600968323,-0.14139250356818595,0.5506687019777694,0.0348953476668783,-0.11020775375559674,-0.12751534261266764,-0.13503043790150193,0
-0.09235970042011406,-0.6173899449276066,-0.4678748172649848,2.3556579120447174,0.3402200567706229,0.1301339773843969,0.7219693660669668,0.4358515124530109,-0.32361742359417855,-0.5991578518229081,-0.7032788853103935,0.4227571740134428,-0.8323905033722124,4.235492172037854,-0.759310709871987,-0.15945555584777926,-0.14139250356818595,-0.9071647576313768,1.2949551617131054,-0.11020775375559674,-0.12751534261266764,0.6237165122422003,0
0.5992134943870029,0.8973057001352163,-0.4678748172649848,-0.7656590510462028,-0.15731046069328994,-0.16832211206395717,-1.0087552906311652,-1.2443779110358517,-0.32361742359417855,-1.0444377188608107,0.0072473677815378485,0.4616532901335669,0.829765536765867,-0.23610007040075875,-0.38858535196693716,-0.4047750758653775,-0.14139250356818595,-0.3050421234760296,0.568038834740471,-0.11020775375559674,-0.12751534261266764,-0.5873972596360477,0
-0.8286321815994189,2.412001345198039,-0.4678748172649848,0.014670189726527326,-0.11626347546852081,-0.1308318363773206,0.1907244885971743,-1.2443779110358517,-0.32361742359417855,-0.86263460741926,-0.34801575876442786,0.0265323450034299,1.0168077091041265,-0.23610007040075875,-0.9219484936861978,0.3097195211250906,-0.14139250356818595,-0.6534062654972748,-0.5662714298488097,-0.11020775375559674,-0.12751534261266764,0.15398901407253607,0
-0.4431395510006253,-0.6173899449276066,3.245417383250768,1.0551091774235009,-0.16767750995367806,-0.1816069760691628,-0.4136380417205796,-0.4042631992914204,-0.32361742359417855,-0.8167066215848777,1.7835630005113663,-1.02163893256724,-0.8469158248206443,-0.23610007040075875,-0.28904460506093865,2.887057304066887,-0.14139250356818595,-0.9450059884259022,0.4739776518377572,-0.11020775375559674,-0.12751534261266764,0.41070115316291916,0
-0.794704772925909,-0.6173899449276066,1.3887712829928915,-1.2858785448946894,-0.15112266353677672,-0.1563554663951954,-0.797966681194939,-0.4042631992914204,-0.32361742359417855,-0.08315978169339812,-0.7032788853103935,-1.2617942691152526,-0.15888218431909185,-0.23610007040075875,-0.32268552218950797,2.268981600982586,-0.14139250356818595,-0.2251875086466856,0.34727948876738,-0.11020775375559674,-0.12751534261266764,-0.5906991429573664,0
0.1440439813621381,-0.6173899449276066,-0.4678748172649848,-1.0257687979704462,-0.16825263860533665,-0.1816912999442955,0.1522899640822585,-1.2443779110358517,-0.32361742359417855,2.4226370294409643,0.0072473677815378485,2.955219947223738,-0.30632280639969106,-0.23610007040075875,0.10799618804428716,-0.7440464219440962,-0.14139250356818595,-0.60588632779097,1.595600563500448,-0.11020775375559674,-0.12751534261266764,-0.31976376894769803,0
1.2897961485476144,-0.6173899449276066,-0.4678748172649848,0.7949994304992574,-0.16627924848904607,-0.18040951118359427,4.8983965320372675,-1.2443779110358517,-0.32361742359417855,-0.15573354988868449,0.36251049432750354,-0.6905466855281612,-0.1815322424545939,-0.23610007040075875,0.7354649370698402,-0.23490713776557956,-0.14139250356818595,-0.6654985059256012,1.8179428061429141,-0.11020775375559674,-0.12751534261266764,-0.37782092662286715,0
0.8771598063060094,-0.6173899449276066,1.3887712829928915,-0.7656590510462028,-0.1660249250914716,-0.1790265099385453,-0.11807898319728102,0.4358515124530109,-0.32361742359417855,0.31152604190781247,-0.34801575876442786,-1.4137727937794533,-0.7451100927218913,-0.23610007040075875,0.2032146002649352,-0.11532441089411477,-0.14139250356818595,-0.4807435862288073,-0.8381118220846538,-0.11020775375559674,-0.12751534261266764,-0.41740130811054305,0
0.8853824577100583,-0.6173899449276066,-0.4678748172649848,-0.7656590510462028,-0.15843282326621633,-0.169700764266915,-0.8254281018896263,-0.4042631992914204,-0.32361742359417855,-0.48503216836390256,0.7177736208734693,1.8383557571305604,0.026048077644375535,-0.23610007040075875,-0.46803199366012765,0.3108866715790383,-0.14139250356818595,0.7979600525630149,-0.6071589741913855,-0.11020775375559674,-0.12751534261266764,-0.39910577692810495,0
-0.5798074889180956,-0.6173899449276066,-0.4678748172649848,-0.24543955719771604,-0.15862190540703675,-0.17173555089018688,0.049056222162383256,-0.4042631992914204,-0.32361742359417855,1.698897891867261,-1.0585420118563593,-0.3116953318718889,-0.9916848713390968,-0.23610007040075875,0.7250121501982145,-1.1169159593902127,-0.14139250356818595,0.3903879816321382,-1.2487370251663368,-0.11020775375559674,-0.12751534261266764,-0.5326276579358704,0
-0.2340926164604449,-0.6173899449276066,-0.4678748172649848,0.27477993665077066,-0.1548001798305014,-0.1695666391073896,-0.6180541187291564,0.4358515124530109,-0.32361742359417855,0.3620714094968634,-0.7032788853103935,-0.5424112625058577,-0.5971830035152726,-0.23610007040075875,0.23099714705566518,2.3857475788028357,-0.14139250356818595,1.4923118237801833,0.5029317787248134,-0.11020775375559674,-0.12751534261266764,-0.6798432327796805,0
-0.4432739094591778,-0.6173899449276066,3.245417383250768,-0.7656590510462028,-0.1450922389469768,-0.15331387966819796,0.5506353865378668,-0.4042631992914204,-0.32361742359417855,-0.5605950685670757,-1.0585420118563593,-1.2423325744634737,3.5538311686363615,-0.23610007040075875,-0.7385020696238682,-0.4198001471864411,-0.14139250356818595,-0.8397892420929827,-0.9200950473873506,-0.11020775375559674,-0.12751534261266764,0.3786888803539537,0
1.4133964030674786,0.8973057001352163,3.245417383250768,-1.2858785448946894,-0.16067491581618382,-0.17043565826817617,-0.7639663794287745,1.275966224197442,-0.32361742359417855,-1.110859940995809,-1.0585420118563593,2.25963269741305,-0.8642883235102563,-0.23610007040075875,0.7830859495696106,1.1486134124730965,-0.14139250356818595,7.163299812291122,-0.8578552248310058,-0.11020775375559674,-0.12751534261266764,1.7917048102043842,0
1.637160680351723,0.8973057001352163,-0.4678748172649848,0.014670189726527326,0.03534106117651408,0.018146708321733276,-0.07812960608877961,-0.4042631992914204,-0.32361742359417855,0.30821452956141965,0.0072473677815378485,-0.3657621886662922,-0.07357145147245418,-0.23610007040075875,-0.19531487340500991,-1.0986351416513742,-0.14139250356818595,-0.2678348197397833,1.3584782489854514,-0.11020775375559674,-0.12751534261266764,0.02816079051789013,0
0.3683268930894735,-0.6173899449276066,-0.4678748172649848,-0.24543955719771604,-0.15655101021861273,-0.1695551674619094,0.44251404029762964,-0.4042631992914204,-0.32361742359417855,-0.550217730100037,-0.34801575876442786,-0.733128515747021,-0.48062639692387454,-0.23610007040075875,1.8861531963869183,-0.430035775956041,-0.14139250356818595,1.1683997021620092,0.046428825725628016,-0.11020775375559674,-0.12751534261266764,0.4847032338554341,0
-0.017213555761353385,-0.6173899449276066,-0.4678748172649848,0.014670189726527326,-0.006142335424082733,-0.022618140748718298,1.5935018110866466,-0.4042631992914204,-0.32361742359417855,2.2002347184884816,-0.7032788853103935,0.31197349293179266,0.8168615162268488,-0.23610007040075875,-0.47983278943220375,-1.021220217963915,-0.14139250356818595,-0.6097495240580458,0.06161127338239105,-0.11020775375559674,-0.12751534261266764,-0.9078631008188465,0
0.10121463510175553,-0.6173899449276066,-0.4678748172649848,1.5753286712719874,-0.13308660619316687,-0.1574170395879755,-0.7291243155840771,1.275966224197442,-0.32361742359417855,-0.3709039246951785,-0.34801575876442786,-0.9576747984955831,0.04532003254607229,-0.23610007040075875,-0.5626047370848534,-0.6706900429174438,-0.14139250356818595,-0.4477529520331198,1.0222598671011407,-0.11020775375559674,-0.12751534261266764,-0.9427840155929742,0
-0.8868539763199403,-0.6173899449276066,-0.4678748172649848,-0.7656590510462028,-0.10785416372458376,-0.10757255179640021,0.009762772828054411,0.4358515124530109,-0.32361742359417855,0.18683959314125706,1.0730367474194349,0.42164114218549975,1.2187458572633347,-0.23610007040075875,0.1357028062258363,0.6590741831229822,-0.14139250356818595,0.717526578059253,-0.5639472047713201,-0.11020775375559674,-0.12751534261266764,0.08934619435781084,0
0.7718988472567604,-0.6173899449276066,-0.4678748172649848,1.8354384181962309,-0.11146227295661508,-0.1440709992565797,1.1051734663773376,0.4358515124530109,-0.32361742359417855,-0.7466269971422034,0.7177736208734693,0.9434752060932443,-0.1730014901281807,-0.23610007040075875,-1.5278484912862174,-0.6279610513174971,-0.14139250356818595,-0.7388434195392121,-0.18397441556344604,-0.11020775375559674,-0.12751534261266764,-1.195353056919152,0
-0.9116838359475923,-0.6173899449276066,-0.4678748172649848,2.3556579120447174,-0.16710296022557766,-0.18145071541651045,1.5993406325139292,0.4358515124530109,-0.32361742359417855,-1.143381481598269,0.7177736208734693,-0.22241416606842573,-0.9351924420176075,-0.23610007040075875,-1.1451523120619245,0.058835540138681024,-0.14139250356818595,0.3913020663069203,0.4226113367800661,-0.11020775375559674,-0.12751534261266764,-1.0778092608289116,0
1.5998149971272668,-0.6173899449276066,-0.4678748172649848,-0.5055493041219594,-0.1688048092289198,-0.18244960232817928,-0.2743808977876585,0.4358515124530109,-0.32361742359417855,-0.46623674192771786,-0.34801575876442786,0.8984017835371155,0.8609618190826339,-0.23610007040075875,-1.6209213645965408,-0.6277805824360772,-0.14139250356818595,-0.816301436394414,-1.4892183625830642,-0.11020775375559674,-0.12751534261266764,-0.25258662186857544,0
-0.6831005187686122,0.8973057001352163,-0.4678748172649848,1.3152189243477441,-0.1519172335218353,-0.17003869754443215,-0.5457481671403946,-0.4042631992914204,-0.32361742359417855,-0.37007235078634637,0.36251049432750354,0.2597289012766041,-0.6476328975583983,-0.23610007040075875,0.6027055802792012,-0.45061168959848075,-0.14139250356818595,0.2578233716509338,-0.9244813949281945,-0.11020775375559674,-0.12751534261266764,-0.2511272549166729,0
-0.27308050560542946,-0.6173899449276066,1.3887712829928915,0.7949994304992574,-0.14019859215751673,-0.15905209058209882,-0.7209606144597905,-0.4042631992914204,-0.32361742359417855,1.205498560547061,0.36251049432750354,-0.08287436452833202,1.3410706057684234,-0.23610007040075875,-0.20339911323504672,-0.014001654958838114,-0.14139250356818595,3.0263945932828857,-1.1247123636299319,-0.11020775375559674,-0.12751534261266764,0.2870446932415373,0
-0.9145849243979259,-0.6173899449276066,1.3887712829928915,0.27477993665077066,-0.06672870156245317,-0.08842979853049995,-0.9013918705158795,1.275966224197442,-0.32361742359417855,0.9658997961192847,0.7177736208734693,-0.09055729226414133,-0.8232410795985704,-0.23610007040075875,-1.067245908703334,-0.7472115254279607,-0.14139250356818595,-0.38382069668016994,0.0233276047891725,-0.11020775375559674,-0.12751534261266764,-1.2653636625974791,0
0.6940918838278181,-0.6173899449276066,-0.4678748172649848,0.27477993665077066,-0.16577544063264865,-0.17967772164518178,0.4345332950361191,-0.4042631992914204,-0.32361742359417855,1.1097144870487365,0.0072473677815378485,0.30248469042402837,-0.9398466989083014,-0.23610007040075875,-0.713609247468381,0.03035976878453888,-0.14139250356818595,-0.9425500992855033,1.1441102212834324,-0.11020775375559674,-0.12751534261266764,-1.0525577684505578,0
0.7197837839741386,0.8973057001352163,-0.4678748172649848,1.0551091774235009,-0.040521197851344545,-0.08295924248032094,0.48976593913318384,-1.2443779110358517,-0.32361742359417855,1.7300886839536782,-0.7032788853103935,0.6602358109428641,-0.14126610673429812,-0.23610007040075875,0.6659760177984367,-1.0978639799902,-0.14139250356818595,-0.6706234042640453,-0.7884871429492216,-0.11020775375559674,-0.12751534261266764,-0.8631277933667715,0
0.7030908702342786,-0.6173899449276066,1.3887712829928915,0.7949994304992574,-0.13992851127152184,-0.1588309216435072,-0.987947772806292,-1.2443779110358517,-0.32361742359417855,-0.6519531526588701,-0.7032788853103935,-0.8061610598571308,-0.7842739409054562,-0.23610007040075875,2.1122495480427697,1.4721189043582983,-0.14139250356818595,2.736109767152266,-0.9654718383860804,-0.11020775375559674,-0.12751534261266764,0.30748417280815277,0
-0.5284119934262114,0.8973057001352163,-0.4678748172649848,0.27477993665077066,-0.1119356958330924,-0.13007725079573493,-0.008035523711125944,0.4358515124530109,-0.32361742359417855,-0.7553602715624536,0.7177736208734693,1.8252467381680098,0.016223418644481992,-0.23610007040075875,0.9925060685344684,-0.18876238638467716,-0.14139250356818595,-0.6174837911373678,1.2429033504698184,-0.11020775375559674,-0.12751534261266764,-0.38401021340247476,0
1.016894168214388,0.8973057001352163,-0.4678748172649848,-1.0257687979704462,-0.13549579525824176,-0.13779659361180616,-0.8637102530083827,0.4358515124530109,-0.32361742359417855,-1.174755776894527,0.36251049432750354,-0.3744725009729879,-0.10352328827975857,-0.23610007040075875,1.475782735606615,0.5496363142812009,-0.14139250356818595,-0.8871406051964482,-1.3198069492970832,-0.11020775375559674,-0.12751534261266764,0.19602587997280713,0
0.18191592139634322,-0.6173899449276066,-0.4678748172649848,1.8354384181962309,-0.12001573568526354,-0.14980188929719795,2.243001284432858,0.4358515124530109,-0.32361742359417855,-1.0781198831779566,1.0730367474194349,-0.18421031509280908,3.7024705308861017,-0.23610007040075875,2.1057415175118623,0.2072960203016759,-0.14139250356818595,-0.8905328563602135,-0.20315418784357947,-0.11020775375559674,-0.12751534261266764,-0.20770770793491047,0
-0.8709593758131087,-0.6173899449276066,-0.4678748172649848,0.5348896835750141,-0.1671564605524857,-0.18104416157983758,2.8299957409808947,-1.2443779110358517,-0.32361742359417855,-0.9868227061145631,1.7835630005113663,1.4911998210492123,0.5456101351336095,-0.23610007040075875,-0.856723298246124,0.10320133590010588,-0.14139250356818595,-0.5090950625876921,-0.7322877535548398,-0.11020775375559674,-0.12751534261266764,-0.8963811892615885,0
-0.381517186714821,-0.6173899449276066,-0.4678748172649848,-0.5055493041219594,-0.15681416512561994,-0.16885389053511582,-0.2609223872556018,-0.4042631992914204,-0.32361742359417855,1.2101590267567757,-1.413805138402325,0.670153391379154,-0.9583217994821518,-0.23610007040075875,-0.4746852626776619,-1.0197839592377986,-0.14139250356818595,-0.7517082639199096,-1.3614972297593504,-0.11020775375559674,-0.12751534261266764,-0.9224479168291642,0
-0.42393640433732704,-0.6173899449276066,-0.4678748172649848,1.8354384181962309,-0.14442607584468353,-0.16615701700929691,1.0215375875205295,0.4358515124530109,-0.32361742359417855,-1.1329089706449935,0.0072473677815378485,-0.2392587768682134,1.7366307259946636,-0.23610007040075875,-1.1149364950409597,-1.0051822747867345,-0.14139250356818595,-0.43870411159576717,-0.12679853118584283,-0.11020775375559674,-0.12751534261266764,-0.7924142854888496,0
-0.5331999278146335,-0.6173899449276066,-0.4678748172649848,0.7949994304992574,-0.12248058258783046,-0.1445428321573542,0.7964010543523123,-0.4042631992914204,-0.32361742359417855,-0.23016369104650802,0.7177736208734693,-0.0862753328479714,0.13081336614640213,-0.23610007040075875,1.7174393964575811,-1.1096065748081254,-0.14139250356818595,-0.18182824963939434,-1.0165878984498458,-0.11020775375559674,-0.12751534261266764,0.03618039089299595,0
0.675961366018518,-0.6173899449276066,-0.4678748172649848,1.8354384181962309,-0.1347249703061157,-0.15965719689226346,0.7346909632048222,-0.4042631992914204,-0.32361742359417855,1.5392639945545996,0.36251049432750354,-1.2693846501320545,-0.8546500623480392,-0.23610007040075875,0.4488464835606348,0.6595106187158022,-0.14139250356818595,1.9526137146466516,-0.8873391001278159,-0.11020775375559674,-0.12751534261266764,0.4264364153275924,0
-0.5899142496718306,-0.6173899449276066,-0.4678748172649848,-1.0257687979704462,-0.14316448019744646,-0.14807275697089328,-0.24772819277122463,0.4358515124530109,-0.32361742359417855,-1.1458862177919102,0.36251049432750354,0.22147418427754115,-0.9597803854409414,-0.23610007040075875,-0.9347688596338475,-0.7193824006020887,-0.14139250356818595,-0.510851875464454,-0.9567846414097316,-0.11020775375559674,-0.12751534261266764,-0.7647433199737653,0
-0.7254747943657206,-0.6173899449276066,-0.4678748172649848,-1.545988291818933,-0.006186579673042667,0.08393111443739946,0.7277439249309382,1.275966224197442,-0.32361742359417855,-0.39481771857302494,0.36251049432750354,0.2616681632181008,0.4923220926753352,4.235492172037854,-1.4676234072484236,-0.24334528334401961,-0.14139250356818595,-0.7901189965307627,0.0731105529202597,-0.11020775375559674,-0.12751534261266764,0.5070088488187648,0
1.5010760313092655,-0.6173899449276066,3.245417383250768,-0.24543955719771604,-0.16817447817643974,-0.18179316823376254,-0.07790245465660066,0.4358515124530109,3.090068479298001,-0.6351582500028968,0.7177736208734693,-0.9987646299932748,1.2461793977478615,-0.23610007040075875,1.2505162467928699,0.49848984197221724,-0.14139250356818595,0.0011239555515875582,-1.6329676006758675,-0.11020775375559674,-0.12751534261266764,2.4746318724640153,0
-0.6542132790324344,-0.6173899449276066,-0.4678748172649848,-0.5055493041219594,-0.16618687162071968,-0.17948122757644133,-0.5874113656548099,-0.4042631992914204,-0.32361742359417855,1.4834751564061406,-0.34801575876442786,-1.015216257275312,-0.651980934937025,-0.23610007040075875,-0.24414097633995616,-0.6757252139235239,-0.14139250356818595,-0.7975617691760459,0.22201955975755872,-0.11020775375559674,-0.12751534261266764,-0.8249224046475251,0
0.12880692064105206,-0.6173899449276066,-0.4678748172649848,-0.24543955719771604,-0.1393717546500573,-0.15146764455819006,-0.5707102748545912,0.4358515124530109,3.090068479298001,-1.1082634760394987,-1.0585420118563593,-1.2469386019731785,2.2564186367338053,-0.23610007040075875,0.40387155976048045,-0.3623471157684365,-0.14139250356818595,1.0377647807383066,-0.5798432766898112,-0.11020775375559674,-0.12751534261266764,2.117240392447946,0
0.6517269047455254,0.8973057001352163,-0.4678748172649848,-0.7656590510462028,-0.14502908515181276,-0.15323630480876457,0.6714649371047868,0.4358515124530109,-0.32361742359417855,-1.0592833779397313,-1.413805138402325,0.34467298512831634,-0.9662574158501879,-0.23610007040075875,-0.46822622105557926,-0.6138903913138195,-0.14139250356818595,1.4215141412986207,0.0588815946480253,-0.11020775375559674,-0.12751534261266764,-0.9986870968811804,0
-0.7480352635771975,0.8973057001352163,1.3887712829928915,-1.2858785448946894,-0.09744725218937755,-0.07723694350381102,-0.3484852279232061,-1.2443779110358517,-0.32361742359417855,2.4364191897483214,-1.0585420118563593,-0.6759890440766959,-0.5900752757090636,-0.23610007040075875,1.8171394528778155,0.4044355739106695,-0.14139250356818595,1.8211824166846518,-0.6366193156662034,-0.11020775375559674,-0.12751534261266764,0.7626729772778945,0
0.37722281887628184,-0.6173899449276066,1.3887712829928915,-1.545988291818933,0.42343084526701014,0.7875575819265375,0.8505923734645768,-0.4042631992914204,-0.32361742359417855,1.126693391894024,-0.7032788853103935,-0.22460187994010533,-0.8212063478570307,-0.23610007040075875,2.1837146334111264,0.00013916069466453462,-0.14139250356818595,0.0024374821346169807,-0.8243960278783563,-0.11020775375559674,-0.12751534261266764,0.43555755783716316,0
0.9467020476347152,-0.6173899449276066,-0.4678748172649848,0.27477993665077066,-0.15731554062805042,-0.171883943551888,-0.9536380636142964,-0.4042631992914204,3.090068479298001,1.8684560433576336,-1.0585420118563593,0.3577435595600356,-0.6939173131379883,-0.23610007040075875,-0.9077247610285937,-0.2397507796584983,-0.14139250356818595,-0.3893030090790856,-0.5899720994163348,-0.11020775375559674,-0.12751534261266764,0.7024742791595691,0
-0.38016928981627346,0.8973057001352163,-0.4678748172649848,-0.5055493041219594,-0.1656813059608676,-0.17890798689440598,-0.7924924542420193,1.275966224197442,-0.32361742359417855,-0.7990096874305077,2.4940892536032977,-0.37699046049415136,2.452423072529766,-0.23610007040075875,0.7072810397666504,0.32979578253716135,-0.14139250356818595,-0.9068809725257929,0.13551484575297898,-0.11020775375559674,-0.12751534261266764,-0.23627891871424406,0
1.20534365496889,-0.6173899449276066,-0.4678748172649848,-1.8060980387431762,-0.12684832748546568,-0.1050806428594487,-0.4667390511899599,-0.4042631992914204,-0.32361742359417855,-0.6232008682467519,0.0072473677815378485,0.6808301642614233,1.583568925418503,-0.23610007040075875,-1.328143768383999,1.029027279095184,-0.14139250356818595,-0.10389342573223502,0.7427790332035973,-0.11020775375559674,-0.12751534261266764,-0.7325986725874757,0
-0.9472058400975754,2.412001345198039,-0.4678748172649848,-0.5055493041219594,-0.16858175282195884,-0.1821966875892785,-0.49967185014606724,-1.2443779110358517,-0.32361742359417855,-0.7616752393407379,0.0072473677815378485,-0.06848152688857487,-0.5746064947599241,-0.23610007040075875,-0.010976411689075708,1.360272861853559,-0.14139250356818595,0.2924738856477772,-0.7518205897442971,-0.11020775375559674,-0.12751534261266764,-0.3322062590331235,0
-0.17294505340756958,-0.6173899449276066,-0.4678748172649848,-0.24543955719771604,-0.16872508754048013,-0.18237288831786866,-0.769489226588702,-1.2443779110358517,-0.32361742359417855,0.769567415059765,-0.34801575876442786,-0.2637114989763738,-0.4802210989637813,-0.23610007040075875,-1.0286807283300585,-0.0949641520719615,-0.14139250356818595,0.5073397891299767,-0.12188462573576678,-0.11020775375559674,-0.12751534261266764,-0.17905490789828984,0
-0.45341030091430856,2.412001345198039,-0.4678748172649848,-1.8060980387431762,-0.16224733825569265,-0.17030411701760886,-0.04302187984212936,-0.4042631992914204,-0.32361742359417855,-0.6897121982535028,1.0730367474194349,0.6201182240382977,0.3364016411693266,-0.23610007040075875,1.300972686990181,-0.5910805507225457,-0.14139250356818595,0.48129292939225155,-0.8390609898949914,-0.11020775375559674,-0.12751534261266764,0.05223671932934583,0
0.24701167593251452,-0.6173899449276066,-0.4678748172649848,-0.24543955719771604,-0.16643234879170174,-0.17995893245899666,-0.7338755750923649,-0.4042631992914204,3.090068479298001,-1.2001183622580953,0.0072473677815378485,1.0158645692231287,-0.9015688779896588,-0.23610007040075875,-0.11863529290274642,-0.9235840627835895,-0.14139250356818595,-0.9362020642868703,0.9793544751725141,-0.11020775375559674,-0.12751534261266764,0.4079286270129915,0
-0.3081555675805863,-0.6173899449276066,-0.4678748172649848,-1.0257687979704462,-0.16009502137504747,-0.17075995931106702,1.4833739452620962,-1.2443779110358517,-0.32361742359417855,-0.022105239022109306,1.4282998739654007,1.7841641847034895,0.20488197671512845,-0.23610007040075875,0.41491228434236926,1.443683119660664,-0.14139250356818595,-0.4863799068439502,-0.022698755328553335,-0.11020775375559674,-0.12751534261266764,-0.5123906393833435,0
0.741370948224658,2.412001345198039,1.3887712829928915,-0.7656590510462028,-0.16340366626226283,-0.17580669100785087,-0.6197557077303143,1.275966224197442,-0.32361742359417855,0.5667055649193175,0.7177736208734693,-0.4197486640248655,-0.817807304864749,-0.23610007040075875,-0.6758447144130302,-1.0322239079130355,-0.14139250356818595,0.21859410259420187,-0.2889223085757972,-0.11020775375559674,-0.12751534261266764,-0.6705472635005936,0
0.039737156028562336,-0.6173899449276066,-0.4678748172649848,-1.545988291818933,-0.14796605637958732,-0.14827499864426766,-0.6751153559812673,-1.2443779110358517,-0.32361742359417855,-0.9498271595650735,0.7177736208734693,-0.4517698177970679,1.8222269449296424,-0.23610007040075875,-0.1955012841345198,-0.9434675778777044,-0.14139250356818595,-0.6650147427971885,-1.4170842740641842,-0.11020775375559674,-0.12751534261266764,-0.16121603408093285,0
-0.9179847548230312,0.8973057001352163,-0.4678748172649848,0.27477993665077066,-0.1686348842851422,-0.18231201629236424,0.22392020713020155,-1.2443779110358517,-0.32361742359417855,2.1630539933122446,-0.7032788853103935,0.04973266308601183,0.14950323342006291,-0.23610007040075875,0.3650882062620806,1.8236236991762287,-0.14139250356818595,-0.171524031558041,-1.390596898818144,-0.11020775375559674,-0.12751534261266764,-0.4049629650509324,0
-0.8439459995408493,-0.6173899449276066,-0.4678748172649848,1.5753286712719874,-0.15007578922343964,-0.1693419737408461,-0.5277790755112349,-0.4042631992914204,-0.32361742359417855,0.12476387177436007,-0.7032788853103935,-0.6313080961410756,-0.7218758635061221,-0.23610007040075875,0.20431330709933185,1.0699049599801789,-0.14139250356818595,-0.5938094719098669,-0.7813751079410624,-0.11020775375559674,-0.12751534261266764,-0.3594277522108162,0
0.060341707495247456,0.8973057001352163,-0.4678748172649848,-1.2858785448946894,-0.15888542223284283,-0.16779791250184756,-0.571189979551348,0.4358515124530109,-0.32361742359417855,-0.7007281448744096,-0.7032788853103935,-1.1938269557941463,-0.9294094892858394,-0.23610007040075875,-0.8458926245614348,-1.0489651974160314,-0.14139250356818595,-0.30903683082466515,0.5658370484126723,-0.11020775375559674,-0.12751534261266764,-0.3763833642092243,0
-0.9323872309673051,-0.6173899449276066,-0.4678748172649848,0.27477993665077066,0.23843525639979982,0.1927059322862127,-0.5924746759596277,0.4358515124530109,-0.32361742359417855,-0.5959901570163358,1.4282998739654007,-0.9274943744813761,-0.43211960568045066,-0.23610007040075875,0.1609956875259776,-0.306941607507372,-0.14139250356818595,-0.366068785911025,0.967006951418747,-0.11020775375559674,-0.12751534261266764,0.16347842900189494,0
1.2646035443675248,-0.6173899449276066,1.3887712829928915,0.5348896835750141,-0.16758353596568715,-0.18141446560905053,-0.2021745067733232,-0.4042631992914204,-0.32361742359417855,0.4809499531917651,-0.7032788853103935,0.599580999450771,0.08183432068242669,-0.23610007040075875,0.9024765709184057,-0.42091227664855746,-0.14139250356818595,-0.7943020906397215,-0.5797614849705468,-0.11020775375559674,-0.12751534261266764,-0.7502693415923388,0
0.8434545711940595,-0.6173899449276066,-0.4678748172649848,0.014670189726527326,0.289485038393755,0.26788857428253704,-0.32578884469066527,-0.4042631992914204,3.090068479298001,-0.8053410724480402,0.7177736208734693,-0.5873217716839576,-0.8833562226299295,-0.23610007040075875,1.4264445751960575,-0.8709572239925275,-0.14139250356818595,-0.6567866800983949,0.8499387542801882,-0.11020775375559674,7.8421935706790595,4.495948068869873,1
-0.006654049095507564,-0.6173899449276066,-0.4678748172649848,-1.545988291818933,0.07612745374249448,0.21874485614035521,-0.778236286248017,1.275966224197442,-0.32361742359417855,-0.9030005542181846,1.4282998739654007,-0.5631501984962366,0.45363172322179923,4.235492172037854,-0.32536353466169726,0.6372057608897042,-0.14139250356818595,1.1102211268187452,-1.6236171048820773,-0.11020775375559674,-0.12751534261266764,1.495208268478858,0
-0.5189145498220237,-0.6173899449276066,-0.4678748172649848,1.0551091774235009,0.08363833718034577,0.013363594599631594,-0.5891031211476775,0.4358515124530109,-0.32361742359417855,-0.2537233502286732,0.36251049432750354,0.565073309030269,-0.19766325529063034,-0.23610007040075875,-0.4898689083670004,0.1650531693050418,-0.14139250356818595,1.1045914159505557,0.10273146834978411,-0.11020775375559674,-0.12751534261266764,-0.1582012793737434,0
-0.8501707735759484,-0.6173899449276066,-0.4678748172649848,1.0551091774235009,-0.15454509150528184,-0.17141885960796818,-0.9172910778650607,-1.2443779110358517,-0.32361742359417855,-0.8951247950602345,2.138826127057332,1.4115636611916504,-0.9628104769264133,-0.23610007040075875,0.18674769154082327,-0.490457072307674,-0.14139250356818595,-0.9630440751117875,-0.6930357772061554,-0.11020775375559674,-0.12751534261266764,-0.40802261390474426,0
-0.7363017802641482,-0.6173899449276066,-0.4678748172649848,1.0551091774235009,0.20385994140932404,0.10663138909227945,-0.6749422038681551,-0.4042631992914204,-0.32361742359417855,-0.8649245985117582,0.7177736208734693,1.7726594559211717,-0.3502989045972679,-0.23610007040075875,0.24867752264445825,-0.1437582221041076,-0.14139250356818595,0.6071768050128785,0.9496329957967321,-0.11020775375559674,-0.12751534261266764,0.10071326852635526,0
0.08840290455020719,-0.6173899449276066,-0.4678748172649848,0.014670189726527326,-0.15609982536742983,-0.16997816778267527,-0.04402015725601092,0.4358515124530109,-0.32361742359417855,0.9997288253515886,-0.34801575876442786,-0.9440753618975644,-0.7149536750001501,4.235492172037854,3.302504798841,-0.5410707270312072,-0.14139250356818595,1.1508714812500087,0.27189939593251017,-0.11020775375559674,-0.12751534261266764,1.6361005513714522,0
-0.7349747390153639,-0.6173899449276066,1.3887712829928915,1.0551091774235009,0.24220984321441597,0.13638320269774437,2.051234200861972,-0.4042631992914204,3.090068479298001,0.14206317149253528,-1.0585420118563593,-0.3229351546957702,-0.7036642727783395,-0.23610007040075875,1.880510732258281,-0.8940823031623719,-0.14139250356818595,0.03708237624031631,0.5054155114016794,-0.11020775375559674,-0.12751534261266764,2.0174172916368844,0
0.8163587390719439,2.412001345198039,1.3887712829928915,-1.2858785448946894,-0.16186104302077323,-0.17218403112704478,-0.9846775078856794,-0.4042631992914204,-0.32361742359417855,-1.1206870072963884,0.0072473677815378485,0.06508999603584986,2.029921427210006,4.235492172037854,0.08127273288602763,-1.1104044627218579,-0.14139250356818595,-0.8145826541379724,0.6236452926773642,-0.11020775375559674,-0.12751534261266764,2.272965615324838,0
0.6627006435357357,-0.6173899449276066,-0.4678748172649848,0.27477993665077066,-0.15615904381615658,-0.17081850784784855,0.6220138384371866,-1.2443779110358517,-0.32361742359417855,-0.3974520343446143,0.7177736208734693,1.583722330382127,0.582490305632531,-0.23610007040075875,1.2483987551709346,0.04069722572764669,-0.14139250356818595,-0.4544419046841682,-0.02975105266693356,-0.11020775375559674,-0.12751534261266764,-0.11980771164480561,0
-0.8271097163549539,2.412001345198039,-0.4678748172649848,0.014670189726527326,-0.16160500472310546,-0.17538799011956305,0.59851906613479,1.275966224197442,-0.32361742359417855,-1.1663562672083447,-0.7032788853103935,2.671441755123877,-0.5780974769964765,-0.23610007040075875,-1.0086703170450968,-0.8722214362557063,-0.14139250356818595,0.6803729840147607,2.510345810802801,-0.11020775375559674,-0.12751534261266764,-0.6080014191117045,0
-0.3429737117736617,0.8973057001352163,-0.4678748172649848,-2.3263175325916627,-0.16875808477418539,-0.1822168459663053,-0.2120841169012245,-1.2443779110358517,-0.32361742359417855,1.70054715044169,0.7177736208734693,0.01151641427063991,-0.8198792760302435,-0.23610007040075875,1.0085055412696855,0.1065482584615363,-0.14139250356818595,-0.5767608178968848,0.0266586443643398,-0.11020775375559674,-0.12751534261266764,-0.45627688163045443,0
-0.19248576477122273,-0.6173899449276066,-0.4678748172649848,-0.24543955719771604,-0.05494610280043017,-0.06257840803698425,0.26730065133377534,-1.2443779110358517,-0.32361742359417855,0.4794350894011275,-1.413805138402325,0.1250414885769267,-0.5075404214673005,-0.23610007040075875,-0.5923265444295673,-0.5568455590014504,-0.14139250356818595,0.4784242749266396,-0.9565390316166759,-0.11020775375559674,-0.12751534261266764,-0.3123374878665591,0
-0.6605676041047706,-0.6173899449276066,-0.4678748172649848,-1.0257687979704462,-0.1685199594344312,-0.18204951423146992,-0.09333784930059942,-0.4042631992914204,-0.32361742359417855,1.119136149778555,-0.7032788853103935,-0.8905880246014929,1.9297331856756545,-0.23610007040075875,-1.23815084388648,-0.38784498421591695,-0.14139250356818595,-0.5161106445515257,2.110677951085578,-0.11020775375559674,-0.12751534261266764,-0.6596578587647292,0
0.8245687971227187,0.8973057001352163,1.3887712829928915,-0.7656590510462028,-0.06419426975179407,-0.05394299352491442,-0.48255110612352276,-1.2443779110358517,-0.32361742359417855,0.901908887234253,0.7177736208734693,1.4830600593681307,-0.785196431343578,-0.23610007040075875,-0.7673677834102105,-0.2655322124151837,-0.14139250356818595,-0.7816602873383581,0.6408014996573117,-0.11020775375559674,-0.12751534261266764,-0.9512477962191502,0
1.0408438809580234,-0.6173899449276066,-0.4678748172649848,0.5348896835750141,-0.15570902235841635,-0.1711184380275187,0.6572945734237734,-0.4042631992914204,-0.32361742359417855,-0.18289809898984422,-0.7032788853103935,-0.01951216052985471,-0.6036668765755075,-0.23610007040075875,-0.503988159741343,0.1582733519454991,-0.14139250356818595,-0.6007212668559248,0.0959957203414461,-0.11020775375559674,-0.12751534261266764,-0.4224252025483022,0
-0.7767263035240561,2.412001345198039,-0.4678748172649848,1.5753286712719874,-0.16837381542781232,-0.18218560237359632,0.6559677912598068,0.4358515124530109,-0.32361742359417855,-1.1210374119465818,1.0730367474194349,0.030901153121096293,-0.816893268235667,-0.23610007040075875,0.8543113619450268,-1.106407127417669,-0.14139250356818595,-0.21436242879843814,-0.7264478898777873,-0.11020775375559674,-0.12751534261266764,0.5012012069129533,0
0.7105026953414226,-0.6173899449276066,1.3887712829928915,0.27477993665077066,-0.08184110766799985,-0.10235227274158404,0.027894712716308064,-0.4042631992914204,-0.32361742359417855,-0.6997337864382938,0.36251049432750354,1.6405699785773296,0.37534344153664023,-0.23610007040075875,-0.18667102283384843,0.1130758061860038,-0.14139250356818595,-0.17943072481356342,-0.09847904817164554,-0.11020775375559674,-0.12751534261266764,-0.24522792938048107,0
-0.23472387772097222,-0.6173899449276066,-0.4678748172649848,0.27477993665077066,-0.06461291672794771,-0.08648060793908291,-0.8056051651983269,0.4358515124530109,-0.32361742359417855,-1.0644751898542044,-0.7032788853103935,-0.726370680117619,-0.46977799467081405,-0.23610007040075875,0.5875577951959119,-0.2319776975029014,-0.14139250356818595,1.6652732234242562,-1.925633547192651,-0.11020775375559674,-0.12751534261266764,-0.08334185603346807,0
-0.6958056719044872,-0.6173899449276066,-0.4678748172649848,1.5753286712719874,-0.15883271441259855,-0.1754885763218095,-0.11349492713387943,-1.2443779110358517,-0.32361742359417855,1.7260811116654344,-0.34801575876442786,0.962576248567732,-0.8190482240122567,-0.23610007040075875,1.2517597280022137,-0.9366690162979422,-0.14139250356818595,-0.8949956907453419,0.6197321440960234,-0.11020775375559674,-0.12751534261266764,-1.1748594023584809,0
-0.22402715714471827,-0.6173899449276066,-0.4678748172649848,-2.0662077856674195,-0.13502726394820913,-0.11123620299130949,1.2935981812400272,0.4358515124530109,3.090068479298001,0.703746914059112,0.36251049432750354,-0.5479881493052897,-0.8379039173633555,-0.23610007040075875,0.8420765550377257,-0.9266649750933992,-0.14139250356818595,-0.6392911372806567,1.5117450720768388,-0.11020775375559674,-0.12751534261266764,0.49063237147091704,0
-0.14999850098283807,0.8973057001352163,-0.4678748172649848,-0.7656590510462028,-0.1658353226962375,-0.1787936121511627,-0.2147351014775079,1.275966224197442,3.090068479298001,1.6152967080452223,0.0072473677815378485,-0.5966108157075017,-0.7294078891293614,-0.23610007040075875,1.0129159287225402,-0.42762591863578475,-0.14139250356818595,1.0571748444830098,-1.7743996849757508,-0.11020775375559674,-0.12751534261266764,0.8121345084048743,0
-0.7475907920712601,-0.6173899449276066,-0.4678748172649848,-0.5055493041219594,-0.1636684947420932,-0.17662574075411977,-0.3850951022040752,-1.2443779110358517,-0.32361742359417855,-0.7544733211776196,0.0072473677815378485,-0.1609608249745643,0.10707232746598129,-0.23610007040075875,0.6021408116995571,3.729648452825913,-0.14139250356818595,-0.019555717108972543,0.5854072557545245,-0.11020775375559674,-0.12751534261266764,-0.4423200744992341,0
-0.8510641865013946,-0.6173899449276066,-0.4678748172649848,-1.0257687979704462,-0.16801538288076465,-0.1813733733893635,-0.8033324371746916,-1.2443779110358517,-0.32361742359417855,-0.29047308087445767,0.7177736208734693,-0.889377613247875,0.463333376091337,-0.23610007040075875,-0.8810549975889541,2.366298688570658,-0.14139250356818595,-0.5921034933076034,-0.7499198251875662,-0.11020775375559674,-0.12751534261266764,-0.437518265288588,0
2.5912533799925175,0.8973057001352163,-0.4678748172649848,-1.545988291818933,-0.01265842125986698,0.07333154661372031,-0.4448848049607032,0.4358515124530109,-0.32361742359417855,3.6015291843403654,0.0072473677815378485,-0.5526284711529453,1.0161544380426923,-0.23610007040075875,-0.658923883815379,0.5162195246584907,-0.14139250356818595,-0.8343312140336261,-0.388933605430133,-0.11020775375559674,-0.12751534261266764,-0.5322904820683463,0
-0.7505279685800769,-0.6173899449276066,-0.4678748172649848,0.5348896835750141,-0.15976662225651783,-0.17463665880248108,2.536410822830644,0.4358515124530109,-0.32361742359417855,-0.6994548722286158,0.7177736208734693,-0.8417242174589572,-0.4103366702541816,-0.23610007040075875,-1.2082473264120437,-0.7266857823786131,-0.14139250356818595,-0.5357324731997352,-0.9199014388771799,-0.11020775375559674,-0.12751534261266764,-1.1482725325636183,0
-0.021894028863562093,-0.6173899449276066,-0.4678748172649848,-1.545988291818933,-0.15515216290792821,-0.16004438800793858,0.14235295364137013,-0.4042631992914204,-0.32361742359417855,1.1429917446938167,2.138826127057332,0.25237842137407096,-0.5254364786617148,-0.23610007040075875,0.27306061028220263,-0.682346505923035,-0.14139250356818595,-0.7731750189628719,-0.5023256167513761,-0.11020775375559674,-0.12751534261266764,-1.2328310561688616,0
-0.596784745651058,-0.6173899449276066,-0.4678748172649848,-0.7656590510462028,-0.1673825294263461,-0.18069412096921225,-0.856212174613788,-1.2443779110358517,-0.32361742359417855,-0.4725023279599888,-1.0585420118563593,-0.746355772946678,-0.3931586581676011,-0.23610007040075875,-1.1011706931498484,-0.4475054309758919,-0.14139250356818595,-0.46602638567263355,1.475076118576569,-0.11020775375559674,-0.12751534261266764,-0.3603381099781925,0
-0.10681961816904811,-0.6173899449276066,1.3887712829928915,-0.24543955719771604,-0.1572060856593612,-0.1702448767447662,-0.7526302691986486,3.796310359430736,-0.32361742359417855,-0.7087637127209632,-2.1243313914942563,0.19744587194069052,-0.7961521694538614,-0.23610007040075875,0.14722387295180478,-1.0264473758642214,-0.14139250356818595,-0.7737778158176962,2.7065167630271145,-0.11020775375559674,-0.12751534261266764,-1.3223819854829324,0
0.6847387448782577,2.412001345198039,-0.4678748172649848,1.0551091774235009,-0.09795591890866097,-0.12751703884871388,-0.4440200632436078,-0.4042631992914204,3.090068479298001,-0.28359754180489605,-0.7032788853103935,0.2809782333318094,-0.8873645779582784,-0.23610007040075875,-0.08460557507380452,-0.33385209642346103,-0.14139250356818595,-0.2930650460336573,0.4354894834680069,-0.11020775375559674,-0.12751534261266764,1.7992651890714528,0
-0.9154209549095816,0.8973057001352163,3.245417383250768,-1.8060980387431762,-0.16698231778269626,-0.17902842337813252,0.25242900819483954,1.275966224197442,-0.32361742359417855,-0.8687392985722887,1.7835630005113663,-0.4920095359600463,-0.6640323507554236,4.235492172037854,-0.07681688561728965,-1.0744923933302446,-0.14139250356818595,1.3867417310591061,-1.2832901328102218,-0.11020775375559674,-0.12751534261266764,3.7982521265643143,1
1.3675118834322375,-0.6173899449276066,-0.4678748172649848,0.27477993665077066,-0.16667121651031236,-0.18050296525421283,-0.6454463573440996,0.4358515124530109,-0.32361742359417855,1.4990178702550787,0.0072473677815378485,1.1000474221468814,-0.09342203442692887,-0.23610007040075875,0.051595103082912146,-0.8787347523977009,-0.14139250356818595,0.06370738270897369,-1.0916202460649014,-0.11020775375559674,-0.12751534261266764,-0.22857143451910775,0
-0.24668083652027992,-0.6173899449276066,-0.4678748172649848,-1.0257687979704462,0.16122377835940857,0.2598124924970152,-0.5021624673410602,-0.4042631992914204,3.090068479298001,0.39491005886654623,-1.7690682649482907,0.193075711422036,-0.29241490584640384,-0.23610007040075875,-0.24745003502822036,2.6484631890156867,-0.14139250356818595,-0.35472643785106145,-0.6273962109706464,-0.11020775375559674,-0.12751534261266764,1.1256706605214817,0
1.1833764684216963,-0.6173899449276066,-0.4678748172649848,1.8354384181962309,-0.16625354707725468,-0.180781601398921,-0.2630461365305092,-0.4042631992914204,-0.32361742359417855,-0.48555108972859906,0.36251049432750354,0.15990122571777543,-0.14033247472052957,-0.23610007040075875,-1.1874676696720894,-0.9467891226735017,-0.14139250356818595,-0.9328794255045836,-0.4313729008399166,-0.11020775375559674,-0.12751534261266764,-0.4608372520489509,0
-0.9741669876943657,-0.6173899449276066,-0.4678748172649848,-1.0257687979704462,-0.15723521578777366,-0.16692777300754366,0.8392149154271541,-0.4042631992914204,-0.32361742359417855,0.06413988484029402,-0.34801575876442786,-1.3048012333924888,-0.1835892255792464,-0.23610007040075875,0.9021143521973939,1.0430216698591641,-0.14139250356818595,-0.4659563824624082,-0.43981619262482,-0.11020775375559674,-0.12751534261266764,-0.6119726153997082,0
-0.1477113055264496,-0.6173899449276066,3.245417383250768,-1.545988291818933,-0.1527028365511038,-0.1560328867229968,0.3094992497009398,0.4358515124530109,3.090068479298001,0.351964588134645,-1.7690682649482907,-0.8233291646581764,-0.28552578062943845,-0.23610007040075875,-0.5627771705266598,0.08596207258291486,7.072510739706607,0.6596413659723096,-0.5507513887441792,9.073771725877465,-0.12751534261266764,5.601617152866078,1
0.37033747399300243,-0.6173899449276066,-0.4678748172649848,1.3152189243477441,-0.1555031936483712,-0.17268158244495624,-0.9462615433130637,-0.4042631992914204,-0.32361742359417855,-0.18008254752257946,-0.34801575876442786,0.1962784345295862,-0.5875472630184616,-0.23610007040075875,-0.6114207384779531,0.55244787372881,-0.14139250356818595,-0.49625389760613703,-0.6083853478128347,-0.11020775375559674,-0.12751534261266764,-0.8832336727333988,0
-0.885708785308554,0.8973057001352163,-0.4678748172649848,1.3152189243477441,0.038719619069829944,-0.029537620728315887,-0.5417658416332749,1.275966224197442,-0.32361742359417855,-0.25150881025084004,-1.7690682649482907,-0.13541569486171653,-0.8336197361937592,-0.23610007040075875,-1.1373637934154106,-0.5052234272150694,-0.14139250356818595,-0.14862829498637176,-1.4536211958119296,-0.11020775375559674,-0.12751534261266764,-0.5997062240250766,0
0.21788085199431265,-0.6173899449276066,-0.4678748172649848,-0.7656590510462028,0.17036053858005024,0.23417201585026926,0.297094787221362,-0.4042631992914204,-0.32361742359417855,-0.1942569751790966,1.0730367474194349,-1.2180059692214418,0.12528832647397672,-0.23610007040075875,-1.2986351695887526,-0.32336625994102813,-0.14139250356818595,0.6456473021490281,-0.819927029699794,-0.11020775375559674,-0.12751534261266764,-0.239439095150642,0
-0.049808619951143225,2.412001345198039,-0.4678748172649848,0.7949994304992574,-0.16120923037925977,-0.17625767896543798,-0.7036128992270926,0.4358515124530109,-0.32361742359417855,0.988953460071238,1.0730367474194349,-0.9071670251739841,-0.9601187782265703,-0.23610007040075875,0.5393080736592762,1.497710305990884,-0.14139250356818595,0.8629386385265835,0.5622396288482645,-0.11020775375559674,-0.12751534261266764,-0.2682346018294776,0
-0.5560850782956532,-0.6173899449276066,-0.4678748172649848,0.5348896835750141,-0.165545725488383,-0.1796475424680967,0.8706692574110941,-1.2443779110358517,-0.32361742359417855,-0.40722128496864174,-0.34801575876442786,-0.9518504785701948,-0.11540564114482664,-0.23610007040075875,-0.852820404679187,-0.07312003704639966,-0.14139250356818595,-0.2398388457386911,-0.314170794682715,-0.11020775375559674,-0.12751534261266764,-0.5442752948916193,0
-0.7015447259815245,-0.6173899449276066,-0.4678748172649848,0.27477993665077066,-0.06539076114223843,-0.08719720586019249,-0.9516533953643368,-1.2443779110358517,-0.32361742359417855,-0.1882751293797574,0.36251049432750354,-0.7621976408360863,-0.4479099170204917,-0.23610007040075875,0.9783362295949183,2.5074984712183643,-0.14139250356818595,-0.3360090247803934,-0.3648417259179746,-0.11020775375559674,-0.12751534261266764,0.013828667206325453,0
0.3157897881969054,-0.6173899449276066,-0.4678748172649848,-0.7656590510462028,-0.16503387521827367,-0.17780915547227605,0.40517457388390754,0.4358515124530109,-0.32361742359417855,0.26277573012204264,-1.413805138402325,-0.9510664746362476,-0.5230485339841897,-0.23610007040075875,-0.7028413504001562,-0.572230517179469,-0.14139250356818595,-0.3261087197119955,-0.41650326114220254,-0.11020775375559674,-0.12751534261266764,-0.7299896438977914,0
0.14929527968629697,-0.6173899449276066,-0.4678748172649848,2.095548165120474,-0.16879513205112368,-0.18248736387812747,0.09705919494405578,-0.4042631992914204,-0.32361742359417855,1.9986613666593618,1.0730367474194349,-1.4467248726557993,-0.14476827794941483,-0.23610007040075875,-0.9227824291938487,-0.4301849477833398,-0.14139250356818595,0.394376755539449,2.215656134581459,-0.11020775375559674,-0.12751534261266764,-0.8462345516754158,0
0.26847121971898263,-0.6173899449276066,-0.4678748172649848,-0.5055493041219594,0.34939561176990946,0.405117130054889,-0.8434814861314155,-1.2443779110358517,-0.32361742359417855,-1.0580713607179668,0.7177736208734693,-0.30442571659561296,-0.8805198045953574,-0.23610007040075875,-0.7869574271038168,-0.9559322769178198,-0.14139250356818595,1.50182904512928,0.9722419819185345,-0.11020775375559674,-0.12751534261266764,-0.32345492260202674,0
-0.8190788529263316,0.8973057001352163,-0.4678748172649848,-0.5055493041219594,-0.083081280922464,-0.08525112202149213,-0.16911753407485858,0.4358515124530109,-0.32361742359417855,0.3170512689163321,1.4282998739654007,-0.4592962069211642,0.1655163067068314,-0.23610007040075875,-1.2180073980995314,-0.7949595216344146,-0.14139250356818595,-0.9469809729054075,-0.28475098716642094,-0.11020775375559674,-0.12751534261266764,-0.07623890161353186,0
-0.7405606857288692,-0.6173899449276066,-0.4678748172649848,0.27477993665077066,0.10279713693854217,0.06774778815943465,-0.6173427824600256,0.4358515124530109,-0.32361742359417855,-0.5771156482992182,-0.34801575876442786,-0.5879236206119861,-0.2699741526311398,-0.23610007040075875,-0.4516836688225748,2.3162792880050342,-0.14139250356818595,0.358085696488851,1.2524196868736608,-0.11020775375559674,-0.12751534261266764,-0.5226492418119378,0
0.24534094989235225,-0.6173899449276066,-0.4678748172649848,1.3152189243477441,-0.1268085693469892,-0.15153338597418461,-0.6621303967227595,-1.2443779110358517,-0.32361742359417855,-1.126496032516924,-1.0585420118563593,-1.345197137681663,1.8543269417709805,-0.23610007040075875,-0.8132818703062074,-0.5942076073333227,-0.14139250356818595,-0.465100684678384,0.27154729136486755,-0.11020775375559674,-0.12751534261266764,-0.6474172860862797,0
-0.02562428820719182,-0.6173899449276066,-0.4678748172649848,-0.7656590510462028,-0.14556239689734188,-0.15389139740590985,0.39414444456742764,-0.4042631992914204,-0.32361742359417855,-1.0022242273933124,1.0730367474194349,-0.8410469130229701,0.8266310443864814,-0.23610007040075875,-0.8054623357785928,1.0925277677712206,-0.14139250356818595,2.629092527633297,2.663998775627373,-0.11020775375559674,-0.12751534261266764,0.5253620329468466,0
-0.37455472230525455,-0.6173899449276066,1.3887712829928915,-0.7656590510462028,-0.1687003478268669,-0.1823128610134738,0.31010562290196186,-0.4042631992914204,3.090068479298001,0.24252102970846529,1.0730367474194349,-0.3078100029563783,0.01424073092492081,-0.23610007040075875,0.08504950162536008,-0.27048697643746294,-0.14139250356818595,0.8910357610657132,-1.9232185839411908,-0.11020775375559674,-0.12751534261266764,1.2516892289244517,0
-0.32750270094571454,-0.6173899449276066,-0.4678748172649848,0.27477993665077066,-0.05537013338083643,-0.07796558975534286,2.1330900768222656,2.9561956476863047,3.090068479298001,2.77930941686939,0.36251049432750354,-0.5687943980877661,-0.9810217189294935,-0.23610007040075875,0.01811070433026764,-0.027166858288714135,-0.14139250356818595,1.354656839686737,-0.34678864725030206,-0.11020775375559674,-0.12751534261266764,0.961502213268953,0
-0.13717675140569036,0.8973057001352163,-0.4678748172649848,0.7949994304992574,-0.15967944020331948,-0.17500493548366855,-0.1879214117163555,0.4358515124530109,-0.32361742359417855,0.39448066005283117,-1.0585420118563593,-0.5422909380919649,-0.05555111286367803,-0.23610007040075875,2.048489256616667,-0.7317406339350844,-0.14139250356818595,2.7463884773308322,0.9389081883262882,-0.11020775375559674,-0.12751534261266764,0.3048648259642537,0
-0.3797035516094475,-0.6173899449276066,1.3887712829928915,-0.5055493041219594,0.0823279217732323,0.10229975751401182,2.006487167903369,1.275966224197442,-0.32361742359417855,1.125675494904917,-0.7032788853103935,0.07500041872743707,0.4634443653392604,-0.23610007040075875,-0.0610587310738456,-1.0052474981295645,-0.14139250356818595,-0.7913544658047568,-0.3757983652459661,-0.11020775375559674,-0.12751534261266764,-0.2697948744963039,0
0.03825189242389137,2.412001345198039,-0.4678748172649848,0.014670189726527326,-0.168538036409183,-0.18220093248792113,0.06407844970057483,0.4358515124530109,-0.32361742359417855,-1.0451928197357927,1.0730367474194349,0.059688424280511625,1.4372279979610354,-0.23610007040075875,0.7366333014155283,-0.9336723131962485,-0.14139250356818595,-0.731127543924848,-0.3854679949950463,-0.11020775375559674,-0.12751534261266764,-0.39702852789066717,0
-0.39737531012178195,-0.6173899449276066,-0.4678748172649848,-0.7656590510462028,-0.16677248620911955,-0.17994477539620726,-0.18249381371886408,-0.4042631992914204,-0.32361742359417855,-0.915969586630368,-0.7032788853103935,0.5471544699340606,-0.35194355040849407,-0.23610007040075875,1.4562164454096729,1.1677774835662664,-0.14139250356818595,3.9225350437837037,-0.882459598643283,-0.11020775375559674,-0.12751534261266764,0.029576652245355432,0
-0.8229830391467458,0.8973057001352163,-0.4678748172649848,1.8354384181962309,0.018008585399479946,-0.05732446440373138,-0.6300862333172476,0.4358515124530109,-0.32361742359417855,-0.9170685170480475,0.7177736208734693,-0.8276114050744751,-0.6816241389297852,-0.23610007040075875,1.8378126357909814,-0.6103435778006854,-0.14139250356818595,-0.11483528988535201,-0.5151507233532885,-0.11020775375559674,-0.12751534261266764,0.023471761484140284,0
-0.7851786789199733,0.8973057001352163,-0.4678748172649848,-0.7656590510462028,0.035279598030721136,0.06824556680592976,1.2779619321602476,0.4358515124530109,-0.32361742359417855,-0.5480597864322276,1.0730367474194349,0.5723993744296573,2.2428131341756847,-0.23610007040075875,-0.47158866629391694,1.1427881511377092,-0.14139250356818595,0.031728332466368324,1.1769675033859266,-0.11020775375559674,-0.12751534261266764,-0.624786732832072,0
-0.9407972233076334,-0.6173899449276066,3.245417383250768,-0.24543955719771604,0.026846258265746582,0.023538315602755887,0.4981744773389711,0.4358515124530109,-0.32361742359417855,-0.9305402463720144,0.0072473677815378485,-0.7376227650111592,-0.8403386098401404,-0.23610007040075875,-0.5645861122168915,0.00834920382199051,-0.14139250356818595,-0.38126323074943574,0.17367325578252477,-0.11020775375559674,-0.12751534261266764,0.5366898125756072,0
-0.5036896555390905,-0.6173899449276066,-0.4678748172649848,0.27477993665077066,-0.010653680239029586,-0.03677005402596238,-0.8084985856448719,-0.4042631992914204,-0.32361742359417855,1.9091198791454473,2.138826127057332,0.43506978991231876,-0.8351213907543688,-0.23610007040075875,1.320337138534073,-0.37156559490538077,-0.14139250356818595,0.13762199511095863,-0.7831680413944322,-0.11020775375559674,-0.12751534261266764,-0.23920797252851586,0
-0.796939573407339,0.8973057001352163,-0.4678748172649848,-0.24543955719771604,-0.16708884568864876,-0.18065013835044894,-0.811435487584097,1.275966224197442,-0.32361742359417855,2.7175533215457834,-0.7032788853103935,3.1071642010679277,0.2798499155698401,-0.23610007040075875,-0.6981034816220582,-0.273486151527258,-0.14139250356818595,0.7242817078930434,-0.12634239169791986,-0.11020775375559674,-0.12751534261266764,0.0727327878836197,0
1.2496846636148768,0.8973057001352163,1.3887712829928915,1.0551091774235009,-0.16805239269772018,-0.1818978097088767,1.0143440574687357,-0.4042631992914204,-0.32361742359417855,1.0163130792403274,-0.7032788853103935,0.3128495821476534,-0.6253856344452389,-0.23610007040075875,-0.34811664142123055,-0.9794356471108067,-0.14139250356818595,-0.8488335342530273,-0.13644803014882412,-0.11020775375559674,-0.12751534261266764,-0.751212417470604,0
0.7427677024944306,-0.6173899449276066,-0.4678748172649848,-0.7656590510462028,-0.15124533347022223,-0.1608720231096367,-0.6565253387572434,3.796310359430736,-0.32361742359417855,0.07203752957466455,-1.413805138402325,-0.5546674173487222,-0.2516811789984368,-0.23610007040075875,-0.31699666917182495,-0.3014971616921129,-0.14139250356818595,-0.6699610578844938,1.5398459964496185,-0.11020775375559674,-0.12751534261266764,-0.6264163057194235,0
0.48948316124160224,2.412001345198039,-0.4678748172649848,0.014670189726527326,-0.1067366158576418,-0.12146999462911437,0.11160525669231165,0.4358515124530109,-0.32361742359417855,0.2205823754913966,0.36251049432750354,0.6427055988353291,0.13766049579806364,-0.23610007040075875,-0.18195622456086025,-0.9519615614834337,-0.14139250356818595,-0.4132024486107892,0.23279876904544966,-0.11020775375559674,-0.12751534261266764,-0.7115267924576664,0
-0.2276978851146488,2.412001345198039,1.3887712829928915,-1.0257687979704462,-0.07306134724058726,-0.054133411182200365,0.4273298642364218,0.4358515124530109,-0.32361742359417855,-0.8655546919234967,-0.34801575876442786,-0.4320720642107387,0.2049675990410818,-0.23610007040075875,-0.6759337405016803,2.653110304310265,-0.14139250356818595,-0.8603790254622193,0.7662790626709728,-0.11020775375559674,-0.12751534261266764,-0.6409506024757545,0
-0.9310082308822921,-0.6173899449276066,-0.4678748172649848,0.27477993665077066,-0.15039068542303502,-0.16550434275675496,0.4578246861572694,0.4358515124530109,-0.32361742359417855,-0.18447342816947124,0.36251049432750354,-1.2094618188148416,-0.06895098216565596,-0.23610007040075875,2.54322617116887,-0.544063867594571,-0.14139250356818595,1.256585242997895,-0.047221767206165846,-0.11020775375559674,-0.12751534261266764,-0.872673104893133,0
-0.908679144860149,-0.6173899449276066,-0.4678748172649848,-0.24543955719771604,-0.16663589855503633,-0.18017324389942366,0.18351270878926085,-1.2443779110358517,-0.32361742359417855,2.423656633635817,1.0730367474194349,-0.372113692207113,0.8782921187245712,-0.23610007040075875,-0.24891470769218388,-0.5733115636361149,-0.14139250356818595,-0.6863121481361818,0.30922127017831946,-0.11020775375559674,-0.12751534261266764,-0.26268398444073676,0
0.19163941129012463,-0.6173899449276066,1.3887712829928915,0.014670189726527326,-0.16626637689994847,-0.1799686211387567,-0.9598301850737887,1.275966224197442,-0.32361742359417855,-0.8465893071613585,0.7177736208734693,0.21521888777617157,-0.723918030400175,-0.23610007040075875,2.0697573354702077,1.4040581737454698,-0.14139250356818595,-0.6096066069899871,-0.9248187213036531,-0.11020775375559674,-0.12751534261266764,-0.09648163182368243,0
-0.44296015635650454,2.412001345198039,1.3887712829928915,-1.0257687979704462,-0.1662205150085986,-0.1789682210576955,-0.8015849706345645,-0.4042631992914204,-0.32361742359417855,1.482396966778426,1.4282998739654007,-1.0387237466910895,-0.5416371876480065,-0.23610007040075875,0.9158563016717151,-0.5323977685278352,-0.14139250356818595,-0.7468341190284695,-1.1005066194803348,-0.11020775375559674,7.8421935706790595,2.9669012836052655,0
-0.911951109145333,-0.6173899449276066,-0.4678748172649848,-0.7656590510462028,-0.14333336469253355,-0.15115336939807067,-0.9334289752711081,-0.4042631992914204,-0.32361742359417855,-1.1961749870772704,0.7177736208734693,1.6481077855330382,2.267443976086072,-0.23610007040075875,-0.4938959982774896,3.887089520998937,-0.14139250356818595,-0.8340068133294047,-0.5074805573253526,-0.11020775375559674,-0.12751534261266764,-0.9604600587848773,0
-0.27232040447804956,-0.6173899449276066,-0.4678748172649848,1.5753286712719874,-0.1385180812340147,-0.1612294643584697,-0.9138594730012903,2.116080935941873,3.090068479298001,-0.07303382274343198,1.7835630005113663,-0.033296131823426674,0.45636336254290455,-0.23610007040075875,1.0476428582169384,0.48096043750869993,-0.14139250356818595,-0.16219282900718426,0.581777786503931,-0.11020775375559674,-0.12751534261266764,0.3781314142478644,0
-0.8124998301124078,0.8973057001352163,-0.4678748172649848,-0.7656590510462028,-0.06686894942389188,-0.05722843185927515,-0.5513359464033895,0.4358515124530109,-0.32361742359417855,-0.5497593461751957,1.0730367474194349,1.7817344706611484,-0.8665012405377668,-0.23610007040075875,-0.5809078254565101,-0.8416322872084572,-0.14139250356818595,0.2489214018496926,0.9719905633891169,-0.11020775375559674,-0.12751534261266764,-0.5686462445191163,0
-0.08286570827311825,-0.6173899449276066,-0.4678748172649848,-2.8465370264401497,-0.014518512442027027,0.3863298579194106,-0.5205498157018786,-0.4042631992914204,-0.32361742359417855,0.08604490275627294,-0.7032788853103935,-0.9391578450757455,-0.8554858364067361,-0.23610007040075875,-0.5657185382271852,0.9393275211030747,-0.14139250356818595,1.2991190229139111,0.8961581397635834,-0.11020775375559674,-0.12751534261266764,-0.7475918331649233,0
-0.09616600749575269,-0.6173899449276066,-0.4678748172649848,0.014670189726527326,-0.11542903700860929,-0.13001185149989175,-0.6532392454530207,0.4358515124530109,-0.32361742359417855,1.5344144764490588,-0.7032788853103935,1.2970214348545286,-0.7011068687841014,-0.23610007040075875,-0.9695582539074818,0.5706313902694145,-0.14139250356818595,1.8128370949098231,1.596703490615152,-0.11020775375559674,-0.12751534261266764,-0.9547188157406161,0
-0.7797136182521345,-0.6173899449276066,3.245417383250768,-1.0257687979704462,-0.16409514561561958,-0.17612019127764802,-0.14164841581849222,-1.2443779110358517,-0.32361742359417855,-0.485926392318294,-1.413805138402325,-1.1956752739438132,-0.641120340423535,-0.23610007040075875,0.0007580497881523423,1.2871449166378393,-0.14139250356818595,-0.13628380952769006,-0.5716455061153403,-0.11020775375559674,-0.12751534261266764,0.452910591458767,0
0.26074435974110627,-0.6173899449276066,-0.4678748172649848,0.5348896835750141,-0.14374434877505174,-0.16074423548814742,-0.6315675033490222,-1.2443779110358517,-0.32361742359417855,-1.0346487888091829,0.7177736208734693,0.7307388528480259,-0.4327356665633236,-0.23610007040075875,-0.8649117762124581,2.8933410415339638,-0.14139250356818595,-0.49290303209456726,2.3841953067987873,-0.11020775375559674,-0.12751534261266764,0.3373621793781213,0
-0.4175106111015563,-0.6173899449276066,-0.4678748172649848,-0.7656590510462028,-0.16556023413507232,-0.17845570757379428,6.004945445923879,2.116080935941873,-0.32361742359417855,1.869925639126511,1.7835630005113663,0.3930241516593206,0.9978040184391654,-0.23610007040075875,0.1116674513950391,-0.07790241921999332,-0.14139250356818595,-0.524583447946818,2.397626563907572,-0.11020775375559674,-0.12751534261266764,0.09457349219336486,0
-0.9384155074452075,0.8973057001352163,-0.4678748172649848,0.27477993665077066,2.062440004350945,1.8730908350532307,-0.5219412920081272,-0.4042631992914204,-0.32361742359417855,0.456379671519079,1.7835630005113663,0.670454735395458,-0.43141269379023056,-0.23610007040075875,1.127227029019843,3.0820486668168106,-0.14139250356818595,-0.3693338131069617,-0.9948987051278547,-0.11020775375559674,-0.12751534261266764,-0.33361815186749794,0
-0.30364465289073955,-0.6173899449276066,1.3887712829928915,0.27477993665077066,-0.16450365743288706,-0.17850607705879973,-0.95265450933973,0.4358515124530109,-0.32361742359417855,-0.5084475575918388,-0.34801575876442786,1.0376178627350319,-0.01430118474506949,-0.23610007040075875,0.9494635706268333,-0.8821347739985903,-0.14139250356818595,-0.5921002417829602,1.3358686812961607,-0.11020775375559674,-0.12751534261266764,-0.1889596391441012,0
-0.10808420085233832,-0.6173899449276066,-0.4678748172649848,-0.5055493041219594,-0.010094083720895004,-0.002493858175846977,-0.8065824321840775,-1.2443779110358517,-0.32361742359417855,-0.7256391176336259,1.0730367474194349,0.805325774126733,1.1138680689853175,-0.23610007040075875,1.2417331047411622,1.4189735800231802,-0.14139250356818595,1.1627328712686449,-0.5146975705811517,-0.11020775375559674,-0.12751534261266764,0.20060024952941957,0
0.9721646624165518,-0.6173899449276066,3.245417383250768,-1.2858785448946894,-0.16321426800161856,-0.1741787091171445,-0.833644903315382,-0.4042631992914204,-0.32361742359417855,0.9000532784124236,0.7177736208734693,-0.7021762411619117,-0.8196423544147677,-0.23610007040075875,-0.289835657129116,1.6781973163818749,-0.14139250356818595,1.4384852775121046,-1.3610095709956123,-0.11020775375559674,-0.12751534261266764,0.5958135289381324,0
0.5223198703255384,-0.6173899449276066,1.3887712829928915,0.014670189726527326,-0.14661338186589157,-0.1606560420831126,-0.07822239651170917,-0.4042631992914204,-0.32361742359417855,-0.7505374354777345,-0.34801575876442786,-0.3681250626622623,-0.993733812229478,-0.23610007040075875,-0.22148483323340837,3.1456303934098795,-0.14139250356818595,-0.7560366015963468,0.28544644349257386,-0.11020775375559674,-0.12751534261266764,-0.30174308840145103,0
-0.26929613590571455,2.412001345198039,-0.4678748172649848,-0.7656590510462028,-0.15269384439851552,-0.16265129910339432,-0.583468501079442,-0.4042631992914204,-0.32361742359417855,1.9144388516656146,-2.1243313914942563,0.5892011300645877,1.9780269442304705,-0.23610007040075875,-0.5180552719485358,-0.17400059051842973,-0.14139250356818595,-0.06373207916224741,-1.8396221684863674,-0.11020775375559674,-0.12751534261266764,-0.17938086716323512,0
-0.8172481894360625,0.8973057001352163,1.3887712829928915,-0.24543955719771604,-0.16738166332032778,-0.18095843725190433,0.0364624714037967,-0.4042631992914204,-0.32361742359417855,0.18341568417409876,0.7177736208734693,-0.160207257164766,-0.19638001117690737,-0.23610007040075875,-1.4441827330794397,1.577374324959137,-0.14139250356818595,0.19528647137005464,0.3619770814067345,-0.11020775375559674,-0.12751534261266764,-1.355914197921883,0
0.34147833592572135,-0.6173899449276066,-0.4678748172649848,0.014670189726527326,-0.15378482430763502,-0.1677032656161754,-0.10858640196366606,-0.4042631992914204,-0.32361742359417855,1.385935929034624,0.36251049432750354,1.0654766556979478,-0.14416447321828765,-0.23610007040075875,-0.034131238462721585,-0.7431174208149184,-0.14139250356818595,1.357874450928078,0.36771628638826265,-0.11020775375559674,-0.12751534261266764,-0.5675037477157242,0
0.08071890141705461,0.8973057001352163,-0.4678748172649848,1.8354384181962309,-0.11144574111421231,-0.1440599227868522,0.15968965660511664,-0.4042631992914204,-0.32361742359417855,-0.785703855711342,-0.34801575876442786,0.9809137717068318,0.3837219882021058,-0.23610007040075875,0.6963937681513701,-0.4113243962781078,-0.14139250356818595,1.7278215883858137,-0.2010096594974464,-0.11020775375559674,-0.12751534261266764,0.05435849614102076,0
1.2205207669082352,-0.6173899449276066,-0.4678748172649848,0.27477993665077066,1.4749405228970944,1.3318503256042147,-0.021725739699131306,1.275966224197442,3.090068479298001,-0.6795122875642606,-1.0585420118563593,-0.5831531970873522,-0.6362306095534715,-0.23610007040075875,-1.0615771772840232,-0.8838244700873168,-0.14139250356818595,0.6399879686566281,2.752141260738849,-0.11020775375559674,-0.12751534261266764,0.9815520826004148,0
0.7002464746854548,-0.6173899449276066,-0.4678748172649848,1.0551091774235009,-0.1596525596213159,-0.1753812280165341,0.1978040692013341,-0.4042631992914204,-0.32361742359417855,-0.18280536131560174,0.36251049432750354,-0.12195030290785362,-0.9308707660646957,-0.23610007040075875,-0.7453190011445078,-0.8315679681286282,-0.14139250356818595,1.4248703475194755,0.45585212938317127,-0.11020775375559674,-0.12751534261266764,-0.46718759562902057,0
-0.09006737609747675,-0.6173899449276066,-0.4678748172649848,0.7949994304992574,-0.05855804794476931,-0.0921967392933076,0.10527625811526559,-0.4042631992914204,-0.32361742359417855,-0.2578057623571666,0.0072473677815378485,0.5524949002472863,-0.6512991448158968,-0.23610007040075875,-0.033232786930418964,-0.8110225634580048,-0.14139250356818595,-0.6474464704910711,1.2433833758502773,-0.11020775375559674,-0.12751534261266764,-0.8306522804766199,0
-0.43801345663557867,2.412001345198039,-0.4678748172649848,0.7949994304992574,-0.12586353303292797,-0.14731312653229361,0.5658104840681519,-1.2443779110358517,-0.32361742359417855,1.1708020036171405,-1.7690682649482907,-0.24056637948652382,-0.8992835973798065,-0.23610007040075875,0.8705405361472935,-0.4936963378688635,-0.14139250356818595,-0.9389215414188076,-0.5617494300658139,-0.11020775375559674,-0.12751534261266764,-0.27377158237914484,0
-0.967930722198329,2.412001345198039,-0.4678748172649848,-1.2858785448946894,-0.1675787580032604,-0.18061204597355315,-0.915648002485404,1.275966224197442,-0.32361742359417855,1.2048426983933516,-1.0585420118563593,0.24229219974502997,0.2597790427889412,-0.23610007040075875,-1.158100570266905,-0.011849833274304724,-0.14139250356818595,-0.8078069765390311,0.37510427607874663,-0.11020775375559674,-0.12751534261266764,-0.745015126492849,0
-0.5596623887384675,0.8973057001352163,-0.4678748172649848,0.014670189726527326,-0.1654332661280323,-0.17914994095200362,-0.6478362158768753,-0.4042631992914204,3.090068479298001,-0.49213760646377247,-0.7032788853103935,-0.08034993107769861,-0.8111453462056382,-0.23610007040075875,-0.699930166151606,0.5140442139616525,-0.14139250356818595,-0.5642213965183315,-0.7410920353766404,-0.11020775375559674,-0.12751534261266764,1.0308572161889318,0
-0.1911188980161944,-0.6173899449276066,-0.4678748172649848,0.014670189726527326,0.274244762072678,0.2529122797904958,0.6790069423055616,0.4358515124530109,-0.32361742359417855,-0.8700465916767751,0.0072473677815378485,-1.1590804627960074,-0.7289452937352389,-0.23610007040075875,0.555414481392039,0.1881788336631743,-0.14139250356818595,-0.49709060992872023,-0.1757604492653075,-0.11020775375559674,-0.12751534261266764,0.2420177104255162,0
1.5798426670363388,-0.6173899449276066,-0.4678748172649848,0.7949994304992574,-0.10317668740588361,-0.1287348937601289,-0.6282699376704565,-0.4042631992914204,-0.32361742359417855,-0.9966886603795723,0.7177736208734693,0.7318438849309041,-0.19071778013611415,-0.23610007040075875,-0.9363715349134611,-0.8449025029434872,-0.14139250356818595,-0.3693411255656432,-1.7824838351864374,-0.11020775375559674,-0.12751534261266764,-0.4654026335186105,0
-0.7116147309423881,-0.6173899449276066,-0.4678748172649848,-0.7656590510462028,-0.14318382944840227,-0.1509696880292204,-0.9980915632767621,-1.2443779110358517,-0.32361742359417855,0.23647954118096434,0.36251049432750354,0.13359165731616923,1.3407992832476943,-0.23610007040075875,-0.8742755202444733,-0.7864949033396936,-0.14139250356818595,1.2066872676360934,-0.5963350681880354,-0.11020775375559674,-0.12751534261266764,-0.7379411245636357,0
-0.18721519559964006,-0.6173899449276066,3.245417383250768,0.27477993665077066,-0.1685701825562903,-0.18225240909645768,-0.38970909353987654,0.4358515124530109,-0.32361742359417855,-0.9760359760577961,1.0730367474194349,-0.8548686184222297,-0.0546158082422726,-0.23610007040075875,0.7337000846837318,-0.6648073605085959,-0.14139250356818595,-0.8761242571996172,-0.39257251380346947,9.073771725877465,-0.12751534261266764,1.6950373593823285,0
0.574536172022925,0.8973057001352163,-0.4678748172649848,-0.7656590510462028,-0.08540494559528522,-0.07999709198046828,0.3967249765057498,2.116080935941873,-0.32361742359417855,1.000755790380406,0.0072473677815378485,-1.1799747891844719,1.963900171246269,-0.23610007040075875,-1.230778922992784,2.705420370138363,-0.14139250356818595,-0.3613741301086586,-0.7748353653848378,-0.11020775375559674,-0.12751534261266764,-0.6582277357584453,0
-0.680154778195419,-0.6173899449276066,-0.4678748172649848,1.0551091774235009,0.016943486527394813,-0.03837820059858855,0.6679741775421109,0.4358515124530109,3.090068479298001,-0.6042703722477603,1.7835630005113663,0.7839346615047241,0.695470070737611,-0.23610007040075875,-1.1120973789241089,0.598401739048164,-0.14139250356818595,0.8068111089305482,-1.1254159484968516,-0.11020775375559674,-0.12751534261266764,1.2091427226982554,0
-0.9210230678456053,2.412001345198039,-0.4678748172649848,-1.2858785448946894,-0.16659882169441312,-0.17916760220801156,-0.09562831042265252,-1.2443779110358517,-0.32361742359417855,0.6805570954827154,0.7177736208734693,0.7774391491362412,0.22339698830143326,-0.23610007040075875,1.012499699770061,-0.7373880786231102,-0.14139250356818595,0.15348618297677122,0.8745033404840986,-0.11020775375559674,-0.12751534261266764,-0.3210003748606693,0
-0.7337910355186149,-0.6173899449276066,-0.4678748172649848,1.0551091774235009,-0.0714425059492881,-0.10694796087763954,-0.6084464554556438,-1.2443779110358517,-0.32361742359417855,0.23884998644711,0.36251049432750354,0.652792335364255,0.034188163420771966,-0.23610007040075875,0.2270537683096,-0.42581001807741053,-0.14139250356818595,-0.7554951329221445,-0.38806719193024863,-0.11020775375559674,-0.12751534261266764,-0.8034588795415524,0
2.093488797163849,-0.6173899449276066,-0.4678748172649848,0.27477993665077066,0.034686178749519035,0.004999801356005761,-0.1724290631483789,0.4358515124530109,-0.32361742359417855,-1.0078608844944912,0.0072473677815378485,0.5982063218140613,-0.18687717387424957,-0.23610007040075875,1.3081022104978097,-1.0680645767914136,-0.14139250356818595,-0.7744791581301685,-0.6133566298533069,-0.11020775375559674,-0.12751534261266764,-0.1501366477212708,0
-0.8003771216909219,-0.6173899449276066,-0.4678748172649848,0.27477993665077066,-0.056696088243893224,-0.07918714059622411,-0.8778183233642171,-0.4042631992914204,3.090068479298001,0.5323636225619035,0.36251049432750354,-0.5729619340878415,2.8798877811506,-0.23610007040075875,-1.1516224124612369,1.9180304447472845,-0.14139250356818595,-0.9274352710025414,-0.7753270987842982,-0.11020775375559674,-0.12751534261266764,0.7244202078976019,0
0.634319196315422,0.8973057001352163,-0.4678748172649848,0.5348896835750141,-0.0469209314236759,-0.07679161152740427,0.6417201282387293,-0.4042631992914204,-0.32361742359417855,2.884956325307614,0.7177736208734693,0.5494349512655071,2.3374739311525414,4.235492172037854,1.4170419664386302,2.199367059335799,-0.14139250356818595,0.267988365855854,0.3243492150392897,-0.11020775375559674,-0.12751534261266764,1.7727073858865567,0
-0.5810993036570533,-0.6173899449276066,-0.4678748172649848,0.014670189726527326,-0.15486555114170264,-0.16876527282598328,-0.44652581155765014,-0.4042631992914204,-0.32361742359417855,0.4044614377409633,-0.34801575876442786,-0.6320306624428754,-0.06636851078328876,-0.23610007040075875,-0.9837379417142088,-1.1058607665888431,-0.14139250356818595,-0.06194418811746642,-0.5959884561110654,-0.11020775375559674,-0.12751534261266764,-0.014081348796813867,0
-0.8437349300371557,-0.6173899449276066,-0.4678748172649848,0.5348896835750141,2.2710960068032815,1.9330899819240754,-0.533888622125943,1.275966224197442,-0.32361742359417855,-0.11797028945187864,1.0730367474194349,0.09055428976115612,-0.76493793594064,-0.23610007040075875,-0.10826665862164558,0.09018914478000202,-0.14139250356818595,0.02849498648486678,-0.6613462153750298,-0.11020775375559674,-0.12751534261266764,-0.8530910508186482,0
-0.5921527211035581,-0.6173899449276066,-0.4678748172649848,1.0551091774235009,-0.14471926772859314,-0.16379599582568408,-0.6393691388151043,1.275966224197442,3.090068479298001,-1.1915911316785317,1.7835630005113663,-0.07490069454898156,-0.4458238735517894,-0.23610007040075875,-0.9298513527952378,0.03121827270045784,-0.14139250356818595,-0.9008662096615766,-0.04398790978062683,-0.11020775375559674,-0.12751534261266764,0.8592987285065845,0
1.7349175892832978,-0.6173899449276066,1.3887712829928915,-0.24543955719771604,-0.16777126545786963,-0.18136863765657293,-0.9932095598832082,-0.4042631992914204,-0.32361742359417855,0.28522777904520263,0.36251049432750354,0.17316424139353753,-0.16672358814095647,-0.23610007040075875,0.209351519091104,-0.48557832597675393,-0.14139250356818595,-0.9027522775882911,-0.6501166286958877,-0.11020775375559674,-0.12751534261266764,-0.7422104455354368,0
-0.7880452166349516,-0.6173899449276066,-0.4678748172649848,1.0551091774235009,-0.16711121769443046,-0.18116764712827055,-0.35591595954282584,-1.2443779110358517,-0.32361742359417855,-0.4342938483435966,1.4282998739654007,0.5916974435195711,-0.2655965159955213,4.235492172037854,0.5021497136727624,1.657745232308081,-0.14139250356818595,0.37498109511907585,0.031198929988148043,-0.11020775375559674,-0.12751534261266764,1.5911771380893884,0
-0.6010243293763798,-0.6173899449276066,3.245417383250768,0.27477993665077066,-0.16559546637322062,-0.17951191833311844,-0.7632082212017364,-1.2443779110358517,-0.32361742359417855,0.6676679361378193,1.0730367474194349,1.3871621472597002,-0.7275370733356434,-0.23610007040075875,0.37212221505391935,-0.5039447209356175,-0.14139250356818595,-0.6115294654495127,0.1326581675542748,-0.11020775375559674,-0.12751534261266764,0.6405286072116351,0
-0.8117325356559074,-0.6173899449276066,-0.4678748172649848,0.27477993665077066,-0.16729111903929758,-0.1810740574358883,-0.651270200080317,1.275966224197442,-0.32361742359417855,-0.38212418835102285,-2.1243313914942563,-1.0505556159141602,-0.06855544200467203,-0.23610007040075875,1.2748251397106405,0.1472886571182832,-0.14139250356818595,-0.9237343335265478,-0.21396160774247233,-0.11020775375559674,-0.12751534261266764,-0.5896083570858246,0
0.5521769207321141,-0.6173899449276066,-0.4678748172649848,-0.5055493041219594,-0.11783918482229434,-0.12466171914054415,-0.443340069663474,0.4358515124530109,-0.32361742359417855,1.3395260865230352,0.0072473677815378485,-0.7227104314871137,-0.8442153932817092,-0.23610007040075875,2.7402267450908866,0.477949558969836,-0.14139250356818595,0.1893741046670717,-1.138542124839277,-0.11020775375559674,-0.12751534261266764,0.2851604649379023,0
-0.33869365333467727,0.8973057001352163,-0.4678748172649848,-1.0257687979704462,-0.07602494162659501,-0.058104676175106396,-0.6874471705869226,-1.2443779110358517,-0.32361742359417855,-0.4291128042748475,-0.7032788853103935,-1.0048459071869353,-0.9525148057165819,-0.23610007040075875,0.048109699894892145,2.2453879479945456,-0.14139250356818595,0.11166203960728074,-0.9363625759917066,-0.11020775375559674,-0.12751534261266764,0.1549352718998748,0
-0.8188806554934301,-0.6173899449276066,-0.4678748172649848,-1.0257687979704462,-0.16649499689781425,-0.1793360312826626,0.0008754287037523527,1.275966224197442,-0.32361742359417855,-0.8468452605912423,0.0072473677815378485,0.7338060840598947,-0.8056930047681856,-0.23610007040075875,0.2739055490941248,0.3378510811246724,-0.14139250356818595,0.09578404697191177,-1.1011257064621558,-0.11020775375559674,-0.12751534261266764,-0.19519541694052023,0
-0.578211828589723,0.8973057001352163,-0.4678748172649848,0.27477993665077066,-0.16624573683209556,-0.18011098731198827,-0.7117737577303443,-0.4042631992914204,-0.32361742359417855,-0.9532645700185873,-1.0585420118563593,0.971766305835534,0.20918355862576954,4.235492172037854,0.42499394278578934,2.6401081447086634,-0.14139250356818595,-0.5112179934124151,0.0859938013625528,-0.11020775375559674,-0.12751534261266764,1.6304955383095407,0
-0.06037269178373581,-0.6173899449276066,-0.4678748172649848,-0.7656590510462028,-0.16690986303416075,-0.1801135219911553,-0.46543926453534407,-1.2443779110358517,-0.32361742359417855,-1.0215248577214595,-1.7690682649482907,-1.2049107617905006,2.999794277233166,-0.23610007040075875,-0.5839789467752903,-0.8388832932011874,-0.14139250356818595,2.402327488552064,1.25078035407685,-0.11020775375559674,-0.12751534261266764,-0.315977303689442,0
1.5078120202503145,0.8973057001352163,-0.4678748172649848,-1.8060980387431762,-0.1682745543229602,-0.18140939829116665,-0.14846461074442294,-1.2443779110358517,-0.32361742359417855,1.5070269648467987,-0.7032788853103935,-0.608316189277298,-0.1239766767727778,-0.23610007040075875,0.38843664520463056,-1.0225040087663002,-0.14139250356818595,0.28695513535063594,2.5178592302616676,-0.11020775375559674,-0.12751534261266764,-0.7028283941250383,0
-0.27534952887580677,-0.6173899449276066,-0.4678748172649848,-0.24543955719771604,-0.04129626232215453,-0.04820690041852656,0.5269880261733342,0.4358515124530109,-0.32361742359417855,1.4888989120957532,-2.1243313914942563,0.0629093217884641,0.5352134389136995,4.235492172037854,-0.19061087531006837,1.8028200949802045,-0.14139250356818595,-0.404970774682188,0.08288698477952144,-0.11020775375559674,-0.12751534261266764,2.1331899581595706,0
-0.9667708663733291,-0.6173899449276066,-0.4678748172649848,0.5348896835750141,-0.16662229648157748,-0.18058100425070142,-0.6119668660366469,1.275966224197442,-0.32361742359417855,-0.8502805752892056,-1.413805138402325,0.17320866597258253,0.34557400434029795,-0.23610007040075875,-0.47792808264764597,-1.0409670684702252,-0.14139250356818595,-0.449131755501566,-0.28657313564697046,-0.11020775375559674,-0.12751534261266764,-0.7814815501000503,0
-0.29629670072298925,-0.6173899449276066,1.3887712829928915,1.5753286712719874,-0.14859177492595502,-0.16830032431321393,0.3610466001171064,-1.2443779110358517,-0.32361742359417855,0.014244396921023283,1.0730367474194349,-1.2507515689840885,0.2625045769273182,-0.23610007040075875,-0.20463864706628807,0.5283101703490037,-0.14139250356818595,0.2833136918680049,0.4240335788710733,-0.11020775375559674,-0.12751534261266764,-0.42372842112787806,0
0.10642968666337135,-0.6173899449276066,-0.4678748172649848,0.27477993665077066,-0.15913791656249643,-0.1735628278918815,-0.17505292073243903,-0.4042631992914204,-0.32361742359417855,-0.36957379408000496,-0.7032788853103935,-0.31361051493089903,0.9656026535220739,-0.23610007040075875,-1.3300330511555436,-0.4132637149553609,-0.14139250356818595,0.3282073649098816,-0.7393597797545083,-0.11020775375559674,-0.12751534261266764,-0.7142103488505036,0
0.8544784996618742,-0.6173899449276066,3.245417383250768,1.8354384181962309,-0.15353724568699703,-0.1722615753810555,0.2655163767740003,-0.4042631992914204,-0.32361742359417855,-0.8488031068003892,-1.413805138402325,-0.24701914248953497,-0.5043363472456017,-0.23610007040075875,2.239491631682743,2.02254074795654,-0.14139250356818595,-0.4705178397087338,-0.19509546763632032,-0.11020775375559674,-0.12751534261266764,0.9389115849097022,0
2.1093181387279536,2.412001345198039,3.245417383250768,0.014670189726527326,-0.004346072098834667,-0.02085299109018067,0.48800310420698184,-0.4042631992914204,-0.32361742359417855,-0.693797774843101,0.7177736208734693,0.9020295464575685,0.2679672329342757,-0.23610007040075875,-0.6354828659131115,-0.746548198405303,-0.14139250356818595,0.4905913360803929,-0.8658600778102828,-0.11020775375559674,-0.12751534261266764,0.8507602920274683,0
-0.5413747184462644,0.8973057001352163,-0.4678748172649848,-0.24543955719771604,-0.14803754954690262,-0.16059160007827228,0.2925835115269751,-1.2443779110358517,-0.32361742359417855,-0.9025462136314397,-1.0585420118563593,-0.2662817604884358,-0.21679097505692416,-0.23610007040075875,2.0910617467569996,0.15056550350905543,-0.14139250356818595,0.38519091786638576,-0.5321546971813584,-0.11020775375559674,-0.12751534261266764,-0.28178034091535464,0
-0.8346450791089108,-0.6173899449276066,3.245417383250768,-0.5055493041219594,-0.16869363689118122,-0.18232354846066107,-0.14677718031380527,-1.2443779110358517,-0.32361742359417855,-0.8004403951623473,-0.7032788853103935,-0.5860202756928853,-0.7058733233456688,-0.23610007040075875,0.2233286548015619,-0.7999334611053097,-0.14139250356818595,-0.1801254008955315,0.44417864114595323,-0.11020775375559674,-0.12751534261266764,0.5467792605174597,0
0.12939405481540375,-0.6173899449276066,-0.4678748172649848,-1.0257687979704462,-0.16240630469205372,-0.17385711679282323,-0.5986213667744013,-1.2443779110358517,-0.32361742359417855,-0.945168465205895,-1.413805138402325,-0.3413327090867559,0.9568920333514513,-0.23610007040075875,0.2198490201573559,1.5609542846056728,-0.14139250356818595,1.2967550003346147,0.8993048927463222,-0.11020775375559674,-0.12751534261266764,-0.24864495009084556,0
-0.7777286637267193,-0.6173899449276066,-0.4678748172649848,-0.5055493041219594,-0.1679702454327421,-0.18150332381736647,-0.6181257790806818,-0.4042631992914204,-0.32361742359417855,-0.9164942677111585,-2.1243313914942563,0.31518461650009383,1.4841635861683256,-0.23610007040075875,-0.9654538948076433,0.936809799451667,-0.14139250356818595,-0.5684289925821379,-1.081491902816264,-0.11020775375559674,-0.12751534261266764,-0.08244601480061377,0
0.002467401047231045,0.8973057001352163,-0.4678748172649848,-1.545988291818933,-0.14107019571582838,-0.13698097331506914,-0.6136012287513626,0.4358515124530109,3.090068479298001,-0.9334612808607424,0.7177736208734693,1.7808563525942973,-0.4941363570352426,-0.23610007040075875,-0.09809550905354356,-0.9435169926270593,-0.14139250356818595,-0.47682606991879806,-0.13863744408872591,-0.11020775375559674,-0.12751534261266764,0.8260695652599077,0
0.02944108055089606,-0.6173899449276066,-0.4678748172649848,-0.7656590510462028,-0.009854836456470974,0.012804759141806963,-0.21831417076825965,0.4358515124530109,-0.32361742359417855,2.2334217959644262,0.36251049432750354,-1.2550686428727618,-0.9216468887139467,-0.23610007040075875,-1.097791650042807,-0.7591326816813715,-0.14139250356818595,1.9384008393258192,1.678306996249122,-0.11020775375559674,-0.12751534261266764,0.1625784785360785,0
-0.31193920726458035,-0.6173899449276066,-0.4678748172649848,0.014670189726527326,-0.16598846836066944,-0.17969552634451474,-0.19558185781569906,-1.2443779110358517,-0.32361742359417855,1.1313996391124168,-1.413805138402325,-0.3779922846653812,1.289182194852095,-0.23610007040075875,0.23923818381678857,-0.7810842081865136,-0.14139250356818595,0.06740658447561744,1.1431180456564698,-0.11020775375559674,-0.12751534261266764,-0.5480863893115728,0
-0.7156855066507573,0.8973057001352163,-0.4678748172649848,-0.24543955719771604,-0.07732460648032974,-0.08614006332791764,2.3280787543083723,-1.2443779110358517,-0.32361742359417855,-1.116270130052694,0.36251049432750354,-0.17607227438172285,-0.6682501436563053,-0.23610007040075875,0.2251954433582,-1.0173011942895391,-0.14139250356818595,-0.9119316007338447,-1.434788079951987,-0.11020775375559674,-0.12751534261266764,-0.3911202071244212,0
-0.5722390605528008,0.8973057001352163,3.245417383250768,1.0551091774235009,-0.15978564470579298,-0.17548447528551417,-0.7705931200172957,0.4358515124530109,3.090068479298001,-0.20380456964878133,0.0072473677815378485,-0.6923174591966796,0.7594876017599148,-0.23610007040075875,-0.5784383239300491,1.1039460235564509,-0.14139250356818595,0.6755806648913024,-0.5736323322432237,-0.11020775375559674,-0.12751534261266764,3.1755514088605126,0
0.6514029849160183,-0.6173899449276066,-0.4678748172649848,-0.24543955719771604,-0.1594246398113933,-0.17258072586685927,1.3455258638540164,0.4358515124530109,-0.32361742359417855,2.0242954066168615,1.0730367474194349,-0.8467817522484261,-0.8051408689991637,-0.23610007040075875,0.30980911632299646,-0.47213742637409584,-0.14139250356818595,-0.9171247333361787,-0.7078923309565918,-0.11020775375559674,-0.12751534261266764,-0.5537491926226233,0
0.15733196858703336,-0.6173899449276066,-0.4678748172649848,-0.24543955719771604,-0.16724126967023328,-0.18081062098876727,-0.2812656686175729,-1.2443779110358517,-0.32361742359417855,-0.0354178841807324,0.36251049432750354,-1.0006234630384394,0.4201425434024017,-0.23610007040075875,-0.19093854319178377,-0.5259672297604192,-0.14139250356818595,-0.393649504394761,-0.005132644662182109,-0.11020775375559674,-0.12751534261266764,0.05984940925688022,0
-0.8164225873845581,-0.6173899449276066,-0.4678748172649848,-0.5055493041219594,-0.10079267375665463,-0.10533336200400614,-0.7003893720767802,0.4358515124530109,-0.32361742359417855,-1.011869601820254,-1.413805138402325,-0.5427028444703328,0.256323886749073,-0.23610007040075875,-1.254898575181588,2.6757911996220987,-0.14139250356818595,1.1405712293748147,0.7099733940689663,-0.11020775375559674,-0.12751534261266764,-0.5414369488625448,0
0.3019860346767321,-0.6173899449276066,-0.4678748172649848,0.5348896835750141,-0.1642615302483098,-0.17853405605095454,1.704948005509651,-1.2443779110358517,-0.32361742359417855,-1.0880441623776584,-1.0585420118563593,-0.2281682958692814,0.9719845099378668,-0.23610007040075875,-0.5270531984008808,-0.8815498792015481,-0.14139250356818595,-0.1777939359919126,0.4138610729520583,-0.11020775375559674,-0.12751534261266764,-0.7368296738608079,0
0.12418236064370544,-0.6173899449276066,-0.4678748172649848,1.0551091774235009,-0.16435854124325022,-0.1790321236239889,0.20052447136765436,-1.2443779110358517,-0.32361742359417855,-0.6846248599739679,0.36251049432750354,0.29050001148023746,-0.5912868550392748,-0.23610007040075875,-1.1491188272400448,-0.9776364670284361,-0.14139250356818595,-0.9676924654356751,0.49249968473146993,-0.11020775375559674,-0.12751534261266764,-0.6696079028740848,0
0.6860109384130073,-0.6173899449276066,-0.4678748172649848,-0.7656590510462028,-0.16805812610133525,-0.18152398902321928,0.037220411321974886,-1.2443779110358517,-0.32361742359417855,-0.7065378073492481,0.0072473677815378485,1.0721349010219376,0.6925605315032045,-0.23610007040075875,-1.2698828595123086,0.02504935719359013,-0.14139250356818595,-0.03005280749688399,-1.1664011310181714,-0.11020775375559674,-0.12751534261266764,-0.5210506637601383,0
-0.3059475998113816,-0.6173899449276066,-0.4678748172649848,2.615767658968961,-0.1633626574707462,-0.17928940608314733,-0.10549096278301326,-1.2443779110358517,-0.32361742359417855,1.5098358460055994,0.0072473677815378485,-1.2723154863610993,-0.30428507146502876,-0.23610007040075875,1.2256401152903817,0.9816286417532397,-0.14139250356818595,1.0342135539845945,-1.0017877921194178,-0.11020775375559674,-0.12751534261266764,0.47880186259586066,0
-0.85815769995516,-0.6173899449276066,-0.4678748172649848,-0.5055493041219594,-0.16375046575618438,-0.1767186844086364,-0.10621227827931756,-0.4042631992914204,-0.32361742359417855,0.21741348697014096,-0.34801575876442786,-0.6669499451448855,-0.014128472054307575,-0.23610007040075875,1.0180311673521796,-0.22505120348723764,-0.14139250356818595,0.17094598790310528,-0.7910895971978883,-0.11020775375559674,-0.12751534261266764,0.17897264269189764,0
-0.6204786775151399,-0.6173899449276066,1.3887712829928915,1.3152189243477441,-0.14335246531945772,-0.1637263862638215,1.9746908470428404,0.4358515124530109,-0.32361742359417855,1.3452774718281648,-0.34801575876442786,0.03470370343574258,1.2934588961980538,-0.23610007040075875,1.77096360648159,-0.9210801157504237,-0.14139250356818595,1.8800948127690915,-1.2994625218611748,-0.11020775375559674,-0.12751534261266764,0.3587374953080856,0
-0.7264701695088187,2.412001345198039,-0.4678748172649848,-0.5055493041219594,-0.16279621854687507,-0.17563670166231052,1.294441466593546,-0.4042631992914204,-0.32361742359417855,-0.4120805851137273,1.4282998739654007,-0.20551730200534346,-0.2200373373069358,-0.23610007040075875,-0.3320014553943316,0.02762150642421123,-0.14139250356818595,0.12072958887721469,0.4219231739775432,-0.11020775375559674,-0.12751534261266764,-0.4756779996398299,0
-0.9257520947215208,-0.6173899449276066,-0.4678748172649848,-0.5055493041219594,-0.06151193639128459,-0.06079450490527732,-1.0145927996129207,-0.4042631992914204,-0.32361742359417855,-0.6465429772245114,-1.413805138402325,-0.19153637580709074,0.06641912390359674,-0.23610007040075875,-0.8244760468672548,-0.6063674463578429,-0.14139250356818595,-0.19163427889830895,-0.9201800408077735,-0.11020775375559674,-0.12751534261266764,-0.6593702110033268,0
-0.9520372360677762,0.8973057001352163,-0.4678748172649848,-2.0662077856674195,-0.16608663090049428,-0.17663915469461441,-0.15485045764157163,0.4358515124530109,-0.32361742359417855,-0.07588974582732423,-1.0585420118563593,-0.3331863316392127,4.886568903972442,-0.23610007040075875,-0.7656435799397677,-0.5184005754727222,-0.14139250356818595,-0.9012833234108126,1.1546325460111921,-0.11020775375559674,-0.12751534261266764,-0.45007367965898337,0
-0.6456777691409691,-0.6173899449276066,-0.4678748172649848,-1.2858785448946894,-0.14407909668842567,-0.14597312202299415,-0.9313070357650283,1.275966224197442,-0.32361742359417855,0.7299130577938343,0.0072473677815378485,-0.5119691295569947,-0.40037872224862636,-0.23610007040075875,-0.37411117369307245,1.20093903035622,-0.14139250356818595,-0.9367257071175501,1.6266664735419396,-0.11020775375559674,-0.12751534261266764,-1.1648279163933797,0
1.119660627153024,-0.6173899449276066,-0.4678748172649848,0.014670189726527326,-0.1111546238295988,-0.1258114768347033,-0.1620346114107978,0.4358515124530109,-0.32361742359417855,0.2570070987842664,0.36251049432750354,0.9526197645214585,-0.11308813681643909,-0.23610007040075875,-0.5353582881697159,1.7411891018902987,-0.14139250356818595,-0.40259032455771665,-0.7273551716901205,-0.11020775375559674,-0.12751534261266764,-0.6870256982641954,0
-0.4997746810132251,-0.6173899449276066,1.3887712829928915,-0.24543955719771604,-0.010287361889553873,-0.01555855925172825,-0.6337277993038063,-1.2443779110358517,-0.32361742359417855,0.6206365820307718,0.7177736208734693,-0.33556440822387557,0.6083003956311716,-0.23610007040075875,1.8094804524126344,0.15577620958433702,-0.14139250356818595,0.8024680742267193,-0.6157519318796041,-0.11020775375559674,-0.12751534261266764,-0.0050188940696698214,0
0.271563799120961,-0.6173899449276066,1.3887712829928915,-1.0257687979704462,-0.16610014540800486,-0.1788069238223839,0.7922483420834705,-1.2443779110358517,-0.32361742359417855,0.6642265057819334,0.7177736208734693,1.809280050426956,1.3478567026957409,-0.23610007040075875,1.717354307206462,-0.6602887798727154,-0.14139250356818595,-0.7706977481460408,-0.3533527242823291,9.073771725877465,-0.12751534261266764,0.6715466291308162,0
-0.21117629306060576,-0.6173899449276066,1.3887712829928915,-0.7656590510462028,-0.1660753448490852,-0.17908844296409634,0.0021533730540003607,-1.2443779110358517,-0.32361742359417855,-1.0413350433484303,-0.34801575876442786,-1.0531719136225473,1.3919378199124184,-0.23610007040075875,-0.6896260199487532,-1.0971428496564006,-0.14139250356818595,-0.8335705552022066,-1.562162105982686,-0.11020775375559674,-0.12751534261266764,-0.4410801287218779,0
-0.8358731970836574,-0.6173899449276066,-0.4678748172649848,-0.24543955719771604,-0.1668832367541175,-0.18043365887043292,-0.5497305144649995,-1.2443779110358517,-0.32361742359417855,2.448410795621755,0.36251049432750354,1.1146391482799207,0.24425675434332192,-0.23610007040075875,0.19629913046526498,-0.9410411631905415,-0.14139250356818595,-0.8069970114188048,-0.22428776557325406,-0.11020775375559674,-0.12751534261266764,-0.46365134224878335,0
-0.7095926892133202,0.8973057001352163,1.3887712829928915,-0.7656590510462028,0.10704712049256856,0.1564010838639087,0.6395066306090438,1.275966224197442,-0.32361742359417855,0.8189804206305151,0.0072473677815378485,-0.23312603804193438,-0.5747039733130466,-0.23610007040075875,-0.8631471636228983,-1.117766655334397,-0.14139250356818595,-0.9214510566435878,0.9564418924125596,9.073771725877465,-0.12751534261266764,0.9177930345580074,0
0.27239861911604035,-0.6173899449276066,-0.4678748172649848,0.7949994304992574,-0.14973569037543255,-0.16686200975624013,-0.8608671865393253,-0.4042631992914204,-0.32361742359417855,0.23591286704913436,0.7177736208734693,1.6854533598477452,-0.5893460346956331,-0.23610007040075875,-0.6890884949255562,0.8930012121374048,-0.14139250356818595,0.8862718963431574,-0.3392109422142907,-0.11020775375559674,-0.12751534261266764,-0.41810043881069425,0
-0.2985412130839485,-0.6173899449276066,-0.4678748172649848,-0.24543955719771604,-0.14427552704187308,-0.15663067942298037,1.1788051488978313,-0.4042631992914204,-0.32361742359417855,-0.40367279889148105,-0.34801575876442786,0.8627277521673211,0.45545833431626864,-0.23610007040075875,0.08674772404748689,-0.9444348717517909,-0.14139250356818595,-0.9536117705709248,-0.1770247062410836,-0.11020775375559674,-0.12751534261266764,0.2703602826261381,0
-0.5763212634620083,-0.6173899449276066,-0.4678748172649848,1.3152189243477441,-0.16501425252036397,-0.1796913184692851,0.34455531735795003,-0.4042631992914204,-0.32361742359417855,0.5329297841455137,1.0730367474194349,1.8176498025572454,0.3654258761960025,-0.23610007040075875,1.2099713514189285,-0.8377765588541763,-0.14139250356818595,-0.18693196517212057,0.23283661555711688,-0.11020775375559674,-0.12751534261266764,-0.010052001676167927,0
-0.3583637518021553,0.8973057001352163,-0.4678748172649848,-1.0257687979704462,-0.16364326775263552,-0.17551466754376244,-0.9235267290120338,-1.2443779110358517,-0.32361742359417855,-0.4272555453849988,-1.413805138402325,-0.08614517655032072,-0.7917350157218338,-0.23610007040075875,1.0910642618525968,0.3313630964315186,-0.14139250356818595,0.4860860500045761,3.51287227216421,-0.11020775375559674,-0.12751534261266764,0.47983042948873966,0
-0.8950851336121685,-0.6173899449276066,-0.4678748172649848,-0.7656590510462028,-0.1652471864681257,-0.17807117599186395,1.5217920576969457,-1.2443779110358517,-0.32361742359417855,-0.26496157799928993,-0.34801575876442786,0.6903915958456311,-0.24834856276505388,-0.23610007040075875,-0.23303384162847787,-0.39858469369827004,-0.14139250356818595,0.28432203895842395,-0.6182947009132584,-0.11020775375559674,-0.12751534261266764,0.13908148617856864,0
2.01861293829686,-0.6173899449276066,-0.4678748172649848,0.27477993665077066,0.22657103731310924,0.18177588692378188,-0.008760545637214625,0.4358515124530109,-0.32361742359417855,-0.9801039977873907,-0.34801575876442786,0.3809194228518151,-0.4459057478506424,-0.23610007040075875,0.7246207047252449,-1.1183603464021652,-0.14139250356818595,-0.8113012166625363,-0.6869592243875898,-0.11020775375559674,-0.12751534261266764,-0.8186766710850808,0
4.794755091100774,-0.6173899449276066,-0.4678748172649848,0.27477993665077066,-0.0690233118333703,-0.09054373406784678,-0.7566664820730252,-0.4042631992914204,-0.32361742359417855,-0.25605284075904855,-1.0585420118563593,-0.6514118035416094,0.8769212290068336,-0.23610007040075875,0.12406251374122454,-0.758501788678681,-0.14139250356818595,0.7220327200153238,-0.6351571323618697,-0.11020775375559674,-0.12751534261266764,-0.9650662138582049,0
0.09028363574060815,0.8973057001352163,-0.4678748172649848,1.0551091774235009,-0.16343243502451152,-0.17831365139063582,-0.5225212561587224,-1.2443779110358517,3.090068479298001,1.1931089203589145,-0.34801575876442786,1.0809104712689936,0.37300211988720516,-0.23610007040075875,0.3463365865569351,0.2801986844234916,-0.14139250356818595,-0.4877350063049415,-0.3682656812129845,-0.11020775375559674,-0.12751534261266764,0.8878712645342858,0
2.1921158551598907,-0.6173899449276066,-0.4678748172649848,1.5753286712719874,0.08846640537634823,-0.0019060259254057724,1.213089859723891,0.4358515124530109,-0.32361742359417855,1.3123032679105295,0.0072473677815378485,-0.16352127992931575,-0.42802977710554296,-0.23610007040075875,-0.7568194221068015,-0.422323345940359,-0.14139250356818595,-0.4464183882278021,1.033190440998045,-0.11020775375559674,-0.12751534261266764,-0.3149188027314625,0
-0.37683713651080636,0.8973057001352163,-0.4678748172649848,1.8354384181962309,-0.16250712051692076,-0.17827146493797472,3.3006224377509965,-0.4042631992914204,-0.32361742359417855,-0.8054565897994892,-0.7032788853103935,1.1205316292318888,1.2590155986395084,-0.23610007040075875,-0.8478098766124768,-0.18906985813163807,-0.14139250356818595,0.07121095008192484,0.2798413049823469,-0.11020775375559674,-0.12751534261266764,-0.153430600780895,0
-0.32631367837653863,-0.6173899449276066,3.245417383250768,-1.0257687979704462,-0.16811574766566706,-0.18150786384415896,1.7166819620394438,-0.4042631992914204,-0.32361742359417855,0.48377905305837127,-0.34801575876442786,-0.4087085619823778,-0.4821570740081086,-0.23610007040075875,-0.002146664169616448,0.34539967737404775,-0.14139250356818595,0.32499029005547875,-0.1378806856482208,-0.11020775375559674,-0.12751534261266764,0.5935848218855856,0
-0.9763723383169841,-0.6173899449276066,-0.4678748172649848,1.3152189243477441,-0.16745288306976172,-0.18148861114113254,2.674411612247621,-0.4042631992914204,-0.32361742359417855,-0.5106693961824158,0.36251049432750354,-0.09060142652192485,-0.677987180310917,-0.23610007040075875,-0.3806695069936597,-1.0722681099292195,-0.14139250356818595,-0.206479870850421,0.19380629873281943,-0.11020775375559674,-0.12751534261266764,-0.39021060111052264,0
-0.7091123290953796,2.412001345198039,-0.4678748172649848,0.7949994304992574,-0.13739841706559608,-0.15675903029880825,0.6432967148763244,1.275966224197442,-0.32361742359417855,1.4098086102738776,0.36251049432750354,-1.0973441848317926,-0.9538476976106145,-0.23610007040075875,-0.23292679475554803,-1.1024818846740412,-0.14139250356818595,-0.8782595027953558,1.3001830456378252,-0.11020775375559674,-0.12751534261266764,-0.621421820161786,0
0.05002855794766836,-0.6173899449276066,-0.4678748172649848,-0.5055493041219594,-0.12117226823303387,-0.12844096911613007,0.1521024854581096,1.275966224197442,-0.32361742359417855,-1.1800384877702728,-1.0585420118563593,-0.2520155934881079,-0.5670764263459442,-0.23610007040075875,-0.44995717759934006,0.14144232641108262,-0.14139250356818595,1.0163759954989495,-0.6375112736665863,-0.11020775375559674,-0.12751534261266764,-0.9917435641799117,0
2.835222878245734,-0.6173899449276066,-0.4678748172649848,-1.8060980387431762,-0.15943142219986908,-0.16511572829989274,-0.9046541534453804,1.275966224197442,-0.32361742359417855,0.08486692701664562,-0.34801575876442786,0.9761185878671548,0.6470828757959833,-0.23610007040075875,-0.5366652783464877,-0.10534985298484434,-0.14139250356818595,0.2391143980667184,0.04130129300663338,-0.11020775375559674,-0.12751534261266764,-0.9000965506716654,0
-0.7359775782758038,2.412001345198039,-0.4678748172649848,0.7949994304992574,-0.11731769132924438,-0.14031494622044607,0.23221596387236956,-1.2443779110358517,-0.32361742359417855,-0.1637023293096383,-2.1243313914942563,0.23826558450185217,-0.6295520920522151,-0.23610007040075875,-0.5052141711823053,-0.3211941083043713,-0.14139250356818595,0.6507710284305678,-1.5281412820347355,-0.11020775375559674,-0.12751534261266764,-0.18133388738797876,0
0.4289517097384125,-0.6173899449276066,-0.4678748172649848,1.0551091774235009,-0.13814870851000907,-0.1586985628740037,-0.7739057675249976,1.275966224197442,-0.32361742359417855,1.0438978873909226,1.4282998739654007,0.033886856790554865,-0.6762455166783549,-0.23610007040075875,-0.11777597544543116,0.3529407412621348,-0.14139250356818595,-0.9483828536836254,1.2617460538766854,-0.11020775375559674,-0.12751534261266764,-0.7822233600017363,0
-0.6711708741124716,-0.6173899449276066,-0.4678748172649848,0.27477993665077066,-0.15206617915138002,-0.16704791021125545,1.4012384671466722,-1.2443779110358517,-0.32361742359417855,1.249582092915735,1.0730367474194349,-0.09914371800701549,0.33171036276580157,-0.23610007040075875,-1.146082519158212,0.006046938254802537,-0.14139250356818595,0.47467715020683887,1.0019560300480153,-0.11020775375559674,-0.12751534261266764,-0.17093915019237113,0
-0.4553409253327583,0.8973057001352163,-0.4678748172649848,-0.5055493041219594,0.33738018894410254,0.3914933226593788,0.24272173654714888,-0.4042631992914204,-0.32361742359417855,-1.1204964135305575,1.0730367474194349,0.5206218812619537,-0.788377189692562,-0.23610007040075875,-0.5115636739697565,-0.4761258287737922,-0.14139250356818595,-0.7187552676369883,-0.962725074075556,-0.11020775375559674,-0.12751534261266764,-0.801995010545025,0
0.07642059420341688,-0.6173899449276066,-0.4678748172649848,0.014670189726527326,-0.142931658233989,-0.15703809079482628,-0.2194058004239593,-1.2443779110358517,-0.32361742359417855,1.9911298952587226,2.4940892536032977,-0.21913526809366357,-0.09455336743625907,-0.23610007040075875,-1.2381695160724757,1.5302355368369776,-0.14139250356818595,0.5072714340701178,-1.5523990417806033,-0.11020775375559674,-0.12751534261266764,-0.5281427427529065,0
1.7807030519695675,-0.6173899449276066,-0.4678748172649848,-1.0257687979704462,-0.16864572980981427,-0.1822180485934128,-0.836856258431192,-1.2443779110358517,3.090068479298001,1.1954228179774868,0.0072473677815378485,1.2075598861042662,0.6480968682485022,-0.23610007040075875,0.06725764342712738,2.8586536835174563,-0.14139250356818595,2.84461776746666,0.6033280395306003,-0.11020775375559674,-0.12751534261266764,1.7402127181747742,0
3.7559556345815364,2.412001345198039,-0.4678748172649848,-1.0257687979704462,-0.12987399218509302,-0.13026328546180593,1.120307951984897,0.4358515124530109,-0.32361742359417855,-0.9204032231958378,-0.34801575876442786,-1.2336540647210867,0.38950932303562336,-0.23610007040075875,0.46686906001148387,1.396242237419999,-0.14139250356818595,1.48203001788354,-0.2173974133719605,-0.11020775375559674,-0.12751534261266764,-0.13607677980922064,0
-0.2779536957006731,0.8973057001352163,-0.4678748172649848,0.5348896835750141,-0.16570219714112933,-0.17978321425270075,-0.6294409940861886,-0.4042631992914204,-0.32361742359417855,1.413291306287774,-0.7032788853103935,-0.015785727277225953,-0.9368221370406455,-0.23610007040075875,-1.2349675282346548,-0.8451276680990872,-0.14139250356818595,-0.1751545964743537,-0.7150665739365637,-0.11020775375559674,-0.12751534261266764,-0.8619401703721186,0
1.2843563835179692,0.8973057001352163,1.3887712829928915,-0.7656590510462028,-0.1407196040590119,-0.14794276086359903,-0.8780799483452713,0.4358515124530109,-0.32361742359417855,-1.1483366268123838,1.4282998739654007,-1.015470955256409,0.4178636467982525,-0.23610007040075875,0.06559969564146756,-1.0239980127637864,-0.14139250356818595,-0.09860535929855285,1.0491291713899917,-0.11020775375559674,-0.12751534261266764,-0.49998003098152116,0
-0.7269050085631364,-0.6173899449276066,-0.4678748172649848,-0.24543955719771604,-0.16482039856095773,-0.17826175841080308,0.6357179477337875,0.4358515124530109,-0.32361742359417855,-0.3451037141413792,-1.0585420118563593,0.5407052145629936,-0.7892573353583582,-0.23610007040075875,-0.19360063447514955,0.5617422485751219,-0.14139250356818595,3.2465748928432725,-0.2473293269736163,-0.11020775375559674,-0.12751534261266764,0.5448658539986446,0
-0.7993999445806106,-0.6173899449276066,-0.4678748172649848,-0.24543955719771604,-0.16846093011642976,-0.18209476488937484,0.4759383317339594,-1.2443779110358517,-0.32361742359417855,-0.29727952767877075,1.0730367474194349,-0.7406262794924195,-0.8585422754859805,-0.23610007040075875,0.7400401513823479,-1.0304428054631036,-0.14139250356818595,-0.576691637680812,-0.3446898476617926,-0.11020775375559674,-0.12751534261266764,-1.087313287588802,0
-0.6301808004100279,-0.6173899449276066,1.3887712829928915,-1.545988291818933,-0.16432057809410255,-0.17506039810301743,-0.9181397905024249,-1.2443779110358517,-0.32361742359417855,-0.5344536992308485,0.0072473677815378485,-1.278397053599173,2.3162300189938394,-0.23610007040075875,-0.19788987929112176,-1.0639174393456627,-0.14139250356818595,2.600764357000254,-0.3233211457352508,-0.11020775375559674,-0.12751534261266764,-0.03388403806976669,0
-0.7762728753453815,-0.6173899449276066,-0.4678748172649848,-0.5055493041219594,-0.16244449799576918,-0.1752378997961775,-0.16728819311592014,-0.4042631992914204,3.090068479298001,-0.6679469776071693,2.138826127057332,-0.720372902219592,0.267938035800608,-0.23610007040075875,1.5938164017645038,0.009076283864702005,-0.14139250356818595,-0.2783536117709398,-1.0747363458747894,-0.11020775375559674,-0.12751534261266764,1.4190280092959846,0
-0.7519125694889645,-0.6173899449276066,1.3887712829928915,-0.5055493041219594,-0.09267555649718445,-0.0961296873807316,0.9988015409126122,0.4358515124530109,-0.32361742359417855,-0.928777977922548,-0.7032788853103935,0.21816710270554596,0.9612775467826596,-0.23610007040075875,0.6270801924791272,0.40191187621088587,-0.14139250356818595,-0.00904224672814451,-0.8311764947867136,-0.11020775375559674,-0.12751534261266764,-0.0653875011082579,0
-0.4290345252991916,-0.6173899449276066,-0.4678748172649848,-0.7656590510462028,-0.15383571704730517,-0.16405391647564552,1.197597841918465,0.4358515124530109,-0.32361742359417855,-1.1672205489821414,0.7177736208734693,0.5345121804367006,0.40554223609025086,-0.23610007040075875,0.22377118575356006,-0.9173829241637236,-0.14139250356818595,2.092952677699357,0.8193335831737436,-0.11020775375559674,-0.12751534261266764,-0.3138180682791731,0
-0.42594643495225,0.8973057001352163,-0.4678748172649848,-1.0257687979704462,-0.012091794737186252,0.027566787277167597,-0.8691785135796256,-1.2443779110358517,-0.32361742359417855,-0.28369859335261455,-1.413805138402325,1.220954348091577,-0.5766439871610801,-0.23610007040075875,0.10541939721250482,-0.7720558480378874,-0.14139250356818595,-0.870269873370795,-0.35108604464610554,-0.11020775375559674,-0.12751534261266764,-1.1213909358357523,0
-0.6294853920261458,-0.6173899449276066,-0.4678748172649848,0.014670189726527326,-0.1668657307519257,-0.18055759338591582,1.4328156113317407,1.275966224197442,-0.32361742359417855,-0.7451718459620121,0.7177736208734693,-1.1630294037499151,-0.880958528158252,-0.23610007040075875,-0.05692157019565687,0.6299905786606246,-0.14139250356818595,-0.3510216771788799,0.06983699506015584,-0.11020775375559674,-0.12751534261266764,-0.5492265215006513,0
0.5087919813227834,-0.6173899449276066,-0.4678748172649848,-1.545988291818933,-0.14779672494405513,-0.14799766799401531,-0.8362288573795474,0.4358515124530109,3.090068479298001,-0.7266569912886472,-1.7690682649482907,0.9608447479819143,-0.8030844216099099,-0.23610007040075875,2.2233648394640224,-0.9717090244986379,-0.14139250356818595,-0.8181306820263599,-0.8388174275122907,-0.11020775375559674,-0.12751534261266764,1.2756900728733058,0
-0.6622983684401299,2.412001345198039,-0.4678748172649848,1.3152189243477441,-0.16473256925592913,-0.17948371536717692,-0.8295116238515583,0.4358515124530109,3.090068479298001,-0.8423165646364661,0.36251049432750354,-0.525483197897977,0.8350741053420484,-0.23610007040075875,-0.43754686519138863,-0.6569758096733871,-0.14139250356818595,-0.48663552429631723,-0.9414401353450904,-0.11020775375559674,-0.12751534261266764,1.1100611276634578,0
0.011693798465278207,-0.6173899449276066,-0.4678748172649848,-1.8060980387431762,-0.012432900468512708,0.10573235685329002,-0.07284254644828966,-0.4042631992914204,-0.32361742359417855,1.586723850585061,-0.7032788853103935,0.29355086421931625,0.5408560921969132,-0.23610007040075875,-0.7361540622359266,-0.6431926172785426,-0.14139250356818595,-0.5665753500503717,0.7641342532467686,-0.11020775375559674,-0.12751534261266764,-1.1493810102241744,0
0.1767078213130347,0.8973057001352163,-0.4678748172649848,0.27477993665077066,-0.15400546833424553,-0.16883450219718482,1.1741526031625504,-0.4042631992914204,-0.32361742359417855,0.35458125762143233,1.4282998739654007,-0.03542742278663179,-0.7508261200901701,-0.23610007040075875,0.8442506190091009,0.5018658514837737,-0.14139250356818595,-0.2630906270994747,0.4966523394215952,-0.11020775375559674,-0.12751534261266764,-0.1983802042644344,0
-0.8448773915024758,-0.6173899449276066,-0.4678748172649848,-0.7656590510462028,-0.16026257956975604,-0.17194834238436207,-0.9244794020426921,-1.2443779110358517,-0.32361742359417855,0.44879607368404056,2.4940892536032977,0.15712681827449385,0.8895505584681119,-0.23610007040075875,3.7659123981456477,2.5080237993178063,-0.14139250356818595,-0.5470396757583239,1.1785179503610523,-0.11020775375559674,-0.12751534261266764,-0.01898081750870316,0
-0.647847925945866,-0.6173899449276066,1.3887712829928915,1.3152189243477441,-0.15991862265482898,-0.17593579337835455,-0.8360123261253986,0.4358515124530109,-0.32361742359417855,-0.6953021848065767,0.7177736208734693,-1.1692108414424875,-0.758303981971685,-0.23610007040075875,0.3931196577888412,0.12231323839959597,-0.14139250356818595,2.344393503304553,-0.7753183221620193,-0.11020775375559674,-0.12751534261266764,0.3173624110033977,0
-0.024258649759737204,-0.6173899449276066,-0.4678748172649848,0.5348896835750141,-0.11491861863555648,-0.13575032648354526,-0.29200569818319566,-1.2443779110358517,-0.32361742359417855,-0.18812292704915856,1.0730367474194349,-0.30090217721768275,-0.9351025696155346,-0.23610007040075875,-0.013706034496571273,1.0071210079495985,-0.14139250356818595,0.6782314088508111,-0.5505600031702202,-0.11020775375559674,-0.12751534261266764,-0.4080873565463536,0
-0.4239908980939534,-0.6173899449276066,-0.4678748172649848,-1.0257687979704462,-0.1672275633463686,-0.18031768231623754,-0.4034073961453413,-1.2443779110358517,-0.32361742359417855,-0.7591983457443167,0.0072473677815378485,0.9002721075689726,-0.7698712217646715,-0.23610007040075875,-1.1198849415224388,-0.3419748691560323,-0.14139250356818595,-0.5049155723941976,-0.4991107646482053,-0.11020775375559674,-0.12751534261266764,-0.6081648474076388,0
-0.43252700079111117,-0.6173899449276066,-0.4678748172649848,0.5348896835750141,0.1394320031692519,0.08478931868378001,-0.1522801629060168,-0.4042631992914204,-0.32361742359417855,0.8464953290492376,0.7177736208734693,-0.15788823019161155,-0.09733025944792224,-0.23610007040075875,-0.7841539412646523,-0.5943169276514172,-0.14139250356818595,-0.2838674431644892,0.3712531598846461,-0.11020775375559674,-0.12751534261266764,-0.20449132686188626,0
0.5515786473871667,2.412001345198039,-0.4678748172649848,0.014670189726527326,-0.1650878711925322,-0.17881052871556302,-0.22225027435364922,0.4358515124530109,-0.32361742359417855,1.4073981379959972,0.0072473677815378485,0.4519069925197957,-0.6378247968668874,-0.23610007040075875,-0.6139802957664339,-0.47794170884460524,-0.14139250356818595,1.5537754631280285,0.19351798253085503,-0.11020775375559674,-0.12751534261266764,-0.2780703861584293,0
-0.6812649627403851,-0.6173899449276066,-0.4678748172649848,-1.2858785448946894,-0.03504727003873594,0.01474175386013078,-0.8651886375024674,-0.4042631992914204,-0.32361742359417855,0.5734188935420594,-0.34801575876442786,-0.2676490563053534,1.9995851753993772,-0.23610007040075875,0.9396161766768425,-0.1572487561122976,-0.14139250356818595,-0.6942362635017649,-0.3497072619734911,-0.11020775375559674,-0.12751534261266764,-0.7661252286789987,0
1.6499958534700032,-0.6173899449276066,-0.4678748172649848,-1.2858785448946894,-0.16444148320461976,-0.17598764642556827,1.4697201553564854,-0.4042631992914204,-0.32361742359417855,1.173368248275767,2.138826127057332,-0.30191677531827793,-0.8597257213637424,-0.23610007040075875,-0.9416189378714377,-0.9600559165378909,-0.14139250356818595,-0.268926314929896,1.6377977650387625,-0.11020775375559674,-0.12751534261266764,-0.39707501482808705,0
0.21504447554431616,-0.6173899449276066,-0.4678748172649848,0.5348896835750141,-0.16295764105077787,-0.17740349360561528,-0.5689098964074717,-1.2443779110358517,-0.32361742359417855,-0.8997008232997301,-0.7032788853103935,-0.08070381677012216,4.562917229084556,-0.23610007040075875,0.4819955718738441,-0.8829310909466287,-0.14139250356818595,-0.5313861185674309,-1.7132837344777732,-0.11020775375559674,-0.12751534261266764,-0.5117313951516594,0
1.2814997121368041,-0.6173899449276066,-0.4678748172649848,1.3152189243477441,-0.10132580106772937,-0.13275235631062568,-0.8624947258454544,1.275966224197442,-0.32361742359417855,0.9787832031560737,-0.34801575876442786,1.9040061463124875,-0.0793086967475558,-0.23610007040075875,-1.1196476933427122,2.9748175308257796,-0.14139250356818595,2.250601595928373,-0.1246979118004502,-0.11020775375559674,-0.12751534261266764,-0.7611755218495314,0
-0.6632250679787605,0.8973057001352163,-0.4678748172649848,-1.0257687979704462,-0.078293372713563,-0.06114441096709698,-0.4712637825803177,-1.2443779110358517,-0.32361742359417855,-0.44855147640529713,2.138826127057332,-1.146269869841965,-0.668490254702898,-0.23610007040075875,2.3575622701589602,-0.9642610235935057,-0.14139250356818595,-0.8263858545459375,-0.19241308289824213,-0.11020775375559674,-0.12751534261266764,-0.3228076743224174,0
-0.2918404984490422,-0.6173899449276066,-0.4678748172649848,-1.0257687979704462,0.23568393497673684,0.35959032131758906,0.8124533148707206,-1.2443779110358517,-0.32361742359417855,-0.6639454051361363,-0.34801575876442786,-0.47922078761258496,-0.6422289727616945,-0.23610007040075875,0.029444523106564632,0.6285478699922127,-0.14139250356818595,-0.6492839350037274,2.565134207867597,-0.11020775375559674,-0.12751534261266764,-0.23869491886715072,0
-0.19992365783026866,0.8973057001352163,-0.4678748172649848,-0.5055493041219594,-0.15818844536227442,-0.17041213193228277,-0.7444303127801386,-1.2443779110358517,-0.32361742359417855,2.050650125778657,0.0072473677815378485,0.20869252027363352,0.05408068425232964,-0.23610007040075875,0.44118057609988015,-0.6481324191540377,-0.14139250356818595,-0.8304095821025469,-0.6084440800078006,-0.11020775375559674,-0.12751534261266764,-0.7500371492176183,0
-0.5257972031299273,-0.6173899449276066,-0.4678748172649848,-1.2858785448946894,-0.15145589843398302,-0.15684666063443814,0.32736328749659,0.4358515124530109,-0.32361742359417855,-0.5811102258041796,1.7835630005113663,-0.5288440722733853,-0.7741299127284907,-0.23610007040075875,-0.6917748265460334,3.394788703908315,-0.14139250356818595,0.07586421111652399,-0.14427465454943048,-0.11020775375559674,-0.12751534261266764,-0.4292712866029429,0
-0.5136813553443491,-0.6173899449276066,-0.4678748172649848,0.27477993665077066,-0.1641699168552988,-0.17819861479552984,-0.18430074113678283,1.275966224197442,-0.32361742359417855,-0.8710510782084812,0.0072473677815378485,1.6847367465329057,-0.753623277222103,-0.23610007040075875,-0.055592365326532875,1.3220584532254418,-0.14139250356818595,0.1940659840109668,0.023778580472916904,-0.11020775375559674,-0.12751534261266764,-0.39234654712185346,0
-0.8304021379319412,0.8973057001352163,-0.4678748172649848,1.3152189243477441,-0.1592680718046065,-0.17545633154431098,-0.9278252151633313,-0.4042631992914204,-0.32361742359417855,-0.30487373834157544,-0.7032788853103935,0.1423603455448691,-0.13556038766453765,-0.23610007040075875,-0.5039845669143461,-0.5220684879450483,-0.14139250356818595,-0.2834819448458086,-0.38298140503721695,-0.11020775375559674,-0.12751534261266764,-0.9223258916223319,0
-0.8445208042866525,2.412001345198039,1.3887712829928915,-1.2858785448946894,-0.07326948790046323,-0.04159848355845181,-0.8263353042855243,0.4358515124530109,-0.32361742359417855,0.848608603070528,-1.0585420118563593,0.28769129257156156,0.17787958221737543,-0.23610007040075875,0.32719058674733426,3.145163265526892,-0.14139250356818595,-0.8748133434415046,-1.276793904673417,-0.11020775375559674,-0.12751534261266764,-0.23201207987615108,0
-0.9451759093345916,-0.6173899449276066,1.3887712829928915,0.014670189726527326,-0.1588088600912695,-0.17264027842677684,1.4899001082231138,1.275966224197442,-0.32361742359417855,0.22734467657888913,-0.34801575876442786,-0.2053450742494731,2.6576775234965657,-0.23610007040075875,-0.30970078201379636,3.268564736216996,-0.14139250356818595,0.3663534591817179,-0.1396345146921514,-0.11020775375559674,-0.12751534261266764,-0.6283096867058489,0
0.7806672454535749,-0.6173899449276066,1.3887712829928915,1.3152189243477441,-0.16404644163186088,-0.1789780331304828,-0.8999059736060024,-0.4042631992914204,-0.32361742359417855,0.24992869586111924,2.8493523801492633,1.088476719747786,1.689282494900636,-0.23610007040075875,-0.4271424932056044,-0.941937388206203,-0.14139250356818595,-0.2479147885060704,0.5855412306701699,-0.11020775375559674,-0.12751534261266764,-0.47711017348874085,0
-0.7330412202341747,-0.6173899449276066,-0.4678748172649848,-1.8060980387431762,-0.16773557760898491,-0.1804163215635711,-0.9983182346957973,0.4358515124530109,-0.32361742359417855,2.5227725850462948,0.36251049432750354,1.3364936093479236,-0.35291670352205035,-0.23610007040075875,-0.03640154611293561,0.5208458776730734,-0.14139250356818595,-0.876013725297764,-0.5894364764902937,-0.11020775375559674,-0.12751534261266764,-0.45732236573677426,0
-0.510731595312793,-0.6173899449276066,1.3887712829928915,0.014670189726527326,-0.16736571306542725,-0.18104891534163756,-0.7684548576738218,-1.2443779110358517,-0.32361742359417855,-0.2658924378898628,-1.0585420118563593,1.3441111622624005,-0.27853167258441064,-0.23610007040075875,0.1771246253781906,0.10677330469957665,-0.14139250356818595,0.12131090521257377,1.600691323434849,-0.11020775375559674,-0.12751534261266764,-0.3792059605038238,0
1.0119276490915865,-0.6173899449276066,3.245417383250768,-0.7656590510462028,-0.15912688340189007,-0.1705533118821984,0.3713520395476868,0.4358515124530109,-0.32361742359417855,0.46198596653381313,0.0072473677815378485,0.04439358203720242,-0.13853787198193337,-0.23610007040075875,-0.5931487081891942,-1.1028879075336826,-0.14139250356818595,2.4137993986637967,1.5905298042702603,-0.11020775375559674,-0.12751534261266764,0.5899368434612292,0
-0.5603700039216715,-0.6173899449276066,1.3887712829928915,1.8354384181962309,-0.16176270295074147,-0.17777269907537394,-0.7641242059392651,-1.2443779110358517,-0.32361742359417855,2.593767393827413,2.138826127057332,-0.930971633220638,1.6184827171468574,4.235492172037854,-1.3709108505608416,0.15659062710944002,-0.14139250356818595,2.1058434586064827,1.0424618387597941,-0.11020775375559674,-0.12751534261266764,2.197898670858052,0
-0.5267195853872481,0.8973057001352163,-0.4678748172649848,-2.0662077856674195,-0.1622490344866761,-0.16855817438051757,-0.9464834736421827,-0.4042631992914204,-0.32361742359417855,0.2684509863333402,0.7177736208734693,-0.3513633166078672,-0.9127258205746052,-0.23610007040075875,1.3329178734325111,0.2860786236022008,-0.14139250356818595,-0.5198868626626242,1.3267568302757031,-0.11020775375559674,-0.12751534261266764,-0.9286853109814769,0
2.5055757799130074,2.412001345198039,-0.4678748172649848,1.3152189243477441,-0.00043618692394003085,-0.058395802296763305,-0.2687614344096308,-0.4042631992914204,-0.32361742359417855,2.1892396644896936,-0.7032788853103935,-0.20740755722910428,-0.741768688886922,-0.23610007040075875,-1.375044386732202,0.8332061697342321,-0.14139250356818595,-0.38520839834049214,-1.201216166740198,-0.11020775375559674,-0.12751534261266764,-0.35771294995566166,0
-0.27610657083040546,2.412001345198039,-0.4678748172649848,0.5348896835750141,-0.06866349004604791,-0.09564391913956143,-0.9307374148562333,-0.4042631992914204,-0.32361742359417855,-0.8188145784256184,1.0730367474194349,0.5045152825620343,-0.28407216211939956,-0.23610007040075875,0.4411462715062282,-0.4540791382318699,-0.14139250356818595,1.2163780716010932,0.6295114949763032,-0.11020775375559674,-0.12751534261266764,0.25971372109318797,0
3.8874718306882814,-0.6173899449276066,-0.4678748172649848,-1.8060980387431762,-0.16789209584269585,-0.1807047099323306,-0.8519378490666438,-1.2443779110358517,-0.32361742359417855,1.3909102730957823,1.0730367474194349,-0.26315978438732157,-0.11663144277521804,-0.23610007040075875,0.2684920889408141,0.3309730113293676,-0.14139250356818595,0.9733818499899913,-0.4144726572995247,-0.11020775375559674,-0.12751534261266764,-0.07968150243562003,0
-0.5290341458966683,-0.6173899449276066,1.3887712829928915,-1.2858785448946894,-0.11120373845290836,-0.0975142519775525,1.2249145484751702,-0.4042631992914204,-0.32361742359417855,1.1123692693688934,-0.34801575876442786,-1.3222142591810753,-0.3458437884660132,-0.23610007040075875,-0.40982264486519354,-0.2206382131040545,-0.14139250356818595,0.6136207341503344,-0.648844077319639,-0.11020775375559674,-0.12751534261266764,-0.2641915126724318,0
1.1437583076057554,-0.6173899449276066,-0.4678748172649848,0.5348896835750141,-0.14947433918960837,-0.16571253493192964,-0.002329995275553356,-0.4042631992914204,-0.32361742359417855,-0.027047525334956298,-0.7032788853103935,-0.33015021512561726,-0.5221027024176542,-0.23610007040075875,1.3364403145231059,1.3847137566990235,-0.14139250356818595,0.44806749715169464,-0.7508621463933661,-0.11020775375559674,-0.12751534261266764,0.06436176510109569,0
-0.8171703820727285,0.8973057001352163,-0.4678748172649848,1.0551091774235009,0.15655164455281123,0.06992966199997983,0.4198329604529198,1.275966224197442,-0.32361742359417855,1.9102752708752775,0.7177736208734693,-0.3461955026778933,-0.7975106520147894,-0.23610007040075875,1.311570256726192,-0.3495154929796849,-0.14139250356818595,0.8520462831535129,1.5640514758172877,-0.11020775375559674,-0.12751534261266764,0.2770381758935788,0
2.0451965360730124,0.8973057001352163,-0.4678748172649848,-0.7656590510462028,0.670044421391197,0.8479578836593844,-0.8976373144065524,1.275966224197442,-0.32361742359417855,-1.0867040887688912,1.4282998739654007,-0.03439139846556103,-0.6212840052927606,-0.23610007040075875,-0.6978615829838343,-0.4194294213527975,-0.14139250356818595,-0.4404260968957739,-0.29224432748559376,-0.11020775375559674,-0.12751534261266764,-0.7869547384373907,0
0.13500504495605792,2.412001345198039,-0.4678748172649848,0.27477993665077066,-0.1670349281717155,-0.1808380387157642,-0.6930186675289376,1.275966224197442,-0.32361742359417855,-0.13905879380124597,-1.413805138402325,-1.0079594649086985,-0.7918671913299229,-0.23610007040075875,-0.014349993781452988,0.18568569141098204,-0.14139250356818595,-0.9579711739019441,-0.08787346678989139,-0.11020775375559674,-0.12751534261266764,-0.7623932716766116,0
0.6517585111587413,-0.6173899449276066,1.3887712829928915,1.5753286712719874,0.20160019138864665,0.07750408733652378,-0.017535182249342418,-1.2443779110358517,-0.32361742359417855,-1.1858338954452567,-0.7032788853103935,-0.9705715003167003,-0.34642117756925533,-0.23610007040075875,0.8008906703843097,-0.5690966661336093,-0.14139250356818595,1.818325169450126,-1.562799988486558,-0.11020775375559674,-0.12751534261266764,-0.2278368034619884,0
0.4913107238478072,0.8973057001352163,-0.4678748172649848,1.3152189243477441,-0.16628191529275524,-0.18062559734631928,-0.4152789010268648,-0.4042631992914204,-0.32361742359417855,2.05666568484005,1.0730367474194349,0.28396823175158015,-0.7380706867966623,-0.23610007040075875,-0.7741657039719275,-0.27653458291515354,-0.14139250356818595,-0.8794304370544929,0.18762227133965145,-0.11020775375559674,-0.12751534261266764,-1.021522958084915,0
-0.9581087272233406,-0.6173899449276066,-0.4678748172649848,-0.7656590510462028,-0.16831772240503604,-0.18184286371185365,-0.7256462853577992,1.275966224197442,-0.32361742359417855,-0.4319590399417514,-0.34801575876442786,-0.6771181865885029,-0.7263004379429849,-0.23610007040075875,-1.4304248894948635,-0.5075199319503303,-0.14139250356818595,-0.9100809027984732,-0.12602793590838884,-0.11020775375559674,-0.12751534261266764,-0.5556649921198129,0
0.2545679660950267,-0.6173899449276066,-0.4678748172649848,-0.5055493041219594,-0.12840143139227791,-0.13663782809813133,1.4854624454965373,-0.4042631992914204,-0.32361742359417855,-0.5035719089049798,-1.0585420118563593,-0.08675291412526581,1.1574287145129025,-0.23610007040075875,0.25005033738781574,-0.4052977422971179,-0.14139250356818595,0.32664706154279666,0.8425362055490996,-0.11020775375559674,-0.12751534261266764,0.03352304389688409,0
-0.7873117520520118,-0.6173899449276066,3.245417383250768,-0.5055493041219594,-0.14014614228134412,-0.14995468605546608,-0.8811447042468541,0.4358515124530109,-0.32361742359417855,-0.3544268646914509,0.36251049432750354,-1.1065884689534915,-0.33191697589102637,-0.23610007040075875,0.8188938486083577,0.10836355839444371,-0.14139250356818595,1.033494007435989,-1.6976907024080932,-0.11020775375559674,-0.12751534261266764,1.1616131339178568,0
-0.8099112823404553,-0.6173899449276066,3.245417383250768,-1.0257687979704462,-0.06840846215818233,-0.04789846900151256,0.7864923707350258,0.4358515124530109,-0.32361742359417855,1.3277246791024762,0.7177736208734693,-0.8010310124518693,1.7977145957442073,-0.23610007040075875,-1.1289873768898486,2.4730759048817177,-0.14139250356818595,0.8146048040987235,0.7129664087820037,-0.11020775375559674,-0.12751534261266764,0.03451104968730074,0
-0.8773758448169066,-0.6173899449276066,3.245417383250768,-0.7656590510462028,8.052164113299892,9.915772350433816,-0.3831977681956537,0.4358515124530109,-0.32361742359417855,0.42973733516409224,1.4282998739654007,-0.4251866756841394,-0.5474961696880466,-0.23610007040075875,0.05810006833949052,-0.7373605373785576,-0.14139250356818595,0.8960591496875849,-0.25370183387495304,-0.11020775375559674,-0.12751534261266764,0.5895648053149108,0
-0.3008356214413555,0.8973057001352163,-0.4678748172649848,0.7949994304992574,-0.12956297071874132,-0.15034259195833896,-0.3831544083571454,1.275966224197442,-0.32361742359417855,-0.45944428326628317,0.36251049432750354,0.6659224242780746,-0.20739063620348971,-0.23610007040075875,-1.1802796748930018,-1.0480511973566884,-0.14139250356818595,-0.004325088544210987,-0.30293650852061005,-0.11020775375559674,-0.12751534261266764,-0.6665562571869736,0
-0.5119844624257799,-0.6173899449276066,-0.4678748172649848,1.5753286712719874,-0.16859264395945037,-0.18233920103845874,-0.8881718832287102,0.4358515124530109,-0.32361742359417855,0.2422070685226713,-0.7032788853103935,0.08074489157009791,-0.5962240455103852,-0.23610007040075875,1.479083439399055,2.4619171743183834,-0.14139250356818595,2.7139020350905136,1.2137525998676388,-0.11020775375559674,-0.12751534261266764,-0.6782558278486369,0
-0.9622825796928577,-0.6173899449276066,-0.4678748172649848,1.0551091774235009,-0.16498812779788452,-0.17952055621286975,-0.5562575676611038,0.4358515124530109,-0.32361742359417855,-0.8610451927669946,-1.413805138402325,-0.7963167549252201,1.5417797353422567,-0.23610007040075875,0.3664795753885349,-0.8775410496449407,-0.14139250356818595,0.24095128469056462,1.4730539590721512,-0.11020775375559674,-0.12751534261266764,-0.17375043851846267,0
-0.8174975785727597,0.8973057001352163,-0.4678748172649848,0.27477993665077066,-0.11214186489068076,-0.13026718636041937,-0.06309861558776923,0.4358515124530109,-0.32361742359417855,-0.9518812142153336,0.7177736208734693,-0.5602385523784011,1.5462577018139245,-0.23610007040075875,0.3624622192327383,-1.032927018562571,-0.14139250356818595,-0.5027544054170194,0.7074594353094809,-0.11020775375559674,-0.12751534261266764,-0.43009674541894927,0
0.21326575361039882,-0.6173899449276066,-0.4678748172649848,-0.5055493041219594,-0.15322080514120884,-0.16477952336218513,-0.2638542820892685,0.4358515124530109,-0.32361742359417855,0.923215867834353,-0.34801575876442786,1.5825658577218404,-0.2707375355064004,-0.23610007040075875,-0.8115517254374469,-0.8775390472642303,-0.14139250356818595,-0.6249284904808783,0.3764956969583625,-0.11020775375559674,-0.12751534261266764,-0.6591745628727305,0
1.899625960843706,0.8973057001352163,-0.4678748172649848,-0.7656590510462028,-0.15354389584432349,-0.16369545838548355,-0.3297903483441943,-0.4042631992914204,-0.32361742359417855,-0.9318969909288397,0.0072473677815378485,-0.1803427913212768,-0.9752359804966878,-0.23610007040075875,-1.570787800601402,-0.31545092895490406,-0.14139250356818595,0.9035949873617136,1.0341461567180017,-0.11020775375559674,-0.12751534261266764,-0.8672188440194044,0
0.023626658037989478,-0.6173899449276066,-0.4678748172649848,0.5348896835750141,0.4296692747064574,0.33644518028520776,3.036509068569397,-0.4042631992914204,-0.32361742359417855,-0.46913006362234044,-1.7690682649482907,-0.74484738170643,-0.3023586484541839,-0.23610007040075875,2.9648330555374423,1.3532711965880373,-0.14139250356818595,1.298441131398113,-0.30982984335482555,-0.11020775375559674,-0.12751534261266764,-0.11165607666646646,0
-0.3773298978574747,-0.6173899449276066,1.3887712829928915,0.27477993665077066,-0.163629826404994,-0.17770105038960368,0.43677751103693896,-0.4042631992914204,-0.32361742359417855,-1.2052482993977294,0.0072473677815378485,-0.9845073015358304,-0.14979544245706325,-0.23610007040075875,-0.28976376323999464,-0.6279088100670237,-0.14139250356818595,-0.307854470216683,0.5707484715232974,-0.11020775375559674,-0.12751534261266764,-1.1655840406186644,0
-0.10829071366609362,0.8973057001352163,-0.4678748172649848,0.27477993665077066,-0.16795297269777892,-0.18168379756776154,-0.9971126291273549,-0.4042631992914204,-0.32361742359417855,-1.1616438891229597,-1.7690682649482907,-1.023539201133216,-0.5884126773070366,-0.23610007040075875,0.45902911222521814,-0.6088721939672693,-0.14139250356818595,-0.5161216448102554,-0.6496275402682035,-0.11020775375559674,-0.12751534261266764,-1.199069808523607,0
-0.05345586160088166,-0.6173899449276066,-0.4678748172649848,0.014670189726527326,-0.16158967668259078,-0.1753729275810698,0.717493139625682,-0.4042631992914204,-0.32361742359417855,0.20120826759274751,-0.34801575876442786,-1.309155714586468,0.4503406709532387,-0.23610007040075875,0.5276729047983779,-0.6491082694354513,-0.14139250356818595,-0.5468633234946685,1.2061081850262363,-0.11020775375559674,-0.12751534261266764,-0.055186374617922425,0
-0.36862159459552357,-0.6173899449276066,-0.4678748172649848,0.7949994304992574,-0.15709770817370192,-0.17289075798230574,-0.38659318089040634,-1.2443779110358517,-0.32361742359417855,0.6078211413897366,-0.7032788853103935,-0.7114825926313598,-0.7165402656290288,-0.23610007040075875,-1.067325653638182,-1.1004121067138868,-0.14139250356818595,-0.47987887340767715,-1.3024180989873213,-0.11020775375559674,-0.12751534261266764,-0.834027845638896,0
-0.9398895347012037,-0.6173899449276066,-0.4678748172649848,-0.24543955719771604,-0.16195401850075666,-0.17524383282125952,2.3338364656402315,-0.4042631992914204,-0.32361742359417855,-0.498233477810797,0.36251049432750354,-0.9339018133629436,-0.4296097316063814,-0.23610007040075875,1.265038285086922,0.1791211682482908,-0.14139250356818595,1.8975043091416814,-0.882596169212711,-0.11020775375559674,-0.12751534261266764,-0.14804258967198822,0
1.325726084350587,-0.6173899449276066,-0.4678748172649848,2.615767658968961,-0.1681573870883667,-0.1821164132023249,2.8327623027690243,2.116080935941873,-0.32361742359417855,0.9672144748714968,0.0072473677815378485,-0.5160689745386425,-0.5528743365921753,-0.23610007040075875,0.20140207570294272,0.7528008597199219,-0.14139250356818595,-0.21340688231652485,0.6271944571370235,-0.11020775375559674,-0.12751534261266764,-0.7246636979953155,0
-0.5320976766120038,-0.6173899449276066,1.3887712829928915,1.0551091774235009,-0.16541551911133748,-0.17985212594567043,0.9251148984814062,-1.2443779110358517,-0.32361742359417855,1.1073622639877263,0.7177736208734693,-1.1620250808746657,2.5423212687598955,-0.23610007040075875,-0.3791781119287063,-0.6268942278947848,-0.14139250356818595,0.2544187802976093,-0.6524768540791073,-0.11020775375559674,-0.12751534261266764,-0.07271030178050901,0
-0.41873001944603283,0.8973057001352163,-0.4678748172649848,1.0551091774235009,-0.16390298886554877,-0.17867870656707482,0.13527489629984546,0.4358515124530109,-0.32361742359417855,-0.9554876823490692,-1.7690682649482907,-0.5746029859276144,-0.44353471705870584,-0.23610007040075875,1.1172155662824081,-0.952889216070355,-0.14139250356818595,-0.6888689774284775,1.5158622885480988,-0.11020775375559674,-0.12751534261266764,-0.48892839137535876,0
-0.38500723329701,0.8973057001352163,-0.4678748172649848,1.5753286712719874,-0.017482262268169686,-0.07627280877740991,-0.7530253633066095,-1.2443779110358517,-0.32361742359417855,-0.6460748443259147,0.0072473677815378485,-0.6434341176126995,1.7134077094525786,-0.23610007040075875,-1.0628419251922008,-0.7312098227586198,-0.14139250356818595,5.069042481303761,-1.6540735638952855,-0.11020775375559674,-0.12751534261266764,0.7878750417374427,0
-0.5533403715828061,2.412001345198039,1.3887712829928915,1.3152189243477441,-0.16493953818470677,-0.17963625333119282,0.5886097858730213,-1.2443779110358517,-0.32361742359417855,0.7284637834595488,1.4282998739654007,0.0032978487495808925,-0.5858082223029147,-0.23610007040075875,0.2437458680275773,1.5719113230223551,-0.14139250356818595,-0.30942594811793,-0.07472492904295873,-0.11020775375559674,-0.12751534261266764,-0.4007827517091923,0
5.104414817375457,-0.6173899449276066,-0.4678748172649848,-1.8060980387431762,-0.09585845443860634,-0.047981104204076974,-0.6667344382893163,-0.4042631992914204,-0.32361742359417855,-0.08304507259569241,1.7835630005113663,1.164903718872078,-0.5773292623594475,-0.23610007040075875,1.348976955618987,-0.8243914187734219,7.072510739706607,-0.6223340821450573,0.1814484331987753,-0.11020775375559674,-0.12751534261266764,2.4782648144920487,0
-0.6748026252093033,2.412001345198039,-0.4678748172649848,0.27477993665077066,-0.16857895105233608,-0.1822604871721271,-0.6316023789033496,-0.4042631992914204,-0.32361742359417855,-0.6462690313188635,0.0072473677815378485,-1.0139913020921711,-0.7156736803380356,-0.23610007040075875,0.12724780056940999,1.1565235543140273,-0.14139250356818595,2.0919645515155074,0.3817768736411366,-0.11020775375559674,-0.12751534261266764,-0.2171032821009781,0
0.5755091499970427,-0.6173899449276066,1.3887712829928915,-0.24543955719771604,-0.15763519744804938,-0.17069667567605168,-0.9665059446923433,-0.4042631992914204,-0.32361742359417855,-1.1342988409450527,1.4282998739654007,0.40873686082933036,-0.79527775872426,-0.23610007040075875,0.15178949254774285,0.9601197832958567,-0.14139250356818595,0.062318589679713925,-1.1150038538360927,-0.11020775375559674,7.8421935706790595,3.3192836544058264,0
2.3509955423806512,-0.6173899449276066,-0.4678748172649848,-0.24543955719771604,-0.1645225277452309,-0.1779481391634318,-0.1313913126211819,1.275966224197442,3.090068479298001,1.0092557552867658,1.4282998739654007,-0.5785342898043967,-0.612472085095856,-0.23610007040075875,1.2407435543561918,-0.7567757782653232,-0.14139250356818595,-0.0671649481986502,-0.24222682903195725,-0.11020775375559674,-0.12751534261266764,1.2626155010573514,0
0.0980228083100533,-0.6173899449276066,-0.4678748172649848,-1.2858785448946894,-0.16378421783040908,-0.17501882542821007,1.0849457422477535,-0.4042631992914204,-0.32361742359417855,1.0644076085953844,2.138826127057332,-0.7889106783566676,-0.7050878862408944,-0.23610007040075875,-0.10516405057121021,0.7583725336446877,-0.14139250356818595,0.9745140640828696,-0.5062417384140672,-0.11020775375559674,-0.12751534261266764,-1.1731466465126055,0
-0.7823407936571196,-0.6173899449276066,-0.4678748172649848,0.014670189726527326,0.12555042475719122,0.10679352590308074,-0.8411472946695568,-0.4042631992914204,-0.32361742359417855,0.22572752786023081,0.0072473677815378485,-0.8749841821996964,-0.8155657545811246,-0.23610007040075875,0.3661758775375774,0.4022514654346079,-0.14139250356818595,-0.11888767748476353,1.4834044233574257,-0.11020775375559674,-0.12751534261266764,-0.001820235753341343,0
1.331826752944851,-0.6173899449276066,-0.4678748172649848,-1.545988291818933,0.08773675996243399,0.23775855216694336,3.618489931010486,-0.4042631992914204,-0.32361742359417855,-0.15881683529416318,2.138826127057332,0.8656725367912171,-0.39963497294757255,-0.23610007040075875,-1.6385967523641984,0.16710198633777484,-0.14139250356818595,-0.7574867808542051,1.195818772365197,-0.11020775375559674,-0.12751534261266764,-0.9610140841179717,0
-0.7185191317240484,-0.6173899449276066,-0.4678748172649848,0.014670189726527326,-0.14350784777693343,-0.15760429996955336,-0.9196453571704721,-1.2443779110358517,-0.32361742359417855,-0.9859944708294867,0.36251049432750354,-0.1116719840215959,0.19494171696465828,-0.23610007040075875,-0.5072676528780531,2.6149081308432165,-0.14139250356818595,0.1324347763450252,2.8461480202104497,9.073771725877465,-0.12751534261266764,1.197209524138841,0
-0.4960691739948776,2.412001345198039,-0.4678748172649848,0.014670189726527326,-0.1305156189251113,-0.14483711377859243,0.21510311440913618,-0.4042631992914204,-0.32361742359417855,-0.4809244621941534,-1.0585420118563593,0.5813193730615033,-0.027913769397040083,-0.23610007040075875,0.5918886756470717,1.31987154275724,-0.14139250356818595,-0.8593240347377431,-0.6163302101549323,-0.11020775375559674,-0.12751534261266764,-0.6863731258734138,0
-0.7013335350610368,-0.6173899449276066,-0.4678748172649848,-0.7656590510462028,0.20468019777283383,0.2763285122376405,-0.5482451015072871,1.275966224197442,3.090068479298001,-0.00811395113129058,-1.0585420118563593,1.8956874413612905,4.147969083453881,-0.23610007040075875,0.11129768403222105,-1.0359735172080784,-0.14139250356818595,-0.9094387890261613,-1.0289146347448972,-0.11020775375559674,-0.12751534261266764,0.7211966537511371,0
0.44712061372529127,0.8973057001352163,3.245417383250768,-0.24543955719771604,-0.16499799546442892,-0.17844874486352483,1.053209393058679,-1.2443779110358517,-0.32361742359417855,0.31755998554117826,0.0072473677815378485,2.0688958005259726,0.4936979895075848,-0.23610007040075875,-0.7662254798543934,-0.2669224484213565,-0.14139250356818595,0.1625267474332871,0.04793243770132149,-0.11020775375559674,-0.12751534261266764,0.3990368534491562,0
4.795402606949374,2.412001345198039,-0.4678748172649848,0.5348896835750141,-0.04920342809453213,-0.07877069458336212,0.17689642501122982,-0.4042631992914204,-0.32361742359417855,0.43822385231308353,-1.0585420118563593,-0.9578798724416762,-0.575183537504222,-0.23610007040075875,-0.47262513254074,-0.3729016017897231,-0.14139250356818595,-0.42959374146527785,-0.3708608499872847,-0.11020775375559674,-0.12751534261266764,-0.7493425546945882,0
-0.29772207752491414,0.8973057001352163,-0.4678748172649848,0.014670189726527326,-0.16695327000899118,-0.18064361634677345,-0.7998534171587874,-0.4042631992914204,-0.32361742359417855,-0.11685490313498886,0.0072473677815378485,0.8399973399632136,0.3851227207025496,-0.23610007040075875,1.0165911795496807,-0.9884936423019337,-0.14139250356818595,-0.8243971966001222,-0.5169410836404361,-0.11020775375559674,-0.12751534261266764,0.006829734641074131,0
3.0828620049825384,-0.6173899449276066,-0.4678748172649848,0.27477993665077066,-0.1630030493281016,-0.1771236249532974,-0.7487814824815608,-0.4042631992914204,-0.32361742359417855,-0.5644168752643656,0.7177736208734693,-0.6308033150194218,0.9582404784995938,-0.23610007040075875,-0.10427780969588513,2.2043579834412297,-0.14139250356818595,-0.30626088360048676,0.13439692352119334,-0.11020775375559674,-0.12751534261266764,0.04519564772602296,0
0.7214567521520187,-0.6173899449276066,-0.4678748172649848,0.7949994304992574,3.957438003774065,3.1964979821970334,-0.5830475175514009,-1.2443779110358517,-0.32361742359417855,-0.46985850557061326,-0.34801575876442786,-0.5941233750118607,-0.9158907237594384,-0.23610007040075875,2.026257596371105,-0.8885265098586871,-0.14139250356818595,-0.517106531671306,0.7240234919570292,-0.11020775375559674,-0.12751534261266764,0.2881057894614215,0
0.20647556065187206,-0.6173899449276066,-0.4678748172649848,0.014670189726527326,-0.11675365808816111,-0.1313135283828954,-0.1131052283822344,2.116080935941873,-0.32361742359417855,0.84528528174205,0.36251049432750354,3.419679415245342,-0.4251444796062543,-0.23610007040075875,-1.043054894456637,-0.5536043182018553,-0.14139250356818595,-0.9631461821167366,-1.5605566505187654,-0.11020775375559674,-0.12751534261266764,-0.4715105326241062,0
-0.5051670171550318,0.8973057001352163,-0.4678748172649848,-1.0257687979704462,-0.1577478197581018,-0.1676146707193898,0.27101841266133203,-0.4042631992914204,-0.32361742359417855,-0.3138811432837974,0.0072473677815378485,1.0043211283109212,-0.5839272261978015,-0.23610007040075875,-1.2398735386396602,1.6580951824768806,-0.14139250356818595,-0.20228267431885896,0.6493392606158307,-0.11020775375559674,-0.12751534261266764,-0.3618514238666142,0
-0.4855900189074073,0.8973057001352163,-0.4678748172649848,1.3152189243477441,-0.14753270769604046,-0.1668072625334285,-0.09954024662852015,-0.4042631992914204,-0.32361742359417855,0.7947672085753636,0.7177736208734693,1.4353658291431193,-0.4946657794983443,-0.23610007040075875,2.7557532487511307,-1.1013198566963098,-0.14139250356818595,0.21502974798337365,0.42752701403270477,-0.11020775375559674,-0.12751534261266764,-0.06080079667418874,0
0.953333684144829,-0.6173899449276066,-0.4678748172649848,0.014670189726527326,2.172809691716033,2.118591543051461,-0.2762387227188103,0.4358515124530109,-0.32361742359417855,-0.7106259077179624,-0.7032788853103935,0.3881406125933513,-0.07838145002015572,-0.23610007040075875,-0.7135649994555229,0.15504368697202556,7.072510739706607,0.19305643797971386,0.9530439638589517,-0.11020775375559674,-0.12751534261266764,1.9953164381478294,0
0.7508601514413156,-0.6173899449276066,1.3887712829928915,1.0551091774235009,0.026440670793271167,-0.031010295004170827,-0.35387009028288735,-1.2443779110358517,-0.32361742359417855,0.2476452883940187,2.138826127057332,-0.03740596960034096,-0.4553899349895817,-0.23610007040075875,0.5478054739596263,-0.7034791477025035,-0.14139250356818595,0.10152152186585342,-1.0490866258487876,-0.11020775375559674,-0.12751534261266764,-0.22960707965139676,0
-0.3849948729261713,-0.6173899449276066,-0.4678748172649848,0.014670189726527326,0.19949666141475766,0.17945891552139906,0.580087516095834,-1.2443779110358517,-0.32361742359417855,0.060389132040108276,-1.413805138402325,0.2706752563306674,-0.26585263546640064,-0.23610007040075875,-0.9089065022720698,2.4441837265835202,-0.14139250356818595,-0.42671271005012135,0.6106648389009276,-0.11020775375559674,-0.12751534261266764,-0.9793631983110495,0
-0.6518446271445367,2.412001345198039,-0.4678748172649848,0.5348896835750141,-0.16498573611861433,-0.17916199281215348,-0.7703003423837381,-0.4042631992914204,-0.32361742359417855,-0.0032645275420155606,0.36251049432750354,-1.0429291760048884,1.97411781391685,-0.23610007040075875,-0.2887935361848698,0.9229384875734656,-0.14139250356818595,-0.2331272656863252,-0.8636465819087953,-0.11020775375559674,-0.12751534261266764,-0.6784941786131637,0
-0.5303390888891276,-0.6173899449276066,-0.4678748172649848,-0.7656590510462028,-0.1660835581879238,-0.17909853180522187,0.8122363283835548,0.4358515124530109,-0.32361742359417855,-0.9053507388476764,2.8493523801492633,-0.583250764007555,-0.8078281299762005,4.235492172037854,-0.5341056287839978,-0.12223780375174992,-0.14139250356818595,-0.23021342743650222,1.7835283553401384,-0.11020775375559674,-0.12751534261266764,2.2471006939511873,0
0.99817899736499,-0.6173899449276066,-0.4678748172649848,-1.0257687979704462,-0.15552451523344688,-0.16463540625964518,1.4517924643339257,0.4358515124530109,-0.32361742359417855,1.51813360696991,0.7177736208734693,0.7045265382516569,3.359805421415787,-0.23610007040075875,0.5796595101734556,-0.6563564897987353,-0.14139250356818595,0.05378668558283396,1.7732402588565872,-0.11020775375559674,-0.12751534261266764,-0.2746603959635272,0
-0.06135963850366776,-0.6173899449276066,-0.4678748172649848,-0.5055493041219594,-0.06865092309048794,-0.06888911640576967,-0.9289970291472509,-1.2443779110358517,-0.32361742359417855,-0.4583497218635161,0.36251049432750354,-0.22750548847053,-0.6608047558964841,-0.23610007040075875,-0.5012420740563976,-0.07500781181131423,-0.14139250356818595,-0.7239943718018159,0.7524359693952822,-0.11020775375559674,-0.12751534261266764,-0.5820951164780237,0
-0.3252929085155171,-0.6173899449276066,-0.4678748172649848,1.3152189243477441,-0.036703452046277035,-0.08512510323512086,-0.22555627213602647,0.4358515124530109,-0.32361742359417855,1.1120832286311249,0.36251049432750354,0.388834883781713,-0.40099495258439244,-0.23610007040075875,-0.21032936121016418,-0.4849078280816473,-0.14139250356818595,0.5604547093429452,-1.5277355833429447,-0.11020775375559674,-0.12751534261266764,0.3984104508685366,0
-0.6720571758183047,0.8973057001352163,-0.4678748172649848,1.8354384181962309,-0.15192342574842957,-0.17118030281265922,-0.8331799409878576,0.4358515124530109,-0.32361742359417855,-0.7672149356920887,-1.413805138402325,-0.5190247415909325,2.1169058073842457,-0.23610007040075875,-0.6641018328764362,1.0550080672090814,-0.14139250356818595,0.20358330610506878,0.6610904996077133,-0.11020775375559674,-0.12751534261266764,-0.9169795162813282,0
1.6952997539375074,0.8973057001352163,-0.4678748172649848,0.5348896835750141,-0.16527199807479834,-0.1794102017993923,0.13937922181870624,-1.2443779110358517,-0.32361742359417855,2.0668471745539185,-0.7032788853103935,0.7102510922311045,-0.09115812565492952,-0.23610007040075875,-0.3146220603658791,0.14870992252378373,-0.14139250356818595,0.7179150586923292,-1.015946233313379,-0.11020775375559674,-0.12751534261266764,-0.051954961600160846,0
-0.24306309970023995,-0.6173899449276066,-0.4678748172649848,-1.2858785448946894,-0.1647285810952249,-0.17641083388626416,-0.8606928517212491,0.4358515124530109,-0.32361742359417855,-0.297282225667532,0.36251049432750354,1.2145962473468996,-0.5377649457551105,-0.23610007040075875,0.9847106126387108,0.961288576168565,-0.14139250356818595,-0.38397277590971246,-1.2358834167045076,-0.11020775375559674,-0.12751534261266764,0.03841689551005904,0
-0.8846069120529045,2.412001345198039,-0.4678748172649848,-1.545988291818933,4.991836789899714,8.26968272460859,1.074769767430703,-0.4042631992914204,-0.32361742359417855,-0.09297689002997579,-0.7032788853103935,0.9411481663481236,-0.626028994933826,-0.23610007040075875,-0.5283035535455779,-0.4378032388605139,-0.14139250356818595,0.24025457702146366,1.1662157046763437,-0.11020775375559674,-0.12751534261266764,-0.4470083561246032,0
-0.06421671200179058,-0.6173899449276066,-0.4678748172649848,0.27477993665077066,-0.12482080376791327,-0.14194780149935426,-0.5568886108805151,0.4358515124530109,-0.32361742359417855,0.1281761255836547,-0.7032788853103935,1.0346823411274957,-0.8349909036677527,-0.23610007040075875,3.1835971667617033,0.30378402487439427,-0.14139250356818595,-0.6467165030362734,-0.46018841094958585,-0.11020775375559674,-0.12751534261266764,-0.41719921351676736,0
-0.6510233328311694,-0.6173899449276066,1.3887712829928915,2.3556579120447174,-0.16811450432326955,-0.18207197967296002,0.9041980610747359,0.4358515124530109,-0.32361742359417855,-0.5206142012362609,-0.34801575876442786,-1.1752690318342012,-0.9536581667113614,-0.23610007040075875,-0.663567609998953,-0.07083555821505619,-0.14139250356818595,-0.8473555331960982,0.6830289391810558,-0.11020775375559674,-0.12751534261266764,-0.867693648466473,0
-0.20061912095555196,-0.6173899449276066,-0.4678748172649848,0.014670189726527326,-0.16363714356449088,-0.17738492961699287,-0.8020280614147268,-1.2443779110358517,-0.32361742359417855,-1.0114004459269539,1.0730367474194349,0.06729688697203319,-0.7026930174784061,-0.23610007040075875,-0.13436717527197506,-0.7403701742581189,-0.14139250356818595,1.3625150233679382,-0.38374004588417704,-0.11020775375559674,-0.12751534261266764,-0.41316158629824784,0
-0.269764735278006,-0.6173899449276066,-0.4678748172649848,-0.24543955719771604,-0.05144800787550293,-0.058895368814387346,0.9385070702517481,-0.4042631992914204,-0.32361742359417855,-0.6630500491728212,0.0072473677815378485,-0.32612272410834314,1.819179405325435,-0.23610007040075875,-0.13929683012575392,0.7190025011202136,-0.14139250356818595,3.466017575854706,1.4418653285413392,-0.11020775375559674,-0.12751534261266764,0.37141428478484795,0
-0.9243526554725549,-0.6173899449276066,-0.4678748172649848,-1.0257687979704462,-0.15228210948938228,-0.16029052948264907,-0.7955607360148308,0.4358515124530109,-0.32361742359417855,1.1399059088185393,-2.1243313914942563,-0.00298149239585277,-0.2062783055069971,-0.23610007040075875,0.46924138485319977,-0.49010931163758287,-0.14139250356818595,-0.21379044304703734,-1.5892437768848218,-0.11020775375559674,-0.12751534261266764,0.03871519040321858,0
1.9913043906206567,-0.6173899449276066,1.3887712829928915,-1.0257687979704462,-0.16402391851640818,-0.17602474579867836,-0.812766036299085,-1.2443779110358517,-0.32361742359417855,0.45069210413575184,1.4282998739654007,-1.1274724576084074,1.2566312860940339,-0.23610007040075875,0.2181272613269091,0.6010172930410171,-0.14139250356818595,-0.7767296334392204,0.2658775179916195,-0.11020775375559674,-0.12751534261266764,0.06874834150816425,0
0.004037494101026794,-0.6173899449276066,-0.4678748172649848,-1.2858785448946894,-0.159876594105597,-0.16925891769091347,-0.597829672364866,0.4358515124530109,-0.32361742359417855,1.6490073392834206,0.36251049432750354,-0.9722724832572616,-0.9324332547297898,-0.23610007040075875,-1.113911732146965,-0.5290884643125563,-0.14139250356818595,-0.8837312396002309,1.4212516646374667,-0.11020775375559674,-0.12751534261266764,-0.527783425714812,0
-0.6403878510895609,2.412001345198039,-0.4678748172649848,0.5348896835750141,-0.08286271057355858,-0.10795562899334331,-0.8188352890915769,2.116080935941873,-0.32361742359417855,-0.9190907145063072,-0.7032788853103935,0.7922806225557892,-0.12391966089939914,-0.23610007040075875,0.07878934741554548,1.74341984697848,-0.14139250356818595,-0.20971815034848304,-0.5293209297808558,-0.11020775375559674,-0.12751534261266764,-0.29183876170752876,0
0.19521645476431493,-0.6173899449276066,-0.4678748172649848,0.014670189726527326,-0.1619056116136434,-0.17568339009947068,-0.2760403740121137,-0.4042631992914204,-0.32361742359417855,-1.1698428986773348,-0.7032788853103935,-0.6901541764168693,-0.09244149605366797,-0.23610007040075875,-0.647720964006601,-1.0905252494113449,-0.14139250356818595,-0.8687310991571093,0.6362154163206847,-0.11020775375559674,-0.12751534261266764,-0.3484905026975247,0
-0.5987460355648866,-0.6173899449276066,3.245417383250768,-0.24543955719771604,-0.15732076061752334,-0.1703656145685889,-0.7151599381658804,-0.4042631992914204,-0.32361742359417855,2.8989171598971724,0.0072473677815378485,-0.090625615871333,1.0125478557246015,-0.23610007040075875,0.3336824968409159,-0.7181971907794393,-0.14139250356818595,-0.30451938310852983,1.5347427647169771,-0.11020775375559674,-0.12751534261266764,0.753781876037802,0
-0.9583372309705986,-0.6173899449276066,-0.4678748172649848,0.014670189726527326,0.7601611698083499,0.7304119699175017,1.2667125186170707,-1.2443779110358517,-0.32361742359417855,1.4837152951099453,-0.34801575876442786,0.4882574361182532,1.634669804005627,-0.23610007040075875,-1.2831953950873092,-1.106220453994215,-0.14139250356818595,0.17083129102283348,0.16154334185117902,-0.11020775375559674,-0.12751534261266764,-0.7195062417309538,0
-0.5769576521031224,-0.6173899449276066,-0.4678748172649848,0.014670189726527326,-0.15874536345318646,-0.1725778816348059,-0.4280432144226314,2.116080935941873,-0.32361742359417855,-1.0096871527545603,0.7177736208734693,2.2989712493304175,1.3826551273590095,-0.23610007040075875,-0.04711016388935661,-0.38713966177046694,-0.14139250356818595,0.5790554970367744,-0.8868045656411327,-0.11020775375559674,-0.12751534261266764,-1.0359161489132962,0
-0.9596248318011624,0.8973057001352163,-0.4678748172649848,1.3152189243477441,-0.13687839628439985,-0.1589549390937622,0.7118637009539687,-1.2443779110358517,-0.32361742359417855,-1.1334572974760442,-0.7032788853103935,-0.015331863910556687,2.4995834743603207,-0.23610007040075875,0.032416235437411095,0.7194941922248662,-0.14139250356818595,1.5681390551900316,0.2876051256092787,-0.11020775375559674,-0.12751534261266764,0.17103123258550215,0
0.3451969046921325,-0.6173899449276066,-0.4678748172649848,3.396096899741691,-0.16652579372223267,-0.1813040180254532,-0.7759385648403243,1.275966224197442,-0.32361742359417855,0.41419315609877305,-1.0585420118563593,-1.5646607757423023,1.3939650222958895,-0.23610007040075875,-1.2330524683425732,-0.42828838901428695,-0.14139250356818595,-0.9036188056334197,-0.07818634078607963,-0.11020775375559674,-0.12751534261266764,-0.7226080152777029,0
0.017869541106655274,-0.6173899449276066,-0.4678748172649848,-0.24543955719771604,-0.16431793695675903,-0.17773273165886286,0.9397984282452414,1.275966224197442,-0.32361742359417855,-0.12823891486332248,0.7177736208734693,1.2803044524183487,-0.7964989162510613,-0.23610007040075875,0.33991027920178446,-0.6213953795487464,-0.14139250356818595,1.05060686190588,2.196663956143977,-0.11020775375559674,-0.12751534261266764,-0.4806678495328986,0
0.48690849934605185,-0.6173899449276066,-0.4678748172649848,-1.2858785448946894,-0.16340211936260723,-0.1744556054059939,-0.8253002830970749,-0.4042631992914204,-0.32361742359417855,0.3758670167804174,-0.34801575876442786,-0.3539800935713267,-0.6683120503023839,-0.23610007040075875,-1.1921127255815538,-0.7021053209598191,-0.14139250356818595,2.1429851603156354,2.2998606785507993,-0.11020775375559674,-0.12751534261266764,0.33784204107209204,0
-0.18456136494227857,0.8973057001352163,-0.4678748172649848,-0.7656590510462028,-0.16715650631579462,-0.1804164858566401,-0.7949166719133508,-0.4042631992914204,-0.32361742359417855,-0.622552885755978,0.7177736208734693,-1.0314165991360162,1.7594490941281418,-0.23610007040075875,-1.1302848964117629,1.5613636773686952,-0.14139250356818595,1.1881048260555707,1.019431981553358,-0.11020775375559674,-0.12751534261266764,-0.3479969261798194,0
-0.805033618997131,-0.6173899449276066,-0.4678748172649848,-2.3263175325916627,-0.13342668947760475,-0.09541832446500345,2.6858428563153263,-1.2443779110358517,-0.32361742359417855,0.14106032202717017,-1.0585420118563593,2.2902816409439595,2.763271806455837,-0.23610007040075875,0.04601357241084773,0.0653722769051566,-0.14139250356818595,-0.8685621489742752,1.7471201905266793,-0.11020775375559674,-0.12751534261266764,-0.8709851485433108,0
1.6662783034416138,-0.6173899449276066,-0.4678748172649848,1.0551091774235009,-0.1495196294228412,-0.16752011139426992,0.020078761309809512,-0.4042631992914204,-0.32361742359417855,2.4910706999023895,-0.7032788853103935,0.7431850771259663,-0.9175102232771591,-0.23610007040075875,1.5806775330425054,-0.8322595173801379,-0.14139250356818595,-0.24595891504437062,-0.26642880322268275,-0.11020775375559674,-0.12751534261266764,-0.6898868637038954,0
0.45682368036964777,-0.6173899449276066,-0.4678748172649848,-1.2858785448946894,-0.15676275684979166,-0.16466906550312174,3.58907360751272,-0.4042631992914204,-0.32361742359417855,-0.7903999860731433,1.4282998739654007,0.145387719474861,0.11698662094794106,-0.23610007040075875,-0.8341080215254301,0.908966590703866,-0.14139250356818595,0.1058776989541052,1.6559436368262301,-0.11020775375559674,-0.12751534261266764,-0.6599756510285087,0
0.31712592780935955,-0.6173899449276066,-0.4678748172649848,0.5348896835750141,-0.16738941607676092,-0.18124615019027962,-0.9667789474951477,-1.2443779110358517,-0.32361742359417855,-0.1444537632378472,-0.7032788853103935,1.53626338415829,-0.8248428682466333,-0.23610007040075875,2.196135258400589,-0.45908512755417236,-0.14139250356818595,0.03014569062920788,-1.1307697064991828,-0.11020775375559674,-0.12751534261266764,0.032803622838203594,0
-0.518452828473399,-0.6173899449276066,-0.4678748172649848,1.5753286712719874,0.07111768057549515,-0.014083327242238116,-0.1214616475719299,-0.4042631992914204,-0.32361742359417855,-1.070818850222508,-0.34801575876442786,-1.1678525622933154,-0.44261891022098593,-0.23610007040075875,0.9559528366608272,1.3720569005047245,-0.14139250356818595,-0.5359913627861259,0.08912519928837745,-0.11020775375559674,-0.12751534261266764,-0.18053865566871,0
-0.6672920854223886,0.8973057001352163,-0.4678748172649848,-0.24543955719771604,-0.08220114575668858,-0.09127442526228895,-0.9040550379115272,0.4358515124530109,-0.32361742359417855,-0.14482185301849773,0.7177736208734693,-0.08438598461975594,1.7764276206981862,-0.23610007040075875,1.232824383235579,-0.3586243356105371,-0.14139250356818595,-0.5827561918130584,-0.15788069319407985,-0.11020775375559674,-0.12751534261266764,-0.14612193398424483,0
-0.11003923192130353,2.412001345198039,-0.4678748172649848,-1.0257687979704462,0.11415541564458477,0.19674011592439541,-0.91699287986031,1.275966224197442,-0.32361742359417855,0.6937269758500828,-0.7032788853103935,-1.3950074772637653,-0.11133940241013876,4.235492172037854,-0.8943849852712212,-0.8830322080421666,-0.14139250356818595,1.145021794673829,-0.45469660598559086,-0.11020775375559674,-0.12751534261266764,1.6661888278378538,0
0.06513444709875267,-0.6173899449276066,-0.4678748172649848,-0.24543955719771604,-0.08550045618797003,-0.09474817025398195,0.13539983203437708,0.4358515124530109,-0.32361742359417855,0.977672853217135,0.36251049432750354,-0.25042693240197716,0.9537460211977165,-0.23610007040075875,0.5736741217202395,-0.6399408540659672,-0.14139250356818595,-0.9014690111216146,-0.8552503306253826,-0.11020775375559674,-0.12751534261266764,-0.6282525263389288,0
2.208707223122941,0.8973057001352163,-0.4678748172649848,-0.5055493041219594,-0.12581942704969148,-0.13371019663915218,-0.1700892437571498,0.4358515124530109,-0.32361742359417855,1.6407028737715963,-1.7690682649482907,-0.6000854961652275,-0.6055896283541886,-0.23610007040075875,1.4581419773066697,0.5621940126787563,7.072510739706607,-0.7930089659626399,0.43508639248809466,-0.11020775375559674,-0.12751534261266764,2.4734775777272655,0
-0.18502316826145393,-0.6173899449276066,-0.4678748172649848,-1.8060980387431762,-0.14817055241004626,-0.14436732223560075,-0.025524785566345885,1.275966224197442,-0.32361742359417855,-0.5768683344254233,0.0072473677815378485,1.8582469459148248,1.0448156871698473,4.235492172037854,-0.19779591279145742,-0.5609916359111947,-0.14139250356818595,-0.7440402810406972,-1.847539231835888,-0.11020775375559674,-0.12751534261266764,1.7479973558985418,0
-0.9750205581297445,-0.6173899449276066,-0.4678748172649848,-0.24543955719771604,-0.16876311551640064,-0.18241292683308252,2.813640303988437,-0.4042631992914204,-0.32361742359417855,1.1153481107403556,1.0730367474194349,0.10854341229142064,-0.00015326634149085276,-0.23610007040075875,-0.608413768314717,-0.855960794022715,-0.14139250356818595,-0.04552384215149973,-0.25717244709027837,-0.11020775375559674,-0.12751534261266764,-0.8349415898631075,0
-0.4356419727957475,2.412001345198039,-0.4678748172649848,-0.5055493041219594,-0.16731202554901103,-0.18075699461615125,-0.4866767034637416,-0.4042631992914204,-0.32361742359417855,-1.0332844959903709,1.7835630005113663,-0.08076526657959904,-0.40563764237822414,-0.23610007040075875,1.3466170272233482,0.1916330941431792,-0.14139250356818595,-0.8107747003892298,0.5311950061946122,-0.11020775375559674,-0.12751534261266764,-0.5333117042658525,0
0.2392310335789165,-0.6173899449276066,1.3887712829928915,1.0551091774235009,-0.031394849471580666,-0.07587903097747896,-0.9993070686327576,0.4358515124530109,-0.32361742359417855,1.3216809761773256,-0.7032788853103935,0.6704847443210835,-0.3554085675499276,-0.23610007040075875,1.1574898810738596,0.7659287182758725,-0.14139250356818595,-0.6875400885721151,-1.639718516397035,-0.11020775375559674,-0.12751534261266764,-0.4041960188963342,0
-0.9040993760654342,0.8973057001352163,-0.4678748172649848,-0.7656590510462028,-0.15928286237672645,-0.17074490839696158,0.5927755353819434,1.275966224197442,3.090068479298001,-0.9214797065425434,0.7177736208734693,-0.31335608120875474,-0.4599597741558421,-0.23610007040075875,-1.075520817328549,-0.3960833219288626,-0.14139250356818595,-0.2505254212154366,1.3917168159868796,-0.11020775375559674,-0.12751534261266764,0.8336113198021627,0
0.32011206846546025,-0.6173899449276066,-0.4678748172649848,-1.545988291818933,-0.05779747637750796,-0.0005970979300969012,-0.09875463340526501,-0.4042631992914204,-0.32361742359417855,-1.1608934549394745,0.36251049432750354,-0.2729589401402625,2.1451033757736213,-0.23610007040075875,-1.0307641063236244,-0.6546136794360935,-0.14139250356818595,-0.7594440044499059,-1.6627405609515788,-0.11020775375559674,-0.12751534261266764,-0.9640268657212542,0
-0.6768427838713377,-0.6173899449276066,-0.4678748172649848,-0.5055493041219594,0.044634521433749734,0.05956071838473519,0.40906758016817046,2.116080935941873,-0.32361742359417855,0.22546050482200924,1.4282998739654007,-0.6772094135930224,-0.23245758575627334,-0.23610007040075875,-0.13570050482856927,-0.746887963197342,-0.14139250356818595,2.2201942477539442,-0.0987550827308368,-0.11020775375559674,-0.12751534261266764,-0.5958682721260069,0
0.44452762468077534,2.412001345198039,1.3887712829928915,0.27477993665077066,-0.16804942958099056,-0.18177265955701835,-1.0022391343337602,-1.2443779110358517,-0.32361742359417855,-1.18318517522242,0.7177736208734693,-0.07839608100661231,-0.0069712972818496335,-0.23610007040075875,1.2913855160727923,-1.0992198675255096,-0.14139250356818595,-0.11911108082474763,-0.18590269126018755,-0.11020775375559674,-0.12751534261266764,-0.2173231685718133,0
0.14412022587290998,-0.6173899449276066,1.3887712829928915,0.5348896835750141,-0.15005602665660894,-0.16621689834437312,0.8648553187602375,1.275966224197442,-0.32361742359417855,-1.0685365810935832,0.36251049432750354,-0.246119779621731,0.06870982330764139,-0.23610007040075875,-1.2187524283729068,-0.7126266648649014,-0.14139250356818595,-0.09035375482424038,1.1688322894739678,-0.11020775375559674,-0.12751534261266764,-0.5567997785929305,0
5.393955030396245,-0.6173899449276066,-0.4678748172649848,1.8354384181962309,-0.16606406267531423,-0.1806546452986394,-0.9045258025380867,1.275966224197442,3.090068479298001,-0.42622791653665854,-1.413805138402325,-1.4065873330170209,0.1163735938276085,-0.23610007040075875,-1.432150401564059,1.4660068700549629,-0.14139250356818595,0.007688114061955796,-0.007186474099681525,-0.11020775375559674,-0.12751534261266764,0.9724408566572499,0
-0.20070426874065203,0.8973057001352163,-0.4678748172649848,2.095548165120474,-0.16388665566729024,-0.17934163232175876,-0.834724358734441,-0.4042631992914204,-0.32361742359417855,-1.0217492853278465,0.0072473677815378485,-0.3358865827025318,-0.3128265396886316,-0.23610007040075875,-1.2986380386738237,-0.616178828259392,-0.14139250356818595,-0.659906783246596,0.8322050421222085,-0.11020775375559674,-0.12751534261266764,-0.11903095542935486,0
0.0899163643947777,-0.6173899449276066,-0.4678748172649848,0.014670189726527326,-0.1627513768893033,-0.17651450559715415,-0.7595570999215125,1.275966224197442,-0.32361742359417855,-0.7898698584248656,-0.34801575876442786,-1.1862539367448734,0.2745090750782654,-0.23610007040075875,-0.5655361035047145,0.20935996062196308,-0.14139250356818595,-0.6253723765346627,-0.5917411289097,-0.11020775375559674,-0.12751534261266764,-0.7989094818600806,0
-0.3512485227297541,0.8973057001352163,-0.4678748172649848,0.014670189726527326,-0.10729055071526673,-0.12201433459923189,0.6120037040661291,0.4358515124530109,-0.32361742359417855,-1.0026236146508969,-0.7032788853103935,0.6239929653954143,-0.37601058921686903,-0.23610007040075875,0.02924389517436246,0.7756182060052605,-0.14139250356818595,1.4589008060118716,-0.09916550441607007,-0.11020775375559674,-0.12751534261266764,-0.262891614933511,0
-0.7660216525413588,-0.6173899449276066,-0.4678748172649848,1.0551091774235009,-0.042972631650486245,-0.0848610622510437,-0.09712373592284829,0.4358515124530109,3.090068479298001,-0.38721676393134313,0.36251049432750354,-1.174941559443173,0.5470569057436525,-0.23610007040075875,-0.8222453786844921,0.025803082841526073,-0.14139250356818595,-0.9653974884718763,-0.6564777916829199,-0.11020775375559674,-0.12751534261266764,0.4586988931372162,0
-0.6893976677643887,-0.6173899449276066,-0.4678748172649848,1.8354384181962309,-0.1673117961733352,-0.18149063695535222,-0.8226701476924431,-0.4042631992914204,-0.32361742359417855,-0.7931897074483533,-1.0585420118563593,0.6878224947200272,-0.4426005717614942,-0.23610007040075875,-1.1587953544890746,1.1761455515109716,-0.14139250356818595,-0.22255983670685758,2.2024039149384813,-0.11020775375559674,-0.12751534261266764,-0.9098007856684607,0
1.6726899433365505,0.8973057001352163,-0.4678748172649848,0.5348896835750141,0.45908856817787547,0.3619537499015188,0.5708779759615489,0.4358515124530109,-0.32361742359417855,-0.4713181610701104,1.4282998739654007,0.48790395058007674,-0.849627394101234,-0.23610007040075875,0.2585984295331846,0.4586604711088404,-0.14139250356818595,1.8795958318770456,-0.4860880047346011,-0.11020775375559674,-0.12751534261266764,0.5110590822417391,0
-0.7130235142079179,-0.6173899449276066,-0.4678748172649848,-0.24543955719771604,-0.042286160882004376,-0.04924913492060914,-0.38518519674127366,-0.4042631992914204,-0.32361742359417855,-0.038876985302437085,0.0072473677815378485,-0.7775562954558384,-0.9217448618812275,-0.23610007040075875,-0.1524639345207772,-1.0086387838767277,-0.14139250356818595,-0.6677958609982226,1.0727771579893737,-0.11020775375559674,-0.12751534261266764,-0.5493817946605222,0
2.8280932099296687,-0.6173899449276066,-0.4678748172649848,-1.2858785448946894,-0.05928645194151503,-0.020987236754048892,-1.0036638047703783,-1.2443779110358517,-0.32361742359417855,-1.1768339130226033,-0.34801575876442786,-0.9749833664098833,-0.8400022147691073,-0.23610007040075875,-0.3602777521656301,-0.18926139475837808,-0.14139250356818595,-0.7668907562359689,1.454029120572658,-0.11020775375559674,-0.12751534261266764,-0.1858757466095372,0
-0.3137899968322554,-0.6173899449276066,-0.4678748172649848,0.014670189726527326,-0.16837016253081072,-0.1820359664081036,-0.6299001177924448,-1.2443779110358517,-0.32361742359417855,-0.44254703243873833,-1.413805138402325,0.2521128607026302,0.3011198211213926,-0.23610007040075875,-0.95422958310623,-0.2742358947896191,-0.14139250356818595,1.4845061647890703,-1.4858509083789373,-0.11020775375559674,-0.12751534261266764,-0.621521072412351,0
2.107292398358737,2.412001345198039,-0.4678748172649848,-1.2858785448946894,-0.14707357951669264,-0.15038704363530755,-0.7046849686245026,0.4358515124530109,-0.32361742359417855,-0.566145015760051,1.0730367474194349,1.9063490241785415,-0.8079980872883791,-0.23610007040075875,0.01589838481427123,0.16172051011707095,-0.14139250356818595,0.3287429002901853,1.317997405564952,-0.11020775375559674,-0.12751534261266764,-1.0301772424089168,0
0.10608254737991832,-0.6173899449276066,-0.4678748172649848,0.27477993665077066,-0.16638126977543188,-0.18023584856142624,-0.8451896302964903,-1.2443779110358517,-0.32361742359417855,-0.07846159433774372,0.36251049432750354,-0.8420429294605949,1.050468695471559,-0.23610007040075875,-1.4856842064784752,0.07505699997187998,-0.14139250356818595,-0.6625078562859682,-0.15813051436020686,-0.11020775375559674,-0.12751534261266764,-0.4911040424064386,0
-0.06626918633379522,-0.6173899449276066,-0.4678748172649848,-1.0257687979704462,-0.16171746299651812,-0.17293405764409148,-0.04526375680951271,-1.2443779110358517,-0.32361742359417855,-0.3025916888652562,0.7177736208734693,-0.7756525851583461,1.1137345067750024,-0.23610007040075875,-0.3788980954482326,-0.2917027958978952,-0.14139250356818595,-0.9662316670907777,-0.9914633840645969,-0.11020775375559674,-0.12751534261266764,-0.689278979168029,0
-0.9678654887440352,2.412001345198039,3.245417383250768,0.7949994304992574,-0.15409773776622906,-0.17043408553626072,-0.23689370740559754,-0.4042631992914204,3.090068479298001,-0.7813314075473662,0.36251049432750354,-1.2399435944691681,0.14922088671075898,-0.23610007040075875,-0.758412026839233,-0.8272555487283427,-0.14139250356818595,-0.6552825595871496,0.2700561170434158,-0.11020775375559674,-0.12751534261266764,2.397729247102172,0
-0.9550123955616387,0.8973057001352163,-0.4678748172649848,-1.0257687979704462,-0.1646405226202761,-0.1768510053920066,-0.20863332075727833,1.275966224197442,-0.32361742359417855,0.1222061184272326,1.0730367474194349,0.34937591829665215,-0.989095441958774,-0.23610007040075875,0.45692338903296453,-0.21819624410241412,-0.14139250356818595,-0.4690824493401232,1.0240943637164421,-0.11020775375559674,-0.12751534261266764,-0.9248493963699537,0
-0.5183672272979162,2.412001345198039,-0.4678748172649848,-1.0257687979704462,-0.07161995910518777,-0.05220192748445554,0.368051945386575,-0.4042631992914204,-0.32361742359417855,2.6287018977870953,0.36251049432750354,-0.6937628279031373,0.31972061570567034,-0.23610007040075875,0.1749293425082709,0.8728840719374418,-0.14139250356818595,-0.7727574568951002,-0.9667762212149495,-0.11020775375559674,-0.12751534261266764,-0.9778511594271668,0
3.133294508645333,0.8973057001352163,-0.4678748172649848,0.014670189726527326,-0.01548682444512492,-0.0318007708079405,-0.5936680348389068,-1.2443779110358517,-0.32361742359417855,-0.20224010162780126,0.0072473677815378485,0.33318020610331645,-0.7603036598186181,-0.23610007040075875,0.5851477756527904,0.21981908771487804,-0.14139250356818595,-0.7003750782357829,-0.2456737141836395,-0.11020775375559674,-0.12751534261266764,-0.37631122536717715,0
-0.7665446891731609,-0.6173899449276066,1.3887712829928915,0.5348896835750141,-0.13928919260234707,-0.15688130582624427,-0.35335940191848686,-0.4042631992914204,-0.32361742359417855,0.4169821366872503,1.4282998739654007,0.21281961214363476,-0.10895231531808391,-0.23610007040075875,0.3411465658399879,1.5143147781377853,-0.14139250356818595,-0.2372605003229274,1.0299444025595943,-0.11020775375559674,-0.12751534261266764,-0.7117094451891033,0
0.13350783090076437,0.8973057001352163,-0.4678748172649848,1.0551091774235009,0.04442071886234935,-0.017061392566629578,-0.7773494618183129,-1.2443779110358517,3.090068479298001,-0.5684064237641152,-1.0585420118563593,1.0414884480524622,-0.5188474374221984,-0.23610007040075875,1.2528496329758343,-0.6637684499101522,-0.14139250356818595,0.13953379055793472,-0.028899300865332864,-0.11020775375559674,-0.12751534261266764,1.0814629439743428,0
-0.7192729071498614,-0.6173899449276066,-0.4678748172649848,2.3556579120447174,-0.1657433689429662,-0.1806156895692001,-0.38063363947737155,-0.4042631992914204,-0.32361742359417855,1.0219896371285326,-0.34801575876442786,2.0514794273171435,3.4536947397755267,-0.23610007040075875,-1.2332402032355263,-1.101715967693452,-0.14139250356818595,-0.9002116362532976,-0.5385201286644405,-0.11020775375559674,-0.12751534261266764,-0.8414381873327057,0
0.6970291428686225,-0.6173899449276066,-0.4678748172649848,-0.5055493041219594,-0.12349441092978497,-0.13107395384784323,-0.6555215449056839,-1.2443779110358517,-0.32361742359417855,-0.47397437705493284,-0.34801575876442786,0.4692851418296438,0.32005151243455904,-0.23610007040075875,0.6637061690055145,3.083475561181782,-0.14139250356818595,0.6055355348251555,-0.17716042127494327,-0.11020775375559674,-0.12751534261266764,0.18150367175059406,0
-0.6459748772653284,0.8973057001352163,1.3887712829928915,0.27477993665077066,-0.1628593739852297,-0.17699126242664662,-0.6260170727974186,2.116080935941873,-0.32361742359417855,-0.5651880180051515,1.0730367474194349,0.21346306815938107,-0.40189232257033014,-0.23610007040075875,-0.22462091587827626,-0.9072920520089454,-0.14139250356818595,-0.7776516061532402,0.34373079992397226,-0.11020775375559674,-0.12751534261266764,-0.8888967994604853,0
0.7457741063550724,-0.6173899449276066,1.3887712829928915,0.5348896835750141,0.0897323606744348,0.041696278678706705,0.1328440287863142,-0.4042631992914204,-0.32361742359417855,-0.461443720412387,1.0730367474194349,-1.1761594982137191,-0.19286503130891677,-0.23610007040075875,-0.11675750831213634,-0.8793398788684478,-0.14139250356818595,-0.7159927320681542,1.0129657362982163,-0.11020775375559674,-0.12751534261266764,-0.9128517472080594,0
-0.03943068472001943,0.8973057001352163,1.3887712829928915,-0.5055493041219594,-0.15879681273534782,-0.1711019353654722,1.9937410783134073,0.4358515124530109,-0.32361742359417855,0.02565079125684075,-0.7032788853103935,-0.8373092376265026,-0.3165058499467738,-0.23610007040075875,-0.004584613440688596,-0.081531693795813,-0.14139250356818595,-0.6375491087164057,0.9198774433455262,-0.11020775375559674,-0.12751534261266764,-0.9857188539196516,0
-0.9356766232276416,-0.6173899449276066,-0.4678748172649848,-1.0257687979704462,-0.020665788291205963,0.01607749555383277,-0.007327797249166682,0.4358515124530109,-0.32361742359417855,1.8213400139713276,-1.0585420118563593,0.6536380105956316,0.5640431602983811,-0.23610007040075875,0.7228064906110507,-0.5762018064807932,-0.14139250356818595,-0.5085377877090763,-0.34127546427126126,-0.11020775375559674,-0.12751534261266764,-0.4170360994454592,0
-0.7914747161731702,-0.6173899449276066,1.3887712829928915,0.014670189726527326,-0.1660072624877492,-0.17971399493234982,2.5407904544544033,-0.4042631992914204,-0.32361742359417855,-1.1315904239692032,-1.0585420118563593,1.1051542554859766,0.39263887404116976,-0.23610007040075875,-0.8369836871383433,1.0291355194382479,-0.14139250356818595,-0.9675112843220897,-0.2588056517971644,-0.11020775375559674,-0.12751534261266764,-1.115158584670136,0
0.40605052365006344,-0.6173899449276066,-0.4678748172649848,0.014670189726527326,-0.15057236276734481,-0.1645464481767694,0.09869717279158521,-0.4042631992914204,-0.32361742359417855,1.227390225142968,0.0072473677815378485,-0.598408054685484,0.9030266669911634,-0.23610007040075875,-0.5210004464985925,0.4349701606986931,-0.14139250356818595,0.29995772522140707,-0.1341938161103757,-0.11020775375559674,-0.12751534261266764,-0.1618430700781427,0
-0.6686547122937941,-0.6173899449276066,-0.4678748172649848,-1.2858785448946894,0.401798947483451,0.6586609450396235,-0.25578701096648554,-1.2443779110358517,-0.32361742359417855,-0.9019462531238058,-2.1243313914942563,0.5764822015724661,1.2430493910871754,-0.23610007040075875,1.1052656441571092,-0.8430324105062891,-0.14139250356818595,1.295343375023512,0.37928618458012164,-0.11020775375559674,-0.12751534261266764,-0.21819118188117093,0
-0.8157389319617228,-0.6173899449276066,-0.4678748172649848,-1.2858785448946894,-0.16474369131742783,-0.17643310662589012,-0.4071024094719779,-0.4042631992914204,-0.32361742359417855,-0.6056106461089439,0.7177736208734693,-1.1959642480919035,-0.8869272426735296,-0.23610007040075875,-0.25264815659757095,-0.6772011240440692,-0.14139250356818595,-0.7625348849329746,0.3147134813968932,-0.11020775375559674,-0.12751534261266764,-0.7404811681884156,0
-0.8183977638037985,0.8973057001352163,1.3887712829928915,0.014670189726527326,-0.149858957584855,-0.16384540011963278,-0.6191649021415577,1.275966224197442,3.090068479298001,-0.8827877074010654,0.0072473677815378485,-1.238594640945803,-0.1646362160444257,-0.23610007040075875,-0.5304657396281506,-0.1836816688210447,-0.14139250356818595,-0.7232587819950308,0.254360105006027,-0.11020775375559674,-0.12751534261266764,1.0641060711856192,0
-0.6482361505975902,-0.6173899449276066,-0.4678748172649848,-1.0257687979704462,-0.13365517434725813,-0.1353301314591204,-0.890036887625306,0.4358515124530109,-0.32361742359417855,0.6080764869054879,-0.7032788853103935,-0.5620171247400663,-0.8518317036403277,-0.23610007040075875,1.7072085594896744,3.0795787513597253,-0.14139250356818595,-0.5505837791235794,-0.18919683915279964,-0.11020775375559674,-0.12751534261266764,-0.03761945189754811,0
-0.6642963149531875,0.8973057001352163,1.3887712829928915,0.27477993665077066,-0.13724932598687622,-0.15339771747348155,-0.21822242316149443,1.275966224197442,-0.32361742359417855,-0.09507800512268048,0.7177736208734693,-0.36952546674362374,-0.34427026831646784,-0.23610007040075875,-0.44700098942662747,0.428437195923292,-0.14139250356818595,0.011643477111608961,-1.3220609084838344,-0.11020775375559674,-0.12751534261266764,-0.32270964297410026,0
-0.904328374816507,0.8973057001352163,1.3887712829928915,0.27477993665077066,-0.16010001000840857,-0.17444916730704904,-0.7956518321672479,-1.2443779110358517,-0.32361742359417855,0.34827643291164767,1.4282998739654007,-1.2166655441768548,0.3354585788927083,-0.23610007040075875,0.16630480591002325,-0.3266337633564396,-0.14139250356818595,1.2606318880610978,0.8453903073694428,-0.11020775375559674,-0.12751534261266764,-0.27172528477394625,0
-0.6103869373913711,0.8973057001352163,-0.4678748172649848,0.014670189726527326,-0.013247319784112942,-0.029600057342317174,-0.4525926378319469,1.275966224197442,-0.32361742359417855,-0.5840410137540557,0.0072473677815378485,-0.5938453004651965,-0.9379909699351494,-0.23610007040075875,2.0512037924509494,-0.6878415538932761,-0.14139250356818595,0.86096861346252,1.1601030073732024,-0.11020775375559674,-0.12751534261266764,0.3597775589151307,0
1.5997157013983874,2.412001345198039,1.3887712829928915,0.014670189726527326,-0.13439513330743116,-0.14864942981877996,-0.7152960219425367,0.4358515124530109,-0.32361742359417855,-1.0660847674021017,0.7177736208734693,0.004719692185094511,-0.646834904021531,-0.23610007040075875,1.1866703573349313,-0.4947128567381696,-0.14139250356818595,-0.5734669198498259,-1.2222127901525188,-0.11020775375559674,-0.12751534261266764,-0.2799978266389257,0
-0.61069025840144,-0.6173899449276066,1.3887712829928915,-1.0257687979704462,-0.15759353203823442,-0.16740792264899348,-0.7805970221364823,-1.2443779110358517,-0.32361742359417855,0.4523570677329646,-0.34801575876442786,-0.7741933544362066,-0.5620301157451488,-0.23610007040075875,1.1061967974895484,-0.818936942200854,-0.14139250356818595,1.141197948598154,2.0557503662817975,-0.11020775375559674,-0.12751534261266764,-0.3150971553171606,0
-0.8623265528726025,-0.6173899449276066,3.245417383250768,-1.0257687979704462,-0.16660979785454863,-0.17948986644404094,0.6078717251139396,1.275966224197442,-0.32361742359417855,1.3784752957586084,-0.7032788853103935,-1.469300600993281,0.9992271099105229,-0.23610007040075875,1.3312646388695826,-0.48062564537045915,-0.14139250356818595,0.5899064014929455,0.28535982126439063,-0.11020775375559674,-0.12751534261266764,1.3088748213205224,0
-0.08025761763376026,-0.6173899449276066,-0.4678748172649848,1.0551091774235009,0.20783447067417152,0.10971482472813045,2.9299591163409153,2.116080935941873,3.090068479298001,-0.4725400260048599,-0.34801575876442786,0.04671070463801065,1.6175475311671417,-0.23610007040075875,1.123996970802127,0.2733188142809143,-0.14139250356818595,-0.3723074046225414,-0.46178962622600245,-0.11020775375559674,-0.12751534261266764,0.9910436726257655,0
-0.5768260717121788,-0.6173899449276066,-0.4678748172649848,0.5348896835750141,-0.16616811610212948,-0.18018719833422803,0.03478002176356248,-0.4042631992914204,-0.32361742359417855,0.2835390598323523,-1.413805138402325,0.17306030928705066,-0.589012823911643,-0.23610007040075875,0.051209782686095995,-0.8582072305604621,-0.14139250356818595,0.015524608103893512,-1.1181416659210226,-0.11020775375559674,-0.12751534261266764,0.03323938691380872,0
-0.6684502483563065,2.412001345198039,1.3887712829928915,0.014670189726527326,-0.1534139531586691,-0.16733881844812545,-0.1044084318196567,-0.4042631992914204,-0.32361742359417855,-0.9828814498622167,-1.413805138402325,-1.056697706679303,-0.4770022559286083,-0.23610007040075875,0.3308987122067215,-0.7629543706664101,-0.14139250356818595,-0.7720996768404625,-1.3311275589292337,-0.11020775375559674,-0.12751534261266764,-0.14419639872947138,0
-0.03824343406670302,-0.6173899449276066,3.245417383250768,-0.5055493041219594,-0.02911422218264554,-0.024060032483276806,-0.42884928131564976,-0.4042631992914204,-0.32361742359417855,0.9880568730467014,0.7177736208734693,-0.6123340540085321,0.31700928420585095,-0.23610007040075875,-1.124047895082785,-0.817097305742415,-0.14139250356818595,-0.7317712511360364,-0.19986068217844913,9.073771725877465,-0.12751534261266764,2.515907234566724,0
-0.11673812980142084,0.8973057001352163,-0.4678748172649848,1.8354384181962309,-0.1503551104433904,-0.17012951872119475,-0.90779276633449,2.116080935941873,-0.32361742359417855,-0.85998541957704,-1.413805138402325,-0.573976893963722,-0.8352052893106084,-0.23610007040075875,-0.5369469595819667,-1.1067205206819244,-0.14139250356818595,-0.5311443120695664,-0.41706760847025925,-0.11020775375559674,-0.12751534261266764,-0.09379003225450726,0
-0.0800366089434068,2.412001345198039,-0.4678748172649848,-1.0257687979704462,-0.16826714761540576,-0.1817107422553085,-0.045512698000493346,0.4358515124530109,-0.32361742359417855,-0.13858987284606683,1.4282998739654007,0.2016505017095347,0.617176797509994,-0.23610007040075875,-1.2860797670458992,-1.027539970624851,-0.14139250356818595,-0.8883164281164647,-0.7795142822104617,-0.11020775375559674,-0.12751534261266764,-0.7933468591557199,0
-0.9087781691070265,0.8973057001352163,-0.4678748172649848,-0.24543955719771604,-0.11560412058219491,-0.12644341554814162,-0.3343038281377203,0.4358515124530109,-0.32361742359417855,-0.8005340340941797,0.7177736208734693,-1.0366374005695438,-0.3999542738734596,-0.23610007040075875,-1.0120517003854443,0.6845001309348854,-0.14139250356818595,-0.921796800034029,0.3404479316694421,-0.11020775375559674,-0.12751534261266764,-0.631669632355124,0
-0.12221415394326071,2.412001345198039,3.245417383250768,-0.5055493041219594,0.24367901453924384,0.28524930850092023,-0.0997898161456581,-0.4042631992914204,3.090068479298001,1.4956928883306237,-1.0585420118563593,1.0408824218375967,1.2493002237014976,-0.23610007040075875,0.46499117291992664,-1.0986972080895936,-0.14139250356818595,1.0338685555031635,0.014561996678408951,-0.11020775375559674,-0.12751534261266764,2.121086874885209,0
3.377755561818337,-0.6173899449276066,-0.4678748172649848,0.5348896835750141,-0.1680007514190888,-0.18177622036867574,-0.835064321583784,-0.4042631992914204,-0.32361742359417855,-1.0357443115237985,-0.7032788853103935,-0.5215253741611716,-0.13606762487527813,-0.23610007040075875,1.2884198024449083,-0.7416438152725542,-0.14139250356818595,0.6058159518422793,1.2550451615546638,-0.11020775375559674,-0.12751534261266764,0.3195294525254848,0
0.6836407702756896,-0.6173899449276066,-0.4678748172649848,0.014670189726527326,-0.1669851734609368,-0.18067496718855505,-0.9682169606413763,-0.4042631992914204,-0.32361742359417855,0.6101137225681459,-1.7690682649482907,-1.231602787897451,2.1296058397423883,-0.23610007040075875,-0.9716766501161884,-0.9052757193974276,-0.14139250356818595,-0.4888826312836741,0.38665277048791263,-0.11020775375559674,-0.12751534261266764,-1.116387543322683,0
0.7096976586151905,-0.6173899449276066,-0.4678748172649848,-0.24543955719771604,-0.1576398864075755,-0.17070161254089342,-0.7752378268670673,-1.2443779110358517,-0.32361742359417855,-0.6201250914334953,-0.34801575876442786,-0.7419748224441539,0.04591008748579555,-0.23610007040075875,-0.9697951535071291,-1.017229171392956,-0.14139250356818595,-0.7050849741348968,-1.788062798354772,-0.11020775375559674,7.8421935706790595,2.382987048413404,0
-0.4997007216757478,2.412001345198039,-0.4678748172649848,1.3152189243477441,-0.16082470944882965,-0.17660358750375715,0.477127512371425,-1.2443779110358517,-0.32361742359417855,1.7642536515737297,-0.7032788853103935,-1.5561651426173237,-0.5579891729066118,-0.23610007040075875,3.249672629722951,-0.010343158663381119,-0.14139250356818595,-0.36221938059270475,0.6697345692095207,-0.11020775375559674,-0.12751534261266764,0.3646833361591435,0
-0.9449499358912189,-0.6173899449276066,3.245417383250768,-0.5055493041219594,-0.13859133880197094,-0.1481917565732548,-0.41582907895484716,-1.2443779110358517,-0.32361742359417855,-0.854440603827421,1.4282998739654007,-0.5005435298384153,-0.9219807727510989,-0.23610007040075875,0.8541591517169252,0.7223754030090758,-0.14139250356818595,-0.8846981149194986,1.0068334799267942,-0.11020775375559674,-0.12751534261266764,0.19494542574210189,0
-0.7160998491435295,-0.6173899449276066,-0.4678748172649848,0.014670189726527326,-0.168429949724727,-0.1820947180084079,-0.6211797961619495,2.116080935941873,-0.32361742359417855,0.4395788819632044,0.36251049432750354,-1.1496119317854305,1.2200024661443682,-0.23610007040075875,0.08628688511739456,2.3970558868684817,-0.14139250356818595,-0.5664123473696479,-0.9658506856013849,-0.11020775375559674,-0.12751534261266764,-0.059604928121045335,0
-0.18295744722544055,0.8973057001352163,-0.4678748172649848,0.7949994304992574,-0.12684880041946997,-0.14811996090455112,-0.8141863478269193,-1.2443779110358517,-0.32361742359417855,-1.0524549982532034,-1.0585420118563593,1.069340656054474,-1.0016747877951997,-0.23610007040075875,-0.98591149190141,-1.0600253460338849,-0.14139250356818595,0.46452434631759554,-0.5704505906420803,-0.11020775375559674,-0.12751534261266764,-1.1558017613563851,0
-0.527569718625164,-0.6173899449276066,-0.4678748172649848,-0.5055493041219594,-0.10462623023058733,-0.10968007836994995,-0.5205697949976267,1.275966224197442,-0.32361742359417855,0.7365220337365168,-0.7032788853103935,-1.2611619097949287,-0.6330735420432354,-0.23610007040075875,0.41962999671785256,1.1079416170991148,-0.14139250356818595,-0.6085469466961518,-0.9787889572040186,-0.11020775375559674,7.8421935706790595,3.2159186672064877,0
-0.7945276683482646,0.8973057001352163,3.245417383250768,-0.24543955719771604,-0.09678280525458192,-0.10662701717698973,0.026578459345656377,-1.2443779110358517,-0.32361742359417855,-0.24040932243372407,0.0072473677815378485,-1.436446178854623,1.2900648806084287,-0.23610007040075875,1.6135513623209248,-0.9160276106283244,-0.14139250356818595,-0.7467688383777797,0.147752558770176,-0.11020775375559674,-0.12751534261266764,0.8897664804569446,0
-0.29523555012121405,0.8973057001352163,1.3887712829928915,0.5348896835750141,-0.08116430195640498,-0.10648299082513929,1.125109216468525,-1.2443779110358517,-0.32361742359417855,0.8276154492819253,0.7177736208734693,-0.46008112627044706,1.7412950594616214,-0.23610007040075875,-0.6495072063960937,-0.7350989404830519,-0.14139250356818595,0.27329448079373175,1.04863891757975,-0.11020775375559674,-0.12751534261266764,-0.7371848411527537,0
-0.6553771103619356,2.412001345198039,-0.4678748172649848,-0.7656590510462028,-0.16544007728763155,-0.17830811310974082,-0.566407605818589,0.4358515124530109,-0.32361742359417855,-0.7291262375454584,-0.34801575876442786,-0.04058719155767309,-0.9641142782245276,-0.23610007040075875,-0.9892181239979185,-0.68960289089783,-0.14139250356818595,2.356721114784903,-1.0921310355736416,-0.11020775375559674,-0.12751534261266764,0.056814639199305496,0
0.10674565764450628,-0.6173899449276066,-0.4678748172649848,0.5348896835750141,-0.1159093663959974,-0.136609373565827,-0.8382690914479854,-0.4042631992914204,-0.32361742359417855,1.4345844455274497,-0.34801575876442786,0.6209973867442943,-0.6471608297871418,-0.23610007040075875,2.0303241281139166,-0.7015285809644378,-0.14139250356818595,-0.7816157837020101,0.34957239797640904,-0.11020775375559674,-0.12751534261266764,-0.03233542734814734,0
-0.9436821580774847,2.412001345198039,-0.4678748172649848,0.014670189726527326,-0.1236865850329039,-0.1381263678241778,-0.5455965536568276,-1.2443779110358517,-0.32361742359417855,-1.2052816405601636,-1.0585420118563593,-0.4183560106255247,-0.7967146641101253,-0.23610007040075875,0.7935278333264816,-0.16340945384427802,-0.14139250356818595,1.4536603560495203,0.31153853609913645,-0.11020775375559674,-0.12751534261266764,-0.3048832647646125,0
-0.19201772438333356,-0.6173899449276066,-0.4678748172649848,0.014670189726527326,0.18115123553078413,0.16143125678135803,-0.380567694931486,0.4358515124530109,-0.32361742359417855,1.9479466257655798,1.4282998739654007,1.684626059464513,-0.43508941801519935,-0.23610007040075875,-0.18466116274950667,-0.4291793417176912,-0.14139250356818595,-0.6888447404591529,-0.750715291475431,-0.11020775375559674,-0.12751534261266764,-0.4891725509484245,0
