age,income,employment_length,debt_to_income,credit_score,credit_history_length,num_credit_lines,credit_utilization,loan_amount,loan_term,loan_to_income,num_delinquencies,num_public_records,num_inquiries_6m,savings_account,checking_account,home_ownership,monthly_housing_cost,default_score,target
1.7437263167321746,-0.6959909114399668,-0.2399155849142963,-0.6381045908197869,1.261748842499723,0.16094785719668311,-0.4456811183922266,-0.5052673698485957,0.33948202990371323,-0.714208962268402,1.010044627634015,-0.6958344077320449,-0.3137351884836155,-0.9968811412152915,0.6687136927672083,0.5083200387009807,0.34054613449341214,-0.691909308778797,0.5261683346649048,1
-0.7392666585610767,-0.4232885092159936,-0.21676529463645264,0.8727320233112643,0.11090587445742409,0.5323299022543004,1.7577522289655196,0.12700227647688891,-0.3844562524511124,0.7038101554054602,-0.2917647493155007,0.6676556139506036,2.92064819794541,1.0163423011582358,0.6687136927672083,0.5083200387009807,1.969953476567155,-0.2898573829486336,1.4711033749005462,2
1.9376199267997305,-0.5877983726313165,-0.637125920317703,3.054047192566755,-1.132131228893304,-0.6316507483086738,0.43569222055087187,-0.3452647640059779,2.9170017158912467,-1.4232185211053332,3.5907148695995192,-0.6958344077320449,-0.3137351884836155,-0.9968811412152915,-1.4954082902981902,0.5083200387009807,0.34054613449341214,-0.6926554620125502,2.2118319827999953,2
1.2460568910414944,-0.6959909114399668,0.4985643513725469,-0.06938986153129857,0.41265875609132396,0.08165250729599537,-0.8863677878637759,0.9471616017308975,-0.8757477819105983,1.4128197142423913,-0.7013228415314682,2.031145635633252,-0.3137351884836155,0.009730579971472093,0.6687136927672083,0.5083200387009807,0.34054613449341214,-0.6001370809450103,-0.6514997419809613,0
1.377575492165603,-0.6959909114399668,3.186264769159712,-0.6110291859519383,-1.6324687248763234,-0.870985059576721,-0.4456811183922266,0.11528437164508296,2.9170017158912467,-0.005199403431470885,4.639879329555164,0.6676556139506036,-0.3137351884836155,0.009730579971472093,-1.4954082902981902,0.5083200387009807,-1.2888612075803305,-0.3687120685174895,2.641658168020561,2
-0.7095624734060664,-0.6959909114399668,1.2221296336063567,0.06198475677439818,0.38460933673678066,-0.38529511438022335,-0.8863677878637759,0.9981971571059519,-0.8536380946764129,-1.4232185211053332,-0.6701865090302788,0.6676556139506036,-0.3137351884836155,0.009730579971472093,-1.4954082902981902,0.5083200387009807,-1.2888612075803305,-0.40420982339899486,-0.14996689690256934,0
-0.601410803967306,-0.6701637768791077,0.9866359305776234,-0.6877532061626636,1.1276741059670294,-0.43545752636096247,0.43569222055087187,1.477539746800495,-0.3239857241142945,0.7038101554054602,0.030404213253580805,0.6676556139506036,-0.3137351884836155,0.009730579971472093,0.6687136927672083,0.5083200387009807,0.34054613449341214,-0.20572569463105292,-0.9256046253685851,0
0.8652653448386478,0.21410120312393618,2.4147300979927255,2.494684658363572,-0.01235376716990054,-0.3352054579987445,-0.4456811183922266,-0.7442273774814151,0.29028845538858666,-0.005199403431470885,-0.19594677050569492,-0.6958344077320449,-0.3137351884836155,0.009730579971472093,0.6687136927672083,0.5083200387009807,0.34054613449341214,0.9173336474969433,1.3684730933595297,2
-0.7768934763235495,-0.6959909114399668,-0.4549668418503806,0.8892863405870495,0.47051536140250216,-0.20426513270126975,2.639125567908618,0.23488286654387597,-0.6446981117286968,-1.4232185211053332,-0.3759433244503487,-0.6958344077320449,-0.3137351884836155,-0.9968811412152915,0.6687136927672083,0.5083200387009807,0.34054613449341214,-0.6148533175511337,-0.989608630439707,0
-1.5944577913840823,-0.10746668496241654,-0.5541249656777555,-1.2929239995116442,1.3439499055594157,-0.8030219643556865,0.43569222055087187,0.9792855690514158,1.8822338618248777,1.4128197142423913,0.9469419527635758,-0.6958344077320449,-0.3137351884836155,2.0229540223449995,0.6687136927672083,0.5083200387009807,0.34054613449341214,0.5732096828293695,0.1403974707792045,0
1.202768565891547,1.0479310491265057,0.029199440699900697,-0.5665904914963397,0.43574425182722115,0.07662841702468919,-0.004994448920677399,-0.04233060089507024,1.4864683332404391,-0.005199403431470885,-0.06445820542656577,-0.6958344077320449,-0.3137351884836155,-0.9968811412152915,-1.4954082902981902,0.5083200387009807,-1.2888612075803305,0.5749252540876504,-0.38926960377638453,0
-0.05425412503544067,-0.4478026793579236,-0.38243890706575817,-1.4872742465257125,-1.3681027762557585,-0.4926197417832372,-0.8863677878637759,-1.4647831688902457,0.09278162023106269,-0.005199403431470885,0.1571302772646246,-0.6958344077320449,-0.3137351884836155,-0.9968811412152915,0.6687136927672083,0.5083200387009807,0.34054613449341214,0.08916120097997476,0.12391348519610726,0
-0.908145476679152,0.7462102048933102,-0.881708265551821,0.5096616455583659,1.0621550778967226,-0.42750211280906486,-0.4456811183922266,1.3940822764580716,-0.1619108108152185,-0.714208962268402,-0.5045166538012729,0.6676556139506036,-0.3137351884836155,-0.9968811412152915,-1.4954082902981902,-1.9672645653622365,0.34054613449341214,0.652130397524717,0.11303989708362863,0
-0.4818357136751048,-0.15181920701270105,-0.6529368433385229,-1.3113272421595505,0.46347505586806026,-0.37670116339659765,0.8763788900224211,0.10297014188634773,-0.26456731200256844,-1.4232185211053332,-0.342440333263416,0.6676556139506036,-0.3137351884836155,3.029565743531763,0.6687136927672083,-1.9672645653622365,0.34054613449341214,0.16271165581250438,-1.0066949108224659,0
-0.884727697418535,-0.603046749981401,1.6640842615702305,0.9201439074803576,-1.1663018517131496,-0.2754341028202847,-0.004994448920677399,0.7412708683739155,1.3744966473793396,0.7038101554054602,1.9140083778698147,0.6676556139506036,-0.3137351884836155,0.009730579971472093,0.6687136927672083,-1.9672645653622365,1.969953476567155,-0.315781350370896,1.5430582806202346,2
-1.390255798795953,0.5532022901569045,-0.8082292005155606,1.1143145862448671,1.1244253213496205,-0.5612115660030634,-0.004994448920677399,0.4377542350537682,-0.06955228401434614,0.7038101554054602,-0.44160100485569115,-0.6958344077320449,-0.3137351884836155,-0.9968811412152915,0.6687136927672083,0.5083200387009807,0.34054613449341214,0.9254149372484605,-0.1332755859784069,0
-1.4430610718188592,-0.6065457518181636,-0.2472360586362251,-1.0906465508727192,-0.09812370273366297,-0.33375575204977814,0.8763788900224211,0.38066355465657736,-0.5736677236096993,0.7038101554054602,-0.35574319231710805,-0.6958344077320449,-0.3137351884836155,0.009730579971472093,-1.4954082902981902,-1.9672645653622365,0.34054613449341214,-0.39359051693168406,-1.0284545403172891,0
0.6056079465480665,-0.6007694442224168,0.24497497514602157,0.5596459087368361,-1.1045915390815961,0.044427308087592925,-1.3270544573353251,0.49247872365220635,-0.7691198944809107,0.7038101554054602,-0.5870152139180026,-0.6958344077320449,-0.3137351884836155,-0.9968811412152915,-1.4954082902981902,0.5083200387009807,0.34054613449341214,-0.7070543801125674,-0.652868351092369,0
0.3190337072034308,-0.6959909114399668,-0.8947717609541204,1.5056494742103046,1.5631728240390808,-0.29751703841683186,-1.3270544573353251,-0.3298552068947147,-0.7679449992814115,-0.714208962268402,-0.5495077910089105,0.6676556139506036,-0.3137351884836155,1.0163423011582358,0.6687136927672083,-1.9672645653622365,-1.2888612075803305,-0.7181220072615896,0.5027379538950457,1
0.6572280886932385,-0.6959909114399668,-0.7553654215285569,0.5314640408673061,-0.8716552388062989,-0.6303171534841181,-0.4456811183922266,-0.43670160993798646,-0.665959906861299,1.4128197142423913,-0.4058855988845744,0.6676556139506036,-0.3137351884836155,4.036177464718526,0.6687136927672083,0.5083200387009807,0.34054613449341214,-0.512199776356908,0.4940278623234293,1
0.5786822842641534,0.8902470388972468,-0.16253470310051177,0.9051484027038923,-1.2268268400988314,2.078758529633689,2.1984388984370686,0.9466523875916483,0.9598162394007252,-0.005199403431470885,-0.17427638575446802,-0.6958344077320449,-0.3137351884836155,1.0163423011582358,0.6687136927672083,0.5083200387009807,-1.2888612075803305,1.0823984584939543,-0.07088007370012302,0
-1.5640677333513089,-0.47511102985742026,0.9571994417299966,-0.08955859341656322,1.5631728240390808,-0.49427775114502587,0.8763788900224211,0.5811335876345342,-0.4983798540265652,-0.714208962268402,-0.36329935838141914,-0.6958344077320449,-0.3137351884836155,-0.9968811412152915,0.6687136927672083,0.5083200387009807,-1.2888612075803305,-0.49132261468658894,-2.029034976958236,0
0.5605509140561197,-0.3809940932129901,-0.9693455183555295,0.28995380589414177,-2.161023276771994,1.1825675003647673,-0.004994448920677399,-0.6204782167485184,-0.16447609829214815,-1.4232185211053332,-0.13554519016420807,2.031145635633252,-0.3137351884836155,1.0163423011582358,0.6687136927672083,0.5083200387009807,-1.2888612075803305,-0.10157607682558843,2.638905267664615,2
-0.11910855719392963,-0.2897104103921799,0.27092557776821224,0.27724714166641046,0.8741354172363056,0.29539613929859226,-0.4456811183922266,-0.767399397250625,-0.8761032249024794,1.4128197142423913,-0.7274775303424679,-0.6958344077320449,-0.3137351884836155,-0.9968811412152915,0.6687136927672083,-1.9672645653622365,0.34054613449341214,-0.6636512225284837,-1.5077366902344922,0
0.9033577046299966,-0.45160887996074867,1.9060209310618583,-0.1310630323840054,0.24480254940621193,-0.7071554518615588,0.8763788900224211,0.7722592112280786,-0.475048440164129,1.4128197142423913,-0.3553539565389694,0.6676556139506036,-0.3137351884836155,0.009730579971472093,-1.4954082902981902,0.5083200387009807,0.34054613449341214,-0.20073064974985622,-1.7160838475762643,0
0.24697322222017987,-0.6959909114399668,-0.9758536117598208,-0.7563436370938548,1.5631728240390808,-0.635878747315432,0.43569222055087187,-1.4675070113911832,1.249201634771157,-0.005199403431470885,2.2911722980520537,0.6676556139506036,-0.3137351884836155,1.0163423011582358,-1.4954082902981902,0.5083200387009807,0.34054613449341214,-0.19860061395665565,-0.3580615411718518,0
-1.3277514971061797,0.3849452851051357,-0.8005608881558361,0.12045219024789403,1.5631728240390808,-0.6430187846304422,-0.8863677878637759,0.6612651617524306,-0.5898861610078013,0.7038101554054602,-0.621817890047973,-0.6958344077320449,-0.3137351884836155,0.009730579971472093,0.6687136927672083,0.5083200387009807,0.34054613449341214,0.6987474774722116,-0.6063989899553972,0
-0.44565904817872176,-0.6959909114399668,-0.7721669034700182,-1.4111415735609314,-1.2249016241237103,-0.8995515219106501,-1.7677411268068743,0.8566756270690876,0.968519251992215,1.4128197142423913,1.895896693071147,2.031145635633252,-0.3137351884836155,0.009730579971472093,0.6687136927672083,0.5083200387009807,0.34054613449341214,-0.46075353750733833,2.9177261393445386,2
-0.4437479747493653,-0.6959909114399668,-0.07708086221023402,1.104327915007692,1.4920815270150234,-0.1569504412275304,-1.3270544573353251,0.6782263194268338,-0.501014702849058,-0.005199403431470885,-0.17359878893545647,0.6676556139506036,-0.3137351884836155,0.009730579971472093,-1.4954082902981902,0.5083200387009807,0.34054613449341214,-0.2736970188090092,-1.199533699163874,0
-0.8391348355968412,0.3779187529203468,-0.7020938507146732,-0.381906075073247,0.8281677083122218,-0.6945692652598175,-0.4456811183922266,0.2560648240562891,-0.6746802038118548,-0.005199403431470885,-0.6563628966402645,0.6676556139506036,-0.3137351884836155,1.0163423011582358,0.6687136927672083,0.5083200387009807,0.34054613449341214,-0.5315386688430426,-0.2696293733601591,0
1.2247906458355668,-0.6959909114399668,-0.7718738021393777,0.5742349311521485,1.13993459401265,1.470304851976212,-0.004994448920677399,0.08845030376891082,-0.5152486299260314,-0.714208962268402,-0.19364395201587642,0.6676556139506036,-0.3137351884836155,-0.9968811412152915,-1.4954082902981902,0.5083200387009807,0.34054613449341214,-0.5975444714320686,-1.6525588553436266,0
-1.5944577913840823,-0.15410427343176616,-0.606312652858584,1.159887684536284,-0.4281448497837849,1.2615076282364508,-0.4456811183922266,-0.16339592862475816,-0.8513953398328303,-0.714208962268402,-0.715602045993324,0.6676556139506036,-0.3137351884836155,0.009730579971472093,-1.4954082902981902,-1.9672645653622365,0.34054613449341214,-0.7831331647459129,0.39531261609300666,0
-0.5284192404712077,-0.6959909114399668,-0.23220209973420217,-0.0858014693954369,-0.014661001529706777,3.717447796317581,-1.3270544573353251,1.4804764562685033,-0.8659912320913128,-0.005199403431470885,-0.6875830189812879,0.6676556139506036,-0.3137351884836155,0.009730579971472093,0.6687136927672083,0.5083200387009807,0.34054613449341214,-0.550954319883037,-0.01666266433530128,0
0.520650212424168,-0.44832729801131016,0.035766028676415096,-0.14636421428408394,-0.9221039983444226,-0.5211517301099802,-0.004994448920677399,-0.7122219204018697,-0.3928002676735767,-0.005199403431470885,-0.28263751797143993,-0.6958344077320449,-0.3137351884836155,1.0163423011582358,0.6687136927672083,0.5083200387009807,1.969953476567155,-0.554086129407313,0.7495038626977338,1
-0.6648776701369489,-0.6547483246934314,-0.5731634760740298,-0.6249886960511947,1.3950573260998649,-0.45426329153110545,0.8763788900224211,0.6244018346293336,-0.660231963386394,0.7038101554054602,-0.42798114657012953,-0.6958344077320449,-0.3137351884836155,-0.9968811412152915,0.6687136927672083,-1.9672645653622365,1.969953476567155,-0.5556235179868202,-0.6037350774559883,0
0.6879974113141812,-0.6959909114399668,-0.06525476268900551,2.297326391484399,0.9662187477081334,-0.5827770037563607,0.8763788900224211,0.8681606830861738,-0.2546013683781434,-0.714208962268402,0.1734168623284985,0.6676556139506036,-0.3137351884836155,2.0229540223449995,-1.4954082902981902,0.5083200387009807,-1.2888612075803305,-0.37645844512988236,-0.1240687022410029,0
0.7391417191091451,-0.33286235360828237,-0.40065227291477257,-0.0035225896607526614,-0.2562412217058113,0.9570491830074167,-0.8863677878637759,0.6802986094307706,-0.717548378192518,-0.714208962268402,-0.6026194875791284,2.031145635633252,-0.3137351884836155,1.0163423011582358,-1.4954082902981902,0.5083200387009807,-1.2888612075803305,0.28371018235260353,0.6643679811580339,1
0.4325237002904505,-0.6959909114399668,0.9939658853430825,1.9995490825062605,0.8325874888120932,0.971424130845892,0.43569222055087187,1.7443949041182225,-0.3640590277779802,0.7038101554054602,0.019271304240018078,-0.6958344077320449,-0.3137351884836155,0.009730579971472093,-1.4954082902981902,0.5083200387009807,1.969953476567155,-0.4915652786106339,-0.592464445404054,0
0.5069421638263641,-0.017266082385230273,-0.7063892461261353,-0.14585561246490564,0.14928360644547303,-0.13069225622575312,-1.3270544573353251,-0.1918320965197302,1.5119276928493592,0.7038101554054602,0.6032436681358353,-0.6958344077320449,-0.3137351884836155,0.009730579971472093,0.6687136927672083,0.5083200387009807,1.969953476567155,0.5961675351647527,0.034135052992330134,0
1.2934500877433661,1.4813506550030835,-0.12472459820789394,0.19530331332730821,1.2923414084394182,-0.8937626642443399,2.1984388984370686,0.40934165677780693,-0.3773955130056335,0.7038101554054602,-0.6266737407094174,-0.6958344077320449,2.92064819794541,1.0163423011582358,0.6687136927672083,0.5083200387009807,0.34054613449341214,0.4932907965637164,-1.2803025289056267,0
-0.5300515966585438,-0.6759754402248919,0.09695472093402774,-0.37495794871462856,-0.8843542795353352,-0.7419274947157375,-0.004994448920677399,1.1733509169275176,-0.06726857263474478,0.7038101554054602,0.3862343859305273,0.6676556139506036,-0.3137351884836155,-0.9968811412152915,-1.4954082902981902,0.5083200387009807,0.34054613449341214,-0.7390515331272767,0.2489269666715558,0
2.0020427642779217,-0.6851183909481605,-0.4191291839997985,2.0595996407235324,0.15295018972059216,-0.036253371194082,0.43569222055087187,0.6465966638991808,2.9170017158912467,0.7038101554054602,4.512096383237756,2.031145635633252,-0.3137351884836155,1.0163423011582358,0.6687136927672083,0.5083200387009807,0.34054613449341214,-0.7817263963152327,1.9865718440493598,2
0.7532726179102246,-0.5913726078325741,-0.45742927739781447,0.7897825338475475,-0.5272845304367133,0.24020366302536778,-0.004994448920677399,-0.5576927783690661,-0.46154735528702473,0.7038101554054602,-0.23870695658261373,0.6676556139506036,-0.3137351884836155,2.0229540223449995,0.6687136927672083,0.5083200387009807,0.34054613449341214,-0.452236223540389,0.12919332586080354,0
-1.5944577913840823,-0.5991382869802092,-0.7693881353927167,-0.7924568085610841,-1.3681924994687384,0.2929614352857455,1.7577522289655196,-1.4388283857788142,0.921620822734237,-0.005199403431470885,1.3704181692633683,0.6676556139506036,2.92064819794541,-0.9968811412152915,-1.4954082902981902,0.5083200387009807,-1.2888612075803305,-0.7121273895737537,1.3669655912833547,2
-0.2796109835551301,3.1688203002122295,-0.4072979382239209,-0.5518927556235422,1.5631728240390808,-0.07709364687904312,0.8763788900224211,-0.22055794142495408,2.9170017158912467,0.7038101554054602,-0.19504887637001406,0.6676556139506036,-0.3137351884836155,1.0163423011582358,0.6687136927672083,0.5083200387009807,0.34054613449341214,2.259936501693879,-1.9951109094760264,0
1.0151339124215735,-0.01577402933839869,1.2925823592274621,-0.13297312993537896,1.0524230682956062,2.2121868251474655,-0.004994448920677399,0.2552870891703577,-0.3279666962292318,-0.714208962268402,-0.42773655640126745,2.031145635633252,-0.3137351884836155,-0.9968811412152915,0.6687136927672083,0.5083200387009807,0.34054613449341214,-0.09356378684614466,0.1258954588076666,0
-0.601652772788355,-0.6774721921411843,-0.2038215603555631,-1.1579403431723803,-0.7322421348276782,-0.6839325023454325,0.43569222055087187,-1.44328389891832,-0.2883673767347848,-0.714208962268402,0.09088454937396867,-0.6958344077320449,-0.3137351884836155,1.0163423011582358,0.6687136927672083,0.5083200387009807,-1.2888612075803305,-0.3846135178822063,0.610133809825618,1
-0.7149387906587427,-0.4259143881573108,-0.9014136931429293,0.1961764437066267,0.5050399857465993,-0.8631492675581529,1.7577522289655196,0.7781479494872183,-0.8475562684742877,0.7038101554054602,-0.6970247289987596,0.6676556139506036,-0.3137351884836155,3.029565743531763,0.6687136927672083,0.5083200387009807,-1.2888612075803305,-0.3453235083024236,0.11287190568646704,0
-0.5765065483624512,-0.6959909114399668,-0.26615951337688265,-1.195962353297686,-0.7481399722226575,-0.8077982532114074,-0.4456811183922266,-1.1598573869202118,-0.30941649104553104,1.4128197142423913,0.09622255978647297,0.6676556139506036,-0.3137351884836155,0.009730579971472093,0.6687136927672083,0.5083200387009807,-1.2888612075803305,-0.6089232169590758,-0.12603071100667357,0
0.2846070771469009,-0.3499550105314585,-0.3307230738444598,1.355692088656182,-1.143520842431167,0.06001387890695106,-0.004994448920677399,-0.6380617876092571,-0.7969571507478833,1.4128197142423913,-0.6624314921360867,-0.6958344077320449,2.92064819794541,-0.9968811412152915,-1.4954082902981902,-1.9672645653622365,-1.2888612075803305,0.43799229650288807,0.8711763439276216,1
-0.7623284341002371,0.23950558525146437,-0.2704614126010774,-1.1722254989453336,-0.6190865598363311,0.0159331916000311,1.7577522289655196,-1.0636745932287772,-0.43662253237937027,0.7038101554054602,-0.5378226018891883,-0.6958344077320449,-0.3137351884836155,0.009730579971472093,0.6687136927672083,0.5083200387009807,-1.2888612075803305,0.2878207572404137,-0.3177934052259768,0
0.2133884778718101,3.487155443699412,-0.9312796784189956,-0.10401687828154944,0.7226171038802126,-0.4145827781859558,0.8763788900224211,0.7285714848666915,0.40008000503029234,0.7038101554054602,-0.576625292122147,-0.6958344077320449,-0.3137351884836155,0.009730579971472093,-1.4954082902981902,0.5083200387009807,-1.2888612075803305,0.08170361710643022,-0.6272891793812005,0
1.8977763794907565,-0.6959909114399668,-0.6971027581249095,0.7406198433386391,-1.0163284463114552,-0.5986621086916203,-0.4456811183922266,-0.4063743080939478,0.33994266605515666,-0.005199403431470885,1.010693326108195,-0.6958344077320449,-0.3137351884836155,-0.9968811412152915,0.6687136927672083,-1.9672645653622365,-1.2888612075803305,-0.5157244155018404,0.24687482027907756,0
-0.33130160577835155,0.4418923796729796,-0.3285908567870802,-1.0535906829268697,-0.1951798674129274,-0.7282738379289921,-0.8863677878637759,-0.5195077424586156,-0.6022100136763352,1.4128197142423913,-0.6315321026531179,-0.6958344077320449,-0.3137351884836155,1.0163423011582358,0.6687136927672083,0.5083200387009807,1.969953476567155,0.7600604805131237,-0.6511581660179117,0
-0.6157652285449214,-0.29340647947443715,-0.5660179849185363,-0.6754771479623798,1.5631728240390808,-0.3942922616703277,0.8763788900224211,-0.6555998335013035,-0.7146419259961978,-0.005199403431470885,-0.6075659532235287,0.6676556139506036,2.92064819794541,-0.9968811412152915,0.6687136927672083,0.5083200387009807,-1.2888612075803305,-0.6542039784716394,-1.4843279985693107,0
-0.8403664374813395,-0.6959909114399668,-0.022927976586281172,0.4235433429197976,1.0417696958454488,0.8796112333180927,0.8763788900224211,-0.6931078708513445,-0.7976147643000248,-0.714208962268402,-0.5912907280114444,-0.6958344077320449,-0.3137351884836155,1.0163423011582358,0.6687136927672083,0.5083200387009807,0.34054613449341214,-0.597456758483805,-0.823608646775307,0
-1.5944577913840823,-0.23528272250654342,-0.42339968791795524,-0.28551309995198904,-0.07186242449244525,-0.47207562082678867,0.8763788900224211,-0.47284810908002106,1.354529973756852,0.7038101554054602,0.8199136899251531,-0.6958344077320449,-0.3137351884836155,0.009730579971472093,0.6687136927672083,-1.9672645653622365,0.34054613449341214,-0.29492132568757967,-0.1564327970261466,0
-0.388856677442907,1.7050881347525937,-0.3827606063090165,-1.1360331589501136,-1.6649420498828973,0.24802697783401093,-0.4456811183922266,-0.48495529461055287,0.37565523158547415,-0.714208962268402,-0.46998564267417964,-0.6958344077320449,-0.3137351884836155,1.0163423011582358,-1.4954082902981902,0.5083200387009807,-1.2888612075803305,2.572461513651582,1.156019942996503,1
-1.5944577913840823,0.6472245033048554,-0.9264346341837683,0.4730324332251461,-0.41783372879930314,4.348395073842532,0.8763788900224211,1.133904666497503,-0.3000690084357492,-1.4232185211053332,-0.5393133760168363,-0.6958344077320449,-0.3137351884836155,-0.9968811412152915,-1.4954082902981902,0.5083200387009807,0.34054613449341214,0.9494204774156562,-0.3785864389744864,0
0.3353270517195566,-0.06473580081222445,-0.27013835940079817,1.3138935663696423,-0.8301949163088073,-0.957602182821245,-0.4456811183922266,-0.016982283421677697,0.998462918822846,1.4128197142423913,0.3627618642406021,-0.6958344077320449,2.92064819794541,2.0229540223449995,0.6687136927672083,0.5083200387009807,-1.2888612075803305,-0.3711961205605981,1.2180921694921374,1
0.35180206972518147,-0.439881114143195,-0.7473417623520461,-1.5303342160680506,0.9288685276967152,-0.773049906431633,-0.004994448920677399,-0.15049987682277155,-0.7831802481672681,0.7038101554054602,-0.6381664082212632,-0.6958344077320449,-0.3137351884836155,-0.9968811412152915,0.6687136927672083,0.5083200387009807,0.34054613449341214,-0.33166737607880664,-1.3220332181531007,0
-1.5944577913840823,-0.579201157268386,-0.8074734380565761,0.03341564328440046,-0.6168890441942686,-0.8508034326552302,-1.3270544573353251,1.033033100788944,-0.26147429134860806,-0.714208962268402,-0.02632946360026201,0.6676556139506036,-0.3137351884836155,0.009730579971472093,0.6687136927672083,-1.9672645653622365,0.34054613449341214,-0.6567357345004222,1.9845990100147834,2
-1.5371366942159048,1.171044321054899,0.3477141396209261,-0.5891842410977705,-0.4792808155459392,0.038862451484831514,0.43569222055087187,1.256624650001623,0.7491826911443394,-0.714208962268402,-0.3022275515629499,-0.6958344077320449,-0.3137351884836155,-0.9968811412152915,0.6687136927672083,0.5083200387009807,0.34054613449341214,1.047999847358429,0.028853184202785532,0
-1.0638861666325605,-0.6959909114399668,-0.33203712606789115,2.1554366009942365,-0.44987512113462746,-0.09064322789583319,-1.7677411268068743,0.564477889166838,-0.5227708495477311,0.7038101554054602,-0.20423724213379726,-0.6958344077320449,-0.3137351884836155,0.009730579971472093,0.6687136927672083,0.5083200387009807,0.34054613449341214,-0.6292085375395753,1.7243106648439541,2
1.1681449869049796,2.707344322884738,2.6999694186947156,-1.207874368528152,0.9547732121592902,-0.6968071102481758,2.639125567908618,-0.7312047402040915,0.6118077448886279,-0.714208962268402,-0.5056532938113095,0.6676556139506036,-0.3137351884836155,1.0163423011582358,0.6687136927672083,0.5083200387009807,-1.2888612075803305,2.7180028748368548,-0.8077514589169607,0
0.19037710177459194,0.2370169440963125,-0.12885240858446464,0.17064597375833856,-0.7730975273499915,1.390960371907719,-0.004994448920677399,-0.6903612911667393,0.7105486250391401,-0.714208962268402,-0.01317787259154657,0.6676556139506036,-0.3137351884836155,1.0163423011582358,0.6687136927672083,0.5083200387009807,0.34054613449341214,-0.3262728240399504,1.2346078175017947,1
-1.5944577913840823,-0.46396436006486264,-0.22005083847528326,-1.3546206693736171,1.5631728240390808,-0.43500289323279373,-0.8863677878637759,1.0411248485057003,-0.017348536527932824,-1.4232185211053332,0.07662773559014391,-0.6958344077320449,2.92064819794541,1.0163423011582358,0.6687136927672083,0.5083200387009807,0.34054613449341214,0.23963839709845666,-0.6963439194836339,0
0.2535780030927743,0.171963792934717,-0.7270341532722813,-1.3568627632282428,-1.1414212772517869,1.4314169140265443,-0.004994448920677399,1.0798456484271486,0.7825010355812316,1.4128197142423913,0.05803301829299337,-0.6958344077320449,-0.3137351884836155,-0.9968811412152915,0.6687136927672083,-1.9672645653622365,-1.2888612075803305,-0.5168181767258532,0.6795715535907444,1
1.7869491497884844,0.02307734847486988,-0.8479144885976191,1.0736935505145822,-1.0927775309470567,0.8634017342831964,3.079812237380167,-0.8471020720332488,2.9170017158912467,-0.714208962268402,1.3160717251558665,-0.6958344077320449,-0.3137351884836155,-0.9968811412152915,-1.4954082902981902,0.5083200387009807,0.34054613449341214,0.48107614927592085,-0.4159241510696235,0
-0.027587692961282738,-0.6315291305096399,2.642127421305599,-1.2950552006208493,1.466057626385417,0.6212644610603378,-0.004994448920677399,2.243571621169217,1.8331546401738592,1.4128197142423913,2.6270292335068413,-0.6958344077320449,-0.3137351884836155,0.009730579971472093,0.6687136927672083,0.5083200387009807,1.969953476567155,-0.5972194398202184,-2.395244456866269,0
1.6275237815863721,-0.38061413961775686,-0.3641638283092182,-0.7937940769909284,0.9055942945594281,-0.9260130878378333,-0.004994448920677399,-0.29410545809196326,-0.34042983579410757,-1.4232185211053332,-0.2813029610233395,-0.6958344077320449,-0.3137351884836155,-0.9968811412152915,0.6687136927672083,0.5083200387009807,-1.2888612075803305,-0.5106375317266155,-1.180338629043048,0
-1.28441724390389,-0.6959909114399668,0.18996998215511884,0.8921175547759772,0.899682891807379,0.8826750871712995,0.8763788900224211,0.29504092667768833,0.6880673941959159,-0.005199403431470885,1.5009457287074222,0.6676556139506036,-0.3137351884836155,-0.9968811412152915,0.6687136927672083,0.5083200387009807,1.969953476567155,-0.5117794655162388,-0.5301588254919822,0
0.8229217190487633,0.47347453865005906,0.1761244023326887,-0.7367269458033198,0.25648194823254833,0.941465892065065,1.7577522289655196,-1.3502760454523723,0.31451645952281204,1.4128197142423913,-0.2762544565453779,0.6676556139506036,-0.3137351884836155,0.009730579971472093,-1.4954082902981902,0.5083200387009807,0.34054613449341214,1.3253608019003642,-0.03132428488018064,0
-0.09679856238432782,-0.6959909114399668,-0.3699812404051123,1.3584365137939856,1.1954379338618086,-0.621923845770984,-0.8863677878637759,0.6333859346412809,-0.2046537145412901,0.7038101554054602,0.24375647143495335,-0.6958344077320449,-0.3137351884836155,0.009730579971472093,0.6687136927672083,0.5083200387009807,-1.2888612075803305,-0.3496152676604049,-0.25410619850239613,0
-0.8727188567987845,-0.6959909114399668,0.01313505639922266,2.2631319278933253,1.5631728240390808,-0.20872061704836029,-0.4456811183922266,-1.3371734732142155,0.04838374818199905,1.4128197142423913,0.600100660801318,0.6676556139506036,-0.3137351884836155,0.009730579971472093,0.6687136927672083,0.5083200387009807,-1.2888612075803305,-0.8044879702352514,0.09955509646476893,0
-1.4473233939020862,-0.12051146611316109,2.198383373330513,0.6492707750364132,-0.1045917727398358,0.8687114332763054,0.8763788900224211,1.1615954444533862,-0.44677454707762915,-1.4232185211053332,-0.46743070624457617,-0.6958344077320449,-0.3137351884836155,0.009730579971472093,0.6687136927672083,0.5083200387009807,0.34054613449341214,-0.4565936322252826,0.2071836645224129,0
-1.5944577913840823,0.7400945089275651,-0.6988413933860201,-0.6038270979842386,1.2984946871124927,-0.7807384259756995,1.7577522289655196,-1.3605060671436573,-0.8737460822013722,-1.4232185211053332,-0.7421556840787693,-0.6958344077320449,2.92064819794541,2.0229540223449995,0.6687136927672083,0.5083200387009807,0.34054613449341214,2.5555891057625835,-2.366565746124856,0
-0.43803750686624565,0.7417334874783683,4.30873809976195,0.5516584365198208,1.1817441391593615,-0.7999793785148681,-0.4456811183922266,-0.5849649143373307,-0.3964647867905993,-0.714208962268402,-0.5824241330707506,-0.6958344077320449,-0.3137351884836155,-0.9968811412152915,0.6687136927672083,0.5083200387009807,0.34054613449341214,2.008429923331753,-1.7083305749040902,0
-0.8346682298326943,-0.37135891197449533,-0.8847991649048939,-1.3579731099434893,-0.3194880715271252,-0.6679437126052308,0.43569222055087187,1.6684049956772333,0.15086501991930226,0.7038101554054602,0.1142720402473996,-0.6958344077320449,-0.3137351884836155,0.009730579971472093,0.6687136927672083,-1.9672645653622365,0.34054613449341214,-0.14367019719309285,-0.14416187941162545,0
-1.4396124480564116,-0.6266516829199245,-0.16375811850891436,-0.2669405709381889,-1.4259270330925806,1.8880239113799562,0.43569222055087187,-1.788498321347343,-0.6008743859877589,1.4128197142423913,-0.37338393383080476,0.6676556139506036,2.92064819794541,-0.9968811412152915,0.6687136927672083,0.5083200387009807,-1.2888612075803305,-0.371478393413508,-0.27141101080869595,0
0.02900200115060987,-0.15096874673525507,0.23730347532238544,-0.42277827133968926,-2.993426345226943,0.13514477002526948,0.43569222055087187,0.8724659728725968,-0.29737636235640885,0.7038101554054602,-0.363644707699367,-0.6958344077320449,-0.3137351884836155,0.009730579971472093,0.6687136927672083,0.5083200387009807,0.34054613449341214,0.173858068091164,-0.03055706758791966,0
0.4699424324426883,-0.2542925739983509,-0.30178770130177573,-1.3728165546880382,-0.1711060536307987,-0.5514979729142035,-0.8863677878637759,1.1591749420487978,-0.8554477441920484,0.7038101554054602,-0.7139531123628103,0.6676556139506036,-0.3137351884836155,-0.9968811412152915,-1.4954082902981902,0.5083200387009807,1.969953476567155,-0.4523073958268906,-1.0708176824703448,0
-1.5944577913840823,0.2326470206043277,0.35680041362122245,-1.577923973721828,-1.742560862248922,0.25214815293187065,-0.8863677878637759,0.24827837259091295,-0.7651505442574443,1.4128197142423913,-0.6873492080489907,-0.6958344077320449,-0.3137351884836155,1.0163423011582358,0.6687136927672083,0.5083200387009807,-1.2888612075803305,0.2830544399384583,0.43801454102513204,0
0.6161537141711075,-0.14392950522811523,-0.4358314440437896,0.5817305395821011,-2.1472143771553602,-0.459297803058597,1.3170655594939704,0.8259114994948092,-0.75841560433724,-0.005199403431470885,-0.6573370787748398,-0.6958344077320449,-0.3137351884836155,2.0229540223449995,-1.4954082902981902,0.5083200387009807,-1.2888612075803305,-0.19577466751761344,0.7192777861315682,1
0.3731114578060512,-0.02809832287251283,-0.6191630416193444,0.5223553608374564,-0.5368600714534708,3.151787112445329,0.8763788900224211,-0.5166769525110281,0.201043887451926,-0.005199403431470885,-0.12493364030399268,-0.6958344077320449,-0.3137351884836155,-0.9968811412152915,0.6687136927672083,0.5083200387009807,1.969953476567155,-0.6442826676765555,0.995144317346566,1
-1.5944577913840823,1.8218553899859962,0.4211697635226124,-1.364527244193237,0.34642130526501586,-0.3097340796379602,0.43569222055087187,-0.23295316079528702,0.11519778267043117,-0.714208962268402,-0.5366652473482699,0.6676556139506036,-0.3137351884836155,0.009730579971472093,0.6687136927672083,0.5083200387009807,0.34054613449341214,2.134289537425877,-0.8501178686793908,0
0.8305404239881282,0.28582422914032457,-0.46220585344142345,0.2908444444385363,0.17573462866306952,-0.9667141392038822,-1.3270544573353251,-1.5038799221330237,-0.47276043990764155,-0.714208962268402,-0.5608334100358834,0.6676556139506036,-0.3137351884836155,0.009730579971472093,0.6687136927672083,-1.9672645653622365,-1.2888612075803305,-0.09385410466841264,1.2967777918681722,1
0.0932981442764558,-0.6959909114399668,-0.6031722895037213,0.4376283402103083,0.8600682943269204,-0.23097649485757443,0.43569222055087187,0.5629911080495469,-0.7667844681283752,-0.005199403431470885,-0.5478734538300896,-0.6958344077320449,-0.3137351884836155,0.009730579971472093,0.6687136927672083,0.5083200387009807,0.34054613449341214,-0.6210786384533505,-1.6011947557330077,0
-0.8230658431820248,1.4120234814545225,-0.4272287880925824,-0.09836317778794376,0.1446019511064243,-0.8428250900506852,-0.4456811183922266,0.13349069422100018,-0.5849103951071838,1.4128197142423913,-0.6744142728615615,0.6676556139506036,-0.3137351884836155,2.0229540223449995,-1.4954082902981902,0.5083200387009807,0.34054613449341214,1.601052457137193,0.4170131709350649,0
1.7371106409238526,0.078097816076014,-0.6988808376952363,1.7346089059836431,1.5631728240390808,-0.10424613306619157,1.7577522289655196,0.3464005069522261,-0.2821799532096285,-0.714208962268402,-0.4292850445628973,-0.6958344077320449,-0.3137351884836155,-0.9968811412152915,0.6687136927672083,-1.9672645653622365,0.34054613449341214,0.5134710533496838,-1.0601473623258695,0
-0.09345629014495813,0.327956177812153,-0.9631990031200452,0.7622891135155289,1.5631728240390808,-0.8597082461531799,-0.8863677878637759,-0.9851402567429697,0.03444364824824357,-0.005199403431470885,-0.34894080502417324,-0.6958344077320449,-0.3137351884836155,-0.9968811412152915,0.6687136927672083,0.5083200387009807,0.34054613449341214,0.23658694103648206,-0.39031999703876064,0
-0.5378220523062455,-0.6959909114399668,-0.32033338232021014,-0.06598256487434154,-0.29067925081999946,-0.3499698287726506,2.1984388984370686,0.26182293505534215,-0.5981365217445996,-0.005199403431470885,-0.3103721957331895,0.6676556139506036,-0.3137351884836155,0.009730579971472093,0.6687136927672083,0.5083200387009807,-1.2888612075803305,-0.8121175377448774,0.2626563021512968,0
0.2914117779250092,-0.6959909114399668,-0.6977447764268485,-0.4463003838576679,0.991198923967614,-0.6622357277701862,-0.004994448920677399,-0.8313481713756384,-0.8748228544703982,0.7038101554054602,-0.7000202971755709,-0.6958344077320449,-0.3137351884836155,-0.9968811412152915,0.6687136927672083,0.5083200387009807,0.34054613449341214,-0.6201518149112408,-0.7659852230996277,0
0.09763647511489507,-0.43722935819352327,-0.7646184845965043,0.5369356110593345,-0.30922123255937656,-0.6678489233908977,0.43569222055087187,0.5578426707629225,-0.622424850669145,1.4128197142423913,-0.4950803627876229,2.031145635633252,2.92064819794541,-0.9968811412152915,0.6687136927672083,0.5083200387009807,0.34054613449341214,0.6214079150309094,0.8306949794223863,1
-1.5944577913840823,0.22662391389222614,0.4768437650005539,-1.3659848505196552,0.16482503411895677,-0.6319355427798304,0.43569222055087187,-1.5952515570722186,-0.5084600362965048,0.7038101554054602,-0.5688527798623377,0.6676556139506036,-0.3137351884836155,-0.9968811412152915,0.6687136927672083,0.5083200387009807,0.34054613449341214,-0.054205953881998135,-0.009188415972550518,0
0.4126125007667359,-0.38361675877038265,-0.4381005391363057,-1.073023076287156,-0.3418708952018493,2.469211902078164,0.8763788900224211,-0.6330998715673276,-0.510354409143334,-0.005199403431470885,-0.420449623215823,0.6676556139506036,-0.3137351884836155,0.009730579971472093,0.6687136927672083,0.5083200387009807,0.34054613449341214,-0.6554660445150252,0.5222810877987272,1
0.23907513069469705,0.5155313075332275,-0.6982632656759847,1.6424939111471717,-1.7716443319257398,-0.49188141389573686,0.43569222055087187,-0.037255551051828775,-0.8295538828789936,-0.005199403431470885,-0.7235056224469496,-0.6958344077320449,2.92064819794541,0.009730579971472093,0.6687136927672083,0.5083200387009807,0.34054613449341214,0.8710234054159496,0.300026829014554,0
1.0851749486559117,-0.6959909114399668,0.06642955264288568,0.12820350927085936,0.37858395991622584,-0.9672974530171948,0.43569222055087187,0.47681624939311906,-0.6533940751332461,-1.4232185211053332,-0.38818955865141785,3.3946356573159,-0.3137351884836155,0.009730579971472093,-1.4954082902981902,-1.9672645653622365,0.34054613449341214,-0.5557048170906409,0.341190916442024,0
0.2674527288089352,0.491348112691591,-0.9293706733387963,-0.9367782200372495,-0.265925243601441,-0.9044656720675618,0.43569222055087187,1.5839907398614457,0.3855573103356853,-0.005199403431470885,-0.2540778039117769,-0.6958344077320449,-0.3137351884836155,-0.9968811412152915,0.6687136927672083,-1.9672645653622365,0.34054613449341214,0.5032706006686583,-0.18796063810912333,0
-1.2089157661984127,0.9787613168813158,3.7868439012146284,-1.2372355407624214,0.8058557794081462,0.48579692560182897,2.1984388984370686,1.3715583868386392,0.15911731745864702,-1.4232185211053332,-0.436590048258089,-0.6958344077320449,-0.3137351884836155,-0.9968811412152915,0.6687136927672083,0.5083200387009807,-1.2888612075803305,1.006905387973355,-1.2339769761883561,0
0.9421051057137427,-0.29328402391168584,-0.6641484920569869,-0.4751369129127685,0.12238404703630086,-0.6737890777597516,1.3170655594939704,1.3406039541381258,-0.767805256114039,0.7038101554054602,-0.6470236416974577,0.6676556139506036,-0.3137351884836155,3.029565743531763,0.6687136927672083,0.5083200387009807,1.969953476567155,-0.2738831506292891,-0.1489647765725654,0
1.6807265755662741,-0.5754371573359146,-0.8754930681011195,0.7569238443880283,1.5631728240390808,-0.6750696047264196,-0.4456811183922266,0.2042790844053245,0.18656548999155317,-0.005199403431470885,0.4660688253524302,-0.6958344077320449,-0.3137351884836155,0.009730579971472093,0.6687136927672083,0.5083200387009807,-1.2888612075803305,-0.0013360402972711536,0.3665408507555262,0
-1.4975361705408785,0.11524053713123514,-0.5220986672187043,-1.56894531742427,0.1608552013520799,-0.91963920426198,0.43569222055087187,1.0087011088638669,-0.4215133918066243,-0.714208962268402,-0.5087452114403674,-0.6958344077320449,-0.3137351884836155,-0.9968811412152915,-1.4954082902981902,0.5083200387009807,-1.2888612075803305,-0.35932066500216864,-0.839357933288281,0
-0.4501921156289176,-0.02228707101157524,-0.4663033818411249,-0.55190524997517,0.4320881696126693,0.5790088441092233,2.1984388984370686,0.42349684416563743,-0.3890202052441552,-0.714208962268402,-0.46018199807626253,-0.6958344077320449,-0.3137351884836155,1.0163423011582358,0.6687136927672083,0.5083200387009807,0.34054613449341214,0.2920394043376748,-1.0273613145192726,0
0.6703137064961562,1.917196040676792,-0.9672971101679675,-0.9050914312609823,1.5631728240390808,-0.28168166609308903,-0.4456811183922266,-0.9455965162941221,0.30791065749353896,1.4128197142423913,-0.5037546321444022,0.6676556139506036,-0.3137351884836155,-0.9968811412152915,0.6687136927672083,0.5083200387009807,0.34054613449341214,0.8717504084485597,-1.3307468557237165,0
-1.5944577913840823,1.1519022415487923,0.36230404754342577,-0.8340096404117117,0.8569484574459435,0.47570733698219014,-1.3270544573353251,1.0376334009101158,-0.7638075175462515,-1.4232185211053332,-0.7143764345103579,-0.6958344077320449,-0.3137351884836155,-0.9968811412152915,-1.4954082902981902,-1.9672645653622365,0.34054613449341214,1.4745511085245682,-1.7628644705122438,0
0.8093114447448717,0.313271743573335,-0.06290328908276673,-0.6792800092499137,-1.5032338816776984,1.5094272726250115,-0.8863677878637759,-1.1196462930767868,0.9969133102493238,-0.714208962268402,0.07199003775582628,-0.6958344077320449,-0.3137351884836155,-0.9968811412152915,-1.4954082902981902,0.5083200387009807,1.969953476567155,0.8581307999801052,2.164047195315796,2
0.038622797584451925,-0.6959909114399668,0.3127404196888556,0.4094136623942954,-0.2904775575764886,-0.9079081138666858,-0.004994448920677399,0.15954020812559946,-0.28130493747666796,-0.714208962268402,0.1358111197590342,3.3946356573159,-0.3137351884836155,-0.9968811412152915,-1.4954082902981902,-1.9672645653622365,0.34054613449341214,-0.6144675620053157,1.057252826621581,1
-0.019204539254273092,-0.07649682674115325,1.0554622457593366,1.53091985976731,-0.7292828941189197,-0.07074479280077643,0.43569222055087187,0.06492633730737885,-0.7640724858323935,1.4128197142423913,-0.6668985945247632,-0.6958344077320449,-0.3137351884836155,0.009730579971472093,-1.4954082902981902,0.5083200387009807,0.34054613449341214,0.1645529631276243,-1.3239309877964123,0
-0.8044159417157187,-0.6032972992524718,0.7281812999193794,2.263759804432514,1.0855707452519883,1.1100739218099847,-0.004994448920677399,-0.7447364539622304,-0.7623681979603903,0.7038101554054602,-0.5783477032935311,-0.6958344077320449,-0.3137351884836155,1.0163423011582358,0.6687136927672083,0.5083200387009807,0.34054613449341214,-0.019523597606328852,-0.8197311748469162,0
-0.13275236870612175,-0.17211513964334416,-0.09410499058107318,0.47898630549438803,0.2058830844891124,-0.9661834301538739,-0.004994448920677399,0.3849909899095589,2.9170017158912467,1.4128197142423913,1.732089551824274,0.6676556139506036,2.92064819794541,0.009730579971472093,0.6687136927672083,0.5083200387009807,-1.2888612075803305,-0.30484346500804615,1.9178210082484954,2
0.49390834785942794,0.9653789961600235,-0.6635320591209436,0.7844901126822743,-0.7110963768911773,-0.41950019579597037,-0.4456811183922266,1.6171282881353728,-0.4220357469522346,-1.4232185211053332,-0.6084533650272371,-0.6958344077320449,-0.3137351884836155,0.009730579971472093,-1.4954082902981902,0.5083200387009807,0.34054613449341214,0.1222054618758273,1.5240198505042417,2
-0.7720510826244834,-0.6959909114399668,-0.7110062287345978,0.22960281790234402,0.3581275306077993,0.5231679214205448,0.8763788900224211,0.006865755042293531,0.4654353397060532,0.7038101554054602,1.1874204580603867,3.3946356573159,-0.3137351884836155,-0.9968811412152915,-1.4954082902981902,0.5083200387009807,0.34054613449341214,-0.17647158156171683,0.24698680743106222,0
-0.5587003273125932,-0.6191810999798381,-0.954418231652503,-0.45642273675473033,-0.6790134181875991,-0.4720691451242915,-0.004994448920677399,-1.243677953587632,-0.6641853871003559,1.4128197142423913,-0.454940208993009,-0.6958344077320449,-0.3137351884836155,2.0229540223449995,0.6687136927672083,0.5083200387009807,0.34054613449341214,-0.29673495973959585,0.3167619402820616,0
1.2160397295481002,0.188505889958473,-0.8643579374563842,0.302228736468752,-1.85064912809194,1.7576755559556785,-0.004994448920677399,-0.7737372031323483,-0.5879184198271954,-1.4232185211053332,-0.6011402279329153,0.6676556139506036,-0.3137351884836155,0.009730579971472093,0.6687136927672083,0.5083200387009807,0.34054613449341214,-0.23070913088023567,0.6987164986916164,1
-0.2175474177678013,-0.25211610017227415,0.7077748926927956,0.3046641755996214,-1.3983311929861686,-0.37387756960183066,-0.004994448920677399,-0.6449438445056253,-0.6277534086883847,-1.4232185211053332,-0.5529467758972046,-0.6958344077320449,-0.3137351884836155,-0.9968811412152915,-1.4954082902981902,0.5083200387009807,0.34054613449341214,-0.5631029652212403,0.5772503934899603,1
0.08603055607380658,-0.6959909114399668,-0.9103325753086334,-1.3067969982010208,1.2504809403680641,-0.17879383121029155,-0.004994448920677399,0.6635575119863605,-0.8064430981033642,-0.714208962268402,-0.6037233750145758,0.6676556139506036,-0.3137351884836155,-0.9968811412152915,0.6687136927672083,0.5083200387009807,-1.2888612075803305,-0.261283085640496,-0.3861594738547743,0
-0.08015789782126062,-0.6485580950603383,1.4489848921113782,-0.5397207516966341,0.7402557496828909,-0.6780404294265605,-0.8863677878637759,1.750827415149885,0.8013100128338793,-0.714208962268402,1.4291974884848875,-0.6958344077320449,-0.3137351884836155,-0.9968811412152915,0.6687136927672083,0.5083200387009807,1.969953476567155,-0.6775766427806441,0.7576802884996994,1
-1.128354081147235,-0.2498453542604967,-0.012888017113782986,-1.3200215180625965,-0.8659492960579556,1.989717718229432,-1.3270544573353251,-1.7870795742461194,-0.6782866505371877,0.7038101554054602,-0.5891264941501636,-0.6958344077320449,-0.3137351884836155,1.0163423011582358,-1.4954082902981902,0.5083200387009807,0.34054613449341214,0.054306174438118,-0.7390412217894841,0
0.42925084611855974,-0.42696652081937264,-0.2870874270529237,0.9455905181944682,-1.780654757653132,0.9378439232726211,0.8763788900224211,-1.6782078588719567,-0.711493904309535,1.4128197142423913,-0.5771962472721751,-0.6958344077320449,-0.3137351884836155,1.0163423011582358,0.6687136927672083,0.5083200387009807,0.34054613449341214,0.21829896763833215,0.836177834795931,1
-0.401431350801222,1.666323458767042,-0.5296211513975283,-0.3825470689491035,1.114194580574743,-0.16294640837997398,-0.4456811183922266,-1.0338450470203016,-0.7389372729357571,-0.005199403431470885,-0.7163690725113189,-0.6958344077320449,-0.3137351884836155,0.009730579971472093,-1.4954082902981902,0.5083200387009807,1.969953476567155,4.213016138417183,0.15909582348875853,0
0.371478464014433,-0.6959909114399668,-0.9637134089082019,-1.2389311365093885,0.1744704430250487,-0.9518930716336814,-0.004994448920677399,-0.6469432940991293,-0.4352440793610351,-0.714208962268402,-0.08097622127799639,2.031145635633252,2.92064819794541,3.029565743531763,-1.4954082902981902,0.5083200387009807,0.34054613449341214,-0.6371701306226796,-0.1917585278630902,0
-0.35502161910479924,-0.6892698036814805,0.15286904147541028,-0.9354688622117411,-0.7392403800749816,4.2058247461983775,-0.4456811183922266,-0.2908719565925181,-0.6929033423117877,-1.4232185211053332,-0.44843774981568624,-0.6958344077320449,-0.3137351884836155,0.009730579971472093,0.6687136927672083,0.5083200387009807,1.969953476567155,-0.4193048799749122,0.848567461837653,1
0.633557387308168,-0.6931777011101754,-0.8653556804298991,1.234933544608834,0.0326892139128179,-0.33556664496214034,-0.8863677878637759,-1.0416689753278756,0.07396500006791208,-0.005199403431470885,0.6274442394638498,0.6676556139506036,-0.3137351884836155,-0.9968811412152915,0.6687136927672083,-1.9672645653622365,0.34054613449341214,-0.46094779915694967,0.2964412228338491,0
-1.5944577913840823,-0.09976708766006696,0.0046375262733945885,1.8606682025978925,-0.5951250334576387,-0.21952687827930592,-0.8863677878637759,-0.14583049513597976,1.4170741630799768,1.4128197142423913,0.6532680890594456,0.6676556139506036,-0.3137351884836155,0.009730579971472093,-1.4954082902981902,0.5083200387009807,0.34054613449341214,1.259683134094145,-0.12076612168278657,0
0.1954491967640665,-0.49439040027896963,-0.13067394385534842,0.40060466925199056,0.4109824446934423,-0.5695075714684754,-0.4456811183922266,0.07111418076463687,-0.3365331141745451,-0.005199403431470885,-0.19444244709712763,-0.6958344077320449,-0.3137351884836155,0.009730579971472093,0.6687136927672083,0.5083200387009807,0.34054613449341214,-0.4996466430799263,-0.848683451321499,0
0.8625790316941043,-0.3905704358450139,-0.4471367275481374,1.8393350587537938,-0.6522414375515662,-0.20049055519286996,-0.8863677878637759,-0.1821791376515222,0.07883283278964502,1.4128197142423913,0.07612022336747855,0.6676556139506036,-0.3137351884836155,2.0229540223449995,-1.4954082902981902,0.5083200387009807,-1.2888612075803305,-0.3055137688235276,0.9667859501443534,1
2.840404853799769,0.07604411113757721,2.512766640252198,2.3089463084219632,-0.9373816540161566,0.17795868821713126,-0.004994448920677399,-1.459205624227812,0.2647744387436718,0.7038101554054602,-0.14580642148048373,-0.6958344077320449,2.92064819794541,-0.9968811412152915,0.6687136927672083,-1.9672645653622365,0.34054613449341214,0.3536150802597592,0.5958040261226475,1
2.0818658893634954,-0.6959909114399668,0.9311558596957574,1.3557376167423916,0.7169884388470189,-0.18849785649888232,-1.3270544573353251,0.004565914547377007,-0.6758850487499033,0.7038101554054602,-0.419862844003051,-0.6958344077320449,-0.3137351884836155,0.009730579971472093,-1.4954082902981902,0.5083200387009807,0.34054613449341214,-0.64508240787721,-1.6368425361298953,0
0.9071191215309071,1.2012107732797557,-0.8076350350069715,-1.2243801799609764,-0.4125450083544177,0.5290207626864672,-0.004994448920677399,-0.26647237740628876,0.4137674352108413,1.4128197142423913,-0.39833021282386083,0.6676556139506036,2.92064819794541,1.0163423011582358,-1.4954082902981902,0.5083200387009807,0.34054613449341214,2.576954502918038,0.3213016863052592,0
0.016399845941835852,0.02146964099633562,-0.8429580094522704,-1.3206132197584712,-0.30167318749820493,0.38673916802730124,0.43569222055087187,-0.34224181478947135,2.410239243027465,-0.005199403431470885,1.0445179029293044,-0.6958344077320449,-0.3137351884836155,0.009730579971472093,-1.4954082902981902,0.5083200387009807,0.34054613449341214,0.3648527569866493,1.501089918390459,2
-0.005930301905808121,1.6099494080701695,-0.3234623818617666,0.06228149257956513,0.1549862645428515,-0.47636444066988065,-0.004994448920677399,-1.018933085430646,-0.15199257740430036,-0.714208962268402,-0.5810428160712676,-0.6958344077320449,-0.3137351884836155,-0.9968811412152915,-1.4954082902981902,0.5083200387009807,0.34054613449341214,0.10901635397176043,0.5683903128687527,1
-0.25594585354606103,-0.6959909114399668,-0.759835047220818,0.5500194681023411,-0.6861314089373614,-0.9414770441631223,0.8763788900224211,-0.4361125937663821,1.139831633107416,0.7038101554054602,2.137150185419335,0.6676556139506036,-0.3137351884836155,1.0163423011582358,0.6687136927672083,0.5083200387009807,0.34054613449341214,-0.713174107892336,2.1435989955944827,2
-1.5944577913840823,1.9081894725658064,0.999614864683246,-1.0327238881539273,-2.6923160732691147,-0.6656413418652025,1.3170655594939704,-1.0442727382397439,-0.4425794216769809,-0.714208962268402,-0.6582071562882612,0.6676556139506036,-0.3137351884836155,0.009730579971472093,0.6687136927672083,-1.9672645653622365,0.34054613449341214,0.4366270889391661,-0.12389385639320943,0
-0.877275702952124,-0.6441557349041045,-0.39290176971527574,-1.0014625145075857,-0.4436138036889406,0.03919560746997895,-1.3270544573353251,-0.17971187431912358,0.5439886797648815,0.7038101554054602,1.085148019865819,2.031145635633252,-0.3137351884836155,-0.9968811412152915,0.6687136927672083,0.5083200387009807,0.34054613449341214,-0.7475778531438132,0.5993666508670011,1
-1.5944577913840823,3.2132502792526068,-0.44125250576993835,0.41651369857403037,0.5125741721824906,0.46116452920003015,-1.7677411268068743,0.20226959339221695,-0.4229199470905281,0.7038101554054602,-0.6845823931872912,0.6676556139506036,-0.3137351884836155,-0.9968811412152915,-1.4954082902981902,0.5083200387009807,-1.2888612075803305,2.405501607566073,-0.9475851765197515,0
-1.524762221204911,-0.00844313246342277,1.5412254254023452,1.8456918594717993,-0.09892903100380326,-0.4346774186138933,-0.8863677878637759,0.04736393022510579,2.9170017158912467,-0.714208962268402,1.3735708584001645,-0.6958344077320449,-0.3137351884836155,-0.9968811412152915,0.6687136927672083,0.5083200387009807,0.34054613449341214,-0.542700898556455,0.7590611567885959,1
-1.5944577913840823,-0.6959909114399668,1.8124333872530196,-0.35673400168776065,0.06237735749692525,0.04082595624575536,-0.8863677878637759,0.11546383042006761,2.9170017158912467,0.7038101554054602,4.639879329555164,-0.6958344077320449,-0.3137351884836155,-0.9968811412152915,-1.4954082902981902,0.5083200387009807,0.34054613449341214,-0.35697439884809856,1.1068433267033824,1
0.2560009303460065,-0.5389395241034626,2.493746945713912,-0.4628532180353685,1.5631728240390808,-0.45263647532228224,-0.8863677878637759,-1.0139982657737776,-0.38584643977074307,0.7038101554054602,-0.2045539944469437,0.6676556139506036,-0.3137351884836155,1.0163423011582358,0.6687136927672083,0.5083200387009807,-1.2888612075803305,-0.3248284173562837,-0.2524435359602713,0
-0.08244700921104024,-0.269652991906698,-0.4590635590131254,-0.8297532005922034,0.363787390263242,0.2737412520620508,0.8763788900224211,0.5332681052061364,-0.6739358496833442,-0.005199403431470885,-0.5822118077085779,0.6676556139506036,-0.3137351884836155,0.009730579971472093,0.6687136927672083,0.5083200387009807,0.34054613449341214,-0.6027638529185819,-1.377239091754497,0
-0.05951567421971965,-0.6959909114399668,-0.5254179697576925,2.085751574526107,-1.1473857818134825,0.169183550161645,-0.4456811183922266,0.8865203465686983,-0.02820687357892384,0.7038101554054602,0.492240651731009,-0.6958344077320449,6.155031584374436,-0.9968811412152915,0.6687136927672083,0.5083200387009807,0.34054613449341214,-0.3371971318140275,1.0262081130492668,1
1.396902063513321,0.6662901494371386,2.2229276091657804,1.297685349400441,-0.2407298140767842,3.367248115934734,-0.4456811183922266,0.41431623536054885,0.0847797230012474,-0.005199403431470885,-0.407418814364516,-0.6958344077320449,-0.3137351884836155,-0.9968811412152915,0.6687136927672083,0.5083200387009807,-1.2888612075803305,0.04898167207719417,-0.08966068898595504,0
0.012542512530553284,-0.40549806148737483,0.757586833441608,-0.07454195935763096,-1.7180982738863928,1.1650262852381272,1.3170655594939704,-0.2830830376601655,-0.4387864953907572,-0.005199403431470885,-0.34936363843734763,2.031145635633252,-0.3137351884836155,1.0163423011582358,0.6687136927672083,0.5083200387009807,0.34054613449341214,-0.5701286336887191,0.7051513423955699,1
-1.5944577913840823,-0.6959909114399668,2.439494543186359,0.5949442255098222,0.2996120889989094,-0.9394631070032535,-1.3270544573353251,-0.7364942733288672,-0.4959616677516822,-0.714208962268402,-0.16648276873735934,0.6676556139506036,-0.3137351884836155,1.0163423011582358,-1.4954082902981902,0.5083200387009807,0.34054613449341214,-0.6146299107115211,-0.22578494913675873,0
-0.9420441211185259,-0.6959909114399668,0.35400143069231854,0.2258164352593112,-1.3909642593115106,0.9885275458051317,-0.8863677878637759,-0.6920558669533805,-0.127498794103586,-0.005199403431470885,0.35241116344419915,-0.6958344077320449,-0.3137351884836155,1.0163423011582358,0.6687136927672083,0.5083200387009807,0.34054613449341214,-0.4845099757627427,0.09796929641834254,0
-1.116850686474781,-0.3657062574899917,-0.6569143895410766,0.8519914978486246,-0.3225154471614565,0.14794330150197638,0.8763788900224211,-0.24083474331785154,-0.06588298433290077,-0.714208962268402,-0.06778534755588965,-0.6958344077320449,-0.3137351884836155,-0.9968811412152915,0.6687136927672083,0.5083200387009807,-1.2888612075803305,-0.05935349471513581,-0.48964684464438546,0
-0.9178596411076432,-0.5894273013256277,-0.639031211501787,0.4233002053492147,-0.05641044658411473,2.529325077978423,-0.8863677878637759,-0.39309692218051145,-0.47582167883575055,-1.4232185211053332,-0.256760862098101,2.031145635633252,-0.3137351884836155,-0.9968811412152915,-1.4954082902981902,0.5083200387009807,-1.2888612075803305,-0.545323439270782,-0.07366442328189554,0
0.03483520575956,0.677939157248661,-0.7327936999445164,0.0630224207902185,-0.6285807303358542,-0.3628243382102122,-1.3270544573353251,-1.087962207668456,-0.706979995926341,-1.4232185211053332,-0.6839211342310602,-0.6958344077320449,-0.3137351884836155,0.009730579971472093,0.6687136927672083,0.5083200387009807,0.34054613449341214,-0.4526507359493266,-0.0015667418457571433,0
-1.5944577913840823,-0.6238595710819341,-0.12794816315749194,0.357181823834875,0.22243920259399583,-0.9543441025621354,-1.7677411268068743,-1.6367470882420632,-0.6570512239050591,1.4128197142423913,-0.4435812565868348,0.6676556139506036,-0.3137351884836155,0.009730579971472093,0.6687136927672083,0.5083200387009807,0.34054613449341214,-0.347066784112969,0.08059123656016395,0
-0.1492049630758822,-0.6550985062540235,-0.6336049358011365,1.1653298241489491,-0.028499113223940414,0.835728219460202,2.1984388984370686,-0.027214619472373483,-0.32129901985603243,-1.4232185211053332,0.009656115443228154,2.031145635633252,-0.3137351884836155,-0.9968811412152915,-1.4954082902981902,0.5083200387009807,0.34054613449341214,-0.38288262092327724,0.7904660369632255,1
-0.06870348866055322,-0.6959909114399668,0.5173817589642068,-1.2911622726836396,-0.46206492239828195,3.03938348600463,1.7577522289655196,-0.26122004287096606,2.9170017158912467,1.4128197142423913,4.639879329555164,-0.6958344077320449,2.92064819794541,0.009730579971472093,0.6687136927672083,0.5083200387009807,0.34054613449341214,-0.7257353183139994,0.7035637720428544,1
-1.1534611836672184,0.06715462574011676,-0.962948616462786,-0.44210506097826463,-1.424351909684881,-0.30063705053952106,-0.004994448920677399,-1.6936998682521567,-0.5284439089242501,-1.4232185211053332,-0.5546580623949076,-0.6958344077320449,-0.3137351884836155,0.009730579971472093,-1.4954082902981902,0.5083200387009807,0.34054613449341214,0.3999339012429603,1.6587376351189627,2
-1.5944577913840823,-0.6022417902145369,0.7700861513677852,0.06527414162807085,1.5248305092458214,0.26829315283044697,-0.8863677878637759,-0.018580407182871794,-0.5575979062102937,1.4128197142423913,-0.3402040219391624,-0.6958344077320449,-0.3137351884836155,0.009730579971472093,-1.4954082902981902,0.5083200387009807,0.34054613449341214,-0.5154158990787319,-1.2577296187686289,0
0.25265000423601436,-0.6959909114399668,-0.4951731491358867,-0.15008149942420204,0.20741364424980596,0.16505517377975495,-1.7677411268068743,-0.34125312585716033,-0.05052330408012415,-0.005199403431470885,0.46081316960676183,0.6676556139506036,-0.3137351884836155,0.009730579971472093,0.6687136927672083,0.5083200387009807,-1.2888612075803305,-0.44939635574999,0.4751775687505539,0
1.381478166244303,-0.6412270026370167,0.7824184436734631,-0.6606619481175319,1.0104948529528446,-0.4879387538593939,-0.4456811183922266,1.2103541120505712,-0.6084264289899226,-1.4232185211053332,-0.3717803553230994,-0.6958344077320449,-0.3137351884836155,-0.9968811412152915,-1.4954082902981902,0.5083200387009807,0.34054613449341214,-0.7830958670396169,-0.7482563448815204,0
0.5112705251149574,0.33992509621632705,-0.8054986565385779,-0.24704680186086525,-0.6732855477036168,-0.7647862942507029,1.3170655594939704,-0.8437643812601405,-0.6790458829625783,-0.005199403431470885,-0.6556745953226348,-0.6958344077320449,-0.3137351884836155,1.0163423011582358,0.6687136927672083,0.5083200387009807,1.969953476567155,-0.43796808370759227,-0.3979259515394052,0
2.05016226132164,0.9424367451499654,-0.06521494757584906,1.8394255191763993,-0.1678594926571791,-0.6002410777302278,0.8763788900224211,-1.6487011610741638,-0.7936192029370798,-0.714208962268402,-0.719238289082533,0.6676556139506036,-0.3137351884836155,0.009730579971472093,-1.4954082902981902,0.5083200387009807,0.34054613449341214,1.073167463198708,-0.46616507645004907,0
0.8253981215388435,0.41494876876475334,-0.7772093874480076,-1.3188476690875466,1.3200601221588009,-0.6546285357891108,2.639125567908618,0.6565211173506507,-0.5779521730695245,-0.005199403431470885,-0.6195643771384356,3.3946356573159,2.92064819794541,0.009730579971472093,0.6687136927672083,0.5083200387009807,0.34054613449341214,0.1037000769820848,-1.400597280481483,0
1.2383340579952993,0.010754870060395137,-0.27009487159693546,0.7847086411651636,-2.073341796530716,-0.3178648665787178,-0.004994448920677399,-1.174550530262137,-0.14820780979903603,0.7038101554054602,-0.3370292486139983,-0.6958344077320449,-0.3137351884836155,-0.9968811412152915,-1.4954082902981902,-1.9672645653622365,0.34054613449341214,0.5900296334035452,0.5406092885477163,1
-1.5944577913840823,0.3760440780382736,0.778831932201643,-0.9725254945847931,0.6842936475768611,-0.9007292464642828,-0.8863677878637759,-0.9454561221440575,-0.6473960611260653,-1.4232185211053332,-0.6449118352718282,-0.6958344077320449,-0.3137351884836155,1.0163423011582358,0.6687136927672083,0.5083200387009807,0.34054613449341214,-0.5036335352437461,-0.6024986526785583,0
0.4867587465005849,-0.2274807702102685,-0.6625670446585963,-0.9367279831107108,-0.11315512328883634,-0.6701927234435835,-1.3270544573353251,0.11041476644788689,2.1072029031254518,1.4128197142423913,1.3247564580172,-0.6958344077320449,-0.3137351884836155,-0.9968811412152915,0.6687136927672083,-1.9672645653622365,-1.2888612075803305,-0.022394236322323395,0.43712603047251053,0
-0.5665329702652852,0.9557239467001645,-0.37980724522990655,0.07347757388941821,-1.4783293154917132,-0.9548140814568508,-0.4456811183922266,-0.31712652152748827,-0.28002398543762025,1.4128197142423913,-0.565088963031735,-0.6958344077320449,-0.3137351884836155,0.009730579971472093,-1.4954082902981902,0.5083200387009807,0.34054613449341214,0.8593213624475116,-1.113805352875359,0
-0.31451036766875173,-0.6959909114399668,-0.5409461734509979,-0.22894660457004418,1.4979400421339222,-0.5876763105620906,-0.4456811183922266,-0.7745984365839308,0.2438039911881053,-0.714208962268402,0.8753044481390877,-0.6958344077320449,-0.3137351884836155,-0.9968811412152915,0.6687136927672083,0.5083200387009807,0.34054613449341214,-0.818530642670202,-0.03460107713304403,0
0.8896361671339954,0.4233930547375639,-0.3543269418272922,-1.7299920774581994,-0.025097579518559652,-0.3553397936164699,-0.004994448920677399,-1.118381350958756,-0.8761032249024794,-0.714208962268402,-0.740352314062081,2.031145635633252,-0.3137351884836155,0.009730579971472093,0.6687136927672083,0.5083200387009807,0.34054613449341214,0.7649945898942178,-0.2868150855824392,0
-1.3502387931514421,-0.4402786704197391,0.7680533904269852,1.5797968303467584,-0.8067896539748777,0.3041188118247616,0.43569222055087187,-1.4151170093221026,-0.40103864449091703,-0.714208962268402,-0.295434655780367,-0.6958344077320449,-0.3137351884836155,-0.9968811412152915,0.6687136927672083,-1.9672645653622365,-1.2888612075803305,-0.5564658857809585,-0.4219184519733905,0
0.7701329481739166,-0.21421580878229765,-0.46418910979541755,-0.7291873485146069,-0.1508145520478697,0.7212205816851303,0.43569222055087187,0.6041080038414969,0.1217971765317219,-0.005199403431470885,-0.052471273710505105,-0.6958344077320449,-0.3137351884836155,0.009730579971472093,-1.4954082902981902,0.5083200387009807,0.34054613449341214,-0.3057928819611809,-0.34895308559493354,0
0.416587981206922,0.44186617481873053,-0.10898308084297699,-1.02449427836852,-0.5779131734712278,-0.960884642768511,1.7577522289655196,1.4301284038181465,0.01676961149494707,-0.714208962268402,-0.3851932149564358,0.6676556139506036,-0.3137351884836155,-0.9968811412152915,0.6687136927672083,0.5083200387009807,0.34054613449341214,1.4452114412606247,0.5176328949843977,1
-0.8385548876432157,-0.6959909114399668,-0.3428107440300817,-0.7060558100192686,-0.677702009803977,-0.09105353254944527,-1.3270544573353251,0.35022007366981145,-0.12964168272956236,-0.005199403431470885,0.3493934051166072,2.031145635633252,-0.3137351884836155,-0.9968811412152915,0.6687136927672083,0.5083200387009807,0.34054613449341214,-0.7449358316205608,2.4069707649218235,2
2.1002285312103357,-0.6959909114399668,-0.701158539309764,1.0016899715119685,-1.8952565628325562,-0.33029592411807834,-0.8863677878637759,-0.6304081732630075,-0.7194738625502216,1.4128197142423913,-0.481247511522033,0.6676556139506036,-0.3137351884836155,0.009730579971472093,0.6687136927672083,0.5083200387009807,-1.2888612075803305,-0.38459247078840963,0.709977417123868,1
-0.9949307810513035,-0.3741346475966576,-0.7539472983123015,-0.2391231244418293,1.0260809911717448,3.315798474925353,-0.4456811183922266,-1.3678050705179525,2.8796371889859844,-1.4232185211053332,2.354121485674317,-0.6958344077320449,-0.3137351884836155,1.0163423011582358,0.6687136927672083,0.5083200387009807,-1.2888612075803305,-0.3701554933249158,1.0434045566731223,1
-1.4857727894927404,-0.5354437590338783,-0.8462307204640334,-1.4396227407737898,-0.672122161722192,-0.7474568930814228,-0.4456811183922266,0.29909245003063095,-0.6124140665079065,-0.714208962268402,-0.4426410504635486,-0.6958344077320449,2.92064819794541,0.009730579971472093,-1.4954082902981902,0.5083200387009807,0.34054613449341214,-0.21635162741421468,0.045041198191617886,0
-1.5944577913840823,-0.6116477766147472,0.3895426927469104,-0.2546572012305592,-0.012943838609572768,1.3161986471788611,-0.4456811183922266,0.687495578929083,-0.8405755827272892,-0.714208962268402,-0.6682599091608759,-0.6958344077320449,-0.3137351884836155,-0.9968811412152915,-1.4954082902981902,0.5083200387009807,-1.2888612075803305,-0.17234321383265766,-0.9114807803197666,0
0.02603374973091794,-0.6959909114399668,0.9464426019747317,-1.515781425451205,-0.6883938034930043,-0.0858291260334904,-0.4456811183922266,-0.46773960637265083,-0.8576575139540926,-1.4232185211053332,-0.6758469226655301,2.031145635633252,-0.3137351884836155,0.009730579971472093,-1.4954082902981902,0.5083200387009807,0.34054613449341214,0.1097638152489759,-1.3398724122422894,0
1.0882600661701687,-0.6959909114399668,-0.07168038293068218,-1.200928653193079,0.8998261458807552,3.1749478260026414,-0.4456811183922266,-0.8078714968101025,-0.6297441105071107,1.4128197142423913,-0.35488410505358664,0.6676556139506036,-0.3137351884836155,1.0163423011582358,0.6687136927672083,0.5083200387009807,0.34054613449341214,-0.6341562112577235,-1.501346663202669,0
1.1961842676198757,-0.6959909114399668,-0.12838363468064742,1.2687733242228996,0.14314703333691825,0.07218601217057535,-0.4456811183922266,-1.1784824109981544,1.0306333443534321,1.4128197142423913,1.9833698903300454,2.031145635633252,-0.3137351884836155,-0.9968811412152915,-1.4954082902981902,0.5083200387009807,-1.2888612075803305,-0.3093885216122379,2.53063770697772,2
0.0666830264341224,0.7449248137176713,-0.6086069041176244,0.6770171009010425,1.5631728240390808,-0.5956726663941038,-1.3270544573353251,-0.48867754336774266,1.3644708210381395,-0.005199403431470885,0.005662722365538082,-0.6958344077320449,-0.3137351884836155,0.009730579971472093,0.6687136927672083,0.5083200387009807,0.34054613449341214,0.20376360208284125,-0.9575337223290206,0
1.431653839076399,-0.3574366504689268,-0.6123677464243918,-0.1501741893154272,1.258194059542213,-0.8829829828730206,-0.004994448920677399,-1.072161826978379,-0.31429629697683303,-0.714208962268402,-0.2743140431008781,-0.6958344077320449,-0.3137351884836155,0.009730579971472093,0.6687136927672083,0.5083200387009807,-1.2888612075803305,-0.573567013085232,-0.3047681844042646,0
0.8905394977308426,0.8437146664291794,-0.8793873643718026,-0.7039538727631939,0.7591639603348868,-0.4004889818441577,0.43569222055087187,-1.193251648803422,0.35117771531173797,-0.005199403431470885,-0.35392250607583414,-0.6958344077320449,-0.3137351884836155,0.009730579971472093,0.6687136927672083,0.5083200387009807,0.34054613449341214,-0.4025258921055125,-0.18086100826708942,0
-1.4467972277270413,0.1258572503394719,-0.7035499419156188,-0.6029137959836056,-0.03949937188373562,-0.8502961951465765,1.3170655594939704,0.9771304861362267,-0.608889750217792,0.7038101554054602,-0.6039349255890187,-0.6958344077320449,-0.3137351884836155,0.009730579971472093,0.6687136927672083,0.5083200387009807,-1.2888612075803305,0.023859993357311857,0.2980092755575058,0
0.20774846125568092,-0.6162440777848691,-0.7893182083583449,-0.2871092542863949,-1.6320033663409286,5.179158872953049,-0.4456811183922266,-1.6332902133174612,-0.036921623572709956,-1.4232185211053332,0.29331482960668753,-0.6958344077320449,-0.3137351884836155,1.0163423011582358,0.6687136927672083,0.5083200387009807,0.34054613449341214,-0.3281327953609083,1.3205354224208994,2
-0.5074555214482604,-0.04019112957158405,-0.18504977012475762,-1.0591987778534113,1.5631728240390808,-0.7778083897368985,0.43569222055087187,-1.027077175772983,-0.814160061618846,-0.714208962268402,-0.6984586349381527,-0.6958344077320449,-0.3137351884836155,2.0229540223449995,0.6687136927672083,0.5083200387009807,-1.2888612075803305,0.5322963556787904,-0.8202523897666241,0
-0.9788366501412269,-0.5051468877093122,-0.3961267569276091,-0.9501719842326669,0.252569464687864,0.8105347060687864,0.43569222055087187,1.162060857850493,-0.6482479663478238,-0.005199403431470885,-0.49288008894504665,-0.6958344077320449,-0.3137351884836155,0.009730579971472093,0.6687136927672083,0.5083200387009807,0.34054613449341214,0.2366828481951516,-0.4630871331878929,0
0.9043718088430974,-0.4069197215933929,0.5515736329450044,-1.0745148588943496,1.5631728240390808,2.9665026177616074,-1.3270544573353251,-1.289622540851642,0.40104980239149735,1.4128197142423913,0.37042573800571055,-0.6958344077320449,-0.3137351884836155,0.009730579971472093,0.6687136927672083,-1.9672645653622365,0.34054613449341214,-0.5576946116458134,-1.193589828876484,0
-0.36579364956123966,-0.6959909114399668,-0.34743117167003396,1.3597068720429537,-0.8457616282225272,-0.7056396565274939,-0.8863677878637759,-0.05666822145169046,-0.625741841882814,-0.005199403431470885,-0.3492478441094473,-0.6958344077320449,-0.3137351884836155,1.0163423011582358,0.6687136927672083,-1.9672645653622365,-1.2888612075803305,-0.34657563469520597,-0.26770457698502403,0
0.3926540787680493,-0.6959909114399668,0.5660532141316389,-0.9296565463357622,0.12278101913966569,-0.8575702928747376,-0.004994448920677399,0.19593340951343177,0.35321312907920976,-0.005199403431470885,1.0293816750108782,-0.6958344077320449,-0.3137351884836155,2.0229540223449995,0.6687136927672083,0.5083200387009807,0.34054613449341214,-0.729586288747878,-0.8186753138157675,0
1.0370516354903163,4.560385178981722,-0.6308551739514496,1.6570873251394556,0.6592541151523744,-0.5567595572473719,-1.3270544573353251,-1.2614427256561245,-0.6773967417051089,-0.714208962268402,-0.7295535759373676,0.6676556139506036,-0.3137351884836155,-0.9968811412152915,-1.4954082902981902,0.5083200387009807,0.34054613449341214,6.396277024639511,-0.9981384441292542,0
-1.5944577913840823,-0.5575255505592892,-0.9029938672659196,-0.08883539155536183,-1.5228691141873723,1.0267204861554338,-0.4456811183922266,-1.001650197315489,-0.8584704219816376,0.7038101554054602,-0.6955867155349884,-0.6958344077320449,-0.3137351884836155,0.009730579971472093,0.6687136927672083,0.5083200387009807,-1.2888612075803305,-0.3213945952543568,0.21168008721694292,0
-0.27711679252965266,-0.5290081642916429,-0.6672239145723999,0.47346630574617055,0.24493695542096064,0.2823424526152234,-0.4456811183922266,1.811433430817747,-0.5408621446822625,-0.714208962268402,-0.3725026493816319,0.6676556139506036,-0.3137351884836155,0.009730579971472093,0.6687136927672083,0.5083200387009807,0.34054613449341214,-0.712421442348418,0.8173645869289559,1
-1.1135865108888237,-0.6959909114399668,0.7323805457155345,-1.0791598850354684,-0.6020215376672596,0.1055283606298955,-0.004994448920677399,1.0738761918414785,-0.4120242683840156,0.7038101554054602,-0.048276538666593566,-0.6958344077320449,-0.3137351884836155,2.0229540223449995,-1.4954082902981902,-1.9672645653622365,0.34054613449341214,0.01537035588130014,0.7567189777269527,1
0.748396567054823,-0.6959909114399668,0.2312095992810568,-0.6134845207471565,-2.918499415001326,-0.05381969092291116,-0.004994448920677399,0.45223798624368605,-0.7550283950274864,0.7038101554054602,-0.5313177695682337,-0.6958344077320449,-0.3137351884836155,0.009730579971472093,-1.4954082902981902,0.5083200387009807,-1.2888612075803305,-0.7492454820868002,0.7948394208448822,1
-0.3157184838309497,-0.1355045927540768,0.8977172647322875,0.9284046215486733,1.5631728240390808,0.10569252403927008,-0.004994448920677399,-0.6829425226475128,-0.8105595132099638,0.7038101554054602,-0.6907892010407736,-0.6958344077320449,-0.3137351884836155,0.009730579971472093,0.6687136927672083,0.5083200387009807,-1.2888612075803305,-0.21331113719870054,-2.4065306983303016,0
0.6924353869804682,-0.5849566679101403,1.324115125566766,0.3150649520550844,0.3764468614647603,-0.783953316414222,0.8763788900224211,0.44647457773177035,-0.8469958153059218,-1.4232185211053332,-0.6796832282015958,0.6676556139506036,-0.3137351884836155,3.029565743531763,0.6687136927672083,0.5083200387009807,0.34054613449341214,-0.6067221539047644,-0.48596713602642055,0
-1.3725333286673371,0.13095010979590602,0.2665348437859659,-0.5673517434239504,0.9013104640064474,0.5865918497132994,1.3170655594939704,0.9917725029994618,-0.8096556117856385,-0.714208962268402,-0.7039220700678681,-0.6958344077320449,-0.3137351884836155,0.009730579971472093,0.6687136927672083,0.5083200387009807,1.969953476567155,-0.2195081137546137,-1.1635505344812778,0
0.06678926823104529,-0.6959909114399668,2.829189300241146,0.6135970065949164,-0.3563968666835865,-0.8844662855186709,-0.004994448920677399,-0.8156001149591553,-0.7080450072627138,-0.714208962268402,-0.4651526371544926,-0.6958344077320449,-0.3137351884836155,0.009730579971472093,-1.4954082902981902,0.5083200387009807,1.969953476567155,-0.31718590208607866,-0.08876948319108581,0
0.5721417003477525,-0.6560800265959196,-0.9561540840866584,-0.6244081304525064,0.1299956974925736,-0.6184921771666468,0.43569222055087187,0.6806681062988156,2.9170017158912467,-0.714208962268402,4.198717380304525,0.6676556139506036,-0.3137351884836155,1.0163423011582358,0.6687136927672083,-1.9672645653622365,0.34054613449341214,-0.3740672071689513,2.8931658492305536,2
-1.0269120932854279,3.2613664853774407,-0.9417031484316336,0.4736755484826116,1.5631728240390808,-0.3836226726434306,1.7577522289655196,1.1869262022904634,0.1300591484276761,-1.4232185211053332,-0.6061311159291988,0.6676556139506036,-0.3137351884836155,-0.9968811412152915,0.6687136927672083,-1.9672645653622365,0.34054613449341214,1.2382970517557281,-0.04694998894312207,0
-0.2600980511762513,2.1753109710680203,-0.43548857767606797,-0.5380226728007025,-0.16728913340365587,-0.07115734776407075,0.43569222055087187,0.04742081165877988,-0.7650057959985963,-0.005199403431470885,-0.7273690022794576,-0.6958344077320449,-0.3137351884836155,0.009730579971472093,0.6687136927672083,0.5083200387009807,0.34054613449341214,2.364633066462862,1.275592711233719,1
-0.2908030055840344,0.05443199960211668,-0.7264466933888774,-0.4696020416277137,-0.366833990206051,-0.600867996504189,3.079812237380167,-0.1123350060411645,0.7237444544617878,1.4128197142423913,0.10688888928305276,-0.6958344077320449,-0.3137351884836155,1.0163423011582358,-1.4954082902981902,0.5083200387009807,0.34054613449341214,0.2373323426408739,-0.985500511214087,0
0.6185199478898686,-0.2005770779903378,0.3267298686044793,1.5695471004988757,0.19942731919591486,-0.6974783646194578,-1.3270544573353251,0.11439289124637571,0.23747174147121441,0.7038101554054602,0.014740435406550113,-0.6958344077320449,2.92064819794541,1.0163423011582358,-1.4954082902981902,0.5083200387009807,1.969953476567155,0.17929682736394645,-0.9381035721215117,0
-1.5122280630847988,-0.6959909114399668,-0.7549895828056757,0.5971467554734731,0.5267990348428412,-0.9718100510526685,0.43569222055087187,1.55342118079603,-0.7678995103517022,-0.005199403431470885,-0.5494437304717553,0.6676556139506036,-0.3137351884836155,1.0163423011582358,0.6687136927672083,-1.9672645653622365,1.969953476567155,-0.45248778634211456,-0.03373642377958683,0
0.3633313773782533,0.21578389211144805,-0.76518739688791,-0.15723448505805854,1.5631728240390808,2.4113868031062977,-0.004994448920677399,-1.667751672975589,-0.5775546784138836,0.7038101554054602,-0.5994317735159546,-0.6958344077320449,-0.3137351884836155,1.0163423011582358,0.6687136927672083,-1.9672645653622365,-1.2888612075803305,0.5638230998354028,-2.9884382699413856,0
-0.4483666990272551,0.44366541410736343,-0.7935867391898012,0.04375434564205986,0.013197001966894101,-0.3184632026930998,3.079812237380167,0.14556976705392086,-0.7684989484496084,-0.005199403431470885,-0.6977742652078169,3.3946356573159,-0.3137351884836155,-0.9968811412152915,-1.4954082902981902,-1.9672645653622365,0.34054613449341214,0.8840227074532327,0.2656523280340643,0
-1.5944577913840823,-0.5825584843176366,3.735484744186886,-1.2914429567922046,1.5631728240390808,2.252143667561715,-0.4456811183922266,-1.1080619204774278,-0.04610194258369375,1.4128197142423913,0.22007733632980392,2.031145635633252,-0.3137351884836155,-0.9968811412152915,0.6687136927672083,0.5083200387009807,0.34054613449341214,-0.1847205475681067,-1.0870378523741095,0
-0.08944757204759708,-0.6959909114399668,3.9016730597892537,-0.7762955995224876,-1.1179896763565722,-0.05751686298132799,0.43569222055087187,0.03187926711332955,-0.8446687559133204,-1.4232185211053332,-0.6575552894618873,0.6676556139506036,-0.3137351884836155,1.0163423011582358,0.6687136927672083,0.5083200387009807,-1.2888612075803305,-0.6074572881404461,0.9893233216869909,1
1.1740313850381217,4.2990401883904354,-0.8178074597524868,-0.7997074892357809,-0.8051828072814077,2.828745837053846,1.3170655594939704,-1.2327552291969213,-0.7146610944102335,-1.4232185211053332,-0.7326156604951244,0.6676556139506036,-0.3137351884836155,1.0163423011582358,0.6687136927672083,0.5083200387009807,0.34054613449341214,0.1618900112278647,0.5374928160651312,1
-0.3071419280929561,-0.312550733526346,0.16936683020288892,-0.7812583645168725,0.07297990438379559,-0.6846515595915224,1.7577522289655196,0.7017519832728977,2.0531663945084646,-0.714208962268402,1.496560007793826,-0.6958344077320449,-0.3137351884836155,-0.9968811412152915,-1.4954082902981902,0.5083200387009807,-1.2888612075803305,0.31960989021808484,0.10460803939051799,0
-0.39404511632203676,-0.0007102264857480452,0.1931763587894859,0.48123328262153564,-1.4478129954926682,-0.7434627341484421,0.43569222055087187,-0.05660234268728372,0.012532224693497516,-0.714208962268402,-0.2441019019826791,2.031145635633252,-0.3137351884836155,0.009730579971472093,-1.4954082902981902,0.5083200387009807,0.34054613449341214,0.7865003051675757,0.6116632440299172,1
-1.5289782359741761,1.505322728325942,-0.833149431435292,-0.25420411040747365,-2.468815946252997,1.330026683886395,3.079812237380167,-0.35870620360246636,-0.5647554883612654,1.4128197142423913,-0.6724778078826247,-0.6958344077320449,-0.3137351884836155,0.009730579971472093,0.6687136927672083,0.5083200387009807,-1.2888612075803305,1.364439247015773,0.2055611397811485,0
-0.6567521954247028,2.1129356439353812,0.6507933653442832,-1.0175452354706287,0.06127362030596232,3.8203564765084765,-1.3270544573353251,-0.36525674771942984,-0.4066402957042364,1.4128197142423913,-0.6573758540818218,2.031145635633252,-0.3137351884836155,0.009730579971472093,0.6687136927672083,0.5083200387009807,-1.2888612075803305,1.4252196301758782,1.2614202984265979,1
-1.4895549115276736,-0.016292154848097352,-0.04140463034876084,1.032112498146243,-0.2600218806716908,-0.8885717330459849,-0.8863677878637759,0.403001308056961,-0.7345673344590996,0.7038101554054602,-0.6551308870971277,-0.6958344077320449,-0.3137351884836155,2.0229540223449995,0.6687136927672083,-1.9672645653622365,-1.2888612075803305,0.6055197421293623,-1.722668919554613,0
-1.1700988264884062,-0.6959909114399668,-0.23893455587351542,0.9035774538638565,-1.7606373299221334,-0.47597005129708736,-0.8863677878637759,0.584530219552148,-0.6639007544295666,-0.005199403431470885,-0.4029857634366118,0.6676556139506036,-0.3137351884836155,0.009730579971472093,-1.4954082902981902,-1.9672645653622365,0.34054613449341214,-0.643684533838084,0.6541130229031417,1
0.059259750358579596,2.0436175196156494,-0.6340234717580977,-0.843899580042617,0.40846819391506395,0.27944732056278754,-0.4456811183922266,-1.09141781406024,1.2763122586308482,-0.005199403431470885,-0.3219981353791627,-0.6958344077320449,-0.3137351884836155,0.009730579971472093,0.6687136927672083,-1.9672645653622365,0.34054613449341214,3.9088605789521362,0.5786139662487176,1
1.3994331266780131,-0.46578045263289963,-0.4000132376680191,-0.005609256641031319,0.5819585063563726,1.6406988459146101,-0.8863677878637759,-0.624186966835508,-0.31491008763786515,0.7038101554054602,-0.1979962948118382,-0.6958344077320449,-0.3137351884836155,-0.9968811412152915,0.6687136927672083,0.5083200387009807,0.34054613449341214,-0.0760549175621302,-0.3114126031006001,0
1.088972201644253,-0.6959909114399668,2.4534490773182793,0.5934925565902899,1.455898747747757,-0.95222607984318,1.3170655594939704,-1.5354718296355505,-0.8139859305579384,0.7038101554054602,-0.6143456934951042,-0.6958344077320449,-0.3137351884836155,-0.9968811412152915,-1.4954082902981902,0.5083200387009807,0.34054613449341214,-0.4347370946767217,-1.7610111357723135,0
-1.586516668838933,-0.31751368217671794,-0.8745884943992769,-0.12329990663881536,1.5631728240390808,-0.21909238646310092,-0.8863677878637759,0.7975786545242747,-0.3046020727581935,1.4128197142423913,-0.2901631057370602,-0.6958344077320449,2.92064819794541,-0.9968811412152915,0.6687136927672083,0.5083200387009807,0.34054613449341214,-0.5302794704188487,-0.9382053960499928,0
-0.4897880093623789,0.1186839399615607,-0.7542722358131719,0.59725586283292,1.1405028411850866,0.5657535742673512,-1.3270544573353251,-0.321022850756202,0.0815807906451247,1.4128197142423913,-0.25796435343884255,0.6676556139506036,-0.3137351884836155,0.009730579971472093,0.6687136927672083,-1.9672645653622365,0.34054613449341214,-0.1728977882240286,-1.0415422913324852,0
1.0967126344254983,1.1297455412428143,0.941947725478295,1.1994008279299722,-1.2648331042106902,1.0605443969732873,-0.8863677878637759,0.7055792383486605,-0.8400747478388265,-0.714208962268402,-0.7351436168713803,0.6676556139506036,-0.3137351884836155,-0.9968811412152915,0.6687136927672083,0.5083200387009807,1.969953476567155,-0.07365603947714819,0.30406793241361896,0
-0.024597515540421337,1.970807114522846,-0.5974614993544441,1.3864285613180747,0.25767811308341604,0.09339140548561625,-0.004994448920677399,-0.6050156107625354,-0.6808506509774238,0.7038101554054602,-0.7084509190253824,0.6676556139506036,-0.3137351884836155,0.009730579971472093,0.6687136927672083,-1.9672645653622365,-1.2888612075803305,1.653450770605639,0.5543527531792328,1
0.4488491573607399,-0.573027782438303,-0.7852031205826705,0.45269066351439335,1.0644727522033173,-0.5394393624177097,0.43569222055087187,0.81552486204451,-0.14732691488944916,0.7038101554054602,0.09193074438447772,0.6676556139506036,-0.3137351884836155,-0.9968811412152915,0.6687136927672083,0.5083200387009807,0.34054613449341214,-0.6811081496161179,-0.6187259811375865,0
-0.3082967740079992,1.6571936514714427,-0.6583721633731566,-0.7504206836055121,0.9555220286833065,0.25311763377574437,-1.3270544573353251,-0.4020722392799327,1.1909618190381166,-0.005199403431470885,-0.28139383998277007,-0.6958344077320449,-0.3137351884836155,-0.9968811412152915,-1.4954082902981902,0.5083200387009807,0.34054613449341214,0.03314514525522713,-1.857801677891064,0
0.734383319854556,-0.5776327465979998,0.7874307516807308,1.082156555777562,-1.3493561067924345,-0.9573154256794428,-0.8863677878637759,1.2365840811616977,-0.06366241486736081,-0.714208962268402,0.1920296373402722,-0.6958344077320449,-0.3137351884836155,1.0163423011582358,-1.4954082902981902,0.5083200387009807,0.34054613449341214,-0.2983877180796561,0.2503888114181402,0
1.5440256335749791,-0.35408104044492306,0.18053742125391942,-0.9514405393500945,0.4917200164542986,-0.9216084963728406,-1.3270544573353251,1.4477888342132073,0.3989401897828483,-0.005199403431470885,0.2934273675599116,-0.6958344077320449,-0.3137351884836155,-0.9968811412152915,0.6687136927672083,0.5083200387009807,-1.2888612075803305,-0.5054440244839264,0.2231743814066738,0
0.056460566318003676,0.08436837720146592,-0.6388319752444584,-1.4692905435752723,-0.3378174393698807,0.45428648483723405,0.43569222055087187,0.029291032014685615,-0.7894465496795915,0.7038101554054602,-0.6915729386484218,2.031145635633252,-0.3137351884836155,-0.9968811412152915,-1.4954082902981902,-1.9672645653622365,-1.2888612075803305,0.13011576435803654,-0.96480651030284,0
0.8703947623409104,-0.07838179090927774,0.27258180099605706,-0.5041838362299202,-0.0977243005356817,-0.6149923357785206,1.3170655594939704,-0.9060436404830019,-0.5879655472324773,1.4128197142423913,-0.5624458135479387,0.6676556139506036,-0.3137351884836155,1.0163423011582358,0.6687136927672083,-1.9672645653622365,0.34054613449341214,-0.6572022395305189,-0.457465262183836,0
0.06209025931303554,-0.6959909114399668,0.2614152051973741,0.9936640718739498,-1.6265207525259031,0.955916040475841,-1.7677411268068743,-1.613733812979061,0.8070971542381209,1.4128197142423913,1.6685713557439066,0.6676556139506036,-0.3137351884836155,-0.9968811412152915,0.6687136927672083,0.5083200387009807,1.969953476567155,-0.39761025597373567,1.5855413745846676,2
-1.23409377908035,-0.6688073900114851,-0.732309080639243,0.23306142770963376,-0.11772389209192158,-0.48406268589128715,-1.3270544573353251,-0.22238657517202362,-0.5540830153426103,0.7038101554054602,-0.277348768253277,-0.6958344077320449,-0.3137351884836155,-0.9968811412152915,0.6687136927672083,-1.9672645653622365,-1.2888612075803305,-0.7369321672493746,0.2826909245844417,0
-0.6202676843766065,-0.6857461105348808,-0.6592807172709881,-0.7011112724696024,0.12923998860958585,-0.7167175539097353,-0.4456811183922266,0.9362032067101581,0.10389592749384655,1.4128197142423913,0.6462314648442267,-0.6958344077320449,-0.3137351884836155,0.009730579971472093,-1.4954082902981902,-1.9672645653622365,0.34054613449341214,-0.6242225750320308,0.1753824624990151,0
-0.2402023106822743,0.21742172914661237,-0.6738879087563115,-0.2377432275130803,-0.04055011029139483,1.2414087196638917,-0.4456811183922266,-1.1612832846575065,2.9170017158912467,-0.714208962268402,1.0203589065102041,-0.6958344077320449,-0.3137351884836155,0.009730579971472093,0.6687136927672083,0.5083200387009807,0.34054613449341214,0.7882051469574846,0.7075426847233652,1
-0.3386440192455435,-0.6940715431442487,-0.38983577585998996,-1.48608647058442,-1.150639841351426,-0.8153819262247088,1.7577522289655196,0.7481029169110337,-0.5095399471351564,1.4128197142423913,-0.1880357907063516,-0.6958344077320449,-0.3137351884836155,-0.9968811412152915,0.6687136927672083,0.5083200387009807,0.34054613449341214,-0.5702943907793017,-0.18669559481032108,0
0.8993595741461275,0.6313046887046573,-0.7134527816249858,-1.1662178047706453,1.4224178209619986,0.3234542154749261,-1.3270544573353251,1.8148844501736732,0.9154795624715597,1.4128197142423913,-0.10523177363583619,0.6676556139506036,-0.3137351884836155,2.0229540223449995,0.6687136927672083,-1.9672645653622365,0.34054613449341214,1.1780425509628285,-0.6981208726354009,0
-1.5944577913840823,-0.6959909114399668,-0.3966321564269443,-0.7400801674028409,-2.33485986812393,-0.9042281060508028,-1.3270544573353251,-1.1701065123384402,-0.5541788359360488,-0.714208962268402,-0.24846805811148523,-0.6958344077320449,-0.3137351884836155,0.009730579971472093,0.6687136927672083,0.5083200387009807,0.34054613449341214,-0.3531721686804518,0.9209397665902231,1
-1.0202600952801317,-0.6959909114399668,-0.8155220702041442,1.0321660424336707,0.20499022220874547,-0.3709650409571387,-1.3270544573353251,-0.6904910005615956,1.5109328668914082,0.7038101554054602,2.659759631872038,-0.6958344077320449,-0.3137351884836155,-0.9968811412152915,0.6687136927672083,-1.9672645653622365,0.34054613449341214,-0.5519975766133738,0.4634242979994709,0
1.885650172396038,-0.6959909114399668,-0.8946517603546723,1.3242266577851283,-0.5529946449500519,-0.9518638136441474,-0.004994448920677399,1.3302703381002638,2.9170017158912467,-0.714208962268402,4.639879329555164,-0.6958344077320449,-0.3137351884836155,1.0163423011582358,0.6687136927672083,0.5083200387009807,0.34054613449341214,-0.3967961727824161,2.3684517381923484,2
-0.8543996513360996,-0.6959909114399668,0.4428935575932487,0.294651582091206,-0.8911529661814566,0.015847984450648205,-0.4456811183922266,-1.3069842524305777,-0.5011058842366741,1.4128197142423913,-0.17372719663171488,0.6676556139506036,-0.3137351884836155,0.009730579971472093,-1.4954082902981902,-1.9672645653622365,0.34054613449341214,-0.508891730531461,0.8004214303310988,1
0.1649465732910514,0.0044514020305271036,-0.3918835723642204,0.817106603358824,0.9745620823614891,2.4565610864860337,2.639125567908618,1.0119040837268423,-0.6026293150704345,-1.4232185211053332,-0.5844457076321855,0.6676556139506036,-0.3137351884836155,-0.9968811412152915,0.6687136927672083,-1.9672645653622365,-1.2888612075803305,0.5454041867697944,-0.5616480722201265,0
-0.39263434310142314,-0.6959909114399668,-0.3633033059048867,-0.030622999576344612,0.5332583886306667,-0.314570652156699,2.1984388984370686,-0.15448476868080732,0.22960963183433486,-0.714208962268402,0.8553150069588878,-0.6958344077320449,-0.3137351884836155,0.009730579971472093,0.6687136927672083,0.5083200387009807,1.969953476567155,-0.30317015182652646,-0.09068900240936677,0
0.46430351609502524,-0.09645209662597558,1.194350351898874,1.673172730812967,0.7448199058623902,-0.45766164161759404,1.3170655594939704,1.924127873152785,2.9170017158912467,-1.4232185211053332,1.5524303916152737,-0.6958344077320449,-0.3137351884836155,-0.9968811412152915,-1.4954082902981902,0.5083200387009807,0.34054613449341214,0.4375156168383494,-0.4639284269358614,0
1.3460537299227369,0.3924561237573509,-0.017972058854311652,0.11027663163319917,-2.364454443400642,3.404710131135835,-0.004994448920677399,0.6809079011846242,-0.8219785853109332,-0.714208962268402,-0.7178090007739876,0.6676556139506036,-0.3137351884836155,0.009730579971472093,-1.4954082902981902,-1.9672645653622365,-1.2888612075803305,-0.22173797430193076,0.46520129680996913,0
-0.48512980605384043,0.15440454151823943,1.546074873287365,-1.0641502824049849,0.2510501787298309,0.2908246076976984,-0.004994448920677399,1.5518586106141854,0.0589697888505828,-1.4232185211053332,-0.282648065461001,-0.6958344077320449,-0.3137351884836155,-0.9968811412152915,0.6687136927672083,0.5083200387009807,0.34054613449341214,0.04481008479214467,-0.37617756194726987,0
-0.883668094942576,-0.4738645740759607,-0.3641982518864542,-1.5631664010497996,-0.33749220816478975,-0.9341189495470476,-0.4456811183922266,-1.0779389315168677,0.028429337918038408,-0.714208962268402,0.13202690467943298,0.6676556139506036,-0.3137351884836155,0.009730579971472093,-1.4954082902981902,0.5083200387009807,1.969953476567155,-0.11379965893211609,-1.109890936717609,0
0.6244583383328581,0.07904769822561096,0.13388933998773112,0.21915685411255217,-0.07894743902679274,-0.08357115441422769,2.1984388984370686,0.229797821036885,-0.7906324386260624,-0.714208962268402,-0.6919055960080824,0.6676556139506036,-0.3137351884836155,-0.9968811412152915,0.6687136927672083,-1.9672645653622365,-1.2888612075803305,-0.4670170079526843,-0.6068126115655843,0
0.26788900145359557,-0.4732319387889936,-0.9160143833700352,0.05144938425158946,0.36268818770647254,-0.9510903411093624,-0.8863677878637759,-0.27098048640261796,0.1029670978439345,-0.005199403431470885,0.2013101841155225,-0.6958344077320449,-0.3137351884836155,-0.9968811412152915,0.6687136927672083,-1.9672645653622365,0.34054613449341214,-0.10919625489587449,0.53998587044582,1
1.5376007895272528,0.5418131704755001,-0.14954806950459623,1.2231440065855652,0.31317396238586254,0.14048823865746404,1.7577522289655196,2.105614232587509,-0.3608918590789392,1.4128197142423913,-0.5485506613652579,-0.6958344077320449,-0.3137351884836155,-0.9968811412152915,0.6687136927672083,0.5083200387009807,0.34054613449341214,-0.1255653746490081,-0.5004538709776147,0
-0.9080871827918949,0.3108699466570867,-0.3704933336448162,0.5730998473786135,-0.1847868737957755,0.056364435274062694,1.7577522289655196,0.3916840644047016,-0.7328825659707565,-0.714208962268402,-0.6770300706705603,0.6676556139506036,-0.3137351884836155,0.009730579971472093,0.6687136927672083,0.5083200387009807,-1.2888612075803305,0.37681535920232123,0.6041113293679465,1
1.143766474420853,0.054204058621229324,-0.8509066941250034,-1.6258986846388326,1.5631728240390808,3.0124822721890823,-0.004994448920677399,-0.7819590591771892,-0.8440158371254453,0.7038101554054602,-0.7186989182578857,-0.6958344077320449,-0.3137351884836155,-0.9968811412152915,0.6687136927672083,0.5083200387009807,0.34054613449341214,0.5333325883729881,-0.5585755327364365,0
-1.170383674462248,0.2381952115226995,0.4021536003786033,-1.6385879018917922,0.005360157261843206,-0.3035538726679595,-0.004994448920677399,-1.3276822301306375,-0.4373791012170384,1.4128197142423913,-0.5379614556018948,0.6676556139506036,-0.3137351884836155,1.0163423011582358,0.6687136927672083,0.5083200387009807,0.34054613449341214,-0.30616155616969604,-0.6091783840851328,0
0.30617853004644796,-0.6959909114399668,-0.6882321948129558,1.1309293001312806,1.5631728240390808,-0.9361538092420364,-1.7677411268068743,0.2673285756170758,0.4146477848885439,-0.714208962268402,1.1158980445151,-0.6958344077320449,-0.3137351884836155,-0.9968811412152915,0.6687136927672083,0.5083200387009807,-1.2888612075803305,-0.5804621844530234,-0.48485228300288663,0
-0.33386539705396456,1.644348699445069,-0.2664265895856978,-0.4644642031212038,-0.5425378562535365,-0.33697430474969003,-0.4456811183922266,-0.9601141497564062,-0.0018352611637200648,-0.005199403431470885,-0.5492089044671751,-0.6958344077320449,-0.3137351884836155,2.0229540223449995,0.6687136927672083,0.5083200387009807,-1.2888612075803305,0.6174421710706877,-1.015180214774684,0
1.0508385300224634,-0.6959909114399668,-0.9629483967151665,-1.0778883594821314,0.5549302188604168,-0.768660163314018,-0.8863677878637759,1.2128499316989498,-0.03399197855590756,-0.714208962268402,0.48409368202448416,-0.6958344077320449,-0.3137351884836155,0.009730579971472093,0.6687136927672083,0.5083200387009807,-1.2888612075803305,-0.025158153298325336,-0.5174462706404542,0
-1.4198703765706406,7.384185580365997,0.1673047123586889,-1.1241091377701822,1.5631728240390808,0.9199883467763371,-0.8863677878637759,-1.350844161720849,-0.4004780481753415,-0.714208962268402,-0.7177415981956866,-0.6958344077320449,-0.3137351884836155,1.0163423011582358,-1.4954082902981902,0.5083200387009807,0.34054613449341214,6.963103661036909,-0.7227192292899283,0
-0.09755851698979863,0.010741172634585685,0.35834804126679903,-0.7656808971251862,0.10051630369471756,-0.342668474628671,-0.8863677878637759,0.5350292088158825,-0.4373557451344758,-1.4232185211053332,-0.49505199199272953,-0.6958344077320449,-0.3137351884836155,1.0163423011582358,0.6687136927672083,0.5083200387009807,-1.2888612075803305,0.7272335622724967,-0.6466461713642393,0
1.655213145592521,-0.45593047171902873,-0.4078677211625913,-0.8730064050159203,0.768905575009063,-0.6219648060441446,-0.004994448920677399,-0.02166039707833995,-0.5067807855499817,-0.714208962268402,-0.3819411272721036,-0.6958344077320449,-0.3137351884836155,-0.9968811412152915,0.6687136927672083,0.5083200387009807,0.34054613449341214,0.2892775522905068,0.3602450632162326,0
-0.17847336189987345,1.8419403706283968,0.20972148483886682,0.13779498546191338,-0.5551987911541626,-0.7820894996260787,0.8763788900224211,-0.0979850205525619,-0.6868133319410143,-0.005199403431470885,-0.7076688405342312,0.6676556139506036,-0.3137351884836155,-0.9968811412152915,-1.4954082902981902,0.5083200387009807,1.969953476567155,3.0971411233984245,-0.3726061490474985,0
-0.5299265860476448,-0.03519857483898549,-0.4100409466582835,1.5147526038369612,-2.8679788238677077,0.7989567997988591,-0.8863677878637759,0.9062346571490384,0.2996187215516594,-0.005199403431470885,-0.06478909444747949,-0.6958344077320449,-0.3137351884836155,-0.9968811412152915,-1.4954082902981902,0.5083200387009807,-1.2888612075803305,-0.428411741944306,0.6725088153250964,1
1.6739891142903491,-0.3155018080104502,0.5885049326178586,-0.20389476132814816,-0.8131012394648772,-0.26878210433174465,-0.4456811183922266,0.662089790739586,-0.6812761083771864,0.7038101554054602,-0.5782000229179675,0.6676556139506036,-0.3137351884836155,-0.9968811412152915,0.6687136927672083,0.5083200387009807,-1.2888612075803305,-0.33357966128458394,1.0424739081771683,1
-1.014573116936246,-0.6959909114399668,-0.6484722287980366,0.7412943120577967,-1.525514120400118,-0.8908581000254209,-0.8863677878637759,1.8687961495210705,-0.42527555186214544,-1.4232185211053332,-0.06693787765670932,0.6676556139506036,-0.3137351884836155,-0.9968811412152915,0.6687136927672083,0.5083200387009807,1.969953476567155,-0.8399482325438343,1.3261770747085548,2
-0.9378897092109632,-0.6959909114399668,-0.3985836225006413,-0.042160651296642836,1.1443749226387834,0.030970285561959562,0.43569222055087187,-1.59878849381288,-0.6787666276540294,1.4128197142423913,-0.4239208751247468,0.6676556139506036,-0.3137351884836155,0.009730579971472093,0.6687136927672083,0.5083200387009807,0.34054613449341214,-0.802173099388006,0.5385711955289687,1
-0.1361747474805682,1.7488959056633897,-0.9024288371227542,-1.3625600701773672,-0.5918894727558511,-0.9695065365611063,-0.4456811183922266,2.0873416444047326,2.9170017158912467,-0.005199403431470885,0.08015538139576912,-0.6958344077320449,-0.3137351884836155,0.009730579971472093,0.6687136927672083,0.5083200387009807,0.34054613449341214,2.675665933275794,0.030624341721649042,0
-1.5944577913840823,0.9687386856567061,2.80603848930408,-0.260998356253446,-0.3798766233630121,-0.2771728990766446,-0.4456811183922266,0.03809907766373409,-0.6147885583791474,1.4128197142423913,-0.6662699196354821,-0.6958344077320449,-0.3137351884836155,0.009730579971472093,-1.4954082902981902,0.5083200387009807,-1.2888612075803305,1.3053291391035218,-0.9078939943982298,0
-0.33796554841698556,3.8694937358808748,-0.09082898253370976,-0.5318764489066258,1.0764957224228053,-0.8407895563193499,-1.3270544573353251,-0.9048480158069091,-0.82171980078058,-1.4232185211053332,-0.7441095477220525,2.031145635633252,-0.3137351884836155,2.0229540223449995,0.6687136927672083,0.5083200387009807,0.34054613449341214,3.01372725805468,0.6463398685833123,1
-0.18786928309057166,-0.656648032607534,-0.385264036650865,0.29500305336847155,0.05263405669307914,-0.12868185192472428,-0.004994448920677399,1.114674403616912,2.9170017158912467,1.4128197142423913,4.204489301020528,-0.6958344077320449,-0.3137351884836155,-0.9968811412152915,-1.4954082902981902,0.5083200387009807,1.969953476567155,-0.5257580937685958,2.248921846689318,2
0.5703123633956458,-0.4798466095523093,-0.19825774602724502,-0.5872732337772273,0.20113756656389356,-0.4599327080770477,2.1984388984370686,-1.1179231591443408,-0.7755672220491417,-0.005199403431470885,-0.6238581112517214,-0.6958344077320449,-0.3137351884836155,0.009730579971472093,-1.4954082902981902,-1.9672645653622365,0.34054613449341214,-0.5129079872714847,-1.715102758118285,0
0.8047139357894523,-0.56168834332494,-0.905880493887565,-0.8964103937162761,1.2511424418750707,-0.9515844558784818,1.7577522289655196,0.4422059220366213,0.6612806398422179,0.7038101554054602,0.9516256788924073,-0.6958344077320449,-0.3137351884836155,0.009730579971472093,0.6687136927672083,0.5083200387009807,0.34054613449341214,-0.1583887530196032,-0.016494955292458577,0
0.7346589549357975,-0.6482551182701612,1.102294168273115,-0.47096049573609033,-1.1096824934180831,0.2053199257407559,-0.004994448920677399,-0.9184158331628944,-0.06737331851879612,1.4128197142423913,0.32227099847577234,-0.6958344077320449,-0.3137351884836155,2.0229540223449995,-1.4954082902981902,-1.9672645653622365,-1.2888612075803305,-0.5930549067645461,1.0116562367616502,1
0.37305087357630845,-0.6959909114399668,0.9314110384109572,0.10268364946856023,1.5631728240390808,-0.8109000187045466,-0.8863677878637759,1.0271359031913887,-0.5736688524201228,1.4128197142423913,-0.27591519597798103,0.6676556139506036,-0.3137351884836155,1.0163423011582358,-1.4954082902981902,0.5083200387009807,0.34054613449341214,-0.4038316036490355,-1.5516079030622931,0
0.3488603863142715,0.9481713168947434,0.6120217093929224,2.0719999045340143,0.9789770895897361,1.0628554795260443,-0.4456811183922266,-0.637904892811949,0.15091259810792024,0.7038101554054602,-0.43439873294484505,0.6676556139506036,-0.3137351884836155,-0.9968811412152915,0.6687136927672083,0.5083200387009807,0.34054613449341214,1.3941446698885163,0.8940331206080864,1
1.509754270049029,-0.6959909114399668,0.18438022781368138,0.08326621244822871,0.8705675854869783,-0.664642273189212,1.7577522289655196,1.3222228416763036,-0.7793208984191736,-0.005199403431470885,-0.5655280890032528,-0.6958344077320449,-0.3137351884836155,2.0229540223449995,0.6687136927672083,0.5083200387009807,-1.2888612075803305,-0.7290141484553201,-0.9415504499182337,0
-0.989729871748124,-0.020795702103627394,-0.8814804349684161,0.05542022118109169,-0.39378078294517854,-0.8942580840475857,2.1984388984370686,0.5716628643072889,0.2161655851998679,-0.005199403431470885,-0.12053792518691157,2.031145635633252,-0.3137351884836155,1.0163423011582358,0.6687136927672083,0.5083200387009807,0.34054613449341214,-0.2640551142143104,0.751036228181058,1
-0.2685394347856771,-0.5428445018733474,2.5455942836602747,2.3419449478650765,0.4957053718163974,0.40925189585665406,-0.4456811183922266,-0.6298808267335806,-0.5675684350155189,1.4128197142423913,-0.3917159619701214,-0.6958344077320449,-0.3137351884836155,0.009730579971472093,0.6687136927672083,0.5083200387009807,0.34054613449341214,-0.03005778283303283,-0.6149433502644829,0
0.9321133305204191,-0.6930637588254147,-0.05044017879304751,0.7591076547031128,-0.6511589683329246,1.0202817503100003,-0.004994448920677399,-0.22963365924905127,0.24674577260148256,-0.005199403431470885,0.8688375485095051,-0.6958344077320449,-0.3137351884836155,1.0163423011582358,0.6687136927672083,0.5083200387009807,0.34054613449341214,-0.5687197801909052,0.3126967688361938,0
0.3190030355451474,0.00018010293075347293,-0.6142396807027123,-1.6334296968152215,0.25983746667637037,-0.23445518919719288,-0.8863677878637759,-1.4714755430573814,-0.2791710695857121,0.7038101554054602,-0.4053955238892515,0.6676556139506036,-0.3137351884836155,-0.9968811412152915,0.6687136927672083,-1.9672645653622365,0.34054613449341214,0.013901529504294415,-0.24405169470326768,0
-1.239858613217877,-0.13041988453454353,-0.6738134322537385,2.496653536041072,0.2501264784651904,-0.8000159099244456,-0.004994448920677399,0.8999224448372619,-0.2209248258710815,1.4128197142423913,-0.32399215233008816,2.031145635633252,2.92064819794541,1.0163423011582358,0.6687136927672083,0.5083200387009807,0.34054613449341214,0.18159214210203162,1.6593374165498747,2
-1.5608469538305307,0.4388886515408036,-0.9809285647503992,-0.9831156368784452,0.13996144168164545,-0.6903513160222777,-0.004994448920677399,1.8345690495593374,-0.7382578768317608,-1.4232185211053332,-0.6855414928667366,0.6676556139506036,2.92064819794541,-0.9968811412152915,0.6687136927672083,-1.9672645653622365,-1.2888612075803305,-0.6160867062484754,-1.0416176543401507,0
-0.6662733997074651,-0.6959909114399668,1.0008423319660136,-1.629105345758472,1.5631728240390808,2.35305022499369,1.3170655594939704,-1.3194306613363893,-0.010190366527609327,-1.4232185211053332,0.5176126955830088,0.6676556139506036,-0.3137351884836155,0.009730579971472093,0.6687136927672083,-1.9672645653622365,-1.2888612075803305,-0.6915905904661207,-0.49417552636486956,0
-1.5944577913840823,0.09583783232538258,2.561092512951504,1.4242689950644665,-1.2720162098713386,1.027638385330822,-0.4456811183922266,0.20653684992832708,-0.8761032249024794,-0.005199403431470885,-0.7362771437617072,0.6676556139506036,-0.3137351884836155,0.009730579971472093,-1.4954082902981902,-1.9672645653622365,-1.2888612075803305,1.2493239192190024,-0.3397214145622369,0
-0.4225006656242561,-0.12375243604017032,0.4581214219934102,0.49759552064696616,0.4118884472885935,-0.9305236207871981,-0.8863677878637759,0.7726780126965385,-0.7876103979013633,-1.4232185211053332,-0.6773422689555214,0.6676556139506036,-0.3137351884836155,0.009730579971472093,0.6687136927672083,0.5083200387009807,0.34054613449341214,0.30383564294100096,0.9807891167143538,1
2.1283267655873015,0.9406825223006876,1.2523559079238205,0.8783933050995921,-0.945991401660567,-0.34379832250605236,-0.4456811183922266,0.22262982697197226,-0.7539755667077531,-0.005199403431470885,-0.7072051725321189,-0.6958344077320449,-0.3137351884836155,-0.9968811412152915,-1.4954082902981902,0.5083200387009807,0.34054613449341214,1.432411911714896,-1.6751993866451758,0
-1.0698737409389054,-0.50293242504329,-0.6691939401271917,0.46301570681294624,1.0683655279457407,-0.9276625276823506,-0.8863677878637759,-0.29762591876826133,-0.4883115172568711,1.4128197142423913,-0.336361601401836,-0.6958344077320449,2.92064819794541,1.0163423011582358,0.6687136927672083,0.5083200387009807,-1.2888612075803305,-0.5690124326642584,-1.1243256224291307,0
-0.5333152631075171,-0.6732103377928255,2.4001900636211553,0.5015000847460617,0.8262323207595571,-0.8209629438453687,-0.004994448920677399,-0.5129092014259062,-0.17075517853609315,0.7038101554054602,0.2408419909210373,-0.6958344077320449,-0.3137351884836155,-0.9968811412152915,-1.4954082902981902,0.5083200387009807,0.34054613449341214,-0.18872291414706377,0.045314104887150666,0
-0.3507796840499105,-0.26827265967857716,1.5692976549860165,-1.090514178968915,0.5252954747129384,0.060191787151588974,2.1984388984370686,-0.9285441792785524,-0.8761032249024794,-0.714208962268402,-0.7281702046733117,0.6676556139506036,-0.3137351884836155,0.009730579971472093,0.6687136927672083,-1.9672645653622365,0.34054613449341214,0.10862607217101244,-0.9444686598560148,0
1.8541713673301012,-0.5475504508487212,-0.2543373598510909,-0.8656094171780714,0.5713398022018586,-0.07409321825348272,1.3170655594939704,-1.7550721456704856,-0.24507219462281665,0.7038101554054602,-0.047672133283644585,0.6676556139506036,-0.3137351884836155,2.0229540223449995,0.6687136927672083,0.5083200387009807,0.34054613449341214,0.3760486793485911,-0.1971321914990994,0
-0.4243009287374073,-0.6959909114399668,-0.5396042038053871,1.7912935981732523,-0.6276774992146515,-0.2757216007270649,-0.004994448920677399,0.6172310586880099,0.6451188088428677,1.4128197142423913,1.4404626734817205,-0.6958344077320449,-0.3137351884836155,0.009730579971472093,0.6687136927672083,0.5083200387009807,-1.2888612075803305,-0.5934293822704481,2.1609381183591228,2
0.6757279867699507,-0.4024535661583999,-0.19559493364102382,1.7217313713650408,0.8211171626256666,0.08255343416174533,0.8763788900224211,-0.47173391705615286,-0.8761032249024794,0.7038101554054602,-0.723175717168667,0.6676556139506036,-0.3137351884836155,1.0163423011582358,0.6687136927672083,0.5083200387009807,1.969953476567155,-0.7402191766316912,0.19850260893369337,0
0.6128828185709425,-0.6639764105681257,0.07490230857692941,-0.466562956378907,-1.46496436928995,-0.7210474494924521,1.7577522289655196,-1.4242620112682516,0.9187547269561636,-1.4232185211053332,1.6537153564070588,-0.6958344077320449,-0.3137351884836155,0.009730579971472093,0.6687136927672083,-1.9672645653622365,0.34054613449341214,-0.4591214712404285,1.8523304592745995,2
-0.17396127128088892,0.2876681663792715,-0.903733651446772,2.241084280109115,0.6008974953136434,4.850918060187305,-0.4456811183922266,-0.1760292448081207,-0.765342479850038,0.7038101554054602,-0.6900633256809128,-0.6958344077320449,-0.3137351884836155,1.0163423011582358,-1.4954082902981902,-1.9672645653622365,1.969953476567155,-0.07242055110168603,1.332081234061475,2
-0.05723558431724716,-0.6959909114399668,-0.1635905018559449,-0.8171007349195772,1.5631728240390808,-0.31248225683614594,2.1984388984370686,0.3048917928671494,-0.0625274464782401,1.4128197142423913,0.4439081376567188,0.6676556139506036,-0.3137351884836155,0.009730579971472093,-1.4954082902981902,0.5083200387009807,-1.2888612075803305,-0.5851370122309263,-0.7582456265077768,0
-0.1872163899009579,-0.4774007362599925,-0.6445534674484421,-0.9668510076138835,0.6478171126313974,1.1869348612520407,1.3170655594939704,-0.8724178113414911,-0.8394811616703627,0.7038101554054602,-0.6848440408754523,-0.6958344077320449,-0.3137351884836155,0.009730579971472093,0.6687136927672083,-1.9672645653622365,-1.2888612075803305,-0.6243410542133405,1.0622514784561246,1
-1.2893713217082905,-0.264118927698675,0.8964880520515494,1.1638283631807926,0.8150188493141736,1.0100292113379201,-0.004994448920677399,0.06001035720996564,-0.6137910789715882,-0.714208962268402,-0.5401665308535123,-0.6958344077320449,-0.3137351884836155,0.009730579971472093,0.6687136927672083,-1.9672645653622365,0.34054613449341214,-0.7529656844334858,-0.9653767345843628,0
-1.113928766379264,-0.6959909114399668,0.28913585688016435,-0.02865505154755783,0.17168073022471436,-0.9286984926488193,1.7577522289655196,-0.664562091688361,-0.04780413204682158,-1.4232185211053332,0.46464248856817786,-0.6958344077320449,-0.3137351884836155,0.009730579971472093,0.6687136927672083,0.5083200387009807,0.34054613449341214,-0.6930049545188773,0.39145111104367725,0
0.2424563863976807,-0.5235755188425092,-0.34936906969001025,0.024078330151065152,-0.5168178505187029,-0.8746557523963191,2.1984388984370686,1.0394849960259445,-0.4288290890009504,-0.005199403431470885,-0.26191498554026194,2.031145635633252,-0.3137351884836155,-0.9968811412152915,-1.4954082902981902,0.5083200387009807,0.34054613449341214,-0.6046623690255706,0.08440051543230408,0
0.16726761770548607,-0.07940956921783836,-0.07774054870500403,-1.040678354050717,0.5937637071780051,-0.941939619275296,0.43569222055087187,0.08790428637023134,-0.07894433310873229,-1.4232185211053332,-0.26051123372509566,0.6676556139506036,-0.3137351884836155,-0.9968811412152915,0.6687136927672083,0.5083200387009807,0.34054613449341214,0.28990516834429675,0.035135618283907745,0
0.8216898871635393,-0.6959909114399668,-0.8832736756163646,1.3891236330396153,0.19567444734423303,0.35499074237805384,-0.004994448920677399,-0.08906065819751385,0.08483105897872352,1.4128197142423913,0.6514281886727369,-0.6958344077320449,2.92064819794541,1.0163423011582358,-1.4954082902981902,-1.9672645653622365,-1.2888612075803305,-0.7211015321268519,0.8694175401178696,1
-1.350891579525581,-0.6959909114399668,-0.603384325587202,-0.06813970087424148,1.5631728240390808,0.28698605777961295,-0.4456811183922266,0.386774711506894,1.1553015938325797,1.4128197142423913,2.1589360133153663,0.6676556139506036,-0.3137351884836155,-0.9968811412152915,0.6687136927672083,0.5083200387009807,0.34054613449341214,-0.7662727110094761,-0.242612243596424,0
-1.5944577913840823,-0.44663014683545643,-0.8713916157719009,-1.1869042272417134,-1.7502277737201786,-0.7327244978992051,1.7577522289655196,0.544479233985525,-0.5553104089890637,-0.005199403431470885,-0.43083782629866046,0.6676556139506036,-0.3137351884836155,0.009730579971472093,0.6687136927672083,-1.9672645653622365,1.969953476567155,-0.22814451305578307,-0.3953325720046702,0
-1.5893624065625562,-0.37036993890350683,0.7576074272016653,-0.6193499079677054,-3.274390780500482,-0.9181385968245219,-0.4456811183922266,0.41837080477342564,-0.6229425593730232,0.7038101554054602,-0.5180269016397905,-0.6958344077320449,2.92064819794541,1.0163423011582358,-1.4954082902981902,-1.9672645653622365,0.34054613449341214,0.08446457707313508,-0.06822664913723382,0
-0.07787108798533877,-0.6959909114399668,-0.7731843409873753,0.9185284808713606,-0.15365707437808906,-0.948991644663743,-0.004994448920677399,0.3924486452824204,-0.7448024583750342,-0.005199403431470885,-0.5169169252516956,-0.6958344077320449,-0.3137351884836155,1.0163423011582358,0.6687136927672083,0.5083200387009807,0.34054613449341214,-0.7484160920250534,1.8829349427190845,2
-0.29001671399658424,0.1138219386301358,1.9884791518570464,1.1394148364202248,-0.0033029573301654766,0.8265403604855438,-1.7677411268068743,-0.558931700549051,-0.3558839528504398,1.4128197142423913,-0.4755372426525825,-0.6958344077320449,-0.3137351884836155,1.0163423011582358,-1.4954082902981902,0.5083200387009807,-1.2888612075803305,-0.09065725986248413,-0.9354526654828088,0
0.1933442079856483,-0.32161099008430805,-0.8638885626886704,-0.2507923354684133,1.5631728240390808,-0.5756263031283589,1.3170655594939704,-0.5934858274228215,-0.6727370970063757,1.4128197142423913,-0.5703288667176593,-0.6958344077320449,-0.3137351884836155,-0.9968811412152915,0.6687136927672083,0.5083200387009807,-1.2888612075803305,-0.3036165000402644,-0.7761804347982663,0
-0.37101285046380184,-0.6075097698722866,-0.9027069815030004,1.5769053464278198,1.5240487004485104,-0.03165493822648625,-1.3270544573353251,-0.3082623861222415,2.246166313767737,1.4128197142423913,2.961379079555912,-0.6958344077320449,-0.3137351884836155,0.009730579971472093,0.6687136927672083,0.5083200387009807,0.34054613449341214,0.045066820466332015,1.5237166911681816,2
-1.5944577913840823,0.6039360830435405,-0.3538934159479069,-1.210204237995769,0.7818930781383241,-0.8309890235973781,-0.8863677878637759,-0.049609159550284034,1.7924579645695105,1.4128197142423913,0.2216094697532747,-0.6958344077320449,-0.3137351884836155,2.0229540223449995,0.6687136927672083,0.5083200387009807,-1.2888612075803305,-0.4120566557460302,0.08917779831851252,0
-0.36015946131732207,-0.6959909114399668,-0.6288581651954077,-0.48437015800969196,0.9286628646850407,1.062007476863816,-0.4456811183922266,-0.45170469902271426,0.5150894552205538,-0.714208962268402,1.2573466869724585,-0.6958344077320449,-0.3137351884836155,-0.9968811412152915,0.6687136927672083,0.5083200387009807,0.34054613449341214,-0.2428486043336239,0.8335361695516078,1
1.0624479429504896,-0.589849721477996,0.9302377595567091,-0.5736033965944687,1.5631728240390808,-0.80041622738512,-0.004994448920677399,-1.318766122180361,1.4260560027983542,-0.714208962268402,1.9091592073737707,3.3946356573159,-0.3137351884836155,0.009730579971472093,0.6687136927672083,0.5083200387009807,0.34054613449341214,-0.686810666613679,-0.5222164952296724,0
-0.3316853334508814,2.7170571989420744,-0.9453542190838035,-0.35984760035565433,-0.31008005665841865,0.7247028020339616,0.43569222055087187,-0.13186586581800122,2.9170017158912467,-0.005199403431470885,-0.1294441301337045,0.6676556139506036,-0.3137351884836155,0.009730579971472093,-1.4954082902981902,0.5083200387009807,-1.2888612075803305,-0.03440697261913861,1.0285736598767943,1
-0.7198902799362376,0.24180624888762828,1.8908605866120165,-0.3876398230173464,-0.21318798155249108,1.340383961093521,0.8763788900224211,0.3186915941891382,-0.7699606163706724,0.7038101554054602,-0.6899920046740314,-0.6958344077320449,-0.3137351884836155,1.0163423011582358,0.6687136927672083,0.5083200387009807,0.34054613449341214,0.23633867457258412,-0.07692658658760083,0
-0.9618913734430413,-0.5703226354609465,-0.5098418357596844,-0.6497589468016144,-1.5153676884895464,1.4381239063993336,-0.004994448920677399,-0.33087553434737615,1.8757908135308512,1.4128197142423913,2.3131410802315604,0.6676556139506036,-0.3137351884836155,1.0163423011582358,-1.4954082902981902,0.5083200387009807,-1.2888612075803305,-0.32631279781152167,0.9804521637442658,1
-0.6654863647171919,0.24110247565192014,0.2603144563087896,1.7709950175325706,-0.29065922158337076,-0.8037780899691547,-0.8863677878637759,-0.3493597428042537,-0.5342547281792785,1.4128197142423913,-0.5825597339943002,-0.6958344077320449,-0.3137351884836155,0.009730579971472093,0.6687136927672083,0.5083200387009807,0.34054613449341214,-0.03513908618304945,0.8492278050141545,1
0.5760351312381695,2.3119762674733972,0.5548093395874383,-0.12051390339476437,-0.2582556167851332,-0.7181198707591,-1.7677411268068743,-0.34342029547805414,-0.7792189467655524,-0.005199403431470885,-0.7310882318281747,-0.6958344077320449,-0.3137351884836155,-0.9968811412152915,-1.4954082902981902,0.5083200387009807,0.34054613449341214,3.2745920174778935,-0.5669590198539249,0
-0.734928234429626,-0.4414549509066557,-0.0705272174658982,-0.7971508526382107,0.8346872145091817,-0.5022038812150086,-0.004994448920677399,1.1399345035674393,-0.43340055809692185,-0.714208962268402,-0.3237315378563506,-0.6958344077320449,-0.3137351884836155,-0.9968811412152915,-1.4954082902981902,0.5083200387009807,0.34054613449341214,-0.34785917998055754,0.39185476249051876,0
-1.163629749079081,-0.6959909114399668,-0.8116254976215075,-1.0949201362172192,0.5238693157036802,-0.5631994592428095,0.43569222055087187,0.041699847304588075,0.06660112288807925,1.4128197142423913,0.6257555798483069,-0.6958344077320449,-0.3137351884836155,0.009730579971472093,0.6687136927672083,0.5083200387009807,0.34054613449341214,-0.4766058120864173,0.7009762009417003,1
1.3343539751363913,0.6118855564992478,0.286514608888397,-0.004988236549195888,0.7396025158132032,-0.0075801548901545425,-0.004994448920677399,0.9118680083800801,-0.2973914295685047,-0.005199403431470885,-0.5339948625154374,0.6676556139506036,-0.3137351884836155,-0.9968811412152915,-1.4954082902981902,0.5083200387009807,0.34054613449341214,-0.6766634863245203,-0.039627639206736655,0
-1.5944577913840823,-0.6958200548688532,-0.5556246743195212,2.6053788286853874,-1.7567773634563615,1.7522519644704666,-0.8863677878637759,1.443183367772179,0.5601459436793738,1.4128197142423913,1.3200069673212966,-0.6958344077320449,-0.3137351884836155,0.009730579971472093,0.6687136927672083,0.5083200387009807,-1.2888612075803305,-0.1666581609747732,2.9181850375018987,2
-0.6911600466945558,-0.5658035160149238,1.1285147299942453,-0.9527219177531723,0.38100509972679514,0.1777281582534963,0.43569222055087187,0.6583056457063706,0.010226915190331488,0.7038101554054602,0.25328082133622565,0.6676556139506036,-0.3137351884836155,0.009730579971472093,0.6687136927672083,0.5083200387009807,0.34054613449341214,-0.44054542861644663,-1.1508499798195422,0
0.4095460582404444,-0.6959909114399668,0.21731173840602072,-0.5768310796981574,0.8622780967219217,0.7968457056958691,-0.004994448920677399,-0.056953778318487275,1.406221382158764,0.7038101554054602,2.5122979527087157,-0.6958344077320449,-0.3137351884836155,1.0163423011582358,0.6687136927672083,0.5083200387009807,0.34054613449341214,-0.395966585916922,0.3982033470998599,0
0.5262342333999661,0.271035520702856,-0.5163979185749746,-0.5574350749096182,0.5501865633597609,-0.7143170113468397,-0.4456811183922266,0.9716980323111744,-0.7824641722985288,1.4128197142423913,-0.6969274493673797,-0.6958344077320449,-0.3137351884836155,1.0163423011582358,0.6687136927672083,0.5083200387009807,-1.2888612075803305,-0.5520634962830023,-0.22545218284229254,0
-0.8034839533562284,-0.4913244707618968,-0.2555756035739638,-1.0428337199878863,1.1054631341616643,-0.7888133563323221,0.43569222055087187,-0.807111127724444,0.24343141390074935,-0.005199403431470885,0.3636342474413144,-0.6958344077320449,-0.3137351884836155,0.009730579971472093,0.6687136927672083,0.5083200387009807,-1.2888612075803305,-0.6304071662916034,-0.6033635090085055,0
-1.5944577913840823,-0.013920199061652944,1.5650772474260284,-0.24997246285152638,1.3418837042843266,2.1730229257432017,-0.004994448920677399,1.1891726462670171,-0.653291477739906,-1.4232185211053332,-0.6099533235617787,-0.6958344077320449,-0.3137351884836155,0.009730579971472093,0.6687136927672083,0.5083200387009807,1.969953476567155,-0.3372868640866525,-1.9802678358727392,0
-1.304365994825797,-0.13322774855526104,-0.648648452651383,-1.4429530094193423,-0.883762122736287,-0.9499993445860954,0.8763788900224211,-0.613733491380713,2.204403013195769,-0.005199403431470885,1.1914778944414173,2.031145635633252,-0.3137351884836155,-0.9968811412152915,-1.4954082902981902,-1.9672645653622365,-1.2888612075803305,-0.7291245530002671,2.800723437020097,2
1.0952441890971387,-0.11864737408460858,-0.16765212739933616,1.4564888731974215,-0.6248015655912975,-0.4622796449877271,-0.004994448920677399,0.24333928511270334,-0.6611412964253983,-0.005199403431470885,-0.5998934210807071,-0.6958344077320449,-0.3137351884836155,1.0163423011582358,0.6687136927672083,0.5083200387009807,0.34054613449341214,-0.110234016549814,-1.2367918258882113,0
0.3469396111955307,-0.6959909114399668,-0.5726765006172972,-0.6311864488654911,-0.2044034650607535,-0.6559517920727888,-1.3270544573353251,0.51592369442326,-0.3755254404765842,-1.4232185211053332,0.003123539027510774,-0.6958344077320449,-0.3137351884836155,0.009730579971472093,-1.4954082902981902,0.5083200387009807,0.34054613449341214,-0.631703682721958,-0.34386527550604373,0
0.400318010408612,0.23264722297804005,-0.0026221724342890707,0.203355114643306,-0.2550941292885618,-0.624031616078473,2.1984388984370686,0.635219518276321,0.6066111838959948,-0.005199403431470885,-0.05847077306473682,-0.6958344077320449,-0.3137351884836155,1.0163423011582358,0.6687136927672083,-1.9672645653622365,1.969953476567155,0.29441179126605144,-0.07090964866733973,0
-0.966213303875084,-0.6959909114399668,-0.942645431160121,0.7784268306064543,-0.6048098292659638,0.43517279637087186,0.43569222055087187,-1.1462328085227678,-0.45112069751012734,1.4128197142423913,-0.10333473121296363,-0.6958344077320449,-0.3137351884836155,1.0163423011582358,-1.4954082902981902,0.5083200387009807,0.34054613449341214,-0.6021742381866244,0.5913296289755816,1
-0.6196249879566054,-0.6959909114399668,-0.6228893607339447,-0.20683568447969233,-0.5937328060799402,-0.5686533223555789,-0.004994448920677399,-0.7444924856550368,-0.5044782165654517,-0.005199403431470885,-0.1784763393753977,-0.6958344077320449,-0.3137351884836155,2.0229540223449995,0.6687136927672083,0.5083200387009807,-1.2888612075803305,-0.6599869464521055,0.8579291652701625,1
-0.17616779830740348,1.2211720203240128,-0.0614505458384618,-0.3088182719965242,-0.6087023076395769,2.7113592803341273,0.8763788900224211,0.10853436163508538,-0.22001384856043885,-0.005199403431470885,-0.5704746528352532,2.031145635633252,-0.3137351884836155,-0.9968811412152915,0.6687136927672083,0.5083200387009807,1.969953476567155,1.7760467064600243,-0.035025249703397376,0
-0.20625873278494297,-0.6052052718991411,-0.8771583547647349,-0.849191095351246,-1.5603525984271753,-0.39078561174242654,-0.4456811183922266,-0.03871628929922074,-0.3883795551275772,1.4128197142423913,-0.13975254164543618,0.6676556139506036,-0.3137351884836155,0.009730579971472093,-1.4954082902981902,0.5083200387009807,-1.2888612075803305,-0.029247562510537898,0.0635483899315912,0
0.964232200867173,-0.31646579040632816,0.8882279470533718,0.06028960196245019,1.4645748012892585,-0.40078720057244793,-0.004994448920677399,-0.9564695818069197,-0.42839135689448,-0.714208962268402,-0.3851506626896181,0.6676556139506036,-0.3137351884836155,0.009730579971472093,0.6687136927672083,0.5083200387009807,-1.2888612075803305,0.41563647535658865,-1.3040744012898922,0
-0.03577682345374772,0.009602936700527942,1.3879194525519034,0.4220068573620324,0.9162315505701334,-0.9566776506903297,-1.3270544573353251,1.3202111763236286,-0.05352043996406601,-0.714208962268402,-0.28481074410624074,-0.6958344077320449,2.92064819794541,-0.9968811412152915,0.6687136927672083,0.5083200387009807,-1.2888612075803305,0.036301083870201006,-1.4899736237019228,0
1.7620100541741506,-0.6959909114399668,-0.8505959329050903,0.929409157197295,1.5631728240390808,-0.4989576239585923,2.1984388984370686,1.2060243374179107,0.06680018300332922,-1.4232185211053332,0.6260359095458959,0.6676556139506036,-0.3137351884836155,-0.9968811412152915,-1.4954082902981902,0.5083200387009807,0.34054613449341214,-0.4339786104663707,-1.3442547806838683,0
0.8950832888023634,-0.4354365037982895,-0.9025943141987832,0.4024418598349976,1.3750813053047974,1.227442734359981,0.8763788900224211,0.2935598410533975,-0.3145796738534292,1.4128197142423913,-0.2215817354777057,-0.6958344077320449,-0.3137351884836155,2.0229540223449995,0.6687136927672083,0.5083200387009807,-1.2888612075803305,-0.16413988113289815,-0.9618907743780643,0
1.897843605205731,-0.5785847893241186,0.5677966567173793,-1.7222323823956858,-1.6091172154778728,0.0940656431039525,-1.7677411268068743,1.226565503575286,0.912501752012098,0.7038101554054602,1.282980981252066,3.3946356573159,-0.3137351884836155,1.0163423011582358,0.6687136927672083,0.5083200387009807,0.34054613449341214,-0.19008749432823102,2.396056244754524,2
0.7188233409437573,-0.06889652948213854,0.7567332175224115,1.0048487128549108,-0.8480399167505911,0.2883681491086402,-0.4456811183922266,-0.8135880572692445,0.2577869513610085,-0.005199403431470885,-0.06769046334400972,3.3946356573159,-0.3137351884836155,-0.9968811412152915,0.6687136927672083,0.5083200387009807,-1.2888612075803305,0.22860181499658824,-0.24343811317921898,0
0.5574882882984096,-0.5068998572828001,0.18475738751400392,0.33286499267525405,-1.5641406164790035,0.5284558272085352,0.43569222055087187,-1.0855313001783498,-0.8035175016348305,-0.005199403431470885,-0.6459410495681165,-0.6958344077320449,-0.3137351884836155,0.009730579971472093,-1.4954082902981902,0.5083200387009807,0.34054613449341214,-0.5418622691482876,-1.2769488641442288,0
-0.8233527447586503,0.060756044121730156,0.024219456161247762,-0.9246727405223758,1.504750606388486,-0.40166229577697915,-1.3270544573353251,-0.2144978420827869,-0.6326922347633411,-1.4232185211053332,-0.608199936063127,-0.6958344077320449,-0.3137351884836155,2.0229540223449995,-1.4954082902981902,0.5083200387009807,0.34054613449341214,-0.20787960235435213,-1.5972784548910346,0
-0.2050503271502233,3.1665861573641596,-0.33228273819330767,0.09038840323319844,-0.5392305810771533,-0.16591730615948969,-0.8863677878637759,0.3631649703762598,1.2867082682420699,1.4128197142423913,-0.4334766153009764,0.6676556139506036,-0.3137351884836155,1.0163423011582358,-1.4954082902981902,0.5083200387009807,0.34054613449341214,8.73787932059424,0.1986109798354987,0
-1.152673198511884,-0.16746071538190035,0.31100034636474777,-0.4889089822115917,-1.2394969230082122,1.6105500406003779,-1.3270544573353251,-0.9220932972994913,1.2510901441238498,0.7038101554054602,0.6436565013785472,-0.6958344077320449,-0.3137351884836155,-0.9968811412152915,0.6687136927672083,0.5083200387009807,0.34054613449341214,-0.5183602658887234,-2.212099678688395,0
0.1418896552708615,-0.24364218638641957,-0.4658499849348891,1.4721409347013468,-1.177400137933423,0.2940348418366026,1.3170655594939704,0.9613808613409025,-0.5522628779077278,-0.005199403431470885,-0.5019435323313298,-0.6958344077320449,-0.3137351884836155,0.009730579971472093,0.6687136927672083,0.5083200387009807,0.34054613449341214,0.34915433871218243,-0.5507205685031171,0
-0.02027735056405479,-0.5308819988349174,-0.499503719590518,-1.0488723615794129,-1.2131841683845683,0.382684928641561,0.8763788900224211,-1.219762679449109,-0.23465736115381922,1.4128197142423913,-0.05619780513545903,0.6676556139506036,-0.3137351884836155,0.009730579971472093,0.6687136927672083,0.5083200387009807,-1.2888612075803305,-0.632072334927214,0.8143442084886079,1
-0.6218268682469378,-0.4702662821178411,0.20959110204067416,0.4742984775157593,-1.2534217104529974,0.18879531891474974,0.43569222055087187,1.1977731616871616,-0.8281719727077341,0.7038101554054602,-0.675002830500007,2.031145635633252,-0.3137351884836155,1.0163423011582358,0.6687136927672083,0.5083200387009807,0.34054613449341214,-0.30617787364797083,1.2486355053736553,1
0.2817941589681672,-0.2557186625021613,-0.009813893511708877,0.2514928382762383,-1.5997224193747126,-0.5560669946547632,-2.2084277962784236,-1.2283414547367586,-0.6675096423489114,-1.4232185211053332,-0.5803685015020831,0.6676556139506036,-0.3137351884836155,-0.9968811412152915,-1.4954082902981902,0.5083200387009807,0.34054613449341214,-0.5937689299061897,1.383468883302946,2
-1.5944577913840823,-0.27340056154788106,-0.9136578287993634,-1.250046262487729,0.9255924685772942,-0.782014784874985,2.639125567908618,-1.6446315858537415,-0.6296196069815433,-0.005199403431470885,-0.5493418394976443,-0.6958344077320449,-0.3137351884836155,1.0163423011582358,-1.4954082902981902,0.5083200387009807,0.34054613449341214,0.3990220915403309,-0.591142898338471,0
0.3137990941859298,0.22708579185184383,-0.41800793419641935,-1.7395626916016844,-2.1555181222128295,-0.8907866677481778,-1.7677411268068743,-1.6401344253517063,0.1711548551459388,1.4128197142423913,-0.25608553880743934,0.6676556139506036,-0.3137351884836155,-0.9968811412152915,0.6687136927672083,-1.9672645653622365,1.969953476567155,-0.5431505997590392,1.0976222432166676,1
0.6822880286918366,0.9319056184710672,0.3349633752229867,-1.6313449428232898,-0.028213985942684396,-0.3116080053902635,-0.8863677878637759,-0.8480467069300387,0.9885033066898901,1.4128197142423913,-0.17722269575566926,-0.6958344077320449,-0.3137351884836155,-0.9968811412152915,0.6687136927672083,-1.9672645653622365,0.34054613449341214,2.5511545853986086,-0.9988419056244618,0
1.8602505595730296,2.640852471053737,1.7683952550868975,-0.7047586015338269,0.1984631306895865,0.5867506851856397,-1.3270544573353251,0.021124351853931345,0.44933917837142345,-0.005199403431470885,-0.5283533833473298,-0.6958344077320449,-0.3137351884836155,-0.9968811412152915,0.6687136927672083,0.5083200387009807,-1.2888612075803305,0.4982259994202254,-0.4004273366015577,0
1.1242908712908373,0.3368457544532472,-0.8368881575915875,1.7857383905213404,-2.7897515394571153,1.1941042542181128,-1.7677411268068743,-0.8470781060940792,-0.12282828001261097,-0.714208962268402,-0.41841080912630374,-0.6958344077320449,-0.3137351884836155,0.009730579971472093,0.6687136927672083,0.5083200387009807,-1.2888612075803305,1.124632166229957,1.4552088472971532,2
0.7769593623042694,0.1551408776557877,-0.9222413805101501,-0.8175913077607555,1.5631728240390808,0.8563936442891321,-0.8863677878637759,-0.048119204879002266,-0.8761032249024794,1.4128197142423913,-0.7371672620742843,-0.6958344077320449,-0.3137351884836155,-0.9968811412152915,-1.4954082902981902,0.5083200387009807,-1.2888612075803305,0.17610421157324724,-0.5453825121714589,0
-1.5944577913840823,-0.041025744587185276,-0.03855974509616998,-0.1190195343753813,0.20750902108065797,-0.22282006457244763,-0.8863677878637759,0.6201929619779761,1.9132087030801013,0.7038101554054602,0.862116215530109,-0.6958344077320449,-0.3137351884836155,0.009730579971472093,0.6687136927672083,0.5083200387009807,0.34054613449341214,0.49680972449502353,0.5053672540398666,1
-0.9704397232150599,-0.23904661378693023,-0.6362347483212814,-1.067109431813954,-0.798345371998894,-0.7273351053364703,0.8763788900224211,0.9851095101243753,0.5418673073578024,0.7038101554054602,0.25975715642643477,2.031145635633252,-0.3137351884836155,0.009730579971472093,0.6687136927672083,0.5083200387009807,0.34054613449341214,-0.2695131129589703,-0.014389395546135289,0
0.10440482561104458,-0.6959909114399668,-0.6132798181794945,-0.7493368293746678,0.4015621906793063,-0.3390577020332268,-0.4456811183922266,-1.4280764040649856,-0.8249554848853705,0.7038101554054602,-0.6297937496937774,-0.6958344077320449,-0.3137351884836155,1.0163423011582358,0.6687136927672083,0.5083200387009807,0.34054613449341214,-0.350346709487425,-0.02810044783266753,0
-0.7629001194962208,-0.6959909114399668,1.2083905058229691,0.0924277327781171,1.5631728240390808,-0.9541149309415236,1.3170655594939704,2.2122917832480162,1.6780552434099403,-0.005199403431470885,2.895112480989883,0.6676556139506036,-0.3137351884836155,0.009730579971472093,-1.4954082902981902,0.5083200387009807,0.34054613449341214,-0.7126753189388338,0.025139094257114986,0
0.35374482151108094,-0.3372989304123957,-0.8592674274199226,0.08279093311947223,-0.21265064243765572,0.7584514472026809,0.43569222055087187,1.5991723890006337,1.7226704515115194,-1.4232185211053332,1.3071062159413922,-0.6958344077320449,-0.3137351884836155,-0.9968811412152915,-1.4954082902981902,0.5083200387009807,-1.2888612075803305,0.16062738279279737,-0.05138207765925876,0
1.6983129278317106,-0.43647487742299723,-0.3660309244314097,-0.6328201290438964,1.5631728240390808,1.983021905045967,-0.004994448920677399,-0.9995520284874806,-0.32638123746519054,-1.4232185211053332,-0.2313235279395909,2.031145635633252,-0.3137351884836155,-0.9968811412152915,0.6687136927672083,0.5083200387009807,-1.2888612075803305,-0.3986226863472433,-1.6125720854672905,0
-0.3006640899756679,-0.01765728329548105,-0.7547996385711214,-0.5691245420564711,0.5726663265980482,-0.9152565607638403,-1.3270544573353251,-0.7387365214277319,-0.575000035782252,-0.714208962268402,-0.5656024173264959,-0.6958344077320449,2.92064819794541,0.009730579971472093,0.6687136927672083,-1.9672645653622365,0.34054613449341214,0.1308240965843139,-0.2218384322394291,0
-0.7693789253401642,-0.42709260449081815,2.333974926137562,0.7511406842559525,0.039282423567295735,-0.39143159722379095,-0.8863677878637759,2.4591629634922767,-0.704278290012109,1.4128197142423913,-0.5708135985985187,-0.6958344077320449,-0.3137351884836155,-0.9968811412152915,0.6687136927672083,0.5083200387009807,0.34054613449341214,-0.4817403725001861,0.008793242929233345,0
-0.633070555080146,-0.6959909114399668,-0.02678371744915239,-1.4756992143527912,0.298315389428876,-0.06643647889782982,-0.004994448920677399,-0.07785577110918979,-0.6013188105131543,-1.4232185211053332,-0.31485370649193595,0.6676556139506036,-0.3137351884836155,-0.9968811412152915,-1.4954082902981902,-1.9672645653622365,-1.2888612075803305,-0.5525179172578021,-0.3733953504743243,0
2.86160977294373,1.181349588991722,-0.9309614526903911,-0.5741502360260311,-2.2751405414335375,0.6832528867936178,-0.8863677878637759,2.406802321283122,2.9170017158912467,-0.005199403431470885,0.2841628406222909,0.6676556139506036,-0.3137351884836155,1.0163423011582358,0.6687136927672083,0.5083200387009807,0.34054613449341214,0.8681719466510638,1.9367009916470508,2
0.06884299917755646,2.641737075468746,-0.8168842788613002,-0.8623221115566356,0.06213305389401732,-0.6832729580825374,-0.004994448920677399,-1.051766889375665,-0.8557864714354909,-1.4232185211053332,-0.7460046994144843,-0.6958344077320449,-0.3137351884836155,-0.9968811412152915,0.6687136927672083,0.5083200387009807,0.34054613449341214,2.315874367447486,-0.6121844289094693,0
1.519777575869445,1.439591893247952,-0.10550893723557131,-0.25981064375567936,1.5631728240390808,-0.685891121563769,0.8763788900224211,-0.8798739401111133,-0.7612650407135828,-0.714208962268402,-0.7183653291892573,0.6676556139506036,-0.3137351884836155,1.0163423011582358,-1.4954082902981902,0.5083200387009807,0.34054613449341214,1.3956564439134969,-1.0262312240177736,0
1.0210116762013473,-0.2763937776793958,-0.08015169438984172,0.09863608027189014,-0.811429217649733,0.45427015760716555,-0.4456811183922266,1.448454928779369,-0.6600261546519549,-0.714208962268402,-0.5707462775871955,0.6676556139506036,-0.3137351884836155,-0.9968811412152915,0.6687136927672083,0.5083200387009807,-1.2888612075803305,-0.5705535993796839,0.1078286152239403,0
-1.5944577913840823,0.0032074572411396867,0.6111893791538359,1.7171036063975558,0.505563693015319,0.5762453287668461,-0.4456811183922266,0.5469349261488682,-0.6458297294249595,1.4128197142423913,-0.6080252561072477,-0.6958344077320449,-0.3137351884836155,0.009730579971472093,0.6687136927672083,0.5083200387009807,-1.2888612075803305,-0.01979843967771028,-1.5726231284221464,0
-0.07669742046604576,-0.30497128366316817,-0.6996105966578317,0.8261679470076352,0.7797650216301313,-0.1346537433761379,0.43569222055087187,-0.970073999229849,2.457702226986376,-1.4232185211053332,1.7804805432629787,-0.6958344077320449,-0.3137351884836155,0.009730579971472093,0.6687136927672083,-1.9672645653622365,0.34054613449341214,-0.3775564910184312,0.2514763867317358,0
-1.5944577913840823,1.9034035145847676,-0.21759765779308396,-0.8524383576031759,0.9177916467982988,-0.2729941938891001,0.43569222055087187,2.1360144905217133,-0.20024181030763227,-0.005199403431470885,-0.6078614866626867,-0.6958344077320449,-0.3137351884836155,-0.9968811412152915,0.6687136927672083,-1.9672645653622365,0.34054613449341214,2.8620445338127487,-1.3013201100402514,0
0.24427593628583866,0.34998707182554106,-0.6784417818452416,-0.40334189071724474,-1.587359607723346,0.08264460946826743,-0.4456811183922266,1.324895139602389,-0.3656994811922585,-0.005199403431470885,-0.5239774082576047,-0.6958344077320449,-0.3137351884836155,1.0163423011582358,-1.4954082902981902,0.5083200387009807,0.34054613449341214,-0.7507658819652638,0.8574924175370712,1
1.4318496524127855,-0.6959909114399668,-0.6312549211729097,0.8012595868684104,0.3935588079439568,-0.6502539971012977,0.8763788900224211,-1.898583534056933,2.9170017158912467,-0.005199403431470885,4.639879329555164,0.6676556139506036,-0.3137351884836155,-0.9968811412152915,0.6687136927672083,0.5083200387009807,-1.2888612075803305,-0.4202699659430652,1.1371317776536942,1
-0.1611172946079071,-0.6959909114399668,0.1441168975636825,-0.15067534667668275,-1.161905113614609,-0.9326097545723376,-0.8863677878637759,-0.2933430362279939,-0.45972663853590257,0.7038101554054602,-0.11545418991113365,-0.6958344077320449,-0.3137351884836155,1.0163423011582358,-1.4954082902981902,0.5083200387009807,0.34054613449341214,-0.14857241227741236,0.05104992467473366,0
-0.9452763904344517,1.965689289371955,-0.8367357890689459,-0.9589597869564207,-1.7123759816809487,0.010174666718028625,-0.8863677878637759,-1.573845724872031,-0.5258505893584329,-0.005199403431470885,-0.6769127254872319,-0.6958344077320449,-0.3137351884836155,0.009730579971472093,0.6687136927672083,0.5083200387009807,-1.2888612075803305,1.7346005069720156,-0.17578117795446793,0
1.4523208294681766,0.3077650110501589,-0.9540190721271458,-0.047209480772189255,0.25899412425616675,0.6091834878210842,0.8763788900224211,1.385640799587275,-0.30486301888868,-0.005199403431470885,-0.4907894933516378,-0.6958344077320449,-0.3137351884836155,0.009730579971472093,0.6687136927672083,0.5083200387009807,1.969953476567155,0.3935500210417585,0.16923814036400187,0
2.86160977294373,-0.6959909114399668,-0.5229710126387315,0.6683539202486415,0.3379823246882935,0.9310888575627426,-0.4456811183922266,1.4771882060599206,-0.6539797725601235,0.7038101554054602,-0.38901437673388034,0.6676556139506036,-0.3137351884836155,-0.9968811412152915,0.6687136927672083,0.5083200387009807,0.34054613449341214,-0.40853700759387945,-0.2923748814982549,0
0.5573404358641093,-0.6959909114399668,-0.7047743303474616,1.581634120758522,-0.9541351278200079,-0.6445958929228137,0.8763788900224211,0.4326167769860744,2.9170017158912467,-0.714208962268402,4.639879329555164,-0.6958344077320449,-0.3137351884836155,3.029565743531763,0.6687136927672083,-1.9672645653622365,0.34054613449341214,-0.37256994519281755,2.344582527874764,2
-1.0738369301687145,-0.3424029311679956,-0.6145081026747424,-0.8734082253488615,0.7998029327330705,0.3163135904626001,-0.4456811183922266,-1.259511739808309,-0.5306276305512311,0.7038101554054602,-0.45364580745765765,-0.6958344077320449,-0.3137351884836155,0.009730579971472093,-1.4954082902981902,0.5083200387009807,0.34054613449341214,-0.6785480057616806,-1.00441940010729,0
-0.3094699729335188,-0.44362776421653266,-0.34677988323454145,-1.4347683814426289,0.13553815419739335,-0.7937060953618306,-0.4456811183922266,0.5802715532609742,-0.32170902570276044,-0.714208962268402,-0.2217593035898514,0.6676556139506036,-0.3137351884836155,0.009730579971472093,-1.4954082902981902,0.5083200387009807,-1.2888612075803305,-0.08288955456090898,0.8744176117934817,1
-0.4848492131899307,-0.6959909114399668,-0.5884852333882825,1.9722298174715729,0.8339625086049579,-0.2614373682619675,0.43569222055087187,-0.18229815458500628,-0.6393270145158794,1.4128197142423913,-0.3683793880208944,2.031145635633252,-0.3137351884836155,1.0163423011582358,-1.4954082902981902,0.5083200387009807,0.34054613449341214,-0.3398973556746881,0.8444227859836757,1
-0.044341507353557706,-0.46826357911302807,-0.2592008039642345,-0.37787116694719186,0.46570745715635786,-0.25521202243174407,-0.4456811183922266,1.801063053997275,-0.7706009839373963,-1.4232185211053332,-0.6214811390749513,-0.6958344077320449,2.92064819794541,0.009730579971472093,0.6687136927672083,0.5083200387009807,0.34054613449341214,-0.357956695255555,-1.3981751704718068,0
-1.5944577913840823,0.051191337556506476,-0.5551893842109118,1.5032018715937594,-0.11126983368314262,1.341339961435869,0.8763788900224211,-0.6696799256244058,-0.2057982176604801,-1.4232185211053332,-0.38160394410184095,0.6676556139506036,2.92064819794541,-0.9968811412152915,-1.4954082902981902,-1.9672645653622365,0.34054613449341214,0.9504940535229986,0.6424977698879702,1
-0.012556894250786389,-0.31684653148123015,0.37916589831817443,1.0594163877935245,-0.9934025019680995,-0.6620982210871442,-0.004994448920677399,1.342995543829779,-0.1211070055034458,-1.4232185211053332,-0.15054616650400787,-0.6958344077320449,-0.3137351884836155,1.0163423011582358,0.6687136927672083,0.5083200387009807,-1.2888612075803305,-0.5138133207796224,0.13041621476873227,0
1.182359576340613,-0.5230854253423635,1.2541422151154649,-0.3110646442772187,0.06745035541522217,-0.9738181452064464,-1.3270544573353251,-1.0011440125042077,0.07037637772141508,-1.4232185211053332,0.24500897601997793,0.6676556139506036,-0.3137351884836155,1.0163423011582358,0.6687136927672083,0.5083200387009807,0.34054613449341214,-0.42694164556801545,1.049448568311715,1
0.36388404784160056,-0.6959909114399668,0.32976777081526154,-0.9471203492097342,1.5086405250950432,-0.5976831618176828,-1.7677411268068743,0.3050466440160904,-0.10176886678221007,-0.005199403431470885,0.3886457588875534,-0.6958344077320449,-0.3137351884836155,1.0163423011582358,-1.4954082902981902,-1.9672645653622365,-1.2888612075803305,-0.34839869551819985,-1.0162868598992905,0
-1.5944577913840823,-0.5629965231693624,-0.16662434526883274,2.4027904447644004,-1.4308280658671357,1.4973476632340499,-0.8863677878637759,1.1332233259621838,-0.7398441668507136,-0.714208962268402,-0.5661889519379524,-0.6958344077320449,-0.3137351884836155,0.009730579971472093,0.6687136927672083,0.5083200387009807,-1.2888612075803305,-0.26621598679521163,1.568848852284545,2
-0.5898724140757634,-0.3981805853307627,-0.9487119783940522,-0.5285789916664371,0.18008978123768873,-0.6962274372927247,-0.004994448920677399,0.6710272715072679,0.030701107559426104,1.4128197142423913,0.04388217988322924,-0.6958344077320449,-0.3137351884836155,0.009730579971472093,0.6687136927672083,0.5083200387009807,0.34054613449341214,-0.1438717490548204,-0.10605702959537869,0
0.527003731067942,-0.4860210565631213,-0.5641969715458202,0.5164726753414876,-0.07877153307145536,1.5949607920008648,-0.4456811183922266,0.05250234801647308,-0.11500062187608268,-0.714208962268402,0.01087277580436427,-0.6958344077320449,2.92064819794541,1.0163423011582358,0.6687136927672083,0.5083200387009807,1.969953476567155,0.24394343629076048,-0.9400867006295665,0
0.31855701124974756,0.052141881136494296,-0.513867441439226,-0.5419955225887696,0.36260597042485426,0.1075582690902708,0.43569222055087187,-1.1043461894544437,1.0453986751683786,-1.4232185211053332,0.27825013093460116,0.6676556139506036,-0.3137351884836155,1.0163423011582358,0.6687136927672083,0.5083200387009807,0.34054613449341214,0.1921322426202786,0.2301028105963333,0
0.6124343527605531,0.3339230855180155,-0.9149298853463991,-1.2084939596249786,-0.49036500517849346,0.7499728913362421,-0.004994448920677399,-0.8726378464389344,-0.40359372033520097,-0.005199403431470885,-0.537640405121613,-0.6958344077320449,-0.3137351884836155,1.0163423011582358,0.6687136927672083,0.5083200387009807,0.34054613449341214,0.029915531119304485,-0.5039123003388264,0
1.2007428040665307,-0.6782018878764907,0.9067818148090945,1.5663307397854016,1.5631728240390808,-0.8204304752229338,-0.4456811183922266,-0.22016986804893993,0.08606360006687398,0.7038101554054602,0.5993803339034084,2.031145635633252,-0.3137351884836155,1.0163423011582358,-1.4954082902981902,0.5083200387009807,0.34054613449341214,-0.5216991957331648,1.9979810033667518,2
0.19926522631295362,-0.6812714422498213,-0.9152622160806052,-1.5732110314673904,0.7158248879110825,1.2502240772474256,1.7577522289655196,-1.4481005071737825,0.3425073687514144,0.7038101554054602,0.9580242854664458,-0.6958344077320449,-0.3137351884836155,0.009730579971472093,-1.4954082902981902,-1.9672645653622365,0.34054613449341214,-0.4281990691446015,-0.0028746815286642175,0
-0.2744180536486295,-0.6959909114399668,-0.9622857411069448,-1.4070001141636732,-0.6699878465055071,2.2084432487697496,-0.8863677878637759,1.4012902677868475,-0.10746255201895429,1.4128197142423913,0.38062753254130843,-0.6958344077320449,-0.3137351884836155,0.009730579971472093,0.6687136927672083,0.5083200387009807,-1.2888612075803305,-0.35561615551025605,0.25648766623407904,0
-1.5944577913840823,-0.6959909114399668,-0.11677136507495488,-0.8559426893532949,0.1502858719672739,-0.10331935245530008,-0.004994448920677399,0.8382135441828937,-0.13961397316303875,-0.005199403431470885,0.33534976228049046,0.6676556139506036,-0.3137351884836155,0.009730579971472093,0.6687136927672083,0.5083200387009807,0.34054613449341214,-0.49532527938464566,1.4346232460169785,2
0.16712972752347066,-0.5149396567983695,0.09533486942672356,0.03554206017351031,1.4088617796323286,-0.508195690017107,0.8763788900224211,-0.9055780809835942,1.0391222507213569,0.7038101554054602,1.203790596825573,2.031145635633252,-0.3137351884836155,-0.9968811412152915,-1.4954082902981902,0.5083200387009807,-1.2888612075803305,-0.3010122476939919,-0.27605440061361464,0
1.8321056077663038,-0.524195561299649,-0.49012953392859243,-0.3291273886216878,-1.4618859822098489,0.36782142055765427,-0.004994448920677399,0.3747018196964707,0.4311250213322746,-0.714208962268402,0.6140652697166301,-0.6958344077320449,-0.3137351884836155,0.009730579971472093,0.6687136927672083,0.5083200387009807,1.969953476567155,-0.7129584692139423,0.46274163533310975,0
0.4302351755018674,-0.4076088500511556,0.8202917672984525,0.4811032837865721,1.2886010486255604,-0.32792397284850444,-0.8863677878637759,-0.28341749976712777,0.6823851313102437,-0.005199403431470885,0.6125631917267499,-0.6958344077320449,2.92064819794541,-0.9968811412152915,0.6687136927672083,-1.9672645653622365,1.969953476567155,0.01735187888561655,-0.5991868032582396,0
-1.5944577913840823,-0.6959909114399668,-0.2563103269474773,-0.31113160995870354,0.3498511325474712,-0.7623928722946045,-0.4456811183922266,-1.5195648735989737,0.7313638719651809,0.7038101554054602,1.561918709178616,0.6676556139506036,-0.3137351884836155,-0.9968811412152915,0.6687136927672083,0.5083200387009807,0.34054613449341214,-0.5607027036378096,1.2798545084832185,1
-0.11364226621259294,-0.3018130638534772,-0.7324742781568817,-1.339302464379487,0.002756122675756378,-0.6221044926671815,0.8763788900224211,-0.8412231158051536,-0.06357348164836943,1.4128197142423913,-0.11823691678621617,0.6676556139506036,-0.3137351884836155,0.009730579971472093,0.6687136927672083,0.5083200387009807,0.34054613449341214,-0.6838167884510796,-0.39629765620959545,0
-1.234587639945326,0.04632574919768404,2.225252998300317,0.3685841416461495,-0.14068745512289696,-0.6743817538527926,-0.004994448920677399,-0.9309299749003821,-0.7326901194120633,-0.005199403431470885,-0.6594293696520862,-0.6958344077320449,-0.3137351884836155,0.009730579971472093,0.6687136927672083,0.5083200387009807,-1.2888612075803305,0.4887746907643379,-1.4563150286443525,0
-0.8508646436745599,1.6827543977667099,-0.18827735676915228,-0.5562915533096359,0.3055737192376195,-0.7138707822004209,1.3170655594939704,-1.2418319722860476,1.0032107206810472,1.4128197142423913,-0.32760488410326666,0.6676556139506036,-0.3137351884836155,-0.9968811412152915,-1.4954082902981902,-1.9672645653622365,0.34054613449341214,1.0504314963633745,-0.748606712500061,0
0.22429349593329428,-0.1460670580910174,-0.05117834418070253,1.2281393557189941,-0.48902236858339276,-0.2968788149696384,0.43569222055087187,1.3975995370511287,2.9170017158912467,1.4128197142423913,1.6671649260150718,0.6676556139506036,-0.3137351884836155,0.009730579971472093,0.6687136927672083,0.5083200387009807,0.34054613449341214,0.47056773852055356,0.8079899118430335,1
2.850348857049772,-0.20032883980010327,-0.6319451970834346,-0.2144183919220342,1.5631728240390808,0.6749449086332419,0.8763788900224211,0.18858223470467672,-0.15833883068494808,1.4128197142423913,-0.2501577491382753,-0.6958344077320449,-0.3137351884836155,1.0163423011582358,-1.4954082902981902,0.5083200387009807,0.34054613449341214,0.33990667109797945,-0.4524200881639714,0
0.08477075631751797,-0.655382637114585,-0.8233514192154062,-1.1895133682747094,0.48503996488626644,-0.16493477514232274,-1.7677411268068743,-0.4683687045870847,-0.5065410595599832,0.7038101554054602,-0.22909803507367035,0.6676556139506036,-0.3137351884836155,4.036177464718526,0.6687136927672083,0.5083200387009807,0.34054613449341214,-0.7264145627483877,-0.10142355855014815,0
0.7248180612593769,-0.6959909114399668,1.0685331619676233,-0.6041553783173262,-0.48657198015023045,0.00035668839165403616,-2.2084277962784236,1.7820373014765574,-0.3111948027086713,1.4128197142423913,0.09371822299293102,-0.6958344077320449,-0.3137351884836155,-0.9968811412152915,0.6687136927672083,0.5083200387009807,0.34054613449341214,-0.661968284383448,-0.6297621491120765,0
0.4520289690229932,-0.41768706582084564,-0.3939334242081718,0.7738793585147236,0.5581799184541584,0.7499509898927201,3.079812237380167,1.3141518232312905,-0.17096188824433506,-0.005199403431470885,-0.10985534947583771,2.031145635633252,-0.3137351884836155,0.009730579971472093,-1.4954082902981902,0.5083200387009807,0.34054613449341214,-0.6025486539229932,-0.00644929300095715,0
-0.2197771809873417,0.039883035216226825,-0.0665913692617964,-0.35790168865954697,0.19670679639243704,-0.5875903398420506,0.43569222055087187,-0.26104041838756736,-0.5955610667316351,-0.005199403431470885,-0.5858046049737407,0.6676556139506036,-0.3137351884836155,-0.9968811412152915,-1.4954082902981902,0.5083200387009807,0.34054613449341214,0.08289990892061441,0.2610547032774354,0
0.13919845374885367,-0.311537023908374,-0.8066990001253588,-0.746921510692346,-0.7945717515704548,0.30846448584821157,0.8763788900224211,-0.42499336392307174,-0.028407706499957785,1.4128197142423913,-0.08413404304901786,0.6676556139506036,-0.3137351884836155,1.0163423011582358,0.6687136927672083,-1.9672645653622365,0.34054613449341214,-0.42156320023306226,0.2778587252856519,0
0.41413650425189463,-0.682218681919405,-0.919563952410642,0.6929009726181949,-0.027952276297917775,-0.5363904895560099,-1.3270544573353251,0.9724148928678286,-0.8231538228629617,0.7038101554054602,-0.6310878665320521,0.6676556139506036,2.92064819794541,1.0163423011582358,0.6687136927672083,0.5083200387009807,0.34054613449341214,-0.28243773933090954,1.026079871151399,1
1.1628842389091107,-0.4884264585486151,0.7385056993308822,-0.21745000061123287,0.751550515218273,-0.21443682193619382,-0.4456811183922266,-0.6732228171315335,-0.6115147751285219,0.7038101554054602,-0.4642262885000809,2.031145635633252,-0.3137351884836155,-0.9968811412152915,0.6687136927672083,0.5083200387009807,1.969953476567155,-0.45582350568499813,-0.6480581047129238,0
0.8638292183607938,-0.6959909114399668,-0.8285448173473381,-0.6476644392952269,-0.4152011234807292,-0.5830745768975037,0.43569222055087187,1.2904903884845096,0.4372214938864705,-0.714208962268402,1.1476878433349487,-0.6958344077320449,-0.3137351884836155,1.0163423011582358,0.6687136927672083,0.5083200387009807,0.34054613449341214,-0.5869386000247925,0.7536177173984516,1
0.8226932556410483,-0.3541895936801448,-0.5063645486592981,1.4020811973851808,1.0196145536097132,0.762378213863433,-0.004994448920677399,0.8169327871114626,0.46656627235050774,1.4128197142423913,0.3476036824204697,-0.6958344077320449,-0.3137351884836155,1.0163423011582358,0.6687136927672083,0.5083200387009807,0.34054613449341214,-0.12493212132683339,-0.11656579381214109,0
-1.391926239308492,-0.6959909114399668,-0.7224651615971878,-1.6051026849797037,1.0613148088987792,0.3904945074212481,0.43569222055087187,-0.8988646474436295,-0.740613841434249,-1.4232185211053332,-0.5110182362106878,-0.6958344077320449,-0.3137351884836155,0.009730579971472093,-1.4954082902981902,0.5083200387009807,-1.2888612075803305,-0.3959344599135162,-0.4687192130082756,0
0.5209876463604999,0.08703747022377853,-0.3668650515491646,0.8432684436374849,-0.8756013971660762,0.4507069899464095,-0.004994448920677399,-0.6553921741291371,0.34725527571147585,-0.005199403431470885,-0.10896781544025895,-0.6958344077320449,-0.3137351884836155,-0.9968811412152915,0.6687136927672083,0.5083200387009807,1.969953476567155,0.2558575369483741,-0.1692584729763004,0
-0.5508069610204014,0.574723205568488,-0.5512373131485158,1.1875127358965318,-0.18145480833400174,2.4051741009240803,-0.8863677878637759,-0.8924007702568543,2.16993590456246,-1.4232185211053332,0.3768347783922547,-0.6958344077320449,-0.3137351884836155,-0.9968811412152915,-1.4954082902981902,0.5083200387009807,-1.2888612075803305,1.0146205705189673,-0.4566602124932413,0
0.2570380602365421,-0.6959909114399668,0.37037141009202007,0.08705951834202591,-1.4329254543175656,0.3668713159149307,-0.4456811183922266,1.408682894210408,-0.5474635685246099,0.7038101554054602,-0.23901117178187314,-0.6958344077320449,-0.3137351884836155,0.009730579971472093,-1.4954082902981902,-1.9672645653622365,0.34054613449341214,-0.4917888761039927,1.231390194818064,1
0.9767866309479798,-0.6959909114399668,0.6717001952379155,-0.21626608579827525,-0.7793303249368609,-0.33732238367040873,-0.004994448920677399,1.1883328490861294,2.9170017158912467,-0.005199403431470885,4.639879329555164,-0.6958344077320449,2.92064819794541,0.009730579971472093,0.6687136927672083,0.5083200387009807,1.969953476567155,-0.1025135801945687,2.1891620224416557,2
-0.48387080887680617,0.5004937754870007,-0.3338310142330419,0.9974214684105379,0.7125770049198988,-0.8679631183708538,-1.7677411268068743,0.0492685577408284,-0.43385065802091116,-0.714208962268402,-0.5713450919041492,-0.6958344077320449,-0.3137351884836155,1.0163423011582358,0.6687136927672083,0.5083200387009807,-1.2888612075803305,0.757219452887039,-0.5056772150413957,0
1.3804428535944209,0.26445158923493656,-0.6172560097358079,-0.3141079872079823,0.06528161599936386,-0.11959165585605433,-0.4456811183922266,1.5693537548542271,-0.5425785757538256,-0.005199403431470885,-0.5891607978029674,2.031145635633252,-0.3137351884836155,-0.9968811412152915,0.6687136927672083,-1.9672645653622365,0.34054613449341214,-0.004737273881379797,0.7572628836822562,1
-0.24764864584865504,-0.6959909114399668,-0.5745635298034734,0.14983586621290748,1.1366562717079098,-0.7008460921921802,-1.3270544573353251,-1.0571189216951369,0.04749910310512282,-0.714208962268402,0.5988548447494035,-0.6958344077320449,-0.3137351884836155,-0.9968811412152915,-1.4954082902981902,0.5083200387009807,0.34054613449341214,-0.7289044592939147,-0.5914299217333528,0
0.05531048207901134,-0.29822469980538313,-0.9674082804651987,0.972032326560336,1.443330500452716,-0.618162745166754,-0.4456811183922266,1.0275641565099616,-0.596720820394763,-0.714208962268402,-0.5187375278330704,0.6676556139506036,-0.3137351884836155,0.009730579971472093,-1.4954082902981902,0.5083200387009807,0.34054613449341214,0.24476158176103935,-0.5502188652092835,0
0.2022981691471409,-0.5586821325677913,-0.7188194362987507,-0.6095999395665319,-0.6294843081196296,0.22932915731130915,-0.4456811183922266,-0.16187350510795148,-0.20303884073469147,1.4128197142423913,0.011102844306625686,-0.6958344077320449,-0.3137351884836155,3.029565743531763,0.6687136927672083,0.5083200387009807,-1.2888612075803305,-0.2908666798708383,-0.8393058470437715,0
1.299399750603699,-0.6334378736236231,-0.8928582080616289,-0.16114681256140842,-1.3359105303239747,0.9754640792178668,-0.004994448920677399,1.400383225408683,-0.08150735459794096,-0.714208962268402,0.27353059148375775,-0.6958344077320449,-0.3137351884836155,-0.9968811412152915,0.6687136927672083,0.5083200387009807,-1.2888612075803305,-0.6067791598137261,1.0309739860320113,1
0.8026138805323891,0.009689532489642062,-0.43198646114296174,0.039850186074371546,0.23969344820298105,3.4658912040162195,0.43569222055087187,1.3164614116000088,-0.6220264063657731,-1.4232185211053332,-0.5958342113494536,-0.6958344077320449,-0.3137351884836155,-0.9968811412152915,0.6687136927672083,0.5083200387009807,1.969953476567155,-0.39256313084951805,-0.44850774728636483,0
1.3029096858059348,-0.30191988487758914,0.032138465133133835,0.4779337753663371,0.9313146308535927,-0.7188660125769853,-2.2084277962784236,-0.38388186855601797,-0.746043130992084,0.7038101554054602,-0.6296000097725489,-0.6958344077320449,-0.3137351884836155,-0.9968811412152915,0.6687136927672083,0.5083200387009807,-1.2888612075803305,-0.6611744892396735,-0.49829250129355684,0
-0.5326003081817076,-0.5165860449454566,0.3635161535270111,-1.433629855717453,0.20331544270813437,-0.030988731914257366,-0.4456811183922266,-1.397090883691308,-0.7357247536781828,-0.005199403431470885,-0.5760654816312482,2.031145635633252,-0.3137351884836155,0.009730579971472093,0.6687136927672083,0.5083200387009807,1.969953476567155,-0.6881905326764862,-1.0845837523679858,0
1.7153850709070222,-0.3999326904893091,0.11029470604049872,0.03909122142543832,-0.11057847636097737,-0.9080758067778575,-0.4456811183922266,-1.225632211957683,-0.6280158622928956,1.4128197142423913,-0.512885976812995,0.6676556139506036,-0.3137351884836155,-0.9968811412152915,-1.4954082902981902,0.5083200387009807,0.34054613449341214,-0.5965733483247225,0.7743953017199715,1
-1.0873553586062137,-0.03598980337501601,0.07608855439650761,-1.6349694780485176,1.3757642451115109,3.514551632206912,-0.004994448920677399,-0.9949551522213984,2.4618284240772006,-0.714208962268402,1.1672441371108928,-0.6958344077320449,-0.3137351884836155,-0.9968811412152915,-1.4954082902981902,0.5083200387009807,0.34054613449341214,0.4238231978197105,-1.7605209276959755,0
0.5726503685622083,0.5151996478096407,-0.10418097357535949,0.5506155756069296,0.6121797925267668,-0.21866294856504154,-0.4456811183922266,-0.7409450892425855,-0.22875992341778847,-0.714208962268402,-0.49496611780125727,-0.6958344077320449,2.92064819794541,-0.9968811412152915,0.6687136927672083,-1.9672645653622365,-1.2888612075803305,0.13578871270644466,0.09824548067433321,0
0.17697874664187466,-0.6959909114399668,-0.40547276389932924,-0.14315227034696032,1.1830208903049308,0.47017391308641193,-0.8863677878637759,-0.9092464654706435,-0.12292093913688343,-0.005199403431470885,0.358858003368967,-0.6958344077320449,-0.3137351884836155,-0.9968811412152915,-1.4954082902981902,0.5083200387009807,0.34054613449341214,-0.7050892754655467,-1.6751204315636041,0
1.292076963789053,-0.6959909114399668,3.0144600232346073,0.37760706843127245,0.7814129680902289,-0.8098321537383909,1.3170655594939704,1.5151334132854886,-0.737588473667062,0.7038101554054602,-0.5067577120458833,-0.6958344077320449,-0.3137351884836155,-0.9968811412152915,0.6687136927672083,0.5083200387009807,0.34054613449341214,-0.4770154139655292,-1.5755442534738857,0
-0.5844526087356134,4.124499091863731,-0.39851848765378023,-0.7014683782038705,0.8477706813233623,-0.8819505759174635,-0.8863677878637759,1.2219256167246557,-0.03949106259417057,0.7038101554054602,-0.6509598305599745,0.6676556139506036,-0.3137351884836155,0.009730579971472093,0.6687136927672083,0.5083200387009807,-1.2888612075803305,8.660600284827229,-0.019573724368019595,0
-0.412606452508123,-0.6500105792195945,3.3867394908064923,-1.0280656796172907,-0.9611283987599626,0.23387574007840908,-0.004994448920677399,-0.27911651641900653,-0.4579371569830732,1.4128197142423913,-0.17274420603066046,-0.6958344077320449,-0.3137351884836155,-0.9968811412152915,0.6687136927672083,0.5083200387009807,0.34054613449341214,-0.3585314208440037,-0.01582127891263462,0
-0.4788816849799279,0.4556205215034062,-0.8606264945964515,-1.5620668140406724,0.1165563728436245,-0.5739852596430595,-0.8863677878637759,1.0183819842877204,-0.4791183494443509,-0.005199403431470885,-0.5840323409576957,0.6676556139506036,-0.3137351884836155,0.009730579971472093,0.6687136927672083,0.5083200387009807,-1.2888612075803305,0.7506741695371157,-0.923732416160188,0
1.241248734908647,-0.6959909114399668,-0.8448402265887638,-1.4543481093548927,-0.15639415160841347,-0.1965773686049157,-0.004994448920677399,-0.23787375223684837,-0.6796941566149202,-0.005199403431470885,-0.4252270831151578,-0.6958344077320449,-0.3137351884836155,-0.9968811412152915,-1.4954082902981902,0.5083200387009807,1.969953476567155,-0.6410285681357942,1.3157017165194889,2
-0.9408399359033436,-0.6959909114399668,-0.0723335406594849,-0.41930576389299234,-0.1728967094651108,-0.2814906725302211,0.43569222055087187,0.13836545376952805,-0.7978434023755012,-0.005199403431470885,-0.5916127113604203,0.6676556139506036,-0.3137351884836155,0.009730579971472093,0.6687136927672083,0.5083200387009807,0.34054613449341214,-0.3508742036134577,-0.2759395799045653,0
1.1302521425898762,-0.07732369822445762,-0.4364431910004327,-0.4450666280006161,-1.3132587802799773,-0.631194555641138,-0.004994448920677399,-0.48724322559495264,-0.8761032249024794,0.7038101554054602,-0.7331117315878125,0.6676556139506036,-0.3137351884836155,-0.9968811412152915,0.6687136927672083,0.5083200387009807,-1.2888612075803305,0.18403663801957124,-1.3151192510630316,0
0.17060296112463105,-0.04729073242061252,-0.8553554449985317,0.7179586128147252,0.015133622375988207,-0.6795359913277068,1.7577522289655196,-1.2686723300971372,0.2299394358800388,-1.4232185211053332,-0.09726823946795402,-0.6958344077320449,-0.3137351884836155,-0.9968811412152915,-1.4954082902981902,0.5083200387009807,-1.2888612075803305,-0.4535084847059528,-0.48824405942102844,0
0.018620052663947846,-0.5599490037651805,-0.00884150562980845,0.36492731562437686,-0.6644832119762658,-0.6218563135639689,-1.3270544573353251,0.8042780719091452,-0.452237836689997,-1.4232185211053332,-0.25645918972046583,-0.6958344077320449,-0.3137351884836155,0.009730579971472093,-1.4954082902981902,-1.9672645653622365,0.34054613449341214,-0.5785555124185933,0.20312901678931242,0
-1.018597955680694,0.44892321656583795,-0.5939761556680991,-0.5057369337023693,-2.9652408949210196,0.1780730141676255,-0.4456811183922266,-0.18041160644384185,-0.7281181755253017,1.4128197142423913,-0.681966452185974,-0.6958344077320449,-0.3137351884836155,0.009730579971472093,0.6687136927672083,-1.9672645653622365,-1.2888612075803305,0.05627992645739255,0.15406577880075695,0
-1.4985272286313118,-0.5605521048796845,-0.01554626338511656,-0.7051851545415648,0.21226188330940887,1.8519625362339571,-1.3270544573353251,-1.6878436840730717,-0.7019713260129421,1.4128197142423913,-0.5260243545252812,-0.6958344077320449,2.92064819794541,-0.9968811412152915,-1.4954082902981902,0.5083200387009807,-1.2888612075803305,-0.3951024041849402,-1.523940122045813,0
-1.1891694144516112,1.2852967442044143,-0.34791532838042366,0.8061777441804006,-0.24775196228354907,-0.7609413903470726,1.3170655594939704,0.451014471371959,-0.7566908730906834,0.7038101554054602,-0.7148007463711706,-0.6958344077320449,-0.3137351884836155,0.009730579971472093,-1.4954082902981902,0.5083200387009807,1.969953476567155,0.2621330498311236,-0.6746335913824467,0
0.32043391620931877,-0.6959909114399668,-0.6298523168970879,-0.3373612615791163,0.6787019780396902,-0.7482104769169121,-0.8863677878637759,0.17969527190990284,-0.6742693513328489,0.7038101554054602,-0.4175875114094297,-0.6958344077320449,-0.3137351884836155,-0.9968811412152915,0.6687136927672083,0.5083200387009807,0.34054613449341214,-0.8216907002607287,-1.1293626965924952,0
-1.2002535966679337,-0.35266665245899753,-0.143926539096466,-1.116144224358812,1.5375966691723508,1.3134060277364512,1.3170655594939704,-0.21902392553041095,-0.7638127902647095,1.4128197142423913,-0.6356808453346833,-0.6958344077320449,-0.3137351884836155,1.0163423011582358,0.6687136927672083,0.5083200387009807,-1.2888612075803305,-0.48806140948982657,-1.9070134074172147,0
-0.21910506453092732,0.7933525220976074,-0.22120257633914434,-0.8378221662062424,0.5057148808024073,-0.42669152884298256,-0.8863677878637759,1.4043028383709204,-0.7245241972811829,1.4128197142423913,-0.693917003159916,0.6676556139506036,2.92064819794541,-0.9968811412152915,0.6687136927672083,0.5083200387009807,1.969953476567155,2.2396792328640163,0.3705198759818769,0
-0.45714154290278747,-0.0344698682693874,-0.25896468264324635,1.0587692450921184,0.9761564634558711,0.43643532602621793,-0.004994448920677399,1.332819204831476,2.135664729057322,1.4128197142423913,0.9790901700871196,0.6676556139506036,-0.3137351884836155,0.009730579971472093,0.6687136927672083,0.5083200387009807,0.34054613449341214,0.1874079253705731,-0.9932102956244399,0
-0.03503389065853778,-0.3557761758067095,-0.8245649819993867,0.44006212288186014,0.7769185464524841,-0.9200544550592445,1.3170655594939704,-0.6965422648783381,0.23199255732283816,-1.4232185211053332,0.16202627628603564,0.6676556139506036,-0.3137351884836155,-0.9968811412152915,0.6687136927672083,-1.9672645653622365,-1.2888612075803305,-0.284143280673673,0.08753443236014029,0
-1.5642784947597017,-0.5595434986216722,-0.8199407196013819,-0.8681513632804568,-0.8743299525316853,0.2729766948767882,-0.4456811183922266,-0.28791862170838206,-0.13240912435308141,-1.4232185211053332,0.08848532727364249,-0.6958344077320449,-0.3137351884836155,-0.9968811412152915,0.6687136927672083,-1.9672645653622365,0.34054613449341214,-0.741564469093034,1.0107470630274702,1
-0.7350234038686827,-0.09125949040397889,-0.8539902635464474,-0.10819513740424594,0.890849270266913,-0.05723930185041508,1.3170655594939704,0.6681266782527302,2.9170017158912467,-0.005199403431470885,1.5410475228316112,-0.6958344077320449,-0.3137351884836155,3.029565743531763,0.6687136927672083,-1.9672645653622365,-1.2888612075803305,-0.37158084915634454,-0.6509189600026386,0
0.5766304306510909,0.3857739549669992,0.33100429958512156,1.1328859101384563,1.5631728240390808,-0.9710465457044739,-0.004994448920677399,0.09645969761428491,0.05086052437506541,-1.4232185211053332,-0.3575421536287783,0.6676556139506036,-0.3137351884836155,0.009730579971472093,0.6687136927672083,0.5083200387009807,-1.2888612075803305,-0.5400412122411061,0.11650042410514053,0
0.43968437428178697,0.6654213438753795,-0.1204876719503904,0.517890429592083,-1.1302202032325268,0.9442456971019438,-0.4456811183922266,-1.4567722277191242,-0.29928547561703484,-1.4232185211053332,-0.5412167610941764,0.6676556139506036,2.92064819794541,0.009730579971472093,0.6687136927672083,0.5083200387009807,-1.2888612075803305,-0.5680079443819367,0.04066083189704085,0
-0.3197183408930679,3.3953147396853454,-0.9504539479092051,1.3384840607586221,-0.7329160441828245,0.21100070823888487,-0.004994448920677399,-0.4623290317959559,-0.5866610488782749,0.7038101554054602,-0.7102058758640118,0.6676556139506036,-0.3137351884836155,-0.9968811412152915,0.6687136927672083,0.5083200387009807,0.34054613449341214,4.753539027085853,0.29549169274308923,0
0.631335871916888,-0.40193010915525845,-0.7562393318078953,-0.6919159704609527,1.5041279234299412,0.7394185659836076,1.3170655594939704,1.6508779359019217,2.1883540073260117,-0.005199403431470885,1.8827273603481485,0.6676556139506036,-0.3137351884836155,0.009730579971472093,-1.4954082902981902,0.5083200387009807,0.34054613449341214,0.055974837575098885,-0.29937737733714875,0
1.1878753946904572,-0.2352502506434071,-0.3389666262930503,-1.3419181418172805,-0.7990182358566565,-0.069907382249855,-0.8863677878637759,1.043787442433091,-0.6015958805361509,-0.714208962268402,-0.5385456443332926,-0.6958344077320449,-0.3137351884836155,-0.9968811412152915,0.6687136927672083,0.5083200387009807,0.34054613449341214,-0.3565721519781714,-0.7703407151423586,0
-1.3482763977122576,0.6918257339082128,0.2506749123995253,0.6406740555837741,-0.17391696172299065,-0.8045388024943327,1.3170655594939704,-0.21813577139520465,-0.7505148834484509,-1.4232185211053332,-0.6994315815653673,-0.6958344077320449,2.92064819794541,3.029565743531763,0.6687136927672083,-1.9672645653622365,0.34054613449341214,0.8789805092842726,-0.23666323492895605,0
0.7533867643317871,0.39730370183282704,-0.31929599145923276,0.796761493925932,-0.6985432877212384,1.0978098690448321,-0.004994448920677399,0.08027074632422607,2.778865062077599,-1.4232185211053332,0.7565346599428282,2.031145635633252,-0.3137351884836155,-0.9968811412152915,-1.4954082902981902,-1.9672645653622365,0.34054613449341214,0.9490958647573678,2.3740635358474482,2
0.05196798147119961,0.4418495611082153,-0.2933135072388429,1.1468417750848432,-2.0226494908321446,-0.8810385881751555,-0.4456811183922266,-1.811421507341545,-0.4379117444099265,-0.005199403431470885,-0.5661418795059853,-0.6958344077320449,-0.3137351884836155,1.0163423011582358,-1.4954082902981902,0.5083200387009807,-1.2888612075803305,0.6124769479483178,-0.13539635889116475,0
-0.9212862533832136,-0.6959909114399668,-0.9053925756574451,0.014215190034272013,0.34545137092591155,0.3431215394740642,0.43569222055087187,2.4369956431856576,-0.18196324495508284,1.4128197142423913,0.27571070028319805,-0.6958344077320449,-0.3137351884836155,0.009730579971472093,0.6687136927672083,-1.9672645653622365,0.34054613449341214,-0.5638793082308905,-0.7401266078419191,0
-1.4952310334671548,-0.6959909114399668,0.6866390873357244,-0.05184276493615422,0.10590490257494767,-0.1560474678382596,-0.004994448920677399,0.25105400624741964,-0.8574602978453535,0.7038101554054602,-0.6755691898205899,0.6676556139506036,-0.3137351884836155,0.009730579971472093,0.6687136927672083,0.5083200387009807,-1.2888612075803305,-0.7683173849938224,-0.4870335262774486,0
-0.5046169267249836,-0.09885197457653876,-0.8639151867445626,0.6184758042006744,-0.8107594046430942,0.29236817991306163,-0.8863677878637759,-0.3551986693599441,0.28170639049539875,-1.4232185211053332,-0.03352966715004908,0.6676556139506036,-0.3137351884836155,0.009730579971472093,0.6687136927672083,0.5083200387009807,0.34054613449341214,-0.021534625798996048,2.2001696497086036,2
0.23735849580639432,0.07989029741305295,-0.37229215926807685,-0.8915200430147814,-0.9871233041881996,-0.7319656162116294,-1.3270544573353251,-0.6459390330813573,2.9170017158912467,1.4128197142423913,1.219913141016346,-0.6958344077320449,-0.3137351884836155,-0.9968811412152915,0.6687136927672083,0.5083200387009807,1.969953476567155,-0.5396546329989501,1.0168239520951137,1
0.2526483909341577,-0.4077125765552645,-0.9170563446028954,0.5915129102163116,-2.525104490367598,0.9097187817526949,0.8763788900224211,0.8836322612310997,-0.6040262839343273,-0.714208962268402,-0.4897599973714669,-0.6958344077320449,-0.3137351884836155,0.009730579971472093,0.6687136927672083,0.5083200387009807,-1.2888612075803305,-0.27907718727753,1.7598611325682707,2
-0.8588355387583293,1.1838875011818437,-0.2465872933938951,-0.7961867869995554,-0.22072990080944274,0.44622484718951844,-0.004994448920677399,0.8708348964877903,0.9153858383855655,-1.4232185211053332,-0.25966710811820554,-0.6958344077320449,-0.3137351884836155,2.0229540223449995,0.6687136927672083,0.5083200387009807,0.34054613449341214,-0.35378936301864855,-0.9385116965335012,0
0.03812734743050048,0.6109316080197121,0.003656550189977897,-0.15724404466298292,0.6645759109493481,-0.8060362196394749,0.8763788900224211,-1.6104157752260464,-0.6838064307456467,-0.005199403431470885,-0.6728436382493392,0.6676556139506036,-0.3137351884836155,0.009730579971472093,0.6687136927672083,0.5083200387009807,-1.2888612075803305,1.1992418851887552,-0.9697329772076906,0
0.2790700517590616,-0.5783090980988619,0.12898570447950775,1.0782643694094411,0.18546982300598058,2.075802034138332,0.43569222055087187,1.8023028269624326,-0.4711391153218911,-0.005199403431470885,-0.26134201143735825,-0.6958344077320449,-0.3137351884836155,1.0163423011582358,0.6687136927672083,0.5083200387009807,0.34054613449341214,-0.4596512089030633,-0.6644429210501317,0
0.1673750019723746,-0.6959909114399668,-0.33071505048186894,-1.1440548679996365,-0.9217336121344075,-0.26572815379863457,-0.4456811183922266,0.24212706824121796,-0.45966829295719447,-0.714208962268402,-0.11537202378551684,-0.6958344077320449,-0.3137351884836155,0.009730579971472093,0.6687136927672083,0.5083200387009807,0.34054613449341214,-0.20720347034625136,1.2439992974046892,1
-1.3600412341240782,-0.6491430426778619,-0.6127310918844588,0.11048074336706461,0.2455454071235695,2.0504392006619487,0.43569222055087187,-0.4970729081279016,-0.8761032249024794,0.7038101554054602,-0.7069292505332668,-0.6958344077320449,-0.3137351884836155,1.0163423011582358,-1.4954082902981902,0.5083200387009807,0.34054613449341214,-0.15732656678982482,-0.5372000216353885,0
0.8267622973451173,1.5892635211497508,-0.5104924080063309,1.9085245737699232,0.48094083606230176,-0.6037904404918337,-0.8863677878637759,-1.7377745844237518,-0.049131550739487294,0.7038101554054602,-0.5559677538446669,-0.6958344077320449,-0.3137351884836155,0.009730579971472093,-1.4954082902981902,-1.9672645653622365,0.34054613449341214,-0.4553856742730998,-1.296494420414253,0
-0.3762634404188739,-0.098471973229213,0.371049612129989,-1.5247098522322848,-0.7291343310811597,-0.7452775139387946,-0.4456811183922266,-0.5368561021478014,-0.5818207014095313,-0.714208962268402,-0.5550225182016703,-0.6958344077320449,-0.3137351884836155,-0.9968811412152915,0.6687136927672083,0.5083200387009807,-1.2888612075803305,-0.5904132665491496,-0.5114611497872328,0
-1.5944577913840823,-0.4954022704748859,0.9344314644773847,-1.4201492237414663,0.21952390666226432,0.07043541931446536,-0.4456811183922266,-0.3111387759216709,-0.7807869844069979,-0.005199403431470885,-0.6257734069344429,-0.6958344077320449,-0.3137351884836155,-0.9968811412152915,0.6687136927672083,0.5083200387009807,0.34054613449341214,-0.6469330636929507,-1.070746492669159,0
0.08509815104654476,-0.6959909114399668,1.6443621567964317,0.11096543543293205,-0.758455152307365,0.13961561133397163,0.43569222055087187,-0.2995059649914364,-0.4465034203151996,-0.714208962268402,-0.09683237428368323,-0.6958344077320449,-0.3137351884836155,0.009730579971472093,-1.4954082902981902,0.5083200387009807,0.34054613449341214,-0.6571725422293273,-0.8762348909830172,0
-1.5944577913840823,-0.3261630337115648,-0.7923984064650469,0.5004699942736636,-1.6920001657922332,-0.9036101574658774,1.3170655594939704,-1.4149870453576536,0.6192154650271546,-0.005199403431470885,0.4275872337245581,-0.6958344077320449,-0.3137351884836155,-0.9968811412152915,-1.4954082902981902,0.5083200387009807,-1.2888612075803305,-0.34266594643345977,0.5683559341406893,1
0.11108602937895792,-0.3683187729504941,-0.2695928626818784,0.4083159463538108,-0.5293151038981508,-0.8276881911291899,2.639125567908618,2.162115044896451,-0.6472654621771105,-0.005199403431470885,-0.538442926176028,-0.6958344077320449,-0.3137351884836155,2.0229540223449995,0.6687136927672083,0.5083200387009807,-1.2888612075803305,-0.6004464794867969,-0.7095990465339707,0
0.030352620723110426,-0.6959909114399668,-0.6109612067167933,-1.2554720515222655,1.5631728240390808,-0.7617319039164069,0.43569222055087187,1.8377413432779084,2.5449335877965074,-0.005199403431470885,4.1159082382074414,2.031145635633252,-0.3137351884836155,1.0163423011582358,0.6687136927672083,0.5083200387009807,0.34054613449341214,-0.6252865031831358,0.04326787936104222,0
1.0458098426831222,-0.6952780813802925,-0.5465441616884822,-0.76951245621104,0.8043987775218944,0.4225415343169789,0.43569222055087187,2.536042533844673,-0.5365513224524042,-0.005199403431470885,-0.22448876063233464,2.031145635633252,-0.3137351884836155,1.0163423011582358,-1.4954082902981902,0.5083200387009807,-1.2888612075803305,-0.5420942724606996,-0.6714307559973552,0
-0.4619592428665852,-0.6717696398466028,0.5620691808075835,-1.0820522566090918,-0.08617646416868861,-0.31311768552886005,1.7577522289655196,-1.2961088052826835,-0.347506166167237,-0.005199403431470885,0.0016516077010975169,-0.6958344077320449,-0.3137351884836155,0.009730579971472093,-1.4954082902981902,0.5083200387009807,0.34054613449341214,-0.7191182441607422,-1.3657802096182463,0
0.1699967395538131,-0.6959909114399668,-0.34950911755652286,0.939102072335908,-1.1268127347321721,2.304829460928644,0.8763788900224211,-0.019547845703090816,-0.5691158934147109,-0.005199403431470885,-0.26950341620220936,-0.6958344077320449,-0.3137351884836155,1.0163423011582358,0.6687136927672083,0.5083200387009807,-1.2888612075803305,-0.26513079267875134,0.16133496558038476,0
1.6946054392350514,0.057988924630569524,-0.5523933900508271,-0.8873318552885611,-1.4308301842168747,-0.5041611665085045,0.43569222055087187,0.6516414355770694,0.9242679467525414,-1.4232185211053332,0.20962134638675514,-0.6958344077320449,-0.3137351884836155,1.0163423011582358,-1.4954082902981902,-1.9672645653622365,0.34054613449341214,0.3630976958730806,0.4632903332455501,0
-0.24481738669313777,2.0847187409039987,-0.8508474011186836,-0.14403432831488747,1.3751204628015445,-0.7153891748338912,0.43569222055087187,-1.7728949374366827,-0.11472338132337913,-0.005199403431470885,-0.5994498199540688,2.031145635633252,2.92064819794541,0.009730579971472093,0.6687136927672083,-1.9672645653622365,0.34054613449341214,0.5315595142861579,-0.729896765763994,0
-0.15161096190207513,-0.5627427296804722,-0.7550513400533169,-0.2707552655817936,-0.9753180076278682,0.3937559029599381,-0.4456811183922266,-0.555910138570095,-0.6367491804519062,0.7038101554054602,-0.4543567629504743,-0.6958344077320449,2.92064819794541,1.0163423011582358,0.6687136927672083,0.5083200387009807,-1.2888612075803305,-0.6421034932931,0.7785004401541736,1
0.1404259736059118,-0.6339939480668187,0.4196743225870329,-0.6982359729327967,-0.7154247133109141,-0.13834807573851463,0.8763788900224211,0.11038645359114238,-0.7634464388464481,-1.4232185211053332,-0.5690066615563135,-0.6958344077320449,-0.3137351884836155,2.0229540223449995,0.6687136927672083,0.5083200387009807,0.34054613449341214,-0.5504570214681757,-0.07972619183172759,0
-0.2917353765355042,-0.6959909114399668,0.4924102955393845,-0.34740441302163244,-2.446790896405901,-0.3267150389709549,0.43569222055087187,-0.49175900856815385,0.4548692575735722,-0.714208962268402,1.172540598249293,0.6676556139506036,2.92064819794541,-0.9968811412152915,0.6687136927672083,0.5083200387009807,0.34054613449341214,-0.7492725900629296,1.710704025909885,2
-1.5944577913840823,-0.18032198438390895,-0.5404705400017962,0.8775932881163255,0.9705982998700888,-0.9040038389923383,1.3170655594939704,1.4029135255713532,-0.7873479545547581,-0.005199403431470885,-0.6725669918725438,0.6676556139506036,-0.3137351884836155,-0.9968811412152915,-1.4954082902981902,0.5083200387009807,-1.2888612075803305,0.1627129557911919,-1.329563435739971,0
-1.5944577913840823,0.8935884533631331,-0.3438796604233794,0.1928459141045766,-0.05602972936091882,0.8955439940026256,1.7577522289655196,1.4615295619073632,-0.7746200058739093,1.4128197142423913,-0.7124772805292083,-0.6958344077320449,-0.3137351884836155,0.009730579971472093,-1.4954082902981902,0.5083200387009807,0.34054613449341214,-0.372232021579509,0.5693854754444574,1
0.7411779786353632,-0.6722287218943214,-0.9646036059409506,0.8205645305120352,0.17746002836513736,-0.7880111979658884,0.43569222055087187,-0.463271549810822,-0.7662508908445071,-1.4232185211053332,-0.5576269899581989,-0.6958344077320449,-0.3137351884836155,0.009730579971472093,0.6687136927672083,-1.9672645653622365,0.34054613449341214,-0.35572491694575015,-0.13775844591296194,0
-1.548507448480653,-0.5004623048379765,-0.9242958845706641,-1.015497554761214,-1.6214773855181457,1.3595429381729671,1.3170655594939704,-0.9093381714714094,-0.8431220239838048,1.4128197142423913,-0.6858728170321229,0.6676556139506036,-0.3137351884836155,-0.9968811412152915,0.6687136927672083,0.5083200387009807,-1.2888612075803305,-0.5924704157529809,1.2442729093061624,1
-1.5944577913840823,0.008901472501542515,-0.385564799693758,-1.3053037245193404,-1.0805726863640501,1.079923255039081,-0.004994448920677399,-0.19386851283199322,-0.8098274119808244,-1.4232185211053332,-0.6985273343866195,-0.6958344077320449,-0.3137351884836155,-0.9968811412152915,0.6687136927672083,0.5083200387009807,0.34054613449341214,-0.3380471713947511,-0.08993204260528784,0
-0.9107843764371261,1.1126290000462693,0.9520143661826479,-0.1719475398715745,0.5255206200278103,-0.22975844589567943,-1.7677411268068743,0.45350111580497826,-0.5306893154619065,-0.714208962268402,-0.6484551442360085,0.6676556139506036,-0.3137351884836155,0.009730579971472093,0.6687136927672083,0.5083200387009807,1.969953476567155,2.0701273793545583,-1.3854492957146445,0
-0.13730899318342685,-0.43378257359944256,-0.38003720174050337,-0.18474500293517715,-0.5390506662438675,0.06436204866581251,-0.004994448920677399,0.061683681459542984,-0.6284746770673942,1.4128197142423913,-0.501720454268593,-0.6958344077320449,-0.3137351884836155,0.009730579971472093,0.6687136927672083,0.5083200387009807,0.34054613449341214,-0.5937580918277043,0.29189784616735176,0
-0.9203720862303073,-0.5525824065364427,0.14903370394743962,0.6233162007902989,0.47050170980196626,-0.6288133657836467,1.3170655594939704,-0.5196523345897466,2.9170017158912467,-0.714208962268402,3.3319958158746363,0.6676556139506036,-0.3137351884836155,-0.9968811412152915,0.6687136927672083,0.5083200387009807,0.34054613449341214,-0.25749266993845604,0.9844803272217859,1
0.9207668637650308,0.7193742572922964,-0.27990913725345934,0.26950387912850604,0.20166050074125463,0.5336327629047577,3.5204989068517167,1.6727027937814336,0.6359052625076137,0.7038101554054602,-0.23067007689151856,-0.6958344077320449,-0.3137351884836155,-0.9968811412152915,-1.4954082902981902,0.5083200387009807,0.34054613449341214,1.1244641309203782,-0.49290191877366896,0
1.0242944681413915,-0.6959909114399668,3.2520180586370033,-1.3660715917435624,-0.49588555974716164,-0.4569764518159875,-0.4456811183922266,-1.174548922633593,-0.6069793985413336,-0.005199403431470885,-0.32282532314715173,-0.6958344077320449,-0.3137351884836155,1.0163423011582358,0.6687136927672083,0.5083200387009807,0.34054613449341214,-0.6426859288034392,-0.49439880884995413,0
0.6037945930781685,-0.6959909114399668,-0.2665876774595544,-0.23717661117142008,-1.8339054167969489,-0.8804167428870846,0.8763788900224211,-0.9182483647852814,-0.7016691249515534,-0.005199403431470885,-0.45617369550208464,-0.6958344077320449,-0.3137351884836155,-0.9968811412152915,0.6687136927672083,0.5083200387009807,0.34054613449341214,-0.5492822499620312,0.1336603060991359,0
1.1214179456593603,-0.38054621405861416,-0.7408104603564177,-0.8367532675963236,0.2709004223120849,0.8412963174237386,-1.7677411268068743,-1.3348207102727396,2.5216018430809717,0.7038101554054602,2.0842940180369682,-0.6958344077320449,-0.3137351884836155,-0.9968811412152915,0.6687136927672083,0.5083200387009807,0.34054613449341214,-0.7687095925354338,0.06898744516753522,0
1.3973175902079558,-0.47175709697943924,0.20100423003826037,0.550902882936221,0.6786054726169474,-0.10792107016173609,1.3170655594939704,-0.627283723196874,-0.609607893768349,0.7038101554054602,-0.4696636155284278,-0.6958344077320449,-0.3137351884836155,0.009730579971472093,-1.4954082902981902,-1.9672645653622365,-1.2888612075803305,-0.5546976346915229,-1.4613216332296286,0
1.1298186639982197,-0.6959909114399668,0.9163925684410715,-0.3420488272142638,1.0190296151124898,-0.5548954008101123,2.1984388984370686,-0.18566505033364702,-0.7296947228953629,0.7038101554054602,-0.49564120704489323,-0.6958344077320449,-0.3137351884836155,0.009730579971472093,0.6687136927672083,0.5083200387009807,0.34054613449341214,-0.7518920656046532,-1.2522023910715854,0
-0.14536374038756303,-0.6959909114399668,-0.03963130937298964,-0.04825468647452743,0.76989814291291,-0.9337654084385117,-2.2084277962784236,-0.044483281347919734,-0.21146773321757883,0.7038101554054602,0.23416051700434526,-0.6958344077320449,-0.3137351884836155,0.009730579971472093,0.6687136927672083,-1.9672645653622365,1.969953476567155,-0.7838238198392711,-0.6893720874354803,0
-0.4074072356247146,-0.4059973225214416,-0.6703401691449119,-0.08049092314710707,-1.5384739950237456,-0.2356771008695599,0.43569222055087187,1.0923234925275669,0.38581055210600734,1.4128197142423913,0.35598812839896943,-0.6958344077320449,-0.3137351884836155,-0.9968811412152915,-1.4954082902981902,0.5083200387009807,0.34054613449341214,-0.09496759382997481,1.2628070577351558,1
-0.08011749123925521,-0.48379619798481865,-0.15522815706645532,-0.07229902958198249,-1.4541590965215878,0.9200341803617622,0.43569222055087187,1.6345011431177023,-0.4847827282744563,-0.005199403431470885,-0.3451419076860644,-0.6958344077320449,-0.3137351884836155,-0.9968811412152915,-1.4954082902981902,0.5083200387009807,0.34054613449341214,-0.30580469078865574,1.2830563642664907,1
1.0941993288856204,-0.6959909114399668,-0.32044792383844356,-0.39833492699103806,0.13512852456855523,-0.9664336548966839,1.3170655594939704,-0.34340117441463774,-0.732441881395634,1.4128197142423913,-0.49950993841100955,-0.6958344077320449,-0.3137351884836155,-0.9968811412152915,0.6687136927672083,-1.9672645653622365,-1.2888612075803305,-0.00474616903557966,-1.6597778961036616,0
2.86160977294373,-0.6959909114399668,-0.6081404141230626,0.5004052114375496,-0.7634200729851942,-0.45346234679592357,0.43569222055087187,-0.9025593304061972,-0.17898714592975876,-1.4232185211053332,0.2799018409279052,-0.6958344077320449,-0.3137351884836155,-0.9968811412152915,-1.4954082902981902,0.5083200387009807,0.34054613449341214,-0.6024428756145686,-0.24448709632699545,0
0.6839831847769472,0.4532895210201815,-0.8422553830526768,-1.577709588215689,-0.04902108142994045,1.1250522692953235,0.8763788900224211,1.7513014964831908,-0.5817221995460142,-0.714208962268402,-0.6243232495340378,-0.6958344077320449,2.92064819794541,1.0163423011582358,0.6687136927672083,0.5083200387009807,-1.2888612075803305,0.22106666947589115,-0.42469025776259517,0
-0.46622170354861275,-0.4463879147534339,-0.8378152879985826,0.14792336940233705,0.7818063346641512,-0.5374556558523388,-1.3270544573353251,0.437722636761174,-0.06862325086130411,-0.005199403431470885,0.009281065579914429,0.6676556139506036,-0.3137351884836155,-0.9968811412152915,0.6687136927672083,-1.9672645653622365,0.34054613449341214,0.15933831593437492,0.3231757870169666,0
-0.036257408761159106,-0.43712827217710026,-0.9406052211290704,-0.4811372141067754,0.697310533672454,-0.06615259077391329,-0.004994448920677399,0.6393937721780457,0.9604056187037787,0.7038101554054602,0.9178783638762845,-0.6958344077320449,-0.3137351884836155,-0.9968811412152915,-1.4954082902981902,-1.9672645653622365,-1.2888612075803305,-0.34366194831080765,0.17478747377552412,0
1.2784507270754093,-0.6959909114399668,-0.7460119601486039,-0.9675989712927858,0.5967991262753499,-0.8248768752003373,-0.004994448920677399,2.2274223445663544,-0.7808322076362753,-0.714208962268402,-0.5676564151888457,-0.6958344077320449,-0.3137351884836155,-0.9968811412152915,-1.4954082902981902,0.5083200387009807,-1.2888612075803305,-0.35891494599238427,-0.4477167405844079,0
-0.15036860994563908,-0.6959909114399668,-0.7066616718405762,-0.22401469522740086,0.2733287858364048,-0.9037362478259173,-1.3270544573353251,-0.03006777276318879,-0.7936867146821978,0.7038101554054602,-0.5857589872099408,-0.6958344077320449,-0.3137351884836155,0.009730579971472093,-1.4954082902981902,-1.9672645653622365,0.34054613449341214,-0.08875417379780469,-1.362109222291462,0
0.6364002034554516,-0.6959909114399668,-0.8016208021130137,0.3257567534347488,0.2667243301294811,-0.18330004851664344,1.3170655594939704,0.47057787991397904,1.0542693651636015,1.4128197142423913,2.0166557073185634,-0.6958344077320449,2.92064819794541,-0.9968811412152915,0.6687136927672083,0.5083200387009807,-1.2888612075803305,-0.32836162209985426,0.7042201985557431,1
1.4732447038754837,2.2967615614789234,0.23541745373022077,-0.7734234793022585,-1.6579532400658579,-0.7965426159121742,-0.8863677878637759,1.1196021929561992,2.3633078029674315,-0.714208962268402,-0.15451088048370695,-0.6958344077320449,-0.3137351884836155,0.009730579971472093,0.6687136927672083,0.5083200387009807,-1.2888612075803305,1.7179563238098192,-0.1765229836736299,0
-0.8819582614608648,-0.6959909114399668,-0.7071414264514522,-1.1094052424753875,-0.0009212642366370397,-0.287627449755345,0.8763788900224211,-0.6258333903783446,-0.16734812461999454,-1.4232185211053332,0.2962926850701471,2.031145635633252,-0.3137351884836155,1.0163423011582358,0.6687136927672083,-1.9672645653622365,1.969953476567155,-0.6730861221320684,2.0366697107785376,2
-1.587460574799652,1.4284718227704065,0.5210111603812162,-0.2346423755055477,0.7521686972887761,-0.04237048967599176,-0.8863677878637759,-0.18944840518848527,-0.34758878258394155,-0.005199403431470885,-0.6167069284608504,-0.6958344077320449,-0.3137351884836155,0.009730579971472093,-1.4954082902981902,0.5083200387009807,0.34054613449341214,-0.5326832851454864,-1.7343783171408063,0
1.0202423314222568,-0.6959909114399668,-0.25950262988024486,-1.0147853128120485,0.7877288326792615,-0.5068372953557647,-0.4456811183922266,1.7828421353490636,-0.8219637034715291,-0.005199403431470885,-0.6255805240662248,-0.6958344077320449,-0.3137351884836155,1.0163423011582358,0.6687136927672083,0.5083200387009807,0.34054613449341214,-0.772759483629742,0.4755943232477577,0
-1.3358007274043704,-0.5270293971115299,-0.5087608845237209,0.5375464174411055,-0.35431160709062204,-0.1909734385063543,-0.4456811183922266,2.207020998834729,-0.654434759362213,-0.005199403431470885,-0.4898863120487734,-0.6958344077320449,-0.3137351884836155,0.009730579971472093,0.6687136927672083,0.5083200387009807,0.34054613449341214,-0.5023616247679555,0.08460865846970901,0
-0.09056721108520369,-0.3139752390098348,0.6694497429418015,-1.4858001459286267,1.2744310912658614,-0.39062479355247876,2.1984388984370686,-1.4505256345845376,1.2563153565929794,0.7038101554054602,0.894591963404684,0.6676556139506036,2.92064819794541,1.0163423011582358,0.6687136927672083,-1.9672645653622365,0.34054613449341214,-0.006438060162051285,0.7727495542567768,1
0.5764044126925856,-0.6698027321861485,0.40842050739096153,0.45973349717053924,-0.8280376934649809,0.7715178382177613,1.3170655594939704,-1.0784193847292205,-0.646508429448592,-0.005199403431470885,-0.3993195890502553,-0.6958344077320449,-0.3137351884836155,1.0163423011582358,0.6687136927672083,0.5083200387009807,-1.2888612075803305,-0.46874172043577217,0.702309061951091,1
-0.1841093012613327,-0.6959909114399668,-0.058722406079854295,-1.3034516384664965,-0.12846075227538942,-0.30774588296307487,-1.3270544573353251,0.10141976433436686,-0.7651621057508557,-1.4232185211053332,-0.5455887351957274,-0.6958344077320449,-0.3137351884836155,-0.9968811412152915,0.6687136927672083,0.5083200387009807,0.34054613449341214,-0.04928060888095923,-0.21752793483265784,0
1.1564487358068738,-0.5759010100990294,2.3360758825159436,1.6477313390615913,-2.528511139940899,-0.35726081594187264,-1.3270544573353251,1.1810857105351833,-0.7945353041919493,-0.005199403431470885,-0.6226286332037627,0.6676556139506036,2.92064819794541,0.009730579971472093,-1.4954082902981902,0.5083200387009807,0.34054613449341214,0.3835518994172125,0.30147623648937183,0
-0.07908787618279824,0.4695588141973789,2.474713695288065,-0.7603671280730657,-0.36988059711976445,-0.5564602846324503,-2.2084277962784236,1.4478462573347624,1.77008769703233,-0.714208962268402,0.29424581646632314,-0.6958344077320449,-0.3137351884836155,-0.9968811412152915,0.6687136927672083,0.5083200387009807,1.969953476567155,0.9146316175187723,0.5520391486412897,1
0.428816257520599,-0.32319064371174006,-0.8952699386872541,1.4822754038307338,-0.15524146625560512,0.09682089024164205,0.8763788900224211,0.4722476049133598,0.20367093287809088,1.4128197142423913,0.1038253284847118,-0.6958344077320449,-0.3137351884836155,0.009730579971472093,0.6687136927672083,-1.9672645653622365,1.969953476567155,-0.22660890514175525,0.5197779219961167,1
0.8794118605055072,-0.3418493382974974,0.8134078360791094,1.4630355672561985,0.9972897949893231,-0.30331744785617115,1.7577522289655196,-0.54524338177196,-0.47435392589811987,0.7038101554054602,-0.40958399117728994,-0.6958344077320449,-0.3137351884836155,1.0163423011582358,0.6687136927672083,-1.9672645653622365,0.34054613449341214,-0.7001938050625832,0.4633057086988398,0
1.1878901752628213,-0.5714655405325724,-0.11600044133288,0.459919343799784,1.1560025266767064,-0.2048737905487865,-0.4456811183922266,-1.5486175035416798,-0.7531282913810204,-0.005199403431470885,-0.5780257602482913,0.6676556139506036,-0.3137351884836155,1.0163423011582358,0.6687136927672083,-1.9672645653622365,0.34054613449341214,-0.49727511223788645,-0.42815629768038876,0
-0.30396326871948587,0.13681143275957702,-0.026449177506602785,-0.21513208397055733,-1.0630984130024177,-0.30747606697416163,0.43569222055087187,-0.7050390168887386,-0.7006789668758164,-1.4232185211053332,-0.6504618653429892,0.6676556139506036,-0.3137351884836155,-0.9968811412152915,0.6687136927672083,0.5083200387009807,0.34054613449341214,0.5819130384652665,0.7740968566058086,1
-0.4791040865282343,-0.6959909114399668,-0.8163732406129416,-1.0264359666213825,1.2196961166144071,-0.656795227470877,1.3170655594939704,-0.24621547877249292,-0.6500774723454157,1.4128197142423913,-0.383518897954934,2.031145635633252,-0.3137351884836155,-0.9968811412152915,-1.4954082902981902,0.5083200387009807,1.969953476567155,-0.4447283299828609,-1.1480740193960999,0
0.009262318735647099,1.5179603019031853,-0.8865548129942429,-0.48500114163223657,0.6862160321066325,0.05266073883840563,-0.4456811183922266,0.7448331120399565,-0.7047794604547233,-1.4232185211053332,-0.706073695194133,-0.6958344077320449,-0.3137351884836155,0.009730579971472093,0.6687136927672083,0.5083200387009807,-1.2888612075803305,-0.4235640896881877,-0.6541289219634938,0
1.660771779802626,-0.6959909114399668,-0.8925450808931813,-0.6077669587966387,1.2702171778798956,-0.9006926073242248,-0.8863677878637759,1.846860453219287,-0.34918634224303524,0.7038101554054602,0.04021600947699102,-0.6958344077320449,-0.3137351884836155,-0.9968811412152915,0.6687136927672083,0.5083200387009807,0.34054613449341214,-0.5227803616362029,-0.7858610924116318,0
0.03469851020956177,-0.6959909114399668,3.460299539735805,-1.239003452392114,1.5631728240390808,-0.4791243532915868,-0.004994448920677399,-0.7253077417047334,-0.411152881882001,1.4128197142423913,-0.04704939422188044,-0.6958344077320449,-0.3137351884836155,-0.9968811412152915,0.6687136927672083,0.5083200387009807,1.969953476567155,-0.4762801778515615,-0.6578477505630455,0
0.10717793763828357,-0.07580076348325002,-0.32012284762642407,0.44019332953630624,-0.33247998135625745,-0.639466780531792,-0.004994448920677399,-0.570798563154931,-0.8522597395677365,0.7038101554054602,-0.719057358505287,2.031145635633252,-0.3137351884836155,1.0163423011582358,-1.4954082902981902,0.5083200387009807,-1.2888612075803305,-0.6690366233423054,-0.42376623053038975,0
0.3998634830955445,0.5893149741990236,-0.9103159280787332,1.7848873665369878,-1.9091408830674665,-0.5210443388485382,-0.4456811183922266,0.8596304133875333,2.9170017158912467,0.7038101554054602,0.6393242743685396,0.6676556139506036,-0.3137351884836155,-0.9968811412152915,0.6687136927672083,0.5083200387009807,1.969953476567155,0.44437047983765465,1.0589258048626882,1
0.17166158429206174,-0.6265461981291166,-0.26251059204700944,-0.9714158159961204,-0.22395963612014183,-0.5146724264664888,-0.4456811183922266,0.025375895304008154,1.4974201934637388,1.4128197142423913,2.185089924729055,0.6676556139506036,-0.3137351884836155,0.009730579971472093,0.6687136927672083,0.5083200387009807,0.34054613449341214,-0.43587108858693147,0.9680663829628512,1
1.6411498454006146,-0.46680842936869416,-0.9036444678495178,2.3845630825187607,0.22753840298449285,0.7039063018049658,2.1984388984370686,-0.7038917261272354,1.1071632824205653,1.4128197142423913,1.1279599903745294,2.031145635633252,-0.3137351884836155,-0.9968811412152915,-1.4954082902981902,0.5083200387009807,0.34054613449341214,-0.33793911433809026,-0.24990386011413854,0
-0.7084662216658905,-0.6959909114399668,-0.7932312430370393,0.6074837364261304,-2.2856052967713594,-0.5496191238434236,-0.8863677878637759,-1.5133864132268506,-0.1982658091111996,-0.714208962268402,0.25275234484332626,0.6676556139506036,-0.3137351884836155,-0.9968811412152915,0.6687136927672083,0.5083200387009807,0.34054613449341214,-0.32895782439268434,0.6808221569706366,1
0.9532053333146212,-0.6959909114399668,-0.6405269306747144,-1.1459295389512036,-0.014049168742090916,-0.9475872230720873,0.43569222055087187,0.6743124254944326,-0.6664647150985092,-0.714208962268402,-0.40659650342866094,2.031145635633252,-0.3137351884836155,2.0229540223449995,0.6687136927672083,0.5083200387009807,-1.2888612075803305,-0.36255660851660126,-0.8720281152629636,0
-1.5944577913840823,-0.48521854685274096,-0.4005905020964053,-1.4032440060230005,0.15916593980267393,-0.23281426727683638,0.8763788900224211,-0.40266124398917164,-0.33787244240920367,-0.714208962268402,-0.20353799236430062,0.6676556139506036,-0.3137351884836155,1.0163423011582358,0.6687136927672083,0.5083200387009807,0.34054613449341214,-0.4366248860889145,-0.43041347145292125,0
-0.2660738271905068,-0.028345868013270006,0.3736279757318466,-0.5172574150605233,-0.20152347212778932,3.4690408720749986,0.8763788900224211,-0.4806632281865286,-0.550616370429711,-1.4232185211053332,-0.5499875777677576,0.6676556139506036,-0.3137351884836155,0.009730579971472093,0.6687136927672083,0.5083200387009807,0.34054613449341214,-0.08255790872282177,-0.5771993353505556,0
0.6811806765615938,3.3505440006284872,0.6758644315968703,0.7342947586386133,-1.5847016138336003,-0.6404029414160081,1.3170655594939704,-1.58206541840676,-0.8578125727937006,-1.4232185211053332,-0.7478307610936098,2.031145635633252,-0.3137351884836155,0.009730579971472093,0.6687136927672083,0.5083200387009807,0.34054613449341214,2.056992009339276,1.2401269779866948,1
1.2586998677844166,0.8645294528107976,-0.9793972202392801,-0.3881846816264395,0.12373671236073272,0.08050148945443542,0.8763788900224211,1.149905954740619,-0.2619915530879743,0.7038101554054602,-0.5507654090981636,-0.6958344077320449,-0.3137351884836155,0.009730579971472093,-1.4954082902981902,0.5083200387009807,-1.2888612075803305,-0.1584457420710708,-0.9890298088132073,0
0.5115922483882053,0.6997348970587759,0.8981894606831045,-0.8420297192924013,-1.8658385062775533,-0.7999375465989498,-1.3270544573353251,-1.6497924401302437,-0.8759002463895994,-0.714208962268402,-0.7425948887391999,-0.6958344077320449,-0.3137351884836155,2.0229540223449995,0.6687136927672083,0.5083200387009807,0.34054613449341214,0.8807521325029071,-1.2771290489714413,0
-0.10630728065307776,3.0248125349803923,0.4901041683834795,1.5440177311320318,1.5631728240390808,-0.004233026126038695,-0.004994448920677399,-0.4718797951105728,-0.022626329697003608,-0.005199403431470885,-0.6207574206621727,-0.6958344077320449,-0.3137351884836155,1.0163423011582358,-1.4954082902981902,0.5083200387009807,-1.2888612075803305,5.694972488722818,0.1288385511743181,0
1.58440219844605,0.10280147637749985,0.7756614743017419,0.340697060602333,-0.8776239357393028,1.870013377326699,-1.7677411268068743,0.4149623304190393,0.49630129871964296,-0.005199403431470885,-0.04170006595103289,2.031145635633252,-0.3137351884836155,-0.9968811412152915,0.6687136927672083,-1.9672645653622365,-1.2888612075803305,0.11308669534001752,-0.4318047723607172,0
-0.6937444012684402,-0.31139633631364133,-0.8169034722293408,-0.45706667814264695,-0.17661847156233484,-0.37200775520874335,0.8763788900224211,-1.553090705404364,-0.0684595728377474,1.4128197142423913,-0.11460397676721856,-0.6958344077320449,-0.3137351884836155,-0.9968811412152915,0.6687136927672083,0.5083200387009807,-1.2888612075803305,-0.022709575268991568,0.4614455167992204,0
0.36351160070974675,-0.5771619165006924,-0.5825467713679087,-1.2474136365739272,1.400501487600033,-0.356927939513865,0.43569222055087187,0.7543882855269674,-0.4640771117632855,-0.714208962268402,-0.25448118413214293,-0.6958344077320449,2.92064819794541,0.009730579971472093,0.6687136927672083,0.5083200387009807,0.34054613449341214,-0.5967686062880926,-0.6167781866807649,0
-0.9097738980901738,-0.27260168940389823,0.3263910833890852,-0.6505389765603552,-0.886373365234782,-0.9119113702244822,-0.004994448920677399,-0.3271555491114237,-0.40259458800095665,1.4128197142423913,-0.38512083025063554,-0.6958344077320449,-0.3137351884836155,3.029565743531763,0.6687136927672083,0.5083200387009807,0.34054613449341214,-0.19325654135966358,1.0150195428192994,1
-1.5417222894385785,1.530165515112914,3.189587642692407,-1.2047761997498383,0.8404209731150261,0.10550414054626886,-1.3270544573353251,1.3790562311445247,-0.7179951458172019,1.4128197142423913,-0.7094197528830762,-0.6958344077320449,-0.3137351884836155,0.009730579971472093,0.6687136927672083,-1.9672645653622365,0.34054613449341214,1.2172285482337906,-1.3781626693541726,0
-1.0805048901621912,0.596120559456446,0.39246709081805564,0.3430822847514616,0.5462245808278158,-0.1827864445335028,-0.004994448920677399,0.7960046008337242,2.1528833637088463,0.7038101554054602,0.35672438233916953,0.6676556139506036,-0.3137351884836155,1.0163423011582358,0.6687136927672083,-1.9672645653622365,1.969953476567155,-0.19793200917975895,-0.15766054395380236,0
0.28743341462700817,-0.16403484444862101,1.3853946306259963,-0.12258874819165018,1.5631728240390808,-0.4836531674440188,1.3170655594939704,0.2701747678066394,-0.7675059592656142,-0.005199403431470885,-0.661171838396509,0.6676556139506036,-0.3137351884836155,2.0229540223449995,-1.4954082902981902,0.5083200387009807,-1.2888612075803305,0.5277386278684263,-1.0692112618084606,0
2.137675144501542,-0.6719014913341925,-0.5271868830993847,-0.20672099217070627,0.34883652339873394,3.9955801804496542,-0.004994448920677399,0.7381320433709734,0.48776129370309196,0.7038101554054602,1.1181481578772616,-0.6958344077320449,2.92064819794541,-0.9968811412152915,-1.4954082902981902,0.5083200387009807,0.34054613449341214,-0.12001375811766697,-0.28832454726047385,0
-0.18333761581807181,-0.6418402972976832,-0.5774439416602752,0.23907824705594713,0.737068595683961,0.4688207838743188,2.1984388984370686,0.7342137900490214,-0.698420475892255,1.4128197142423913,-0.4843863685860516,-0.6958344077320449,-0.3137351884836155,-0.9968811412152915,0.6687136927672083,0.5083200387009807,-1.2888612075803305,0.02134435509229913,0.22181428197912004,0
1.3087652312444396,-0.6959909114399668,-0.6862807763945469,-0.8544747919682407,-0.33295825124339906,0.4709501991336958,-0.4456811183922266,-1.3926795351631671,0.2630669279136239,-0.005199403431470885,0.9024317971821697,0.6676556139506036,-0.3137351884836155,-0.9968811412152915,0.6687136927672083,-1.9672645653622365,-1.2888612075803305,-0.755131377711477,1.2227823093934098,1
0.7091660670806763,-0.6393600097667692,0.3451253273911662,-0.12180179148029874,-0.549336575620246,-0.6134273236449563,-0.8863677878637759,-0.1558424566870903,-0.11636286158663896,0.7038101554054602,0.24202511143918082,-0.6958344077320449,-0.3137351884836155,1.0163423011582358,-1.4954082902981902,-1.9672645653622365,1.969953476567155,-0.3319942511682152,-0.605109178795561,0
-0.5227397814085244,-0.6045181460116497,-0.6130934963001191,-1.2658122582465872,-1.3819716478561466,-0.8513259709655385,-0.4456811183922266,-0.25837635413426696,0.30078263956672946,0.7038101554054602,0.6654931771682553,-0.6958344077320449,-0.3137351884836155,0.009730579971472093,0.6687136927672083,0.5083200387009807,-1.2888612075803305,-0.295691714540481,1.4638400842864108,2
0.2716021710892442,-0.05185328238315576,0.3689080373819542,1.9460103325977098,-0.27119171400752495,-0.5384268876730852,0.43569222055087187,2.1214202460427876,-0.8504330161950637,-0.005199403431470885,-0.7188068532052216,0.6676556139506036,-0.3137351884836155,0.009730579971472093,-1.4954082902981902,0.5083200387009807,0.34054613449341214,-0.5152754724639053,1.4797085041136149,2
0.24218706238617047,-0.3374473365215096,0.3992827346900012,-0.030605578138526424,0.8808163808743478,-0.6584812417209599,-0.8863677878637759,1.1897234897413675,-0.17571965790212862,0.7038101554054602,-0.17782058875987586,-0.6958344077320449,-0.3137351884836155,-0.9968811412152915,0.6687136927672083,0.5083200387009807,1.969953476567155,0.2540327296194573,-0.6891553850774492,0
-0.8683574456585581,-0.6238067967666536,-0.7194328872650693,1.7116621200028372,-0.8544468590519145,-0.35478969844028574,1.3170655594939704,-1.0556587352283975,-0.5612330018448728,-0.714208962268402,-0.3273921574312624,-0.6958344077320449,-0.3137351884836155,1.0163423011582358,0.6687136927672083,0.5083200387009807,0.34054613449341214,-0.4846671880282761,1.4594889601320398,2
1.2412826597142277,-0.6063488422022647,0.9407585816923075,-0.33681878038754803,-0.010193577883454905,1.1230613940741603,-0.004994448920677399,-0.8274918413810806,1.5605814843909982,-0.005199403431470885,2.148780732736013,0.6676556139506036,-0.3137351884836155,-0.9968811412152915,-1.4954082902981902,0.5083200387009807,0.34054613449341214,-0.38929239369515956,-0.448165571631068,0
1.9172600072660664,-0.5314604828492456,-0.20934219470239254,0.9662347029189808,-1.204207535990938,-0.8025167758795372,-0.4456811183922266,-0.39654821030261095,0.1997130476211632,-0.005199403431470885,0.39192154992218214,-0.6958344077320449,2.92064819794541,1.0163423011582358,-1.4954082902981902,0.5083200387009807,0.34054613449341214,-0.4593473886167964,0.8792526018525204,1
-0.9744515022585211,0.42462743690740357,0.13894728359280917,1.123691149958902,1.3872794641247261,-0.7383841482690341,0.8763788900224211,0.20443503769820606,-0.42970839865418203,0.7038101554054602,-0.5607595262642727,-0.6958344077320449,-0.3137351884836155,0.009730579971472093,-1.4954082902981902,-1.9672645653622365,0.34054613449341214,-0.43343179238114726,-0.43165484003436944,0
0.10489159866787606,0.8220295668100575,-0.2980437914390964,-1.44803866640555,-0.6881400749807491,1.8069898727666416,-0.004994448920677399,-1.0758221649848232,-0.11325966740190305,-0.714208962268402,-0.49858720229753983,0.6676556139506036,-0.3137351884836155,-0.9968811412152915,0.6687136927672083,0.5083200387009807,0.34054613449341214,0.33334667500045023,1.21702390511249,1
-0.04969013111831639,0.004342770524256521,3.044161140096416,0.6786117390639541,0.9204431102334922,0.7004934535476226,-0.4456811183922266,-0.44365223029253115,1.3423263067103979,-1.4232185211053332,0.484466644044062,-0.6958344077320449,2.92064819794541,0.009730579971472093,-1.4954082902981902,0.5083200387009807,0.34054613449341214,0.8474373182434859,-2.017583312311666,0
1.9711026264327802,0.5760237754171206,1.8098657494981372,-0.7702513282767166,-0.30728743637899164,-0.44356277292320695,-0.004994448920677399,0.9041113845090658,-0.7501846124750589,0.7038101554054602,-0.6955171611072609,-0.6958344077320449,-0.3137351884836155,1.0163423011582358,0.6687136927672083,0.5083200387009807,-1.2888612075803305,0.5112314265132615,0.06788053242846355,0
-0.7546178231488047,-0.6122760762894612,1.302191162651538,0.5355513057215928,-0.39344430912470935,-0.5173679375050022,2.1984388984370686,0.901947017013617,2.9170017158912467,-0.005199403431470885,3.790724079819231,-0.6958344077320449,-0.3137351884836155,1.0163423011582358,-1.4954082902981902,-1.9672645653622365,0.34054613449341214,-0.5211876957675504,1.3745021480200428,2
-0.45752044504129963,-0.6758925386340923,0.9394914470689365,-0.7712284761270606,-0.7350471072558746,-0.5975686219689409,-0.004994448920677399,-0.11649991078970885,0.16281155990903984,0.7038101554054602,0.6961410226501777,-0.6958344077320449,2.92064819794541,0.009730579971472093,-1.4954082902981902,-1.9672645653622365,0.34054613449341214,-0.34202339137351684,0.6233774193565201,1
-0.004589311410415781,0.3371538638820522,-0.21714828810534953,-1.0512483225195828,-1.956021438533661,0.04120001216209909,1.3170655594939704,1.2180798186531623,-0.7745172282537597,-1.4232185211053332,-0.6961680134802173,-0.6958344077320449,-0.3137351884836155,-0.9968811412152915,-1.4954082902981902,0.5083200387009807,0.34054613449341214,0.10116295183591756,0.37481796161634917,0
-1.5944577913840823,-0.06909169351062992,0.9358174836165772,-0.5764108626268316,-0.6602204051125293,-0.8282024473048247,-0.4456811183922266,1.1873491536977236,-0.05816175033980302,-0.005199403431470885,-0.25306261102609645,-0.6958344077320449,-0.3137351884836155,-0.9968811412152915,0.6687136927672083,0.5083200387009807,0.34054613449341214,-0.788776783705831,0.06901492258243934,0
-1.2187399515085822,0.7278358800166358,5.436255063759713,3.395603823103251,-0.06611805047216439,-0.32870379872543604,-0.004994448920677399,1.132541302690487,-0.047946186105607594,-1.4232185211053332,-0.4636239901216647,0.6676556139506036,-0.3137351884836155,-0.9968811412152915,0.6687136927672083,0.5083200387009807,0.34054613449341214,-0.5220553484887175,-0.04567175849258132,0
1.3298742709958045,-0.6959909114399668,-0.49910798344797525,0.32086553953699504,-0.3406010458070699,-0.7167303642478167,-0.004994448920677399,0.7921650261296516,-0.4919831000069665,1.4128197142423913,-0.1608798849486444,-0.6958344077320449,-0.3137351884836155,1.0163423011582358,0.6687136927672083,-1.9672645653622365,0.34054613449341214,-0.6014201630953704,0.11894571429231318,0
-0.9524835520528522,-0.6497712740008136,0.5067548275173048,-1.2805751938975412,-0.3328922726788183,0.8255723551942327,-0.8863677878637759,-1.6043427784686561,-0.4061335346223185,-0.005199403431470885,-0.10689264839770397,0.6676556139506036,-0.3137351884836155,1.0163423011582358,0.6687136927672083,0.5083200387009807,1.969953476567155,-0.3532566375637767,-0.15670934654292631,0
-0.6472514245484375,-0.6959909114399668,-0.16499106017482,0.5036291462404817,-0.18884314363543572,0.4316025358186638,-0.4456811183922266,-1.2802112009341948,0.3433895092651568,1.4128197142423913,1.0155474000319586,-0.6958344077320449,-0.3137351884836155,1.0163423011582358,0.6687136927672083,0.5083200387009807,-1.2888612075803305,-0.3980120102467086,0.19262586502988507,0
1.1198884462412937,-0.6959909114399668,-0.8155538099048445,0.6948551199831096,-1.5894298646342049,-0.40984386437897824,-0.4456811183922266,1.8153553156718603,1.4595483490980006,0.7038101554054602,2.5873965353486703,3.3946356573159,2.92064819794541,0.009730579971472093,0.6687136927672083,0.5083200387009807,0.34054613449341214,-0.2973643482709874,4.008916486966045,2
-0.08877979450499066,0.3632988903866464,0.34466990980646045,0.751908875684785,1.5631728240390808,-0.4718222851157014,-0.004994448920677399,-0.2605022063953953,1.013416706407844,-1.4232185211053332,0.05143047989279057,-0.6958344077320449,-0.3137351884836155,1.0163423011582358,0.6687136927672083,-1.9672645653622365,0.34054613449341214,-0.2957254237899692,-2.3125513463671004,0
-1.5944577913840823,-0.6158821427147817,0.5576311547906845,0.9656237446726487,1.5631728240390808,-0.8601946933328377,-0.8863677878637759,-1.6283411952929316,-0.3081953990440532,-1.4232185211053332,-0.031504502432536344,-0.6958344077320449,-0.3137351884836155,0.009730579971472093,-1.4954082902981902,0.5083200387009807,0.34054613449341214,-0.3831830211059285,-0.7015972613684986,0
0.5647857928492365,-0.5446470658812462,-0.47870954067976257,-0.8703185180008832,0.2594486425265898,-0.3606874418380201,-0.4456811183922266,-0.9515843227381183,-0.49882691487151287,-0.714208962268402,-0.31825114906505947,2.031145635633252,2.92064819794541,0.009730579971472093,0.6687136927672083,0.5083200387009807,0.34054613449341214,-0.7017008875887777,-0.10631552421214531,0
1.5011643207388214,-0.15668940096934378,0.8313145028523374,-1.050219149477171,1.5631728240390808,-0.8502575101245687,-0.4456811183922266,1.417615713022442,2.5285017813644646,-0.714208962268402,1.4449019114660147,-0.6958344077320449,-0.3137351884836155,0.009730579971472093,0.6687136927672083,-1.9672645653622365,1.969953476567155,-0.5953529934068501,-0.5302409434343093,0
-0.391603154909639,0.8447022216600805,-0.5637337080495165,0.8493159010523736,1.5631728240390808,-0.8705722498760234,-0.4456811183922266,-0.1767774023907263,-0.45885497660847935,-0.005199403431470885,-0.6111995722107778,-0.6958344077320449,-0.3137351884836155,1.0163423011582358,0.6687136927672083,0.5083200387009807,0.34054613449341214,1.071163423375255,0.3378552887032023,0
-0.7495064012279052,-0.4293416653157898,1.6838182978090404,0.9748552715565041,1.5631728240390808,1.6327394716697468,-0.4456811183922266,0.03553806559988007,-0.601614076468789,1.4128197142423913,-0.4795813869066221,-0.6958344077320449,-0.3137351884836155,-0.9968811412152915,-1.4954082902981902,0.5083200387009807,-1.2888612075803305,-0.4334954850129571,-0.809788619112626,0
-1.5944577913840823,-0.5411853649442626,-0.6939368032857991,-1.495951585166672,0.05252389966223807,1.0426855024171313,0.43569222055087187,-0.43433353682889086,-0.7220280770801277,0.7038101554054602,-0.5543974542700721,-0.6958344077320449,-0.3137351884836155,-0.9968811412152915,0.6687136927672083,0.5083200387009807,1.969953476567155,-0.11390422252640808,-0.4959355858875921,0
-0.8739377844687908,-0.6959909114399668,-0.6244247927475018,-1.1528820920745886,-1.3464558824067034,-0.4436488470530014,-0.4456811183922266,0.9837733807977461,0.8978322622644173,-0.714208962268402,1.7963505713933223,0.6676556139506036,-0.3137351884836155,2.0229540223449995,0.6687136927672083,0.5083200387009807,0.34054613449341214,-0.5976082791768199,1.4351419990483245,2
0.7518671532882641,-0.37864938664913433,-0.9609286807837902,-0.021472130839936286,-0.8555857003605704,0.227487890577411,0.8763788900224211,-1.0250865291707483,0.0829314631630704,-1.4232185211053332,0.06654556886916728,-0.6958344077320449,-0.3137351884836155,0.009730579971472093,0.6687136927672083,0.5083200387009807,0.34054613449341214,-0.342001782245206,-0.6159874869001686,0
-1.5944577913840823,-0.6959909114399668,0.6107602578726699,1.9342087203748466,-0.9253417494343381,-0.4069387326281681,0.8763788900224211,-1.019984664675412,-0.5414859750769715,-0.005199403431470885,-0.23059312700488396,0.6676556139506036,-0.3137351884836155,0.009730579971472093,0.6687136927672083,0.5083200387009807,0.34054613449341214,-0.7354633784789107,0.4589192361237539,0
-1.413262728567241,0.762274077924724,0.32370825425871286,0.2259835169860326,1.3411640088837844,1.400938768273585,-0.004994448920677399,1.5565668249457305,-0.5827025523682473,-0.714208962268402,-0.6459530449288378,-0.6958344077320449,-0.3137351884836155,-0.9968811412152915,0.6687136927672083,0.5083200387009807,0.34054613449341214,1.8190935621216189,-0.49962355764059346,0
-0.5774606420213709,0.8062610088534838,-0.9271831547007022,2.4643805988636833,-0.5770601479704534,-0.07204006589666619,-0.8863677878637759,-0.10372618934623304,0.8977080000666507,-0.005199403431470885,-0.16933682364393013,0.6676556139506036,-0.3137351884836155,2.0229540223449995,0.6687136927672083,-1.9672645653622365,0.34054613449341214,0.7809277787960003,1.9132466978850011,2
-0.16436791054153763,-0.6959909114399668,-0.14454703201811375,-0.5956477669687698,1.5631728240390808,-0.8402924424122326,1.3170655594939704,-0.28837473730252244,-0.24260835997365882,0.7038101554054602,0.19030621464797512,-0.6958344077320449,-0.3137351884836155,-0.9968811412152915,0.6687136927672083,0.5083200387009807,0.34054613449341214,-0.6695401940942097,-0.653825132269401,0
0.4037910876977831,-0.46470898083761375,-0.8603570389710374,0.8532694279441558,0.7791666014310724,0.45606079611482914,0.43569222055087187,2.0515331617438646,-0.7881133995475249,0.7038101554054602,-0.6384515987746165,-0.6958344077320449,-0.3137351884836155,1.0163423011582358,0.6687136927672083,0.5083200387009807,-1.2888612075803305,-0.6007891821914726,-1.3537302776600575,0
-1.5944577913840823,-0.3302422642645616,-0.8470950335995026,0.32778760990819167,1.5631728240390808,0.5986729607571369,-0.004994448920677399,-0.6386848999204854,-0.6445316098377599,1.4128197142423913,-0.5464896394736636,-0.6958344077320449,-0.3137351884836155,2.0229540223449995,0.6687136927672083,0.5083200387009807,-1.2888612075803305,0.13855781491701405,-0.7133843193421754,0
2.222648945731907,-0.6959909114399668,1.3959015994563393,0.35601737771523867,-0.15962522896660386,-0.020969155147350354,-0.4456811183922266,-1.049285275180839,-0.6641274508830106,-1.4232185211053332,-0.40330501246426687,-0.6958344077320449,-0.3137351884836155,1.0163423011582358,0.6687136927672083,0.5083200387009807,-1.2888612075803305,-0.4125092444078318,0.13657084976166842,0
2.1357742888569553,0.28590958289038665,-0.8073768168488812,0.5444713137486008,-0.4664213707175599,2.099881489120889,-1.3270544573353251,-1.2856175779173802,-0.7517563853424171,-0.005199403431470885,-0.6839859962261464,3.3946356573159,-0.3137351884836155,-0.9968811412152915,0.6687136927672083,0.5083200387009807,0.34054613449341214,-0.2291188688094202,1.4170495505778262,2
-0.07217735082641359,-0.6959909114399668,0.32503765586199496,0.6894827853575076,-1.787350737018566,-0.7234591414375129,-0.004994448920677399,-0.9136095074253955,-0.1109350226633272,-0.714208962268402,0.3757373683594903,-0.6958344077320449,-0.3137351884836155,-0.9968811412152915,-1.4954082902981902,0.5083200387009807,0.34054613449341214,-0.46626954985162405,1.7033364810716958,2
-1.5944577913840823,-0.6506342746523261,-0.3198365511749476,0.03698735634328989,-1.26363673832388,1.037916730449022,1.7577522289655196,-0.8378714120835625,0.7764343582208604,-0.005199403431470885,1.4065759598765715,-0.6958344077320449,-0.3137351884836155,0.009730579971472093,0.6687136927672083,0.5083200387009807,1.969953476567155,-0.26183255196560556,1.5585022260350407,2
-1.5944577913840823,1.2588140158111771,0.4694114140301889,0.2840508343846392,1.030854665272029,-0.9651670780142507,-0.4456811183922266,0.9998993414088665,-0.4723325088398631,-1.4232185211053332,-0.6396552227957856,0.6676556139506036,-0.3137351884836155,0.009730579971472093,0.6687136927672083,0.5083200387009807,-1.2888612075803305,-0.4795843049171588,-0.10306981445421516,0
0.4529379432173238,-0.6775174790333213,-0.45389833086680326,-1.1343204094924833,-1.1315621068230424,-0.376692341452958,0.8763788900224211,-0.36784081126395163,-0.3583890524984215,-0.714208962268402,-0.0037391773110366853,0.6676556139506036,-0.3137351884836155,0.009730579971472093,-1.4954082902981902,0.5083200387009807,0.34054613449341214,-0.397732977759495,0.424027499583963,0
1.5395515476259567,1.1791401355388949,0.4045727541764368,-0.9252905072115378,-2.3223221249820964,-0.15237479411971347,0.8763788900224211,-0.8579207959913406,0.264562858676669,-0.714208962268402,-0.4354709872629998,0.6676556139506036,-0.3137351884836155,0.009730579971472093,0.6687136927672083,0.5083200387009807,-1.2888612075803305,-0.22641362031793824,0.3434772722945745,0
1.125777831690077,-0.6959909114399668,-0.8853131129837466,0.7251430440580244,-1.8692572070930893,-0.9253436803375097,-0.4456811183922266,0.7418442666692079,2.9170017158912467,1.4128197142423913,4.639879329555164,-0.6958344077320449,-0.3137351884836155,1.0163423011582358,0.6687136927672083,0.5083200387009807,0.34054613449341214,-0.6802203190306173,3.0456332618938045,2
1.2440666154619582,-0.6959909114399668,1.5111614175630312,-0.7148145421271973,1.02863069720337,0.8173135602913814,1.7577522289655196,-0.847919764450965,-0.7096164629635516,-0.005199403431470885,-0.4673656656199755,0.6676556139506036,-0.3137351884836155,1.0163423011582358,-1.4954082902981902,0.5083200387009807,-1.2888612075803305,-0.42223786225977644,-0.020924234915525215,0
1.993448815088093,1.3795003404194213,-0.9296038292238024,1.8581338333439372,0.7462067478182449,-0.9027166002637642,1.3170655594939704,-0.5263163553848403,1.5898875677679054,1.4128197142423913,-0.1294185377099392,-0.6958344077320449,-0.3137351884836155,-0.9968811412152915,-1.4954082902981902,0.5083200387009807,-1.2888612075803305,3.5969910073344056,-0.5436706471939752,0
-1.0041888296683341,-0.672571333893308,0.8500765983692437,2.029754186618242,-2.6400141475836256,2.2979149989643903,0.8763788900224211,-0.2622441147631697,-0.31154803426034944,-0.005199403431470885,0.05106323471798993,0.6676556139506036,-0.3137351884836155,-0.9968811412152915,-1.4954082902981902,0.5083200387009807,0.34054613449341214,-0.7597251267220563,0.7715576907793258,1
1.7283456363848375,-0.6959909114399668,-0.7310240754434878,-0.6629340972606543,-0.23479099707779766,-0.9621017579627671,2.1984388984370686,-0.6190760237340998,-0.7449668843838886,0.7038101554054602,-0.5171484808964819,0.6676556139506036,-0.3137351884836155,-0.9968811412152915,0.6687136927672083,0.5083200387009807,1.969953476567155,-0.6341745527073287,0.7813157133315923,1
-0.4492686659323534,-0.6634392346486814,-0.7419669861616378,-0.26070569531264576,0.045202053178152915,1.2895509643563905,-0.8863677878637759,0.07065813002362922,0.026871829858714797,0.7038101554054602,0.4800548194323917,2.031145635633252,-0.3137351884836155,0.009730579971472093,0.6687136927672083,0.5083200387009807,0.34054613449341214,-0.7793730217722674,0.470177027304981,0
-1.5944577913840823,-0.6959909114399668,-0.31706506806725754,2.7801284623720375,-0.10302682764540122,-0.7603455969686289,-0.4456811183922266,1.015847151230044,-0.002272701628798475,0.7038101554054602,0.5287628780487833,3.3946356573159,-0.3137351884836155,0.009730579971472093,0.6687136927672083,0.5083200387009807,0.34054613449341214,-0.31776964373573074,0.8444295415441431,1
-0.7178461543566914,-0.6959909114399668,1.1797148800743045,-1.4214309528289661,0.5548641051393337,-0.7905819583361079,-0.004994448920677399,1.3273902715664039,-0.41887890407719247,-0.714208962268402,-0.057929692682597775,2.031145635633252,-0.3137351884836155,0.009730579971472093,0.6687136927672083,0.5083200387009807,0.34054613449341214,-0.15931592252210788,-0.044406339177916414,0
-0.27997009207618745,-0.4908518514385152,-0.9012994082333412,0.5791711592294672,0.9205948938313058,-0.6951353045345329,-0.004994448920677399,1.0017262826142148,-0.2906060095300372,-1.4232185211053332,-0.15311216241048814,-0.6958344077320449,-0.3137351884836155,-0.9968811412152915,-1.4954082902981902,0.5083200387009807,0.34054613449341214,-0.7444713606023544,0.025076811000453694,0
-0.11079218598266054,-0.6959909114399668,-0.976793405774921,0.6963235527294337,-2.158178093884332,0.5900373972116857,1.3170655594939704,-0.6524883059275052,-0.44789441306297767,-0.714208962268402,-0.09879126281262611,0.6676556139506036,-0.3137351884836155,2.0229540223449995,0.6687136927672083,0.5083200387009807,1.969953476567155,-0.6133779522080931,1.1940281077359434,1
-1.5944577913840823,0.08781974230406313,-0.9721559753610012,0.21144529057659495,0.7179190763795755,2.8000976281366197,0.43569222055087187,1.3421459377108615,-0.592446813413281,1.4128197142423913,-0.5908225695771369,-0.6958344077320449,-0.3137351884836155,-0.9968811412152915,0.6687136927672083,0.5083200387009807,0.34054613449341214,0.4356195876164217,0.9728065029157903,1
-1.389846385976965,-0.6959909114399668,-0.16047363807780957,0.85765282687118,-0.5788364940102553,-0.9149592280736617,-0.4456811183922266,-1.8800155251756068,-0.7294501584787594,-1.4232185211053332,-0.4952967951627772,-0.6958344077320449,2.92064819794541,2.0229540223449995,0.6687136927672083,0.5083200387009807,0.34054613449341214,-0.7992640206819684,0.5817499008447863,1
-1.4988652812291763,0.3886752541930688,-0.8806214068869342,-0.4604077644934271,-0.29359025494969593,-0.7191811598352323,-0.4456811183922266,1.8715634724236754,-0.6846591998602216,-1.4232185211053332,-0.6611696922097164,-0.6958344077320449,-0.3137351884836155,-0.9968811412152915,-1.4954082902981902,0.5083200387009807,-1.2888612075803305,0.18140457634457255,-0.641320386237205,0
-1.5944577913840823,-0.6959909114399668,1.898828795530433,-1.2002872689113024,0.5550253307523485,0.12713520054482177,0.43569222055087187,0.5364458802548058,-0.39625265047564157,1.4128197142423913,-0.026065897056178983,-0.6958344077320449,-0.3137351884836155,-0.9968811412152915,0.6687136927672083,0.5083200387009807,0.34054613449341214,-0.6743278138844195,-1.6868609305288078,0
0.47361246768801446,0.18107758439365718,-0.664367426368647,-1.1504675494578618,1.004177681837864,-0.011651513096544603,0.43569222055087187,-0.4699632041627679,-0.12480507207821483,-0.005199403431470885,-0.3796995916567439,-0.6958344077320449,-0.3137351884836155,0.009730579971472093,-1.4954082902981902,0.5083200387009807,-1.2888612075803305,0.2827392387429272,0.304236499132127,0
-0.5673377321360392,-0.6959909114399668,-0.7998869608046351,1.1988890859472976,0.25034495676864826,-0.47460532895987606,-0.4456811183922266,-1.0749798078776147,-0.35191224277847916,1.4128197142423913,0.03637721499121822,-0.6958344077320449,-0.3137351884836155,-0.9968811412152915,0.6687136927672083,0.5083200387009807,-1.2888612075803305,-0.24658443569304886,0.8066659260618452,1
-0.13537996153551843,-0.4167782876469081,-0.7438840759084134,-0.2888575158506016,1.5631728240390808,-0.3173209084679857,0.43569222055087187,0.23030467997974766,1.436344419231396,-0.005199403431470885,1.2840435063694757,0.6676556139506036,2.92064819794541,-0.9968811412152915,0.6687136927672083,0.5083200387009807,-1.2888612075803305,-0.6606900214943745,0.17105522028445688,0
1.5783222945818935,-0.659556149533424,0.15579304196090998,-0.3381481141064897,0.1929328112057288,-0.3655737121678619,-0.4456811183922266,-0.5560450334577183,0.5106319393464449,0.7038101554054602,1.1002014806621134,-0.6958344077320449,-0.3137351884836155,-0.9968811412152915,0.6687136927672083,0.5083200387009807,-1.2888612075803305,-0.33530001092836975,1.033595450657466,1
0.7583694172241648,-0.5819455555689562,-0.3295778141637474,-1.0349103913733098,-1.2212787591787846,0.031956008256890656,-0.004994448920677399,1.233012831825111,1.0592689307453371,-0.005199403431470885,1.459931656988428,-0.6958344077320449,-0.3137351884836155,-0.9968811412152915,0.6687136927672083,0.5083200387009807,-1.2888612075803305,-0.6684607056194385,1.1821605659641028,1
-0.06236448999832792,-0.1575338315792672,-0.9749903183597984,0.07612296646838712,-0.6150173929104444,0.5102173817590071,-1.3270544573353251,1.354803722158513,1.1626626598144925,0.7038101554054602,0.5730065027249189,-0.6958344077320449,-0.3137351884836155,1.0163423011582358,-1.4954082902981902,0.5083200387009807,-1.2888612075803305,-0.265932743754155,0.283057600709672,0
0.5303508775097953,0.001286041303468573,-0.45087358410053546,-0.7543170396444395,-0.28646791992842874,-0.5735645671779821,-0.4456811183922266,-0.16587908479186914,0.2722294469869729,-1.4232185211053332,-0.101890033425178,-0.6958344077320449,-0.3137351884836155,0.009730579971472093,0.6687136927672083,0.5083200387009807,-1.2888612075803305,0.38556028647493434,-1.0777807971679492,0
1.5412838410557002,-0.6959909114399668,-0.860361564456515,0.2944324953888748,-0.21470619642295774,1.3026661566656337,1.7577522289655196,0.3407871215726329,-0.6355744782528812,1.4128197142423913,-0.3630948168024093,-0.6958344077320449,-0.3137351884836155,-0.9968811412152915,0.6687136927672083,-1.9672645653622365,-1.2888612075803305,-0.3052869117051029,0.029836727974290163,0
0.15666826587255542,-0.6959909114399668,0.09839369334621276,-0.989779572040331,-0.8524435814467148,-0.5366258276863031,3.961185576323266,1.7563053571523806,-0.7489924091642594,0.7038101554054602,-0.5228174927068164,-0.6958344077320449,-0.3137351884836155,1.0163423011582358,-1.4954082902981902,0.5083200387009807,-1.2888612075803305,-0.6166363207991148,0.942104378628352,1
-1.3212910004573235,-0.1593995162225353,3.0660329700671274,1.3179116957058528,0.45802867928227314,-0.5796363394185945,-0.004994448920677399,0.7633158120018332,0.9605528874424166,-1.4232185211053332,0.4459816344329086,-0.6958344077320449,-0.3137351884836155,-0.9968811412152915,0.6687136927672083,-1.9672645653622365,1.969953476567155,-0.23322128719292168,-0.778169452878596,0
-1.2634522764990832,-0.6959909114399668,-0.7906104496405602,1.7843951328849272,1.1658737223919153,-0.7253900485622631,-0.4456811183922266,-1.205240589763162,-0.8248601808056095,-0.714208962268402,-0.6296595361481617,-0.6958344077320449,-0.3137351884836155,2.0229540223449995,0.6687136927672083,0.5083200387009807,0.34054613449341214,-0.6110098352062029,-1.4150028070210385,0
-0.5393205026063769,-0.6959909114399668,0.8284984892183355,-1.156098039960696,-0.41749256847939004,-0.40750923320608756,-0.004994448920677399,-1.3304390199387695,0.20555120872416582,-0.005199403431470885,0.8214343349494577,-0.6958344077320449,-0.3137351884836155,-0.9968811412152915,-1.4954082902981902,0.5083200387009807,0.34054613449341214,-0.47284695795578086,0.007357168351935717,0
-0.49580478620637486,-0.6934009936123903,-0.4059914849564927,1.096188216495582,-0.08292507859529756,2.0234142280375225,-0.8863677878637759,-1.420908696944745,-0.7902735445526333,0.7038101554054602,-0.5819567207549713,0.6676556139506036,2.92064819794541,0.009730579971472093,0.6687136927672083,0.5083200387009807,0.34054613449341214,-0.5886583374790801,-0.5051566433125196,0
1.4027662309382745,0.1898981495699743,-0.5469050737361542,-0.46157929096866773,0.7601492802725707,-0.5881935686927601,-1.7677411268068743,-1.3578278668948653,0.7264867396501618,0.7038101554054602,0.020590615394298253,2.031145635633252,-0.3137351884836155,-0.9968811412152915,0.6687136927672083,0.5083200387009807,0.34054613449341214,-0.42121742179980926,0.9953418599622242,1
1.371993395543665,-0.2578622256632816,-0.19128937286208736,0.8114435409147523,-0.2391741963468087,0.2698132984790775,0.43569222055087187,-1.0924041939835227,-0.8006476988926526,-0.005199403431470885,-0.6747587331283402,-0.6958344077320449,-0.3137351884836155,0.009730579971472093,0.6687136927672083,0.5083200387009807,-1.2888612075803305,0.24646868453047913,0.13431336191703988,0
-0.6430084419547276,0.06410525977938988,-0.5935697642637661,-1.2716772556710898,1.165795876117991,2.582404976053377,0.8763788900224211,0.5692518084249907,-0.7826067205274257,-0.714208962268402,-0.686923133844571,0.6676556139506036,-0.3137351884836155,-0.9968811412152915,-1.4954082902981902,0.5083200387009807,0.34054613449341214,-0.4618260068799361,-1.3482720598729758,0
-1.5658506719794842,0.8607581050106495,1.726863897709442,-0.9315602575246106,1.3690283450731175,-0.3778263534535154,-1.3270544573353251,-0.9032630097715844,-0.19063688000624568,-1.4232185211053332,-0.5279155152522458,-0.6958344077320449,-0.3137351884836155,2.0229540223449995,0.6687136927672083,0.5083200387009807,0.34054613449341214,1.2930074634798423,-1.4390667358756375,0
0.373146992251499,0.5301968347364451,-0.2999441936834165,-0.6383051303129719,1.4756803984665898,1.9452762624814206,2.639125567908618,0.561211344236607,-0.15511783426389902,-1.4232185211053332,-0.4695406968207987,-0.6958344077320449,-0.3137351884836155,3.029565743531763,0.6687136927672083,0.5083200387009807,-1.2888612075803305,0.12962507724032557,0.004389622472210598,0
1.590947669096353,-0.558147840986472,-0.9250938822878993,-0.7794253377911893,0.23805044787115875,1.2747818077048323,0.8763788900224211,0.736603772426442,-0.20757769309347052,-1.4232185211053332,0.005515179372075686,2.031145635633252,-0.3137351884836155,-0.9968811412152915,0.6687136927672083,0.5083200387009807,-1.2888612075803305,-0.3071983760507,0.15277319622225077,0
-1.5109191855453397,-0.16623966602952087,0.23669192409116005,0.2718751688429216,0.03181771835252172,4.153568907803476,0.8763788900224211,-1.2098158260951728,-0.5497784791272176,-1.4232185211053332,-0.520430127328613,-0.6958344077320449,-0.3137351884836155,-0.9968811412152915,0.6687136927672083,0.5083200387009807,1.969953476567155,-0.10980225652817324,0.16065831625883575,0
-0.6468676697717319,-0.6912149002147726,1.4443752168392152,-0.33687339872804006,-0.5565583605493134,-0.9602449582022556,-1.3270544573353251,0.19290400784353487,-0.4371815316889004,1.4128197142423913,-0.09079044373922632,0.6676556139506036,-0.3137351884836155,0.009730579971472093,-1.4954082902981902,0.5083200387009807,-1.2888612075803305,-0.7826370448096109,0.0860774097534812,0
-1.5062383744945824,-0.6562856711331284,0.07380595605592793,0.8571749364145734,0.7136947550674317,0.3318941507887104,0.8763788900224211,-0.4094997597618011,0.12914615205264374,-0.005199403431470885,0.5942451275808159,-0.6958344077320449,-0.3137351884836155,0.009730579971472093,0.6687136927672083,0.5083200387009807,-1.2888612075803305,-0.5555515837328725,-0.533488610517832,0
-0.6184817186746435,-0.6959909114399668,-0.04684968256902501,1.9833156430821053,0.06211983789363211,-0.3262058608983067,-0.4456811183922266,0.4678280740771706,-0.12199730643868055,0.7038101554054602,0.36015872438304575,-0.6958344077320449,-0.3137351884836155,-0.9968811412152915,0.6687136927672083,-1.9672645653622365,0.34054613449341214,-0.7163793318812255,-1.4299546286985698,0
-1.2014678987009781,0.47852913820435095,-0.9039879920136924,0.22966834687828783,1.1653563980124189,-0.6594376865867144,1.3170655594939704,-0.21037870561790017,-0.2290909860147301,1.4128197142423913,-0.489201056522224,0.6676556139506036,-0.3137351884836155,1.0163423011582358,-1.4954082902981902,-1.9672645653622365,0.34054613449341214,-0.010114474837868027,0.38241701253067456,0
-1.5010399817046969,-0.4913976137343249,-0.6167661872718316,0.26255973665721993,1.5631728240390808,0.17023275116904557,-0.004994448920677399,0.15621970880852357,-0.13230303138825056,-1.4232185211053332,0.0004569624850804692,-0.6958344077320449,-0.3137351884836155,0.009730579971472093,-1.4954082902981902,0.5083200387009807,-1.2888612075803305,-0.7737759820777125,0.020437037708972264,0
-0.4177268868552011,-0.19543804820625027,-0.04288347963466036,-0.2540814941163889,-1.3471476065821357,-0.8394711597878195,-0.4456811183922266,0.08065052616293031,-0.8609029949044436,0.7038101554054602,-0.7201770784832108,0.6676556139506036,-0.3137351884836155,1.0163423011582358,-1.4954082902981902,0.5083200387009807,-1.2888612075803305,-0.42917688914831226,-0.24413468890762313,0
-0.7649320496785892,-0.3542090658220296,-0.6238134585184311,2.013979898658249,0.387169229560995,-0.7640221680653796,0.8763788900224211,1.9302752562887813,-0.3720791943791647,-0.714208962268402,-0.322449827741476,2.031145635633252,-0.3137351884836155,-0.9968811412152915,0.6687136927672083,0.5083200387009807,0.34054613449341214,-0.6825158138602385,1.8773936299044645,2
-0.09793856605866831,-0.6452484490803725,0.07771028304657719,-0.7672435225182418,-1.3609164966795566,-0.2771665188942753,-1.3270544573353251,2.3239736277221725,-0.8087227281878447,-1.4232185211053332,-0.622070714372722,-0.6958344077320449,-0.3137351884836155,-0.9968811412152915,-1.4954082902981902,0.5083200387009807,0.34054613449341214,-0.3970611712658922,-0.10307356114553999,0
0.30731872433885293,-0.004865908000959901,0.08419887231029248,-0.7557602384737458,-0.13358316325659528,1.6809518013951574,-0.004994448920677399,-1.10494676797482,0.24540537403067406,-1.4232185211053332,-0.1132202780066415,3.3946356573159,-0.3137351884836155,1.0163423011582358,-1.4954082902981902,0.5083200387009807,-1.2888612075803305,-0.14007708148033277,0.9311003671597515,1
0.3434968074601546,0.007505969269426998,0.1955366027581261,1.831235522442536,0.6392739676790119,3.9075925381779064,-0.4456811183922266,-0.9493982604907719,1.7791730635147982,-1.4232185211053332,0.7204803426330699,-0.6958344077320449,-0.3137351884836155,-0.9968811412152915,0.6687136927672083,0.5083200387009807,0.34054613449341214,-0.6300286539825141,0.36642804394231415,0
0.9973710868601463,0.6766475220396461,0.002601565980508981,-0.25737306987297565,0.965195237372254,-0.8373924029512132,-0.004994448920677399,-1.1118353936511942,2.1895146768423133,1.4128197142423913,0.3202227658742212,-0.6958344077320449,-0.3137351884836155,-0.9968811412152915,-1.4954082902981902,-1.9672645653622365,0.34054613449341214,-0.2727354543758074,-0.6021260971102244,0
-0.36587194767977355,0.034923430122146784,0.061067407756112836,-0.883494822991495,0.611604580297981,-0.7118529581832587,-0.4456811183922266,0.3561384704540028,-0.8761032249024794,1.4128197142423913,-0.7352696227126133,0.6676556139506036,-0.3137351884836155,-0.9968811412152915,-1.4954082902981902,0.5083200387009807,-1.2888612075803305,-0.5702621330630343,0.928685285515863,1
0.608997087778453,0.22741815622451905,-0.7869194828842521,0.24603721756113545,-0.24412905947962948,2.117618536411169,-0.8863677878637759,-1.3079046106122338,-0.7129873155566073,-1.4232185211053332,-0.6630831574400502,0.6676556139506036,-0.3137351884836155,0.009730579971472093,-1.4954082902981902,0.5083200387009807,0.34054613449341214,-0.2883967695621494,-0.06649960952587138,0
1.975045240352372,-0.6959909114399668,1.1162753871915674,-1.3376193406310548,0.11266073563255397,0.4444419807028044,-0.004994448920677399,1.48629769340945,0.03958090576503398,-0.005199403431470885,0.5877039124643985,2.031145635633252,-0.3137351884836155,-0.9968811412152915,0.6687136927672083,0.5083200387009807,0.34054613449341214,-0.648311019778231,0.3612553711148005,0
-1.5944577913840823,-0.6959909114399668,1.2814351322611777,-0.040624993572894105,-1.7394644524927905,-0.6593001943897616,-0.004994448920677399,0.9206100985689321,-0.7363431104643233,1.4128197142423913,-0.50500390873087,0.6676556139506036,-0.3137351884836155,-0.9968811412152915,0.6687136927672083,0.5083200387009807,0.34054613449341214,-0.8018745847078013,0.679836110660577,1
-0.9413278950734754,-0.5806371057834107,-0.7044735347703066,0.46964914276864117,-0.9638503380323226,0.23206781645493674,-0.4456811183922266,0.3611214839029778,-0.7248093678431438,-0.714208962268402,-0.5434152575782373,-0.6958344077320449,-0.3137351884836155,0.009730579971472093,-1.4954082902981902,0.5083200387009807,1.969953476567155,-0.18281410820122393,-0.4381103407881264,0
0.49376436757506637,0.2545676229697017,-0.3670548869734831,1.6448080299868673,0.6072221643262165,0.39612368381965185,-0.4456811183922266,1.2870104493462846,-0.7585064243601991,-1.4232185211053332,-0.6854233669449546,-0.6958344077320449,-0.3137351884836155,1.0163423011582358,0.6687136927672083,0.5083200387009807,0.34054613449341214,0.24651656974533992,1.2547664361821007,1
-1.0896927406566406,-0.6959909114399668,-0.00995382749748816,-0.25720158865961995,-0.6956642662455644,0.26169217510698367,-0.4456811183922266,0.9578795970830127,-0.41102369914590264,-0.714208962268402,-0.046867470498493116,-0.6958344077320449,-0.3137351884836155,0.009730579971472093,-1.4954082902981902,0.5083200387009807,0.34054613449341214,-0.4883552072195163,-0.294602195590528,0
-1.5944577913840823,-0.6116228020341183,0.1877287826439323,2.049010765827844,0.26012711551778184,-0.08884991479999522,2.1984388984370686,-1.4446651817440246,2.9170017158912467,0.7038101554054602,3.785147341741837,-0.6958344077320449,-0.3137351884836155,0.009730579971472093,0.6687136927672083,0.5083200387009807,0.34054613449341214,-0.45183006047155233,1.5247326330862505,2
0.17393078588139363,6.84069360874552,-0.07357537452299308,0.4036330661041544,-0.17129950414405457,1.618902227810962,0.8763788900224211,-0.8886103542329353,-0.12747792689209514,-1.4232185211053332,-0.6935715566627189,0.6676556139506036,-0.3137351884836155,-0.9968811412152915,0.6687136927672083,-1.9672645653622365,0.34054613449341214,-0.02261571689010508,-1.9719302919107928,0
0.6377209223883614,0.22148177552730075,0.0006522491142314928,-0.5589277452617797,0.12938270716743464,-0.30723496422752816,1.3170655594939704,0.31036875658641505,-0.6316483381105963,0.7038101554054602,-0.6250858428538384,-0.6958344077320449,-0.3137351884836155,1.0163423011582358,0.6687136927672083,0.5083200387009807,-1.2888612075803305,0.3360680400388462,-0.7952640801660048,0
0.7892836161275503,-0.6959909114399668,-0.21805155865119738,-0.744132077606171,-0.30579943794797304,0.3515686460914793,0.43569222055087187,1.5738032021304469,0.06830216189635493,-0.005199403431470885,0.6281510961483869,-0.6958344077320449,-0.3137351884836155,-0.9968811412152915,0.6687136927672083,-1.9672645653622365,-1.2888612075803305,-0.18967335752537798,-0.5440311276452698,0
-0.13422252967120682,-0.4838380090850435,0.20794132842932248,-0.5756158320572302,-1.5631638256947855,-0.42625624885123287,0.43569222055087187,0.7615469949180226,0.004340805331026622,-0.714208962268402,0.12241028041975037,0.6676556139506036,-0.3137351884836155,-0.9968811412152915,0.6687136927672083,0.5083200387009807,-1.2888612075803305,-0.07529961867451952,-0.27292744729005053,0
0.8361088795772128,-0.6959909114399668,1.5326879950896521,1.0059769511348442,0.39382242944104234,-0.5038668084981356,-1.7677411268068743,1.2420821849965384,1.8531053241817215,-0.005199403431470885,3.141629650660332,-0.6958344077320449,-0.3137351884836155,0.009730579971472093,0.6687136927672083,0.5083200387009807,0.34054613449341214,-0.3530768761286627,0.13481585603095597,0
0.5354769401135413,-0.4763240932912219,-0.6987072138405217,-0.9320311056193482,-0.41609099362246815,-0.0391477318808828,-1.7677411268068743,-0.20199362003734272,-0.295331145611251,0.7038101554054602,-0.17068693946201424,-0.6958344077320449,-0.3137351884836155,-0.9968811412152915,0.6687136927672083,0.5083200387009807,0.34054613449341214,-0.6678921560138016,0.5277509953795578,1
0.20339195416177686,0.32925083762587576,-0.9005988070253869,1.7554260868190856,1.061979891202492,-0.8311265353816225,-1.3270544573353251,0.5257192794172602,-0.3442079843136266,1.4128197142423913,-0.511508499174152,-0.6958344077320449,-0.3137351884836155,-0.9968811412152915,0.6687136927672083,0.5083200387009807,0.34054613449341214,0.40750602064280667,-1.5926013478432361,0
-0.38775754032514975,0.16490676832871518,0.6155608559895814,0.1264581874646888,-0.20344651597991267,-0.5765125369294426,0.8763788900224211,-1.2091146934963202,-0.8761032249024794,1.4128197142423913,-0.7373061110559537,0.6676556139506036,-0.3137351884836155,2.0229540223449995,0.6687136927672083,0.5083200387009807,0.34054613449341214,0.17302280707156015,-0.8786780855716738,0
0.7075713547614682,-0.6959909114399668,-0.5000638793364052,-0.33179033252891765,0.16802736211705227,-0.26800077079941237,-0.004994448920677399,-0.23127163948541257,-0.31921002770303836,-0.005199403431470885,0.08243064991000708,0.6676556139506036,-0.3137351884836155,1.0163423011582358,0.6687136927672083,0.5083200387009807,0.34054613449341214,-0.3957229668132138,0.011989382731226787,0
-1.4455518435487007,-0.35103395790130737,3.769324746756718,-0.6677633628757957,0.27047685311785324,1.333526363290134,-0.4456811183922266,0.11032901037719209,-0.6376874880893435,-0.714208962268402,-0.5355568976882168,2.031145635633252,6.155031584374436,1.0163423011582358,-1.4954082902981902,0.5083200387009807,-1.2888612075803305,-0.6106663042475526,-0.23768445908895947,0
0.7335348012917648,0.30720646291626863,-0.32714336237758496,-0.7859047690736907,0.36825958777096524,-0.09136525574075646,-0.004994448920677399,0.9154130138086948,-0.7593788899018198,-1.4232185211053332,-0.688354432880451,-0.6958344077320449,-0.3137351884836155,-0.9968811412152915,0.6687136927672083,0.5083200387009807,0.34054613449341214,-0.5256560840655202,-1.6186986760044464,0
0.3476185492054263,0.32006033748404594,-0.6898000332308039,0.3914571732308085,-2.215429007143834,-0.41545626025583254,-0.8863677878637759,-0.8634057416692297,0.6159772132271268,0.7038101554054602,-0.09606074903294944,2.031145635633252,-0.3137351884836155,1.0163423011582358,0.6687136927672083,0.5083200387009807,-1.2888612075803305,0.28749804669828094,1.6695733879883294,2
0.39138767826183235,1.0605766063006368,-0.3204907976153627,1.683876453174229,0.3197328104524933,-0.8106510795483629,1.7577522289655196,-0.09942514561305872,-0.5203481099404494,1.4128197142423913,-0.6429607205758621,-0.6958344077320449,-0.3137351884836155,-0.9968811412152915,-1.4954082902981902,-1.9672645653622365,0.34054613449341214,2.1660936416692564,-0.9611325714386024,0
-1.4873196926854522,-0.5918096474873253,-0.0833668257892823,-1.2831809959937235,-0.8805119729517198,-0.468157272595138,-0.4456811183922266,0.29816067585466927,-0.5183390563025062,0.7038101554054602,-0.3031921785635475,0.6676556139506036,-0.3137351884836155,1.0163423011582358,0.6687136927672083,0.5083200387009807,-1.2888612075803305,-0.048437150792595925,-0.1945818874752303,0
-0.1418663207860991,1.4033469346890624,-0.47589185757099745,0.4349175503314657,0.1149894037460522,-0.881813881036869,-0.4456811183922266,1.7031742150634013,-0.1490435305048604,-0.714208962268402,-0.5661412538533213,0.6676556139506036,-0.3137351884836155,4.036177464718526,-1.4954082902981902,0.5083200387009807,-1.2888612075803305,0.3831142848707731,-0.04533310369445426,0
0.7234096406063706,-0.11149480087893825,0.6406121468670901,-1.5915672323022063,0.5446295391591123,-0.9321359756539789,-0.4456811183922266,-1.2896684382052115,-0.4290751044689851,-0.005199403431470885,-0.4591300687459531,0.6676556139506036,-0.3137351884836155,0.009730579971472093,0.6687136927672083,0.5083200387009807,0.34054613449341214,-0.518067798732626,-1.0215677092228541,0
0.44650159036623527,0.3077617431898459,0.1983324080488475,-1.3841519865983578,-1.7920956423470937,-0.12521394921700663,-0.4456811183922266,1.9211575206251672,0.7423997087483457,0.7038101554054602,-0.03551320787018936,-0.6958344077320449,-0.3137351884836155,1.0163423011582358,-1.4954082902981902,0.5083200387009807,1.969953476567155,-0.18758851438512436,1.253060911273514,1
0.8763927903402683,0.394937152356097,-0.8162743275673972,-0.9077117348244412,-0.4970518568890437,-0.7318353866369041,-0.8863677878637759,0.33565442186625055,-0.5813563032823035,-1.4232185211053332,-0.619189394574918,-0.6958344077320449,-0.3137351884836155,3.029565743531763,0.6687136927672083,-1.9672645653622365,0.34054613449341214,1.550043279574916,0.542957130407012,1
0.5225794710512712,-0.523344652398379,-0.7427016674478739,-0.6726179211719469,1.0760706811590253,0.38069153911395215,-0.4456811183922266,-1.1412130893176138,0.9913349513884637,-0.005199403431470885,1.181734523795608,0.6676556139506036,-0.3137351884836155,0.009730579971472093,0.6687136927672083,0.5083200387009807,0.34054613449341214,-0.12895598068534983,0.7985911111986607,1
0.5462697647879836,-0.16572804026765,-0.9591948002973583,-1.4394323645451146,1.1972842683663214,0.21539101516477077,0.43569222055087187,1.4891908874673854,1.8682325891003704,-0.005199403431470885,1.0392940092533665,2.031145635633252,-0.3137351884836155,0.009730579971472093,0.6687136927672083,0.5083200387009807,0.34054613449341214,-0.08719432110554698,-0.6547690707978586,0
0.15995614608639622,-0.01913576583005677,-0.7290789358605183,-1.0202808238987624,0.5621025420598957,-0.49246848463030074,1.3170655594939704,-1.5301691955572154,-0.10341106589612303,1.4128197142423913,-0.3007711641117203,-0.6958344077320449,-0.3137351884836155,0.009730579971472093,-1.4954082902981902,0.5083200387009807,0.34054613449341214,0.05015827724069269,-2.3605779851694537,0
-0.1187660677452559,-0.6959909114399668,5.802599939626898,1.1977726575666536,-0.9901474083872118,-0.967901408311693,1.3170655594939704,1.4255523394147527,-0.27036065125117287,1.4128197142423913,0.15122359173549538,-0.6958344077320449,-0.3137351884836155,0.009730579971472093,-1.4954082902981902,0.5083200387009807,0.34054613449341214,-0.5525627261433279,-0.404606934896166,0
0.5455755161784479,-0.6959909114399668,0.3099265227587089,1.568752905055627,-0.8406705378036552,0.7090496013901533,0.8763788900224211,-1.4425876826085389,1.6201706732086325,-0.714208962268402,2.813595578222951,0.6676556139506036,-0.3137351884836155,-0.9968811412152915,-1.4954082902981902,0.5083200387009807,-1.2888612075803305,-0.4249385619766372,2.4756658380684704,2
0.9126148618579766,-0.025357205531641495,-0.8642976149057949,-0.662328762983958,-0.610178515318858,0.6591817061161734,-0.004994448920677399,-0.020961236376845337,-0.45016509518832065,-0.005199403431470885,-0.49386649875758315,-0.6958344077320449,-0.3137351884836155,0.009730579971472093,0.6687136927672083,-1.9672645653622365,-1.2888612075803305,0.5028926083489303,1.3523188791474634,2
-0.2738050126488126,-0.323447263851083,0.19942357537424596,-0.11240535343531981,0.8227757083396697,-0.35873860360418136,-0.004994448920677399,-0.9512020916106132,2.9170017158912467,-0.714208962268402,2.190801129056925,-0.6958344077320449,2.92064819794541,-0.9968811412152915,0.6687136927672083,0.5083200387009807,0.34054613449341214,-0.3669065618051017,-0.6942765162391544,0
-0.7157847553026183,0.7033694662234422,-0.8759371473208474,0.352162880152483,0.18941389087955413,0.8644201689698717,1.7577522289655196,-0.4920894700835731,0.7403385102803415,1.4128197142423913,-0.19044226991073204,-0.6958344077320449,-0.3137351884836155,-0.9968811412152915,0.6687136927672083,0.5083200387009807,-1.2888612075803305,1.3017643737575695,0.4449431743580475,0
-0.49586203701946124,-0.012982530130944891,-0.3364555256580389,0.06420247330903481,-2.420466112934072,-0.46698014426850676,-1.3270544573353251,-0.8258557964482447,-0.8761032249024794,-0.714208962268402,-0.7344010381683618,-0.6958344077320449,-0.3137351884836155,0.009730579971472093,0.6687136927672083,-1.9672645653622365,0.34054613449341214,-0.21453739931372467,-0.5984059458470954,0
0.7650334378944499,-0.46633641810565246,0.5470417920316729,2.354843303391263,-0.897249797247848,-0.08370549850522276,-0.8863677878637759,-0.9388956985789102,2.9170017158912467,0.7038101554054602,2.811909330159025,0.6676556139506036,2.92064819794541,0.009730579971472093,0.6687136927672083,0.5083200387009807,0.34054613449341214,-0.08190646256527799,3.0747100449187985,2
-0.865515815742455,0.39376973726938186,-0.7242490580356296,3.490326778480053,-0.9111161432885945,-0.10267677300428595,-0.004994448920677399,-1.1281986007119946,0.737114836834077,-0.005199403431470885,-0.07796141538318359,2.031145635633252,-0.3137351884836155,2.0229540223449995,0.6687136927672083,-1.9672645653622365,0.34054613449341214,1.0009772456060313,1.447470915454526,2
-0.4953390875328107,-0.33025082868949746,0.10155530525621098,-0.5029266503469872,0.8583965825335819,0.097574831391038,-0.004994448920677399,0.8263306824188585,-0.36476874900569667,-0.005199403431470885,-0.3295353679840572,0.6676556139506036,-0.3137351884836155,0.009730579971472093,-1.4954082902981902,0.5083200387009807,0.34054613449341214,-0.7050828821001083,-0.047908251189995796,0
-0.7820892888712212,-0.3111553020797792,-0.8682657459039406,-0.6999569322224997,0.0865757810308602,-0.26360123265501323,-0.4456811183922266,-0.1512562011052771,-0.7401678972666726,-1.4232185211053332,-0.623749434903096,-0.6958344077320449,-0.3137351884836155,1.0163423011582358,-1.4954082902981902,0.5083200387009807,-1.2888612075803305,0.28907876004878097,-1.614196975325498,0
-0.30237175157188173,-0.6959909114399668,-0.6616154977118617,0.047877088226522084,-2.027704383644147,-0.34287963641687647,-0.4456811183922266,-1.3374558222619477,2.9170017158912467,-0.714208962268402,4.639879329555164,0.6676556139506036,2.92064819794541,0.009730579971472093,0.6687136927672083,0.5083200387009807,1.969953476567155,-0.2890710186418417,2.437575195768503,2
0.8691418934674138,0.6516242932834126,-0.5441954292451708,0.4744580171711625,-1.0374133403175336,-0.496250253320774,-0.004994448920677399,-1.4699534839661805,-0.1552646651342294,0.7038101554054602,-0.48894668601804925,-0.6958344077320449,-0.3137351884836155,-0.9968811412152915,-1.4954082902981902,0.5083200387009807,-1.2888612075803305,1.1514665420417554,0.324315556867333,0
0.11878162869015556,-0.6959909114399668,-0.6085991873130319,0.031430682395407056,0.7172654264870953,0.34894168607248605,-0.4456811183922266,-1.198528597348422,2.9170017158912467,1.4128197142423913,4.639879329555164,0.6676556139506036,-0.3137351884836155,-0.9968811412152915,0.6687136927672083,0.5083200387009807,0.34054613449341214,-0.5733713341795925,1.622655162829128,2
-0.22296776336624324,-0.4945777434522849,1.7339907048421965,-0.6832013570127323,1.387611299809411,0.5342877348264987,-0.004994448920677399,-0.6862936726854547,-0.7463684635908506,0.7038101554054602,-0.5924957681776291,-0.6958344077320449,-0.3137351884836155,1.0163423011582358,0.6687136927672083,0.5083200387009807,0.34054613449341214,-0.0468778335993334,0.21823216384096158,0
-0.7698032855119774,1.3218963116731108,3.390395900715523,-1.0313936282784864,-0.7342048849720284,-0.3042771043489795,-0.4456811183922266,1.0133304126913636,-0.7299717209841647,-1.4232185211053332,-0.708569989759156,0.6676556139506036,-0.3137351884836155,-0.9968811412152915,0.6687136927672083,0.5083200387009807,-1.2888612075803305,1.9636047285468878,-0.807598608128969,0
-0.15261239114918868,-0.4733128180712139,-0.6132838148176197,-0.21756358151087488,0.007951414843838853,1.0225718506550163,0.43569222055087187,1.1636124873967257,-0.688872097918329,0.7038101554054602,-0.5435758273050717,0.6676556139506036,-0.3137351884836155,0.009730579971472093,0.6687136927672083,0.5083200387009807,-1.2888612075803305,-0.5397868510994632,-0.49503179122101587,0
-0.8491955548636784,-0.6959909114399668,-0.8371916484923694,-0.618595128244758,0.2217744280442358,-0.9048497641007799,1.3170655594939704,-0.520897767441972,-0.8109445716531903,-0.714208962268402,-0.6100626495465097,0.6676556139506036,-0.3137351884836155,-0.9968811412152915,0.6687136927672083,0.5083200387009807,-1.2888612075803305,-0.22158459256655544,-0.36877851400550804,0
1.1305272009682472,-0.16660377017753758,-0.5573826806308997,1.5699794437956751,-0.6757477647424021,2.3634193618983943,1.3170655594939704,-1.6740054172399206,1.2345221079697806,-0.005199403431470885,0.6317322598299199,-0.6958344077320449,-0.3137351884836155,1.0163423011582358,0.6687136927672083,-1.9672645653622365,0.34054613449341214,-0.0844051684157455,0.2164424116377963,0
0.7766709961231624,0.7497682375313508,-0.6346328920068237,-0.4612699211283095,-1.1962360716602916,1.0259970073672287,0.43569222055087187,0.16570338629854306,-0.52543682782501,-0.714208962268402,-0.6261426544993222,-0.6958344077320449,-0.3137351884836155,-0.9968811412152915,0.6687136927672083,0.5083200387009807,1.969953476567155,-0.1387050823180962,0.5818120157100245,1
0.3619891958510367,-0.5099473355648656,0.3738911569370418,0.5549437877213634,-0.38377733271089737,1.16418434023334,-0.4456811183922266,-0.3224192922902625,2.9170017158912467,-0.005199403431470885,3.0572170933793994,-0.6958344077320449,-0.3137351884836155,0.009730579971472093,-1.4954082902981902,0.5083200387009807,0.34054613449341214,-0.10712176872265047,1.8067048443611138,2
0.15632366670441014,1.02204196397228,-0.8185116173671492,-1.3138859548650303,-0.6453984470340404,0.9043360174027217,-0.004994448920677399,1.0850700508414213,-0.4872624965676438,0.7038101554054602,-0.6313131479875115,2.031145635633252,-0.3137351884836155,2.0229540223449995,-1.4954082902981902,0.5083200387009807,-1.2888612075803305,0.7281958034616214,-0.13339500522963532,0
2.4986723554797274,-0.41655394059845546,0.20249810468128518,-0.4636990291796093,-1.6274008152833073,-0.866350112043648,-1.3270544573353251,-0.4237040015831301,0.9636132944740867,0.7038101554054602,0.8733387101256487,0.6676556139506036,-0.3137351884836155,2.0229540223449995,0.6687136927672083,0.5083200387009807,-1.2888612075803305,-0.4321237617344339,0.7703291452400911,1
-1.5944577913840823,-0.4638740234618953,0.2878022396061973,-0.3032905168260535,0.4660950701696987,-0.948120964175118,0.43569222055087187,-0.21288058531072704,-0.8538204925827787,-0.714208962268402,-0.6995583908194675,2.031145635633252,6.155031584374436,0.009730579971472093,-1.4954082902981902,0.5083200387009807,-1.2888612075803305,-0.6530935258017584,0.285557741623149,0
-0.07772059975932243,-0.4529233777297503,-0.9253163016548015,0.36509364988656773,-1.1072245061568045,-0.770659657424117,-0.4456811183922266,0.7064655316814443,-0.2548654051855423,-0.005199403431470885,-0.15354359046619495,-0.6958344077320449,-0.3137351884836155,-0.9968811412152915,0.6687136927672083,0.5083200387009807,-1.2888612075803305,-0.1800487457815104,0.11810220909530948,0
-1.0632558370241,-0.6959909114399668,0.8017811566698605,-0.08712955740142168,-0.2317186703646963,-0.9342392027712689,0.8763788900224211,-0.553846617971766,1.861164588085899,-0.714208962268402,3.1529792422659204,0.6676556139506036,-0.3137351884836155,0.009730579971472093,0.6687136927672083,0.5083200387009807,0.34054613449341214,-0.29105686055833857,2.0667686073668174,2
-1.5419977813570993,-0.6706249440583291,-0.5037736487757328,-0.15458817973043204,0.3569187493952399,0.5714110816786317,-0.004994448920677399,-0.5844027291653812,-0.5189277592573514,-0.714208962268402,-0.22865636574354406,-0.6958344077320449,-0.3137351884836155,-0.9968811412152915,0.6687136927672083,0.5083200387009807,0.34054613449341214,-0.3230501810906725,-0.7421755845536073,0
2.2158483354755063,-0.1763173409002426,0.1697717097496426,0.5307713436641007,0.3677913299884581,-0.8512836152692496,0.43569222055087187,-0.07345186253086924,-0.2741853012494678,-1.4232185211053332,-0.33825080489530807,0.6676556139506036,-0.3137351884836155,-0.9968811412152915,0.6687136927672083,0.5083200387009807,-1.2888612075803305,0.14858155729710643,0.49290968554609343,1
2.8123388755290004,-0.6959909114399668,-0.6908955620647094,-1.26382162163153,-2.1102450802413184,-0.49995436010311434,0.43569222055087187,1.321457326371239,-0.5706487146197708,1.4128197142423913,-0.2716620370004188,0.6676556139506036,-0.3137351884836155,0.009730579971472093,0.6687136927672083,0.5083200387009807,-1.2888612075803305,-0.6856089258133525,0.004398430376644581,0
0.42374395323493763,-0.6226631850219013,-0.020727568101601396,-0.3702966821926635,1.5631728240390808,0.6152799969130499,-0.004994448920677399,-0.3842938809309753,-0.8761032249024794,-0.005199403431470885,-0.7094094768772824,-0.6958344077320449,-0.3137351884836155,0.009730579971472093,0.6687136927672083,0.5083200387009807,-1.2888612075803305,-0.3808881289842935,0.5164693518739322,1
0.27597768288302604,0.6954253263709691,0.46892584898422174,0.6276726605233494,-0.2742016271965635,1.8460693540810929,1.3170655594939704,1.9035054625298145,0.8237839041653922,-1.4232185211053332,-0.15936922037059553,-0.6958344077320449,-0.3137351884836155,1.0163423011582358,0.6687136927672083,0.5083200387009807,-1.2888612075803305,0.6456051405762588,-0.8781793173363309,0
-0.23043563498109523,-0.43220773353949526,-0.4971712559200529,-1.046640007636984,1.5631728240390808,-0.4901497440520335,1.3170655594939704,-1.2633999842888362,-0.8435010920710547,1.4128197142423913,-0.6929103500171333,-0.6958344077320449,-0.3137351884836155,0.009730579971472093,0.6687136927672083,0.5083200387009807,-1.2888612075803305,0.02103272807093668,-1.3022754047804452,0
-1.5944577913840823,-0.6959909114399668,-0.8074771624255452,0.017183591860781396,1.5631728240390808,-0.45848326565789876,-0.8863677878637759,0.5972277669619616,-0.7346989961292847,0.7038101554054602,-0.5026885575427906,-0.6958344077320449,2.92064819794541,0.009730579971472093,0.6687136927672083,-1.9672645653622365,-1.2888612075803305,-0.42036855407060697,-0.198701117304306,0
-0.3214862128571645,1.147971704034542,0.3231330785726527,-0.6322332759659571,0.914893445506445,2.388877338528465,0.43569222055087187,-0.6029883702619842,-0.5392202245391795,-0.005199403431470885,-0.6524591824919092,-0.6958344077320449,-0.3137351884836155,-0.9968811412152915,-1.4954082902981902,0.5083200387009807,-1.2888612075803305,0.7921082852767748,-0.6631280819793567,0
-1.1711549189384567,-0.0879151140216582,-0.5714226753376497,1.10979498452027,-0.38571449291465204,-0.10698725707250306,1.3170655594939704,0.08327352767502366,-0.8445401283277248,-1.4232185211053332,-0.7140231609783106,-0.6958344077320449,-0.3137351884836155,0.009730579971472093,0.6687136927672083,0.5083200387009807,-1.2888612075803305,-0.5099998375469579,-1.0964897629975308,0
0.6192883230734602,0.017163361699005314,-0.24330828991334913,-0.8906836266540348,0.4036151717791822,0.8160418512597196,0.43569222055087187,-1.0278482696139466,-0.37665651389307053,-0.005199403431470885,-0.4635033282184334,-0.6958344077320449,2.92064819794541,0.009730579971472093,0.6687136927672083,0.5083200387009807,-1.2888612075803305,0.332616144667482,-0.6766620466358169,0
-0.2518671673199904,1.0876094383001917,-0.9554226711914341,0.18186956893486123,-0.8439168464186195,-0.6410984241659912,-0.4456811183922266,2.1127187731615646,-0.46757331001184854,-0.005199403431470885,-0.6294011916698419,0.6676556139506036,-0.3137351884836155,-0.9968811412152915,0.6687136927672083,0.5083200387009807,-1.2888612075803305,-0.5656593815027485,0.887611660551833,1
-0.07171731389567158,-0.5565351724258308,0.07359030054235981,-1.713237660425826,1.5631728240390808,-0.8784163934444519,0.8763788900224211,0.6347823349373203,-0.5774774187596756,1.4128197142423913,-0.3938777345803838,-0.6958344077320449,2.92064819794541,1.0163423011582358,-1.4954082902981902,-1.9672645653622365,-1.2888612075803305,-0.1582485053331691,-2.3190909679871363,0
1.6986517544316728,-0.6959909114399668,2.78137478559582,0.7348401963323399,1.2971561751969762,-0.18641235983548746,-1.3270544573353251,-0.6255927304241821,-0.7705991402584952,1.4128197142423913,-0.5532455289105002,-0.6958344077320449,-0.3137351884836155,1.0163423011582358,0.6687136927672083,0.5083200387009807,0.34054613449341214,-0.4297551764202962,-1.869843531381794,0
-1.4442247363450962,-0.1708899031027297,-0.7611232647064671,0.9953029867412924,-1.3131776751000257,0.45816571387822863,-0.004994448920677399,-0.2039978627871627,2.9170017158912467,-1.4232185211053332,1.7289577759596075,-0.6958344077320449,-0.3137351884836155,-0.9968811412152915,0.6687136927672083,0.5083200387009807,1.969953476567155,-0.5689999585214034,3.396820244236112,2
0.3742103583941777,-0.6959909114399668,-0.4105474858898227,-0.4555377649439664,-0.14175399259586788,0.8569027444748044,-0.004994448920677399,0.7941880772175894,-0.8494817155086014,-0.714208962268402,-0.6643332193659229,-0.6958344077320449,-0.3137351884836155,1.0163423011582358,0.6687136927672083,0.5083200387009807,0.34054613449341214,-0.37988238084512915,0.7405385569668809,1
0.8483206911538629,-0.6959909114399668,0.4726306553854467,1.310061337779734,1.1067808114779012,-0.7885726206218923,-1.7677411268068743,0.37477531814193027,-0.22048653643551805,-0.714208962268402,0.2214596382998121,-0.6958344077320449,-0.3137351884836155,0.009730579971472093,-1.4954082902981902,0.5083200387009807,0.34054613449341214,-0.7458049870298126,-0.8004295233726941,0
-1.301123189590889,-0.1333181216804851,-0.23255234335660835,-1.2636623684781076,0.18642706720823113,-0.7322963590494121,-1.7677411268068743,1.6537067720286747,0.06965198242141145,1.4128197142423913,-0.1413142835560347,-0.6958344077320449,-0.3137351884836155,-0.9968811412152915,-1.4954082902981902,0.5083200387009807,0.34054613449341214,-0.0064780354109060904,-1.3831049851465604,0
1.134887452527607,-0.40229445699536714,0.5436543756876361,-1.4851194955576958,0.5530877589854553,-0.44910982701562335,-0.004994448920677399,1.0062691601491076,-0.34666391212265396,-0.714208962268402,-0.27274168554070505,-0.6958344077320449,-0.3137351884836155,0.009730579971472093,0.6687136927672083,0.5083200387009807,0.34054613449341214,0.19785371837337196,-0.4446040449605829,0
0.7948537797614816,-0.18878000612274548,0.8856143400295529,-0.06299815543721458,0.042405007412826656,3.0562531211645574,2.639125567908618,-1.018206679080305,-0.4852864909391499,-0.714208962268402,-0.4722705633765111,-0.6958344077320449,-0.3137351884836155,0.009730579971472093,0.6687136927672083,-1.9672645653622365,0.34054613449341214,-0.6606728671704833,0.5311232412627418,1
-1.5944577913840823,-0.6959909114399668,0.6351772733161305,-0.7009210790622374,0.31497896101059675,0.8177958111258774,-0.004994448920677399,0.7911519366254254,0.891174582979194,0.7038101554054602,1.7869747844943347,3.3946356573159,-0.3137351884836155,-0.9968811412152915,-1.4954082902981902,0.5083200387009807,-1.2888612075803305,-0.48015165202241444,1.8241046807978456,2
0.66825756076403,-0.6481228368947484,0.11657674680235736,-0.27339444220757375,0.4199031986170624,0.19787918205587243,0.43569222055087187,0.6703320982083004,-0.3788802518163017,-0.005199403431470885,-0.07437222811210815,0.6676556139506036,-0.3137351884836155,2.0229540223449995,0.6687136927672083,0.5083200387009807,-1.2888612075803305,-0.347975578543744,-0.3979729838767142,0
0.5915805377249277,-0.6959909114399668,-0.7896246889142499,0.5075209222107707,0.5612089250726555,-0.013070534717371324,0.43569222055087187,-0.25087792826346794,-0.40596831160974006,-0.005199403431470885,-0.0397481374395908,2.031145635633252,-0.3137351884836155,-0.9968811412152915,0.6687136927672083,0.5083200387009807,0.34054613449341214,-0.5520036334871308,0.6316405236679167,1
1.158896824782923,-0.4048334784290138,-0.6125983851143628,-1.5539223118889611,-0.4789516095798154,-0.8429371027034602,-0.8863677878637759,1.7192382426203987,-0.8245563564629506,-0.005199403431470885,-0.6790646741996883,-0.6958344077320449,-0.3137351884836155,0.009730579971472093,-1.4954082902981902,0.5083200387009807,0.34054613449341214,-0.3029667777166035,0.6005782811993767,1
0.9819811486215712,0.7634620235077892,-0.9447855025471987,1.427107618506664,-1.003822991538985,-0.5862109577770405,-0.8863677878637759,-1.2491133173385924,0.511389005448936,-0.714208962268402,-0.28400597165296015,-0.6958344077320449,-0.3137351884836155,0.009730579971472093,-1.4954082902981902,0.5083200387009807,-1.2888612075803305,1.4670783890605246,0.7463779420231715,1
-0.9328774331749304,1.3179167689166704,-0.0739515307063738,-1.0037984904649375,-0.6818508861772491,0.5893445819527837,0.43569222055087187,2.138147339608896,-0.4392626024955155,-1.4232185211053332,-0.6339646407931532,-0.6958344077320449,-0.3137351884836155,0.009730579971472093,0.6687136927672083,0.5083200387009807,0.34054613449341214,2.809348496871731,0.3710053275847288,0
-1.1579704381715923,-0.3213239867647502,-0.18202876529260767,0.31128428272127207,0.8821809126450099,0.34804195786990016,0.43569222055087187,0.6572161873447873,-0.6987969710019861,1.4128197142423913,-0.5903833730412464,0.6676556139506036,-0.3137351884836155,-0.9968811412152915,0.6687136927672083,-1.9672645653622365,0.34054613449341214,-0.3131546599671282,-1.1136795365282448,0
-0.1772249177349757,-0.6959909114399668,0.9088003562036544,-1.1978616241412448,0.2907371422029414,1.3423614177079188,-0.8863677878637759,-0.42126325323449343,-0.3860291884101067,0.7038101554054602,-0.011668537617570161,-0.6958344077320449,-0.3137351884836155,1.0163423011582358,-1.4954082902981902,0.5083200387009807,-1.2888612075803305,-0.6789185778816087,-1.0026587134892362,0
-0.48762469268404696,-0.6959909114399668,-0.7535315423057976,0.5648538784841919,-0.08487119787281762,-0.6702412649083156,-1.3270544573353251,-0.7788714202163427,-0.8352710221749733,-1.4232185211053332,-0.6443207755886023,-0.6958344077320449,-0.3137351884836155,0.009730579971472093,-1.4954082902981902,0.5083200387009807,-1.2888612075803305,-0.5910846469184073,0.19235718376887967,0
-0.27624395534824236,-0.6370632917797735,2.1284724332081875,-1.4221680749365837,1.5631728240390808,-0.7124193383670852,-0.8863677878637759,-1.1033911368976255,-0.6994013088261511,0.7038101554054602,-0.48816349250505076,-0.6958344077320449,-0.3137351884836155,1.0163423011582358,0.6687136927672083,-1.9672645653622365,1.969953476567155,-0.756139424175249,-1.1737438637135513,0
2.86160977294373,0.8231983849262684,-0.23869144353469005,-0.14928070522913944,-0.2792651404123911,0.03476403337700635,-0.8863677878637759,0.1616398142014074,2.9170017158912467,-0.005199403431470885,0.4734759898520315,-0.6958344077320449,-0.3137351884836155,-0.9968811412152915,0.6687136927672083,0.5083200387009807,0.34054613449341214,0.7835673744502704,0.03490540946671452,0
-1.429812144761466,1.040572018929331,-0.31411843179929255,0.286906361008024,0.05867792344139151,-0.9611542862378846,2.1984388984370686,1.3291492022938296,0.0643515962930582,1.4128197142423913,-0.4729995689327929,2.031145635633252,-0.3137351884836155,-0.9968811412152915,0.6687136927672083,0.5083200387009807,0.34054613449341214,1.42404134363115,0.3060749732084149,0
-1.5186047233471425,-0.6805699628080027,0.5102707125998125,3.846461925943155,-0.9203645464459835,-0.7916151081999088,-0.004994448920677399,-1.2591303559160696,-0.7439540491341636,1.4128197142423913,-0.5237065630713523,2.031145635633252,-0.3137351884836155,0.009730579971472093,-1.4954082902981902,0.5083200387009807,-1.2888612075803305,-0.553101389978192,0.3051853417830063,0
0.7366048133253257,0.5257237496140043,0.6798987596434869,-0.5396899320187085,-0.996471383909614,-0.35378262638941066,-0.8863677878637759,-0.3377761293941665,-0.7890960708910396,1.4128197142423913,-0.7084100474487095,-0.6958344077320449,-0.3137351884836155,-0.9968811412152915,0.6687136927672083,0.5083200387009807,-1.2888612075803305,0.5399366596450856,-0.550439224292046,0
-1.5944577913840823,-0.6959909114399668,-0.4906936223403471,-1.0288009986134068,0.45002008533408183,1.261881930664538,-0.004994448920677399,-0.49114416694688795,-0.6175778041657798,-1.4232185211053332,-0.3377507030500842,-0.6958344077320449,-0.3137351884836155,-0.9968811412152915,0.6687136927672083,0.5083200387009807,0.34054613449341214,-0.508637212362079,-1.8219990898081844,0
1.0137756003292837,0.5908319290671984,1.2814563081540429,-0.0865393311344756,-0.16340286048841163,-0.7553062419231162,-0.8863677878637759,-0.13334776462118403,0.48914952354243935,0.7038101554054602,-0.24515712276897217,-0.6958344077320449,-0.3137351884836155,0.009730579971472093,-1.4954082902981902,0.5083200387009807,0.34054613449341214,0.30988608330100087,-1.0159031052119436,0
1.0101362087681467,-0.3727728116271494,-0.9551616515290318,0.050226966647699114,0.5518260335623791,-0.45566464294993336,1.7577522289655196,-0.24091238187573347,1.2499102061683833,0.7038101554054602,1.0151390618594451,-0.6958344077320449,-0.3137351884836155,-0.9968811412152915,0.6687136927672083,-1.9672645653622365,1.969953476567155,-0.5014663083888263,-0.3539506938030184,0
-0.4436275472003201,-0.5113946403183428,-0.30397604732026806,-0.1473337384574274,1.0186319981777638,-0.39434872771009566,-0.8863677878637759,0.48824231411800223,-0.8658494715308737,1.4128197142423913,-0.707335025953142,-0.6958344077320449,2.92064819794541,-0.9968811412152915,0.6687136927672083,-1.9672645653622365,-1.2888612075803305,-0.4135655459356566,-0.9259093747657771,0
-0.17343791784177826,-0.5238850227936691,-0.9607952453199057,-0.7863734664330182,0.33956534037313707,-0.7166921970188247,-0.8863677878637759,0.33679469490069375,-0.7552952340365083,1.4128197142423913,-0.5938648849618084,-0.6958344077320449,-0.3137351884836155,0.009730579971472093,0.6687136927672083,0.5083200387009807,0.34054613449341214,-0.4287212838088692,-1.2210631203417082,0
-0.4835842041982296,-0.6959909114399668,-0.3594796384241298,0.9952733867811789,1.3518243209619454,0.6285152601306232,-0.8863677878637759,-1.0598461861664676,-0.8495271510578524,1.4128197142423913,-0.6643972047291652,-0.6958344077320449,-0.3137351884836155,-0.9968811412152915,-1.4954082902981902,0.5083200387009807,0.34054613449341214,-0.5188237513555205,0.1091720216203843,0
-1.4224153045687455,-0.6959909114399668,-0.82543350173491,0.3990378337908724,1.2802599546628413,-0.4408612191170579,1.3170655594939704,-0.5058832276137013,-0.7938200469472211,1.4128197142423913,-0.5859467545760246,0.6676556139506036,-0.3137351884836155,0.009730579971472093,-1.4954082902981902,-1.9672645653622365,0.34054613449341214,-0.6743476060620758,-1.562371209301292,0
-0.7393903026685216,0.44707137003903274,-0.6927790703715861,-1.4755510959726585,-0.8451152722212585,-0.5141348780135717,3.079812237380167,-1.0730495304120324,-0.5108757556556546,0.7038101554054602,-0.595706860054414,-0.6958344077320449,-0.3137351884836155,0.009730579971472093,-1.4954082902981902,0.5083200387009807,0.34054613449341214,-0.48242645455316585,-1.0441507482190906,0
2.261502573859564,-0.6959909114399668,-0.7229297736187318,-1.31702531199718,-0.8194745876782139,3.026424521269353,-0.8863677878637759,-0.1304185767869859,1.9615269236888022,0.7038101554054602,3.2943161602796818,-0.6958344077320449,-0.3137351884836155,-0.9968811412152915,0.6687136927672083,-1.9672645653622365,0.34054613449341214,-0.6242387797150517,1.493869055159221,2
-0.701820129503204,0.04362555580599795,-0.8824734791436536,-0.13822949290804704,0.3895530637994278,-0.4816022006290629,-0.004994448920677399,-0.258609629101761,-0.8497497207859868,-0.005199403431470885,-0.7214156644740389,0.6676556139506036,-0.3137351884836155,0.009730579971472093,0.6687136927672083,0.5083200387009807,-1.2888612075803305,-0.5902823603342429,0.11226732787493865,0
0.14496658925626085,-0.08570930572901875,1.3208503693276825,0.8415541251636648,-1.1223115668771066,-0.7406621403642437,-0.004994448920677399,0.8056700070583253,-0.4374553934740215,-0.005199403431470885,-0.4713539648884012,-0.6958344077320449,-0.3137351884836155,0.009730579971472093,0.6687136927672083,0.5083200387009807,0.34054613449341214,0.12182798696192068,1.162351573990891,1
-0.3349882486058169,-0.20600898291919023,-0.7629317347318114,-0.690201130304475,1.2935510312564915,0.3542018528952252,-0.8863677878637759,-0.3163573898700975,0.501433804151944,0.7038101554054602,0.19679300005163425,0.6676556139506036,-0.3137351884836155,2.0229540223449995,0.6687136927672083,0.5083200387009807,0.34054613449341214,0.6407897492097109,-1.8234487560481418,0
0.8558288417813239,-0.6959909114399668,0.5145025803440468,1.0655422555421479,-0.28322681939246946,-0.9007907703100768,1.3170655594939704,2.2302559090859058,-0.4771598895151354,-0.714208962268402,-0.14000485375891547,0.6676556139506036,-0.3137351884836155,0.009730579971472093,0.6687136927672083,0.5083200387009807,0.34054613449341214,-0.24132795036305907,0.8044733294691295,1
0.56392439352699,0.6845846588519944,0.03679569184704614,-1.5002462367929141,-1.1177500604879016,0.3910896479830092,0.8763788900224211,0.39417374234031405,-0.5940413690064235,0.7038101554054602,-0.6452011009561748,-0.6958344077320449,-0.3137351884836155,-0.9968811412152915,0.6687136927672083,0.5083200387009807,0.34054613449341214,0.28443767219769234,2.6859308913303566,2
-1.155619483254943,-0.552299315356642,-0.8662788536430435,0.19250526679372512,0.03646823338021971,-0.6625783981137746,-0.4456811183922266,1.2694911042825003,0.27713647069632297,-1.4232185211053332,0.5148916437670602,-0.6958344077320449,-0.3137351884836155,1.0163423011582358,-1.4954082902981902,0.5083200387009807,-1.2888612075803305,-0.1628109430052543,-0.24489125753348143,0
1.1194509342250583,0.2707478963525182,-0.4892428434554119,0.33577644547490787,1.5631728240390808,0.46605391287845743,0.8763788900224211,-0.6737802484150504,0.6308987034785432,1.4128197142423913,-0.06641254079715928,0.6676556139506036,-0.3137351884836155,-0.9968811412152915,-1.4954082902981902,0.5083200387009807,1.969953476567155,0.21498639940743328,0.4969686688299837,1
1.2925058509841725,0.38658177795951976,2.4235533411903596,0.050530606834561474,-0.6619629526993553,-0.6833212213978203,-0.8863677878637759,0.535571688727965,-0.25987308044428137,1.4128197142423913,-0.4858818065977323,-0.6958344077320449,-0.3137351884836155,1.0163423011582358,0.6687136927672083,0.5083200387009807,0.34054613449341214,0.048420420432375,1.4245222468333691,2
0.11644396247353839,-0.3791515666051692,0.6186651274935104,0.9902713739496843,-0.5380872416215555,1.1908252182333916,-1.7677411268068743,0.6805286201611892,-0.5864889334547478,-0.714208962268402,-0.48522173145284403,-0.6958344077320449,-0.3137351884836155,0.009730579971472093,0.6687136927672083,-1.9672645653622365,-1.2888612075803305,-0.4547561527881407,-0.07652323357575636,0
0.15363085233686988,-0.6959909114399668,1.5839059646273883,-1.2948188686598237,-0.1180967599091914,0.41244030048015345,-0.8863677878637759,0.36015936023354633,0.2531253839934762,1.4128197142423913,0.8884314536316608,-0.6958344077320449,-0.3137351884836155,0.009730579971472093,0.6687136927672083,0.5083200387009807,0.34054613449341214,-0.32303492588946403,-0.6097734934843585,0
-0.32548465323870074,-0.2829003624182009,-0.7225327161262874,-0.283811571420366,0.7832739906538653,-0.26647967064276473,-0.4456811183922266,1.4106991322651614,-0.8283074828013675,0.7038101554054602,-0.6926740326511927,-0.6958344077320449,-0.3137351884836155,1.0163423011582358,0.6687136927672083,0.5083200387009807,1.969953476567155,-0.3717559670977156,-0.5616540984938897,0
0.8073602087440138,-0.6959909114399668,-0.975403357018939,-0.7823562147717513,0.5300542612909224,0.549966673532626,-0.4456811183922266,0.9619520953781693,2.9170017158912467,1.4128197142423913,4.639879329555164,-0.6958344077320449,-0.3137351884836155,1.0163423011582358,0.6687136927672083,0.5083200387009807,0.34054613449341214,-0.6156349380093499,2.052359353986,2
-0.09581420965113226,1.2629985177851883,3.899006209298159,0.5459670933900497,1.5631728240390808,-0.48032822243698886,-1.3270544573353251,0.04082530859719158,-0.6846514531480865,1.4128197142423913,-0.6955310721136886,-0.6958344077320449,-0.3137351884836155,-0.9968811412152915,0.6687136927672083,0.5083200387009807,0.34054613449341214,0.5398316634500012,-1.2420001957608966,0
0.6524687933343802,-0.041067744461763554,0.562026181852158,-1.4520231541089617,1.3384453495015705,-0.46309393436963314,-1.3270544573353251,-0.3068018773414048,1.4001522405480415,-0.714208962268402,0.5686086944142622,0.6676556139506036,-0.3137351884836155,2.0229540223449995,-1.4954082902981902,0.5083200387009807,0.34054613449341214,0.58983705835503,0.10358264191374061,0
0.5401840442052375,2.381943149430559,1.5129121315779412,-0.07624971227917024,0.2452056104269946,-0.42638311421622116,0.43569222055087187,-0.25407560620966607,0.4803594306843073,1.4128197142423913,-0.5061015762599699,-0.6958344077320449,-0.3137351884836155,0.009730579971472093,-1.4954082902981902,0.5083200387009807,0.34054613449341214,2.945169464968519,-1.6116470596047736,0
-1.4764259493362129,-0.07065519057257548,0.1016859304045149,0.39846340866934404,-0.4917572015406064,0.05034327831964813,-0.8863677878637759,-0.06245499175631988,-0.4564982841069601,-0.005199403431470885,-0.4865389491697411,-0.6958344077320449,-0.3137351884836155,0.009730579971472093,-1.4954082902981902,-1.9672645653622365,-1.2888612075803305,-0.16032403623959954,-0.1511175748109917,0
1.3596313491750631,0.22329754880404923,-0.9808502614541282,-0.9521062356193166,-0.6221019394175934,-0.5104053913253418,0.43569222055087187,-0.17580698139247475,-0.5044686512086053,-1.4232185211053332,-0.566555749122244,0.6676556139506036,-0.3137351884836155,0.009730579971472093,0.6687136927672083,-1.9672645653622365,-1.2888612075803305,0.1647415480316236,-0.23006864712944486,0
-0.41223299072401837,0.3567544006947159,-0.6618624231074609,0.09457290033978688,-0.2619801111221487,1.0905020731859967,-1.3270544573353251,0.41282303475809595,-0.5535404507635505,0.7038101554054602,-0.6040170382975958,-0.6958344077320449,-0.3137351884836155,0.009730579971472093,0.6687136927672083,0.5083200387009807,-1.2888612075803305,-0.8022367640520657,0.9709598442458421,1
0.05048008663455034,-0.02992789917722795,-0.4632987788799531,-0.7485416607848038,0.472569002867143,-0.1572710249495707,-0.8863677878637759,-1.0927650094624972,-0.3922786985668376,-0.714208962268402,-0.4600008940512188,-0.6958344077320449,-0.3137351884836155,-0.9968811412152915,-1.4954082902981902,0.5083200387009807,0.34054613449341214,-0.3604707593197146,-1.5693452095737808,0
-1.5944577913840823,-0.5307897559834269,-0.7479161130429145,-1.0855467081393155,0.47846785386388035,-0.6679562077012393,0.43569222055087187,1.960184389970436,1.8395952246071428,0.7038101554054602,2.0781147842709435,-0.6958344077320449,-0.3137351884836155,0.009730579971472093,0.6687136927672083,0.5083200387009807,0.34054613449341214,-0.13242645076720477,-1.2121896769421259,0
0.8096796055097596,-0.6153859395104786,-0.7857960738085223,-0.9411997244204947,0.228629121185518,-0.9486245224261445,0.8763788900224211,2.313949860696891,-0.5652836172964991,-0.005199403431470885,-0.3390485368675773,-0.6958344077320449,-0.3137351884836155,1.0163423011582358,0.6687136927672083,-1.9672645653622365,0.34054613449341214,-0.5912528479352102,-0.3315325743353829,0
0.5323314486767611,-0.4848467830523645,1.4625660916284724,0.6724630650710408,0.4806503909676848,-0.6535587542339978,-0.4456811183922266,0.1633276589544498,1.1855889417102936,-1.4232185211053332,1.2545711444462972,0.6676556139506036,-0.3137351884836155,0.009730579971472093,0.6687136927672083,-1.9672645653622365,0.34054613449341214,-0.07948492915855086,-0.4148732264223823,0
0.5580302525679091,-0.12420089967574129,-0.5241231074811947,-0.6637613769546783,1.3736017524551218,-0.8051931531216238,-0.4456811183922266,0.16843570406287445,-0.5990580478687985,1.4128197142423913,-0.5606255995830792,2.031145635633252,-0.3137351884836155,0.009730579971472093,0.6687136927672083,0.5083200387009807,0.34054613449341214,-0.3777293788233847,-0.9380602329309798,0
-0.41144985494968933,-0.008353715522227377,-0.2938248330790309,0.8839776817358392,-1.0717543263773888,0.879505325665821,1.3170655594939704,-0.18276423419929114,0.10137804476660948,-0.005199403431470885,-0.191285590204056,0.6676556139506036,-0.3137351884836155,1.0163423011582358,0.6687136927672083,0.5083200387009807,-1.2888612075803305,-0.40762837075919534,1.061743111841057,1
1.3370275859575633,1.6024364660355204,-0.6411948807371609,-0.11884302064041014,0.10396361105558573,1.4844851339006808,0.43569222055087187,1.5551186197124953,0.20968637117953712,-1.4232185211053332,-0.4974463319585215,0.6676556139506036,2.92064819794541,3.029565743531763,0.6687136927672083,-1.9672645653622365,0.34054613449341214,0.49678206658019963,0.3877376178544946,0
-0.295704685538367,-0.20520720123250885,-0.8942327430202476,-0.9932775837031141,1.0204773419554178,-0.6517988279799596,0.43569222055087187,-0.7846503795004539,2.9170017158912467,-0.005199403431470885,1.8197660745382027,-0.6958344077320449,-0.3137351884836155,-0.9968811412152915,0.6687136927672083,0.5083200387009807,0.34054613449341214,0.1758804600825477,0.0579843550124303,0
-1.0868213439163725,-0.5596907853594397,-0.4036150281856846,-1.1808715851341405,1.5631728240390808,-0.4030095346213944,-0.8863677878637759,-0.22565373646764536,0.4044364867659912,0.7038101554054602,0.6684289223690917,2.031145635633252,2.92064819794541,-0.9968811412152915,-1.4954082902981902,-1.9672645653622365,0.34054613449341214,-0.6035949873520214,0.14950525201330275,0
1.5216443812897131,0.06892829294938407,-0.5613904080300152,0.22546624796263842,-0.041202272685649896,-0.5097441100717747,-0.8863677878637759,0.9012222526715268,-0.5991293438105166,-0.005199403431470885,-0.5917308177685862,-0.6958344077320449,-0.3137351884836155,0.009730579971472093,0.6687136927672083,0.5083200387009807,0.34054613449341214,-0.1948856178796301,0.2588771332089368,0
-0.5878128404990335,0.615123923025769,-0.5497045541440182,-0.0300937839927586,-0.4739479666135573,5.179158872953049,1.3170655594939704,-0.5682377786080847,-0.048735017834268486,-1.4232185211053332,-0.44519002331763435,0.6676556139506036,-0.3137351884836155,-0.9968811412152915,-1.4954082902981902,0.5083200387009807,-1.2888612075803305,1.6368979985899892,0.3927507281831193,0
0.13207419207681168,1.1364195713693364,-0.9341826121837254,-0.6502604813369669,-1.6841433785736413,0.6488817395102657,-0.004994448920677399,0.3711136205590065,-0.5027401334169139,-0.714208962268402,-0.641839153291964,0.6676556139506036,-0.3137351884836155,0.009730579971472093,0.6687136927672083,0.5083200387009807,0.34054613449341214,0.5798768656302516,1.981497658776152,2
0.4799821198968755,4.21762465636303,-0.06941358289548208,0.8614152816563126,-0.5752695515089828,-0.8317247363628019,-0.004994448920677399,-1.1995040145705236,-0.6603740753026295,0.7038101554054602,-0.7258730550445892,2.031145635633252,-0.3137351884836155,0.009730579971472093,0.6687136927672083,0.5083200387009807,-1.2888612075803305,5.476449448481188,-0.32866016600839987,0
0.2017613180460904,-0.4541954352754941,-0.011379575521581642,-0.25429735093734707,-0.4061490943214739,1.0029327933482357,-0.8863677878637759,-0.01733074296575746,1.4711157625343956,-0.005199403431470885,1.4264640027336362,0.6676556139506036,-0.3137351884836155,0.009730579971472093,0.6687136927672083,0.5083200387009807,1.969953476567155,-0.7116486387682217,2.4540808335522746,2
0.3576479463279069,-0.15575268799572708,0.29147491867579883,-0.40090192127983365,0.6582966888972366,-0.3372857464495376,-0.4456811183922266,1.1991428400020094,-0.7672964396762779,-1.4232185211053332,-0.6618307497540269,2.031145635633252,-0.3137351884836155,0.009730579971472093,-1.4954082902981902,0.5083200387009807,0.34054613449341214,-0.16840405660196833,0.547257454629003,1
1.3853977223389606,0.3537696296960252,-0.9130017429143137,0.00010620753099018999,-0.3659925941013825,-0.7364971351819485,-0.004994448920677399,-1.257338857017689,-0.6263538487077037,-0.714208962268402,-0.634396556521266,0.6676556139506036,-0.3137351884836155,3.029565743531763,0.6687136927672083,0.5083200387009807,1.969953476567155,-0.39135651398786697,0.08405489416431512,0
-0.19273956020650862,-0.5766872488364835,0.2287220810384678,-1.5992853429201965,-1.411366829582972,-0.9688798429539087,-1.3270544573353251,1.1416791782387257,0.3553422886140799,1.4128197142423913,0.6564778938830634,0.6676556139506036,-0.3137351884836155,1.0163423011582358,0.6687136927672083,-1.9672645653622365,0.34054613449341214,-0.5344069256507915,1.5213771008495176,2
-1.5944577913840823,-0.6575875400808492,1.9151072058713234,-0.6132584544305958,0.8171036320451992,0.68282592378018,0.8763788900224211,-1.3571067513634225,-0.8217272588736063,-0.005199403431470885,-0.6355488774681558,-0.6958344077320449,2.92064819794541,0.009730579971472093,0.6687136927672083,0.5083200387009807,1.969953476567155,-0.7398129337511885,-0.8471801320160559,0
0.11744586959224967,0.0006783867989044411,0.6325598414799543,0.9217908687469836,0.532652197231593,1.735472743601773,-0.8863677878637759,0.49103833340812264,0.8097625819437443,-1.4232185211053332,0.19481652245236272,0.6676556139506036,2.92064819794541,-0.9968811412152915,0.6687136927672083,0.5083200387009807,-1.2888612075803305,0.9783680682992104,0.7827027287756676,1
-0.12127329021743746,0.028597500636565146,0.8168823155295477,0.17898250879360292,1.3226310889785526,0.7974002882439031,-0.4456811183922266,-1.7131681708217175,-0.6719443442092838,1.4128197142423913,-0.625279074400241,0.6676556139506036,-0.3137351884836155,0.009730579971472093,0.6687136927672083,-1.9672645653622365,0.34054613449341214,0.25673679292613893,-2.803869045491556,0
0.351031477907732,-0.5271002584088651,-0.5314183948581354,1.6355355600815453,-0.0012693846540280007,-0.5007589239966064,-0.4456811183922266,-0.8704043063352933,-0.527640761634478,0.7038101554054602,-0.3601640751354628,-0.6958344077320449,-0.3137351884836155,-0.9968811412152915,0.6687136927672083,-1.9672645653622365,0.34054613449341214,-0.49981139615858156,0.22355610758309344,0
-1.5944577913840823,-0.6959909114399668,-0.19699055136066282,1.0818069940416712,-1.1056661529192067,-0.643440392116031,0.43569222055087187,0.7996021466843705,0.756622447187634,-0.714208962268402,1.5974895152376274,2.031145635633252,-0.3137351884836155,1.0163423011582358,-1.4954082902981902,0.5083200387009807,0.34054613449341214,-0.4399994711690161,1.4507094203936957,2
1.186166080566413,-0.6959909114399668,-0.12021313966689456,0.5123458022853513,-0.12885357352824,-0.367651685941905,-0.004994448920677399,0.9362741599930596,-0.7794186084842848,-0.005199403431470885,-0.5656656908175068,0.6676556139506036,-0.3137351884836155,2.0229540223449995,0.6687136927672083,0.5083200387009807,-1.2888612075803305,-0.5375055001183858,-0.9748774300881708,0
-0.48823999444787197,0.07691168031307079,-0.8341180916300324,-0.2633920370732905,1.5631728240390808,-0.4375506091869058,0.43569222055087187,-1.8295040709917294,-0.85070644974145,-0.005199403431470885,-0.7228469336683586,0.6676556139506036,-0.3137351884836155,-0.9968811412152915,0.6687136927672083,0.5083200387009807,0.34054613449341214,0.4518140606942389,-0.6596646506876508,0
-0.27959041762064124,-0.6959909114399668,-0.1809667631366058,2.5713759194245007,1.5631728240390808,-0.8452596099755948,0.8763788900224211,-0.4311178446414327,-0.3330883274047692,1.4128197142423913,0.06288630495897948,0.6676556139506036,-0.3137351884836155,-0.9968811412152915,0.6687136927672083,0.5083200387009807,-1.2888612075803305,-0.20661511064176533,0.3050729252519133,0
-1.1917588360538363,-0.19728482226206268,-0.49419067427945673,0.4391156177078815,1.0707999696759385,-0.3090650163213826,0.43569222055087187,1.3730069991798666,-0.6296102773271276,-1.4232185211053332,-0.5659294856407009,0.6676556139506036,-0.3137351884836155,-0.9968811412152915,0.6687136927672083,0.5083200387009807,0.34054613449341214,0.3032027641225993,-0.3108654033944461,0
-1.4375378294269339,5.329266427619561,-0.5421647482654699,0.6167066829053756,1.5631728240390808,-0.5651362318459301,1.3170655594939704,-0.129903516410793,-0.7887914700384479,-0.714208962268402,-0.7435304648915113,2.031145635633252,-0.3137351884836155,0.009730579971472093,0.6687136927672083,-1.9672645653622365,-1.2888612075803305,2.9288052352536638,-0.363567494410259,0
-0.6068553890386895,0.468527109196616,-0.4907215698120868,-0.641936667143692,-1.037744644233538,-0.4572505559228748,1.3170655594939704,1.696307366615841,-0.5599518576858022,1.4128197142423913,-0.6170445196056837,-0.6958344077320449,-0.3137351884836155,2.0229540223449995,0.6687136927672083,0.5083200387009807,-1.2888612075803305,0.7039668821339233,-0.6573985419578036,0
-1.5944577913840823,-0.6959909114399668,-0.8916464951903997,-0.7838986958682375,0.9313655213340062,-0.16249232408870326,-0.4456811183922266,0.8751196442654563,-0.6206872805202254,-0.714208962268402,-0.3421296745231363,0.6676556139506036,-0.3137351884836155,0.009730579971472093,0.6687136927672083,0.5083200387009807,-1.2888612075803305,-0.7261737840556562,-1.3281845780225148,0
-0.21953170653371806,-0.6531330652578593,0.007348653010872153,1.7567845675588534,-1.072388531885424,-0.9526598746628665,0.8763788900224211,1.7826614873802236,-0.8358141063697679,1.4128197142423913,-0.6547461841321827,0.6676556139506036,-0.3137351884836155,0.009730579971472093,0.6687136927672083,0.5083200387009807,0.34054613449341214,-0.2807681011044605,0.7874270249488284,1
-0.3413377244746473,-0.14692611643668455,-0.016110462844655553,-0.28572826670525736,1.039406750571824,-0.4064487615046464,-0.004994448920677399,-0.2820498521404932,2.9170017158912467,-0.005199403431470885,1.6692520403921038,-0.6958344077320449,-0.3137351884836155,2.0229540223449995,0.6687136927672083,-1.9672645653622365,0.34054613449341214,0.47932488539441165,0.6301728883132226,1
-0.4599487869689954,0.2062071925094564,-0.6369577025325545,-0.4623293545955178,-0.5043822360421196,0.22202162774628137,-0.4456811183922266,-0.19628730454870313,-0.3761168623307441,0.7038101554054602,-0.5041665814686556,-0.6958344077320449,-0.3137351884836155,2.0229540223449995,-1.4954082902981902,0.5083200387009807,0.34054613449341214,0.08449280864252405,-0.05306924380094244,0
0.596925245782327,-0.638417858031508,-0.3735594880787914,1.6056726120747233,0.7565636247968007,-0.49205925288544883,0.43569222055087187,1.3286576243017467,-0.19922457423361187,1.4128197142423913,0.13675772583984627,-0.6958344077320449,-0.3137351884836155,0.009730579971472093,0.6687136927672083,0.5083200387009807,0.34054613449341214,-0.7902509882597966,0.21710439457735103,0
-1.1635262824064176,-0.6959909114399668,0.5843122710153718,1.7776385523045852,-0.4135779473469398,-0.8953957251038491,-2.2084277962784236,0.2902833207425038,-0.5040073352654783,0.7038101554054602,-0.1778132130014572,0.6676556139506036,-0.3137351884836155,0.009730579971472093,0.6687136927672083,-1.9672645653622365,-1.2888612075803305,-0.6282587610736863,-0.20542904121434064,0
-0.4942745383342129,0.33635951439533307,6.900768992058053,1.220225287918022,-0.9715132480806418,-0.8905082993521297,0.43569222055087187,0.5141958798588625,-0.8395384954903132,1.4128197142423913,-0.7238566941694756,0.6676556139506036,-0.3137351884836155,-0.9968811412152915,-1.4954082902981902,0.5083200387009807,0.34054613449341214,-0.20767247214313922,-1.6521461233027386,0
0.8325223176530839,-0.22094596064878536,-0.40615902131080955,0.4632103229730762,-0.7550338771262998,-0.14992743021486413,0.8763788900224211,1.0192379539333036,0.6471012156934156,-0.714208962268402,0.31179348206266544,-0.6958344077320449,-0.3137351884836155,1.0163423011582358,0.6687136927672083,-1.9672645653622365,0.34054613449341214,-0.10848055774511926,-0.656743053881346,0
0.5161012620734131,-0.6959909114399668,0.3560947904795353,1.0942251216271572,-0.5619443511413942,-0.5014333763620412,0.43569222055087187,-0.8460538565167168,-0.5384629338065939,1.4128197142423913,-0.22633587916766632,0.6676556139506036,-0.3137351884836155,-0.9968811412152915,0.6687136927672083,0.5083200387009807,0.34054613449341214,-0.5578374155805874,1.2604438353519838,1
0.563597319221337,5.454805712077983,-0.09530110245653588,-0.20878621148958365,-0.1422934115625935,0.18543349712296467,0.43569222055087187,-0.5135918583757003,-0.5997380622559729,-0.005199403431470885,-0.7256799802623347,2.031145635633252,2.92064819794541,-0.9968811412152915,-1.4954082902981902,0.5083200387009807,0.34054613449341214,3.612335890281031,-0.06019187389694402,0
-0.3586762861915798,-0.6959909114399668,0.6776009450110164,2.165139236483685,0.015972669105709145,-0.5322896002301775,-0.004994448920677399,-1.5430391220608555,-0.15859093686156897,-1.4232185211053332,0.3086251394795471,-0.6958344077320449,-0.3137351884836155,1.0163423011582358,0.6687136927672083,0.5083200387009807,0.34054613449341214,-0.2074049524251619,0.021745245843343527,0
-0.24001110293934638,1.38370172157727,1.4601060288937833,0.32920774544212456,-1.0621648104983683,0.005458449397966373,1.3170655594939704,0.7223124544776961,-0.12017997700203367,-0.005199403431470885,-0.5574603345582407,-0.6958344077320449,-0.3137351884836155,1.0163423011582358,0.6687136927672083,-1.9672645653622365,0.34054613449341214,2.151214504466893,-0.13201428945310312,0
1.8968406838327059,-0.6959909114399668,-0.9771926760360405,2.132705876788257,-1.497284332147445,2.295605651803797,-0.004994448920677399,0.7153308296528644,0.026290723860625465,-0.714208962268402,0.568987794122519,0.6676556139506036,-0.3137351884836155,-0.9968811412152915,0.6687136927672083,0.5083200387009807,0.34054613449341214,0.02231160674892007,1.0944189538508564,1
-1.5262526269320071,-0.042400137994436406,-0.879184376251789,3.2080004906250847,1.1001614058118219,-0.6386407244093382,0.8763788900224211,-1.598738113193897,-0.8402938394041242,-0.005199403431470885,-0.713315451755167,2.031145635633252,-0.3137351884836155,-0.9968811412152915,0.6687136927672083,0.5083200387009807,0.34054613449341214,-0.7253583864486783,-0.9834782345865918,0
-0.8012961716671266,0.40093542740748606,-0.6588537795697031,-0.04164264968244985,-0.17408236668665153,-0.2672516386362104,-0.4456811183922266,2.16268847637025,-0.23261536386726456,-0.714208962268402,-0.4772538478880805,-0.6958344077320449,-0.3137351884836155,0.009730579971472093,0.6687136927672083,0.5083200387009807,0.34054613449341214,-0.6770400152018611,-1.8164815472218705,0
0.03216286018776461,0.5734353118062128,-0.49524180239513765,-0.3436060456835484,1.5631728240390808,-0.4853937083370565,0.43569222055087187,1.462232185360716,-0.2774695332285943,1.4128197142423913,-0.5217090471804503,-0.6958344077320449,2.92064819794541,-0.9968811412152915,-1.4954082902981902,0.5083200387009807,0.34054613449341214,0.15982954922321,-1.5450589545978466,0
0.531154915345097,-0.09040968418406525,0.2882367694495268,1.5650599181493896,-0.9031472010499672,1.359611401283195,1.7577522289655196,-0.11184112139562948,-0.2658508582782052,-0.005199403431470885,-0.36729619982513845,-0.6958344077320449,-0.3137351884836155,1.0163423011582358,-1.4954082902981902,0.5083200387009807,0.34054613449341214,-0.40000228027781404,-0.18384602515224296,0
-0.06635175344016755,-0.21053764871447433,2.6992696073726825,-0.8879360608650699,0.7605568892396507,-0.5802194692858333,-0.4456811183922266,-0.5392206658416973,0.5450673402219463,1.4128197142423913,0.23091199903313347,-0.6958344077320449,-0.3137351884836155,0.009730579971472093,0.6687136927672083,-1.9672645653622365,0.34054613449341214,-0.33375691314559686,-0.8254616046292858,0
0.7920034272944639,2.632701170714711,0.3670517282325964,0.8499512608755501,0.002684180088763827,1.2168791162082726,1.3170655594939704,1.8334440507537273,-0.5276167813846729,0.7038101554054602,-0.6911360451908872,3.3946356573159,-0.3137351884836155,0.009730579971472093,0.6687136927672083,-1.9672645653622365,-1.2888612075803305,1.6323469727764996,-0.23750216320346806,0
1.071561846782126,-0.5122018420449727,-0.9371100650214326,0.0938137787029009,0.36016554987960314,-0.9697729125652615,0.43569222055087187,-1.209248295043173,-0.5720916062940697,-0.714208962268402,-0.41388486596673973,-0.6958344077320449,-0.3137351884836155,0.009730579971472093,0.6687136927672083,0.5083200387009807,0.34054613449341214,-0.14411585110720262,-0.972829204336509,0
-0.769766932269824,0.7502567523680692,-0.3511507993361965,-1.0575336252773366,1.5631728240390808,-0.6446589468839894,0.43569222055087187,2.4415152963812843,2.9170017158912467,0.7038101554054602,0.5208053044943526,-0.6958344077320449,-0.3137351884836155,-0.9968811412152915,0.6687136927672083,0.5083200387009807,-1.2888612075803305,2.819640609474953,-0.5517670720956059,0
0.7593418262249416,-0.6061626606761222,1.9594491348424659,-0.25458117684704507,-0.28151128993350616,-0.4291162587774691,1.3170655594939704,-0.39276273040819915,0.33077124575505296,-0.714208962268402,0.7050184688527525,-0.6958344077320449,-0.3137351884836155,-0.9968811412152915,0.6687136927672083,0.5083200387009807,0.34054613449341214,-0.3103415249236326,-0.2901880227579281,0
0.6023466098134441,0.560086610420503,-0.9483425190685533,1.1641732828874984,-0.8113184865126751,0.03666650591068566,0.43569222055087187,-0.049030519584213075,-0.43783151083484584,1.4128197142423913,-0.5792684511624389,0.6676556139506036,-0.3137351884836155,1.0163423011582358,0.6687136927672083,0.5083200387009807,-1.2888612075803305,0.3862420652377437,2.786063195515963,2
-0.03200243767694015,-0.631743277346579,-0.8520057581969306,1.3095069076031884,-1.7502092702839265,-0.4020889963261426,-0.004994448920677399,1.1673255320616769,2.9170017158912467,0.7038101554054602,3.9634323708955885,-0.6958344077320449,2.92064819794541,-0.9968811412152915,-1.4954082902981902,0.5083200387009807,-1.2888612075803305,-0.4419144543062389,2.893958175065012,2
-1.145978540284785,-0.6112101158763098,-0.9496917176368466,-1.1431818514517416,-0.5772209148256021,0.612884277414031,-0.004994448920677399,-0.2873150211711277,-0.5487657337556833,-0.714208962268402,-0.32275189789939074,0.6676556139506036,-0.3137351884836155,-0.9968811412152915,0.6687136927672083,0.5083200387009807,0.34054613449341214,-0.5617310864716726,-0.7708101501788706,0
-1.2917634751813076,-0.6062255582149111,-0.5930759368642616,0.026710880790653986,-0.5436666591380566,-0.6662013665114155,0.43569222055087187,-0.5163187481741941,-0.8418096213489799,0.7038101554054602,-0.6705898861242183,-0.6958344077320449,-0.3137351884836155,0.009730579971472093,0.6687136927672083,0.5083200387009807,-1.2888612075803305,-0.8031308365437373,0.2941852695253328,0
-0.009239952032204315,-0.6959909114399668,-0.6697011757820261,-0.9317527562217528,-1.918497191712516,-0.3250776966440796,-0.004994448920677399,0.15301610376263952,-0.09861856720568023,-1.4232185211053332,0.39308222033787765,-0.6958344077320449,-0.3137351884836155,-0.9968811412152915,0.6687136927672083,0.5083200387009807,0.34054613449341214,-0.8039486360389605,1.088067027724928,1
0.43197376744313254,-0.6959909114399668,0.32838450194374347,2.767924842769698,-2.0479230218609725,0.4126451289024312,-0.8863677878637759,-0.6244561270385067,-0.4511517889080836,-1.4232185211053332,-0.10337851618804905,0.6676556139506036,-0.3137351884836155,-0.9968811412152915,0.6687136927672083,0.5083200387009807,-1.2888612075803305,-0.7600426849606924,1.380133637703846,2
-0.32754269042634265,-0.6959909114399668,-0.9357109163775267,-0.14543143575149028,0.2584592602448625,2.1630686123347433,1.3170655594939704,-0.661831974786405,1.0621893748833846,-0.005199403431470885,2.0278091919172296,-0.6958344077320449,2.92064819794541,-0.9968811412152915,0.6687136927672083,0.5083200387009807,0.34054613449341214,-0.49518714619306914,0.8768263501656846,1
0.01564435952523692,-0.5205234883053138,-0.23148604936465583,1.8775038498204613,0.21815158203521012,-0.8102399929212899,-1.3270544573353251,1.0457141000904395,0.12096234808200336,-0.714208962268402,0.2920944484930621,-0.6958344077320449,-0.3137351884836155,0.009730579971472093,-1.4954082902981902,0.5083200387009807,0.34054613449341214,-0.6661556626262772,-0.19921382270165314,0
-0.8539697120206386,-0.10769591654244225,-0.8760979565417174,-1.008857510440444,0.5016333257502463,1.1086147253369352,-0.8863677878637759,0.08060714880645323,-0.3809360473959323,1.4128197142423913,-0.4309016886251272,0.6676556139506036,-0.3137351884836155,0.009730579971472093,0.6687136927672083,0.5083200387009807,0.34054613449341214,-0.4816326337703187,-0.7100855829168516,0
-0.7927769060453931,-0.6959909114399668,-0.839912928075159,-0.9867128186675064,0.7457902084304787,0.20232364282835477,-0.004994448920677399,-0.5016488043123678,2.9170017158912467,0.7038101554054602,4.639879329555164,0.6676556139506036,-0.3137351884836155,1.0163423011582358,0.6687136927672083,0.5083200387009807,-1.2888612075803305,-0.41537017167828194,1.957468804387609,2
0.3747750385045785,-0.022975562204395568,0.9991429879349397,-1.2969814644899442,0.8693069869092773,-0.5820218899417081,-0.8863677878637759,1.0379302175917797,-0.7836037259719346,-0.714208962268402,-0.6821366470831843,-0.6958344077320449,-0.3137351884836155,-0.9968811412152915,-1.4954082902981902,0.5083200387009807,-1.2888612075803305,-0.7560896411039713,-1.7802345699659605,0
-1.0306525411442584,-0.6959909114399668,0.5097467311271621,-1.0733441899904452,0.8404020306712506,-0.6406990347424727,-0.4456811183922266,-0.1917150455299073,-0.3462288462198419,0.7038101554054602,0.0443809521364563,-0.6958344077320449,-0.3137351884836155,2.0229540223449995,0.6687136927672083,0.5083200387009807,1.969953476567155,-0.5637781322623019,-0.8377703755990529,0
-0.6128351667356068,-0.059995624149804666,-0.6392169744652642,1.0125373638136501,1.5631728240390808,0.1585288982114778,0.8763788900224211,-0.5630208912900821,-0.7474304022319713,-0.714208962268402,-0.6585625384196246,-0.6958344077320449,-0.3137351884836155,0.009730579971472093,0.6687136927672083,-1.9672645653622365,0.34054613449341214,0.1536374637133551,0.2270090562271817,0
-0.01067206374935824,-0.334153333024912,0.16048685686833003,-1.1930638721685578,1.5631728240390808,-0.6356696971461898,-0.004994448920677399,-0.5915545844362288,-0.5125085560956258,1.4128197142423913,-0.4426039517606376,-0.6958344077320449,2.92064819794541,0.009730579971472093,-1.4954082902981902,0.5083200387009807,0.34054613449341214,-0.4697553383827506,-0.1670783414228695,0
-0.024236525978352498,-0.5772493513838965,-0.8295184055943026,-1.182712636655285,1.196434592713795,-0.015938715058755566,1.3170655594939704,0.3229425373165532,-0.8495803372982977,1.4128197142423913,-0.6835951086486781,-0.6958344077320449,-0.3137351884836155,0.009730579971472093,0.6687136927672083,0.5083200387009807,0.34054613449341214,-0.79131693117528,-0.5725242532083229,0
0.5723548427463923,0.2595833866189584,-0.13541851666676677,-0.15898726170269237,0.5321062178292923,-0.47939629856740906,-0.4456811183922266,-0.7027897506605758,2.9170017158912467,-1.4232185211053332,0.967014290788563,0.6676556139506036,-0.3137351884836155,3.029565743531763,0.6687136927672083,-1.9672645653622365,0.34054613449341214,-0.09652943404977261,0.3432490027655831,0
1.908607312395649,-0.3102055582675658,-0.33353695713772896,-1.1763499950801213,-2.234199990071577,0.26971425013108463,-0.004994448920677399,-1.2957548835071684,1.7373973398445752,1.4128197142423913,1.2512377445505487,-0.6958344077320449,-0.3137351884836155,0.009730579971472093,0.6687136927672083,0.5083200387009807,0.34054613449341214,-0.16982412845020434,1.1311924090927294,1
-1.0807874936723076,-0.1400257662825733,-0.46278637960220054,0.5781490994624876,-1.1237832684822955,-0.8306410039337562,-1.3270544573353251,-1.2162819195885424,0.2905919132152536,-0.005199403431470885,0.0016694241181160101,0.6676556139506036,-0.3137351884836155,1.0163423011582358,-1.4954082902981902,-1.9672645653622365,0.34054613449341214,0.23700331648213158,-0.36649744769327486,0
-0.38252721414615565,-0.46313536620933765,-0.37556892842962547,-1.3248452620653177,-0.0968822523196729,-0.7492355891503345,-1.7677411268068743,-1.7512824597189214,-0.09126013815292441,-1.4232185211053332,0.0071140061300210364,0.6676556139506036,-0.3137351884836155,-0.9968811412152915,-1.4954082902981902,0.5083200387009807,1.969953476567155,-0.5396992050891471,-0.3993214213829661,0
0.9475999348341086,-0.6959909114399668,-0.7951084285967371,-0.07786970483733822,-2.564448683558732,-0.874900099243206,-0.004994448920677399,0.6959876070718554,-0.29765706729411917,-0.005199403431470885,0.11278296265731153,-0.6958344077320449,-0.3137351884836155,2.0229540223449995,0.6687136927672083,0.5083200387009807,0.34054613449341214,-0.4795718425199969,1.49781010256056,2
-1.1136543989354293,-0.6959909114399668,-0.0121429034745911,0.7190408293395332,-0.028745183550131972,-0.7465239494867223,0.43569222055087187,1.411866102371202,-0.5024164284024829,-1.4232185211053332,-0.17557279211535534,0.6676556139506036,-0.3137351884836155,2.0229540223449995,-1.4954082902981902,0.5083200387009807,-1.2888612075803305,-0.521705326767856,-0.04546443349261264,0
-0.9353465646339963,0.4662780076103012,-0.8949903661541961,0.6758169376560236,0.3077619642177319,-0.5985058487699143,-0.4456811183922266,-0.3596725792478677,-0.7639266870845272,1.4128197142423913,-0.6967966606171301,-0.6958344077320449,-0.3137351884836155,1.0163423011582358,0.6687136927672083,0.5083200387009807,0.34054613449341214,-0.7920564223705184,0.5962167331365334,1
0.8234021406281788,-0.42035593113484726,0.3847097254897981,-1.0400381164571197,-1.5507951050560531,0.2473542343141977,-0.004994448920677399,-0.4319206842647203,0.19429594497184374,0.7038101554054602,0.21103737379232593,-0.6958344077320449,-0.3137351884836155,1.0163423011582358,-1.4954082902981902,0.5083200387009807,0.34054613449341214,-0.6731964421043828,0.6945529121869207,1
-0.85563566565518,-0.578469676312753,-0.6584792537988717,0.4715100159441007,1.508780849804115,-0.9559330087883826,-0.8863677878637759,0.8820373271472963,-0.7890990207019477,-0.714208962268402,-0.6159586630796244,2.031145635633252,-0.3137351884836155,-0.9968811412152915,0.6687136927672083,0.5083200387009807,1.969953476567155,-0.4196538106938117,0.2663623358799697,0
-0.19098458048390968,-0.6826586047051306,0.11572957301054036,0.0667863622424436,-1.895500310940426,-0.7603624634407585,-1.7677411268068743,0.6689206614226342,0.7867050241861141,-1.4232185211053332,1.5706542675352662,-0.6958344077320449,-0.3137351884836155,0.009730579971472093,0.6687136927672083,0.5083200387009807,-1.2888612075803305,-0.3325629605779292,1.0106019109196964,1
1.9454962541294978,0.717104940881356,2.058926705187667,0.5887849538540868,1.2291484239285397,-0.9223459226841288,-0.4456811183922266,-1.1049221091628867,-0.4704764796593995,1.4128197142423913,-0.6052293961054197,-0.6958344077320449,-0.3137351884836155,0.009730579971472093,-1.4954082902981902,-1.9672645653622365,-1.2888612075803305,1.0190480988107569,-2.1965327978318827,0
-1.5944577913840823,-0.24599251288774782,0.34393254217407887,-0.31155725493504005,-2.6161028625138534,-0.7912499460924536,1.3170655594939704,0.18865812281869251,-0.16050803044639883,-0.714208962268402,-0.2259773336866038,0.6676556139506036,-0.3137351884836155,-0.9968811412152915,-1.4954082902981902,0.5083200387009807,0.34054613449341214,-0.5376785433164064,0.7263251387931089,1
0.7863626897810535,-0.2985470410275608,0.5663935094069791,-0.8148170494260372,-0.9554627601936253,-0.049835215629997556,0.8763788900224211,1.908040623612143,1.9864172077797688,0.7038101554054602,1.4094402186868222,-0.6958344077320449,-0.3137351884836155,-0.9968811412152915,0.6687136927672083,0.5083200387009807,-1.2888612075803305,0.24688224665804648,0.21435091817625213,0
0.2789957672629739,0.28990541166546246,1.2554614605205556,0.27511366165145273,0.47238125472340986,-0.01860330600751497,0.43569222055087187,-0.6474098827742172,2.562835766720985,0.7038101554054602,0.7747053622501636,-0.6958344077320449,-0.3137351884836155,0.009730579971472093,-1.4954082902981902,0.5083200387009807,0.34054613449341214,0.48640545658006457,-1.2452017710351306,0
-0.8504656276191119,-0.6281736657709067,-0.06630254812057548,1.3209992660384615,1.5631728240390808,1.816913464239731,-0.4456811183922266,-0.4802446492144798,-0.26921205370885204,-1.4232185211053332,0.033431187470570854,-0.6958344077320449,-0.3137351884836155,0.009730579971472093,0.6687136927672083,0.5083200387009807,0.34054613449341214,-0.06910659907737522,-0.12923023395094757,0
-0.42260598111957265,-0.35094625132140117,-0.9504303744696191,-0.4392168065544569,-0.0009667347057930824,-0.6225097190050333,-0.4456811183922266,-0.7141211133728371,-0.3702283321203202,-0.714208962268402,-0.3227594118797718,-0.6958344077320449,-0.3137351884836155,0.009730579971472093,0.6687136927672083,-1.9672645653622365,-1.2888612075803305,-0.4139476344018464,0.7628041521951241,1
1.7128772401500483,0.19347146609496424,-0.9075899872693723,2.1698760879680252,1.1182923740245403,-0.7497642768670078,0.43569222055087187,0.8916539229001873,2.6305680534333393,1.4128197142423913,0.916999361437009,-0.6958344077320449,-0.3137351884836155,2.0229540223449995,0.6687136927672083,0.5083200387009807,0.34054613449341214,-0.3074169403465821,0.6060299283040778,1
-0.1679298962431162,-0.43371268514934236,1.1238930099592839,-0.8706960680133135,-1.8108087582610934,0.4239358879771989,1.7577522289655196,-0.005985531565116924,2.9170017158912467,-1.4232185211053332,2.6480932145178553,-0.6958344077320449,-0.3137351884836155,-0.9968811412152915,0.6687136927672083,0.5083200387009807,-1.2888612075803305,-0.40887476223309394,2.1533781325711905,2
2.0691873400467666,-0.3666267483520337,0.053854064610340174,-0.5113504623681072,-0.7140485167545854,-0.3111333198514528,0.43569222055087187,0.06730134135619946,-0.5535958521268036,-0.005199403431470885,-0.46287830258080676,-0.6958344077320449,2.92064819794541,0.009730579971472093,-1.4954082902981902,0.5083200387009807,-1.2888612075803305,-0.45898452272110346,0.0723582702918792,0
-0.6992422893295136,1.0249695330054638,-0.7296011808603938,-1.5187955035092786,-0.5474973912347944,0.8040297291131772,0.43569222055087187,1.3851588727143993,1.808020931708854,0.7038101554054602,0.03642904887412659,-0.6958344077320449,-0.3137351884836155,0.009730579971472093,0.6687136927672083,-1.9672645653622365,-1.2888612075803305,0.775124761396484,0.5857300143587778,1
0.8604598560377335,-0.6959909114399668,-0.6671237543763123,-1.4817494199059449,0.13292979693562673,-0.7541624029724003,-0.8863677878637759,-0.3235126960885718,0.10765166363009551,1.4128197142423913,0.6835656823775178,-0.6958344077320449,2.92064819794541,0.009730579971472093,-1.4954082902981902,-1.9672645653622365,0.34054613449341214,-0.48275528672100027,-0.10473170384306765,0
-0.15428347882113544,-0.6959909114399668,-0.13370022914240498,-0.1051633131537167,-1.9192053636659345,-0.6006945620079817,-1.7677411268068743,-0.731071926528071,-0.8126370910105118,-0.005199403431470885,-0.6124461679073115,-0.6958344077320449,-0.3137351884836155,0.009730579971472093,-1.4954082902981902,0.5083200387009807,0.34054613449341214,-0.6505173808861511,0.41867131197929275,0
1.8889277331778083,-0.47127449327172205,-0.728287935998619,-0.3752786675616312,-0.5681290039546646,-0.9527677470615271,-1.3270544573353251,-0.06070663414172168,0.004013541392058431,-1.4232185211053332,0.10570780714031161,0.6676556139506036,-0.3137351884836155,0.009730579971472093,-1.4954082902981902,0.5083200387009807,-1.2888612075803305,-0.5617188318433267,0.45966787176983176,0
0.5889075162819029,0.9383853858029229,-0.7514734888041014,-0.00939837765141341,0.4707643668515656,-0.508102814565916,1.7577522289655196,0.0018827044974774369,4.106072472215043e-05,-0.714208962268402,-0.47861632162250595,-0.6958344077320449,2.92064819794541,1.0163423011582358,0.6687136927672083,0.5083200387009807,0.34054613449341214,0.3112616708410786,-0.8134763431421379,0
-0.24113212777404425,-0.6959909114399668,-0.13575030765136425,-1.5329221395761075,1.5631728240390808,-0.9320319662611656,0.43569222055087187,0.720891952719324,-0.7507918046562296,-0.005199403431470885,-0.5253515211508056,-0.6958344077320449,-0.3137351884836155,0.009730579971472093,0.6687136927672083,0.5083200387009807,1.969953476567155,-0.22588191685797643,-1.589441045687114,0
1.1226338495023698,1.3380081117274076,-0.836897166454938,-1.4504066455820086,-0.7151976724411192,-0.9038583399907821,0.43569222055087187,0.037377099974533014,0.2964729358957578,-0.005199403431470885,-0.44785695365111383,-0.6958344077320449,-0.3137351884836155,0.009730579971472093,0.6687136927672083,0.5083200387009807,0.34054613449341214,0.7485229471024855,0.7797310051388494,1
0.4664945412802535,1.1458013161664813,-0.33458132479616587,1.0337698781230913,-1.9240145631551528,-0.600552125377592,-0.4456811183922266,1.581008908630429,-0.437452234485926,0.7038101554054602,-0.6243100982660073,-0.6958344077320449,-0.3137351884836155,0.009730579971472093,-1.4954082902981902,0.5083200387009807,-1.2888612075803305,0.4888548696273374,-0.2229232215780545,0
0.46262534187573484,-0.6096302499833811,-0.8654628449735402,1.890686888967582,0.3411677028849343,-0.6944927494801478,0.8763788900224211,-1.5711446381825775,0.22961238644550525,1.4128197142423913,0.5950492515643453,-0.6958344077320449,-0.3137351884836155,0.009730579971472093,-1.4954082902981902,0.5083200387009807,-1.2888612075803305,-0.5575804815862121,-0.9955260927473499,0
-1.0578618822467405,-0.5170342097252528,2.413940246151751,-0.3024163371881028,1.1552991740651357,-0.7742960779549257,0.43569222055087187,-0.335736764857959,-0.2925634608028492,-0.005199403431470885,-0.12992308204298456,2.031145635633252,-0.3137351884836155,0.009730579971472093,-1.4954082902981902,0.5083200387009807,-1.2888612075803305,-0.4710007471318421,-0.29222182656795626,0
1.048452167301269,4.07257681801283,0.10042447057862858,-0.6602242324766148,1.5631728240390808,-0.5841224008599964,-0.4456811183922266,-1.1404160707563995,-0.41729510936807296,-0.005199403431470885,-0.695629705315971,0.6676556139506036,-0.3137351884836155,-0.9968811412152915,0.6687136927672083,-1.9672645653622365,0.34054613449341214,6.955731971081709,-1.8083241719662853,0
-0.572297562582348,0.4984669432894248,-0.24065325008984065,-1.4289484350958455,-1.1353743587015022,-0.5323882940122026,-0.8863677878637759,1.4404532918509527,0.4625111184485918,-0.005199403431470885,-0.22668176352071176,0.6676556139506036,-0.3137351884836155,3.029565743531763,0.6687136927672083,0.5083200387009807,1.969953476567155,0.46521384114411984,0.4619081024031649,0
0.5206200255811181,-0.6959909114399668,-0.46259032268848316,-0.11850561149366848,1.5267062727701928,0.41430706608546364,0.43569222055087187,1.7242648827823983,0.8854491743374776,1.4128197142423913,1.7789118831386777,2.031145635633252,2.92064819794541,-0.9968811412152915,-1.4954082902981902,0.5083200387009807,-1.2888612075803305,-0.39541656612986387,-0.04951537548567775,0
-1.5944577913840823,-0.638723602191317,-0.43379473765895415,0.16211908257972923,1.5631728240390808,-0.7022244587307902,-0.004994448920677399,-0.7404964135636095,-0.7061989473463132,-0.714208962268402,-0.4957728551870552,-0.6958344077320449,-0.3137351884836155,0.009730579971472093,0.6687136927672083,0.5083200387009807,-1.2888612075803305,-0.7611911048984014,-1.3205335325579832,0
0.4911201545808726,-0.5612118519580016,0.28062748368661,0.056936501605397594,-0.5749501074596698,0.479513986066691,-0.004994448920677399,-1.6709047904914196,0.07494845212965828,0.7038101554054602,0.31540763174176234,0.6676556139506036,-0.3137351884836155,-0.9968811412152915,0.6687136927672083,0.5083200387009807,0.34054613449341214,-0.4232344353697,1.219783437592767,1
-0.973797446507325,-0.6732894556394953,0.302873633366358,0.1259620911956015,-0.6266232888287633,-0.42135042606467854,-1.3270544573353251,-0.7288879055504563,-0.2645253891294923,-1.4232185211053332,0.11532178594170744,0.6676556139506036,-0.3137351884836155,-0.9968811412152915,-1.4954082902981902,-1.9672645653622365,1.969953476567155,-0.6982638457823258,-0.4876527385771618,0
0.8104965942934708,-0.48282911960323843,-0.84964409004867,0.4883038915903416,1.531179394884941,-0.5714994697620679,0.8763788900224211,-1.1047604889099263,-0.6609192049591307,0.7038101554054602,-0.5138446622516952,-0.6958344077320449,-0.3137351884836155,-0.9968811412152915,-1.4954082902981902,-1.9672645653622365,0.34054613449341214,-0.21100620907730344,-0.07046161366518275,0
-1.5340913012338258,-0.45994830276436605,-0.81303014894304,1.142399177156918,-1.6601690026621503,-0.702579893170641,-0.8863677878637759,-1.2162870527471283,-0.563465354558697,0.7038101554054602,-0.43203604591037087,0.6676556139506036,-0.3137351884836155,-0.9968811412152915,0.6687136927672083,0.5083200387009807,0.34054613449341214,-0.5976131349571249,2.04639456999569,2
-1.4253465271421788,-0.3537132540348172,1.0100625614599432,-0.9419426264653329,1.5631728240390808,-0.7364048628803336,-0.4456811183922266,1.3988976186973037,-0.4668344583558429,0.7038101554054602,-0.3983839244819936,-0.6958344077320449,-0.3137351884836155,1.0163423011582358,0.6687136927672083,-1.9672645653622365,0.34054613449341214,-0.11814559380067848,-1.8030236204284573,0
-1.5944577913840823,0.7388430068491099,0.45058702461659206,-0.3035821031426501,0.38541624020154996,0.20995480892511037,-0.8863677878637759,-0.5936006958120595,-0.7852461849212824,-0.714208962268402,-0.712480739310465,-0.6958344077320449,-0.3137351884836155,-0.9968811412152915,0.6687136927672083,0.5083200387009807,1.969953476567155,-0.2711475892009952,0.25952927162153894,0
-1.5944577913840823,-0.26162474366640026,1.3446847766150873,-0.7490536440262455,1.5631728240390808,-0.3530312792220601,-0.4456811183922266,0.108497960751704,-0.2628570787948079,-0.714208962268402,-0.28979230913864557,-0.6958344077320449,-0.3137351884836155,1.0163423011582358,0.6687136927672083,0.5083200387009807,0.34054613449341214,0.30652717934923635,-0.9874565148942652,0
0.6574201474821475,0.16797956630052654,0.016002276130185983,1.7832518728223559,-0.9774523442376712,-0.4170950238717548,0.43569222055087187,1.1568564436137443,2.9170017158912467,1.4128197142423913,1.0872821422159653,-0.6958344077320449,-0.3137351884836155,0.009730579971472093,-1.4954082902981902,0.5083200387009807,1.969953476567155,-0.3865466988589123,0.6005727692030701,1
-0.3357629894870281,-0.6959909114399668,-0.4520794784410915,-0.14249261926311219,1.2234142835615787,0.08887759985846316,0.8763788900224211,-1.090486450481878,-0.5674516478379869,-1.4232185211053332,-0.26715971486027473,-0.6958344077320449,-0.3137351884836155,0.009730579971472093,0.6687136927672083,-1.9672645653622365,-1.2888612075803305,-0.1744976918144508,0.2321265765763163,0
-1.2135533142324153,-0.6207657559812785,-0.748017869797536,-1.182541957476556,1.4275061803210496,0.46094622506410027,0.43569222055087187,0.5763037214155126,-0.2719494633776657,-1.4232185211053332,0.018961140472784202,-0.6958344077320449,2.92064819794541,0.009730579971472093,-1.4954082902981902,-1.9672645653622365,1.969953476567155,-0.2680286047969181,-1.3448612136704023,0
-0.4281486550432842,-0.5971656303180305,-0.3130006091358506,2.7250016412330234,-1.868361124522352,-0.28857764176098394,0.8763788900224211,0.5115070540118889,-0.6661655229361241,1.4128197142423913,-0.4693320650452455,-0.6958344077320449,-0.3137351884836155,0.009730579971472093,0.6687136927672083,0.5083200387009807,0.34054613449341214,-0.1892859270812316,0.4669653106571532,0
-0.8748903686246596,-0.6959909114399668,-0.2453194414355234,0.8105541255443895,1.5631728240390808,3.223713035697491,2.639125567908618,-0.01493151493587518,-0.7001077826523138,-0.714208962268402,-0.45397490940156804,-0.6958344077320449,-0.3137351884836155,0.009730579971472093,-1.4954082902981902,0.5083200387009807,-1.2888612075803305,-0.6583559995916825,-0.2299060577181533,0
-1.5944577913840823,-0.6959909114399668,-0.3335751967993436,-0.024318967508758497,-0.4381499313395048,-0.10884996887134697,-0.004994448920677399,-1.0639980250348093,-0.8442152344310185,-1.4232185211053332,-0.6569166103381254,-0.6958344077320449,-0.3137351884836155,1.0163423011582358,0.6687136927672083,0.5083200387009807,0.34054613449341214,-0.5426768119487269,0.13662290304776165,0
0.05380909709441583,-0.6959909114399668,0.0568160327674111,0.09199257968602224,-0.43320578082568073,-0.6067386822466081,1.3170655594939704,0.4744954677421585,-0.3452021836387072,-0.005199403431470885,0.04582676668616702,-0.6958344077320449,-0.3137351884836155,-0.9968811412152915,0.6687136927672083,0.5083200387009807,0.34054613449341214,-0.5514141806992051,1.231644060240156,1
-1.3542500607241907,0.5370834893107481,-0.3502239581866223,-0.6501851645853934,-1.5519666569373343,-0.707776635947087,0.43569222055087187,0.38807126165189476,0.6763850429433648,1.4128197142423913,-0.1585387259893077,2.031145635633252,-0.3137351884836155,0.009730579971472093,-1.4954082902981902,0.5083200387009807,-1.2888612075803305,-0.5784150293603987,0.6466809031668183,1
-0.5922055980866914,-0.6364173275719051,0.6034559464131798,-1.0193889513624856,1.5631728240390808,1.7714201354339405,-0.4456811183922266,-0.1741626860033786,-0.2598450492062883,0.7038101554054602,0.05788708456405027,0.6676556139506036,-0.3137351884836155,1.0163423011582358,-1.4954082902981902,0.5083200387009807,0.34054613449341214,-0.36916303219239094,0.15543736023370422,0
1.3489361768237187,-0.6959909114399668,-0.12891511141239856,-1.114591393042758,-0.030076338199619152,-0.4468221412272817,-1.7677411268068743,-0.9528983172638789,-0.6849484415061453,-0.005199403431470885,-0.43262651666192486,-0.6958344077320449,-0.3137351884836155,0.009730579971472093,0.6687136927672083,0.5083200387009807,-1.2888612075803305,-0.09162090952076286,-1.029646651168471,0
1.4032153532133484,1.2303395954816234,-0.4281641253976404,-1.2395911184801507,0.589388444530904,0.2351095014430748,-0.8863677878637759,-0.8279965567084041,1.1843877699122904,-0.005199403431470885,-0.1978648245545386,-0.6958344077320449,-0.3137351884836155,1.0163423011582358,-1.4954082902981902,0.5083200387009807,0.34054613449341214,2.3761719203248677,0.9622230583206726,1
-1.5944577913840823,0.13813995438406465,0.2796096292721623,-0.8741946766541449,-0.3561370401421812,-0.3364585959147324,0.43569222055087187,-1.123756093818422,1.7716315349980454,1.4128197142423913,0.5663806811025048,0.6676556139506036,-0.3137351884836155,-0.9968811412152915,-1.4954082902981902,0.5083200387009807,0.34054613449341214,-0.11956906944047499,0.35584858555221466,0
2.035018999024692,-0.6959909114399668,0.7578428125862122,0.8562072175866106,1.5295705697776327,-0.872977349902552,0.43569222055087187,1.0254036584946775,-0.3789456236865143,1.4128197142423913,-0.0016929905104880456,2.031145635633252,-0.3137351884836155,2.0229540223449995,-1.4954082902981902,0.5083200387009807,0.34054613449341214,-0.32755728418208524,-1.7795510704629056,0
1.4184236242905806,-0.5183306504533101,0.33467174792221005,-0.31631257764825893,-0.5914822963846489,0.3295585960370118,-0.8863677878637759,1.710573496975802,-0.3712392504334267,-0.714208962268402,-0.20797294598066912,-0.6958344077320449,-0.3137351884836155,0.009730579971472093,0.6687136927672083,0.5083200387009807,0.34054613449341214,-0.664091563650905,0.21644326461080723,0
0.4376100626361966,-0.561754530077372,-0.3605654615226629,0.7181120681848224,-0.370617901560665,-0.9499545323320019,1.3170655594939704,0.5936169563036612,-0.7210967302396257,1.4128197142423913,-0.5462764387228463,-0.6958344077320449,-0.3137351884836155,0.009730579971472093,-1.4954082902981902,-1.9672645653622365,-1.2888612075803305,-0.5126428279233343,0.008646989003173709,0
-1.5944577913840823,-0.601448031423146,0.17855406426320355,-1.2847029653170892,-0.6299396602090293,-0.4608999747084997,-0.4456811183922266,-0.07600830139436443,2.5289362542711364,-1.4232185211053332,3.2487161059160434,0.6676556139506036,-0.3137351884836155,1.0163423011582358,-1.4954082902981902,0.5083200387009807,0.34054613449341214,-0.2926622568611213,1.1712367790808913,1
-1.5944577913840823,-0.6959909114399668,-0.8873188831110776,1.4823010806762986,-0.14219996498629459,-0.0339659843254913,-0.8863677878637759,-0.8013437935350896,0.057263351377697114,1.4128197142423913,0.6126055087736763,0.6676556139506036,-0.3137351884836155,-0.9968811412152915,0.6687136927672083,0.5083200387009807,0.34054613449341214,-0.25420263935900117,0.8658138897130627,1
-1.3881302665673667,-0.4086884712920611,-0.11658359644736192,0.3835507451679866,0.755614320970894,0.5016160276457358,0.8763788900224211,-0.4241362924832819,-0.5237324966322124,-0.714208962268402,-0.42050013382433726,-0.6958344077320449,-0.3137351884836155,0.009730579971472093,0.6687136927672083,0.5083200387009807,-1.2888612075803305,-0.7519813956676688,-0.03747844246934294,0
1.2508519266380174,-0.6959909114399668,-0.35799654261818753,0.02330591783897179,-0.02382779792193753,-0.08087553868466034,0.8763788900224211,-0.9544206775222936,-0.8588656124766665,-0.714208962268402,-0.6775482473787489,-0.6958344077320449,-0.3137351884836155,0.009730579971472093,-1.4954082902981902,-1.9672645653622365,-1.2888612075803305,-0.46816341600162287,-0.7928776602133417,0
0.0899539879964218,-0.6959909114399668,0.036745775542475455,0.5834456132572472,0.3250164614226122,0.7400104573040757,-0.004994448920677399,1.1100999064591814,-0.7801433042817904,-1.4232185211053332,-0.5666862556529271,0.6676556139506036,-0.3137351884836155,0.009730579971472093,0.6687136927672083,0.5083200387009807,-1.2888612075803305,-0.3683783861420671,-0.9772989783841295,0
0.8115404709970768,-0.5778122175484268,-0.010654972308877568,-0.03579587807670378,0.09652484892414319,-0.03838551771093915,-0.8863677878637759,-0.8277785612179048,-0.3817506048299522,-0.005199403431470885,-0.1621582029834604,-0.6958344077320449,-0.3137351884836155,2.0229540223449995,0.6687136927672083,0.5083200387009807,0.34054613449341214,-0.12425876405341556,0.6621305383475289,1
-1.5944577913840823,-0.6959909114399668,-0.06450351072668956,-0.38630152377029375,-0.43351558951003294,-0.8114427403366201,-0.004994448920677399,-0.7024994493347916,-0.28663966162586296,-0.714208962268402,0.12829840629764094,0.6676556139506036,-0.3137351884836155,1.0163423011582358,0.6687136927672083,0.5083200387009807,0.34054613449341214,-0.6142710818048633,1.4068272946605214,2
0.8684059238059556,-0.552376016049904,-0.9631691440124024,-0.18885780870992405,-1.328487997045371,-0.6090152189905744,-1.3270544573353251,-0.15942257534128726,-0.7718224834033632,-0.005199403431470885,-0.6036972207304643,-0.6958344077320449,-0.3137351884836155,-0.9968811412152915,-1.4954082902981902,0.5083200387009807,0.34054613449341214,-0.30255470206565455,0.6013318689446528,1
0.006510972238443954,0.5957911511332827,1.8153456168807418,-0.8754764754571526,1.4685806217508386,2.802638541542545,-0.8863677878637759,0.4859122590034374,-0.6973946084725249,1.4128197142423913,-0.6770513166262314,-0.6958344077320449,-0.3137351884836155,-0.9968811412152915,0.6687136927672083,0.5083200387009807,0.34054613449341214,-0.5382783745181573,-0.45818931317008343,0
0.5936628843810068,0.12414718267200357,-0.4872440915024982,-1.052620134054825,-0.08582530899352332,-0.3177381927268499,-0.8863677878637759,1.8033781424570128,-0.8615970873442308,-0.005199403431470885,-0.7294932736850858,-0.6958344077320449,-0.3137351884836155,-0.9968811412152915,0.6687136927672083,0.5083200387009807,-1.2888612075803305,0.24459580040340878,-0.18613137951451014,0
-1.1256112662031428,0.3752144953924279,0.311499949187977,0.6381029552943975,-0.3595387470416987,-0.9005717272181698,1.7577522289655196,-1.6732739892700506,0.27867580725340707,0.7038101554054602,-0.26013323684315914,2.031145635633252,-0.3137351884836155,0.009730579971472093,0.6687136927672083,-1.9672645653622365,0.34054613449341214,-0.17849852473895925,0.5858884895054336,1
-0.792366079464086,-0.36029368795282735,-0.9076297345539552,0.2540210197693235,-0.11107211477512711,-0.7416820927481188,-0.8863677878637759,1.4437185711304619,0.04462200301445435,-0.714208962268402,0.016443589241778203,-0.6958344077320449,-0.3137351884836155,0.009730579971472093,-1.4954082902981902,0.5083200387009807,0.34054613449341214,-0.2866141273678778,-0.36613412234047776,0
0.6790594177539823,2.032199403452743,-0.3522528099408169,-1.1627118688631062,0.10250016835890889,-0.9375948019996002,-1.3270544573353251,0.6586393339864334,-0.5307207805149746,-1.4232185211053332,-0.679531910845342,-0.6958344077320449,-0.3137351884836155,-0.9968811412152915,-1.4954082902981902,0.5083200387009807,0.34054613449341214,0.6200738082317315,-0.8292851808543484,0
-1.2076932123540223,0.7574166793171101,1.230533732518222,-1.6947723434095043,-0.5405533995659947,-0.22998164370674307,-0.8863677878637759,-1.3686574136951448,-0.22864644732406494,0.7038101554054602,-0.5281492066146365,-0.6958344077320449,-0.3137351884836155,-0.9968811412152915,0.6687136927672083,-1.9672645653622365,1.969953476567155,0.582819926828465,-1.3886959637160685,0
1.0563771383737075,-0.5982745158049011,-0.26808456857904767,0.12043257473339478,-0.5283478353280772,-0.15630868948552368,-0.4456811183922266,-0.13213831611877508,-0.8097617407334476,1.4128197142423913,-0.6347767177739333,-0.6958344077320449,-0.3137351884836155,0.009730579971472093,0.6687136927672083,-1.9672645653622365,-1.2888612075803305,-0.6363961059804364,-0.20245467395234754,0
0.07517980534735301,-0.6959909114399668,-0.019685107879285717,0.23293266300072957,-0.9245520619725555,-0.6644162702685901,-0.004994448920677399,0.9726732335222683,-0.695344215283382,1.4128197142423913,-0.44726653691669876,-0.6958344077320449,-0.3137351884836155,-0.9968811412152915,0.6687136927672083,0.5083200387009807,0.34054613449341214,-0.32727369144182705,0.41871797516319537,0
1.5311513908820935,-0.5413048131699233,-0.7394544265425842,0.19936134765352073,0.0392164902078199,-0.4603539867054073,-0.004994448920677399,1.899206190265189,2.9170017158912467,-0.005199403431470885,3.2555325973945273,-0.6958344077320449,-0.3137351884836155,0.009730579971472093,0.6687136927672083,0.5083200387009807,0.34054613449341214,-0.16053338736111475,0.5456483729841861,1
-0.7574832265052622,-0.5110853518906654,-0.20652037414079738,-0.5266601585452527,1.1700043207836661,-0.7226241697376479,-0.004994448920677399,-0.7343226507123143,2.9170017158912467,0.7038101554054602,3.0640707750558094,-0.6958344077320449,-0.3137351884836155,-0.9968811412152915,0.6687136927672083,0.5083200387009807,0.34054613449341214,-0.41358263594637856,0.46385624852586155,0
-1.105007863673729,-0.6959909114399668,0.7693636466610951,-0.9961560182497392,1.2144567951015124,-0.951622686128029,2.1984388984370686,-0.05226186309811016,-0.7051074971205791,-0.714208962268402,-0.46101583994237716,-0.6958344077320449,-0.3137351884836155,0.009730579971472093,0.6687136927672083,0.5083200387009807,-1.2888612075803305,-0.32367886978076954,-0.34418111071218865,0
1.0755393788479355,-0.49786023346044905,0.6982620256635809,-0.3781442055813962,-0.3029288476422331,0.2237009060463906,-0.8863677878637759,1.7156497530198622,1.0594107153913874,0.7038101554054602,1.1718236102135913,-0.6958344077320449,2.92064819794541,1.0163423011582358,0.6687136927672083,0.5083200387009807,0.34054613449341214,-0.4624654861170507,-0.5727644532502685,0
1.2942502089470078,2.9468236089245003,-0.6969354541789554,-1.2830166472294862,-1.1061956692494808,-0.6980985233448884,-0.4456811183922266,0.2451619358057972,2.9170017158912467,0.7038101554054602,-0.1646212671076265,0.6676556139506036,-0.3137351884836155,2.0229540223449995,0.6687136927672083,-1.9672645653622365,0.34054613449341214,-0.3575623495515825,0.8327501639878975,1
-1.1510814756246228,-0.018418772348082126,-0.5034335282215191,-0.8372503175549922,0.8925100770174064,-0.029590567460831135,0.43569222055087187,0.45460460405284103,-0.8187845251176721,0.7038101554054602,-0.7021600717606893,0.6676556139506036,-0.3137351884836155,0.009730579971472093,-1.4954082902981902,0.5083200387009807,0.34054613449341214,1.1516158924162436,-0.4454446920096888,0
-0.4952894967215183,1.616088810139766,5.771456262598544,0.8415772954102254,-1.966544388670675,-0.03058279557392846,0.43569222055087187,1.4212745628964234,-0.8761032249024794,-1.4232185211053332,-0.7470184437398361,-0.6958344077320449,-0.3137351884836155,-0.9968811412152915,-1.4954082902981902,0.5083200387009807,-1.2888612075803305,1.1000922082416758,-0.46351604773901944,0
-0.21015516646211357,0.007365177930025272,0.3283616671113097,-0.9268640665460514,1.5631728240390808,-0.9006860512862332,-1.7677411268068743,1.3065837584786435,-0.70003118319525,-0.714208962268402,-0.6382682227287866,0.6676556139506036,-0.3137351884836155,0.009730579971472093,0.6687136927672083,0.5083200387009807,-1.2888612075803305,-0.3607519588807464,-0.48421535904717783,0
0.10569747150767457,-0.31082166520356724,-0.17501653843925927,-0.2640850287130348,-0.581559760818951,-0.9487218231984124,-1.3270544573353251,1.4861722592803068,-0.41812077237637596,-1.4232185211053332,-0.3798817365706794,-0.6958344077320449,-0.3137351884836155,1.0163423011582358,0.6687136927672083,-1.9672645653622365,-1.2888612075803305,0.16235891387113557,-0.5665311900666361,0
-1.15192479920583,-0.030911040688337135,-0.935212603876963,0.07855550637782654,1.1223774630684438,3.826108930710152,0.43569222055087187,2.137776290468087,0.7616350329776082,-0.714208962268402,0.1945020854724942,0.6676556139506036,-0.3137351884836155,-0.9968811412152915,-1.4954082902981902,0.5083200387009807,0.34054613449341214,0.08047797004807933,0.44126376923119903,0
-0.3854347475934254,-0.025846848794468632,0.1812960461832792,2.249067425566255,0.45214254025403766,1.8597598437742076,-0.4456811183922266,1.0233420807048073,-0.14795651823070377,1.4128197142423913,-0.32318260180357017,-0.6958344077320449,-0.3137351884836155,2.0229540223449995,-1.4954082902981902,-1.9672645653622365,-1.2888612075803305,-0.7255356031955472,-1.8569962983394603,0
2.0879583270149182,-0.6959909114399668,-0.976698980460641,0.0440262136319291,-0.056000878617085,-0.9658718502690343,0.8763788900224211,0.44867537167329463,-0.801850919132623,1.4128197142423913,-0.5972563630743577,-0.6958344077320449,-0.3137351884836155,1.0163423011582358,0.6687136927672083,0.5083200387009807,0.34054613449341214,-0.36523415266966447,0.29670923959151696,0
-1.0230644094017751,1.4205749683907158,-0.15010186625862512,-0.3369282618755066,-0.2169828906921793,-0.18119542595740798,-0.4456811183922266,-0.5065553461288798,-0.6251014717166972,-0.005199403431470885,-0.6845769214006567,2.031145635633252,-0.3137351884836155,-0.9968811412152915,-1.4954082902981902,0.5083200387009807,0.34054613449341214,0.5733896924070355,0.557297474287545,1
0.38148920320260576,-0.6959909114399668,-0.05224766650702773,0.3351106056151902,-2.1593814069938455,-0.7216892225848506,-0.004994448920677399,0.5640395410635516,-0.8021898625404763,-0.714208962268402,-0.597733685730903,-0.6958344077320449,-0.3137351884836155,2.0229540223449995,0.6687136927672083,0.5083200387009807,0.34054613449341214,-0.6561072780539359,1.1820438756048162,1
2.2380370260914364,1.3692235657603165,-0.24339163855833984,1.6496384533448327,0.35338085223761023,-0.11001802660061344,-0.4456811183922266,0.005652626385820737,-0.20971322964897168,0.7038101554054602,-0.5788030241275677,2.031145635633252,-0.3137351884836155,0.009730579971472093,-1.4954082902981902,0.5083200387009807,0.34054613449341214,1.141257214805552,0.5682548643692118,1
-1.5944577913840823,-0.6959909114399668,1.4913189184667452,-0.4862707489292264,0.04501781202341533,-0.9449373261909545,-1.3270544573353251,0.33241880177463284,-0.8761032249024794,1.4128197142423913,-0.7018233999999441,-0.6958344077320449,-0.3137351884836155,1.0163423011582358,0.6687136927672083,0.5083200387009807,0.34054613449341214,-0.30221988072149764,-1.9603795304287404,0
-1.5944577913840823,-0.49651316297648396,-0.872706841762764,-1.559300092133032,0.9928509696415765,-0.10076422147799238,-0.004994448920677399,0.832036867212485,-0.22783097094332555,-0.005199403431470885,-0.08666702961625884,0.6676556139506036,-0.3137351884836155,0.009730579971472093,0.6687136927672083,0.5083200387009807,-1.2888612075803305,-0.782018762505964,-0.6384146101652649,0
0.3966343029041028,-0.12077686304569545,-0.6050756892793999,0.6404042372573931,1.3224276169475262,2.929633220410047,2.639125567908618,-0.13077426941755035,-0.08771998943645415,-0.714208962268402,-0.24590494695184906,0.6676556139506036,-0.3137351884836155,-0.9968811412152915,0.6687136927672083,0.5083200387009807,-1.2888612075803305,0.0062628358535236454,-0.030522780824188002,0
-0.7313268011229854,-0.6959909114399668,-0.6433342410373519,-0.9319578071500179,0.6162372845785656,-0.4686751789287459,1.7577522289655196,-1.7804513871475107,-0.7330662565515668,-0.714208962268402,-0.500389225044723,-0.6958344077320449,-0.3137351884836155,0.009730579971472093,0.6687136927672083,0.5083200387009807,-1.2888612075803305,-0.3499862076931736,-0.3987511914618189,0
-0.8356826631033858,-0.2580187730785194,-0.9231206887158553,-0.6562890804532807,0.3180166194138884,0.7638697986716136,-0.8863677878637759,-0.38428640827367283,0.21081582904082424,-1.4232185211053332,0.04569796155022022,0.6676556139506036,-0.3137351884836155,1.0163423011582358,0.6687136927672083,0.5083200387009807,-1.2888612075803305,-0.5111882177882472,0.6373256314986946,1
-1.5944577913840823,-0.6309432354692651,1.847550825784073,0.7162232512086693,-0.7985270218510975,3.323594812398309,-0.4456811183922266,0.15069246534327646,-0.3554746575609578,1.4128197142423913,-0.06839551510163389,3.3946356573159,-0.3137351884836155,1.0163423011582358,0.6687136927672083,0.5083200387009807,-1.2888612075803305,-0.13985584042949364,1.736919175754868,2
-1.3269511602521689,-0.6959909114399668,3.112592484301377,-0.17720883217290104,-0.8301902995961037,-0.16672488598605562,0.43569222055087187,0.5007942497824368,-0.7678101243099034,-1.4232185211053332,-0.5493178511009197,-0.6958344077320449,-0.3137351884836155,0.009730579971472093,-1.4954082902981902,0.5083200387009807,0.34054613449341214,-0.4602511321830725,0.21518866614116883,0
-0.7184458391284567,-0.6490972921783524,0.9269228153671563,-1.5507305551763848,-0.28652354574434247,-0.5172243589552495,-0.004994448920677399,-1.1732481888474322,-0.8581478430584643,-0.714208962268402,-0.684042698373285,-0.6958344077320449,-0.3137351884836155,0.009730579971472093,-1.4954082902981902,0.5083200387009807,0.34054613449341214,-0.7589765590301197,-1.0583902682756114,0
0.7751666746045848,3.4581002731509516,-0.591982012387524,0.9218615577839504,0.5064603224026895,-0.921786538395097,-0.8863677878637759,1.0314625668069752,-0.6860260376116801,1.4128197142423913,-0.7244556963367547,0.6676556139506036,-0.3137351884836155,-0.9968811412152915,-1.4954082902981902,-1.9672645653622365,1.969953476567155,4.954004770627489,1.010436096461527,1
-0.2516691401506895,-0.36279238252786883,0.288396969223293,1.892564031886311,-1.3207117523908458,0.08866971935386167,-0.8863677878637759,1.0474263021623818,2.502104429305218,0.7038101554054602,2.0040180494060493,2.031145635633252,-0.3137351884836155,1.0163423011582358,0.6687136927672083,0.5083200387009807,0.34054613449341214,-0.6055235881411627,1.9032222558591678,2
-1.3450703689176458,-0.10183539836810988,-0.7477248549517732,0.36848635779622835,0.4133096735911534,-0.7217132712842214,0.43569222055087187,1.4538711828546318,-0.5544281245869616,-0.005199403431470885,-0.5377870533891851,-0.6958344077320449,-0.3137351884836155,1.0163423011582358,-1.4954082902981902,0.5083200387009807,-1.2888612075803305,-0.592136280034363,-0.6473090919096768,0
