feature_0,feature_1,feature_2,feature_3,feature_4,feature_5,feature_6,feature_7,feature_8,feature_9,feature_10,feature_11,feature_12,feature_13,feature_14,feature_15,feature_16,feature_17,feature_18,feature_19,target
0.4702131407600705,1.9922966949154473,-2.357038013193158,0.9598487244956204,-1.3907494102397544,5.424837801349864,-1.621521726737491,0.014667372685599258,-1.8599223278861445,0.8209775618249165,-1.870061098685374,0.9041826495961942,1.3966878091208483,-1.8957461434125769,1.7160950431301347,3.8211588303422834,0.2942145440963363,0.06770781001595248,-0.749733189616814,-1.5634798865651256,1
-1.885117912769692,4.050550961337203,-3.886400125266081,2.9372567034070567,-0.36924647840421954,5.288994469761259,-0.3294417612377772,0.9445582824931873,0.617403911635819,1.9156420206593923,-1.0412051371272881,-0.3550766145977151,0.02703214546720556,0.04556069771985127,-2.749523024123705,-2.276065347757992,1.7714399790842736,-0.289944066366679,0.9169865861603648,-2.60490762516465,1
-0.2809471324609648,-1.3923085418110461,-4.958484961927228,-2.9230670241987475,0.603230429706749,0.2191916992021241,0.7040583066266688,-0.621662005047517,3.466393685729584,0.08460774371294438,1.3755907606524072,2.1567814179547593,-1.0729459281429579,1.7334534666048018,5.087980144283035,-0.5338879265342874,-3.4423751077133833,1.377274386508468,4.160944041959419,-0.47438663311283824,0
-1.1847400163330395,-3.3527319595661593,-0.2022400108517468,-1.48039508589792,-2.024134408239315,-1.843616397767668,-0.014771996835327705,-0.4516260887061294,4.597697051235904,0.6037255754575325,1.1105125515124403,-0.6845833018923803,0.13828719770700348,-1.3033096836080165,3.0453838000132403,-1.9150554265129671,-0.59958537596949,2.403181925697177,-0.5928102217691449,3.052115147677035,0
-3.813234158768866,-0.7668521931170702,-0.7163087008928231,-1.251604487407356,2.2689142643857014,-1.7598027611215936,-1.770948516465181,-1.6322033369710098,2.128871736855138,1.199590148993406,1.550278824078565,1.5825602289065337,-1.793453333155001,-1.4301015922497284,-3.1722853980532024,-5.237981210956984,1.8735562990362529,-1.3506627611656268,1.0238873999078926,-0.5012423626734426,1
3.3179340435415456,-0.34873231395556503,-1.449622845533261,0.3690149072470468,2.155021211411654,3.4996010623833653,1.6864470914810519,-0.32730403127438007,-3.6179891994138615,0.4947854353300981,-1.056581435577234,2.878038037465127,-0.057351396571530766,0.1334432790439806,4.06973117188755,3.821472766774036,-0.6090441432813409,-0.5606650203606613,-1.304767101337417,3.779646177531875,0
2.990178950761985,-0.5753042287350694,-4.4116503739876896,-0.4811315113834152,0.5985049041294848,5.439081974952824,1.2853485629507775,0.7116217341841727,1.9598639309981554,-0.3797158202146883,0.8184053998494355,3.3640564962269117,-0.1580428671080687,-0.8118796688667311,4.103594510478156,0.3976002930071779,1.9573237059572675,0.5239518739379996,-1.4786554901768427,7.456429830390109,0
0.2597763328685643,1.9666914856768631,-0.3047214543229193,0.8449564784978751,0.8041900263384614,0.6860720272636557,-2.63156758940003,-1.1986001519629408,-1.2364126707122398,-1.344319297606588,-0.8724171526193806,-0.9568256215918505,-0.16766021340358972,-0.2532212766165934,-6.344367201797634,-1.239092658838126,3.413257669448093,-0.4180326946851387,-0.19466449806688035,0.48261546977803904,1
-1.914416030944636,-0.5916985859041564,-1.1047925226731783,-2.106137781753647,-2.8144391099620982,-2.995708403986528,0.6637650299364339,-0.27237962308522584,8.609114379702275,0.3105624837042775,-0.8878791855361773,-1.0940481349601021,1.4484304382239888,0.219238917490338,0.2851609093838599,-4.4869512077499225,1.3010091850320418,-0.5883570224656404,1.2838676368885449,1.5137449409507717,0
2.1766306247096523,0.7555671669390085,1.0519516795874437,1.451741711858425,2.5784077202635576,-4.278205334532484,1.329142200541349,1.1891949720939472,-0.9242153293878601,-2.22573333738889,-0.6407286126266447,-1.7621646798403678,2.375953008533539,0.11945667340578713,-5.2369711998761606,-0.31152200543872266,2.8929935159898292,1.755524980070087,0.3406751544638203,4.9675385425210425,0
-1.9251097559290637,-1.1175284320868133,-3.8431158384710384,-2.526571503348329,-1.6701811157867943,1.070368993611133,1.2947461858291596,-1.386879470527027,6.231345750885651,-1.309422299601324,-0.8724380986016776,1.2616176333723532,-0.24212526987600014,0.4187145588757942,5.90049958259859,-2.9075626240504753,-1.9682524722978674,-0.3389680508233362,1.2106667691903301,1.0106602465820504,0
1.3346189419279055,-1.842676743983344,1.75786614436425,0.18485311409195637,2.91820023301792,-1.9773386825981087,-3.473875973857493,-1.661590238341676,-6.630225698388215,1.299500767006587,0.7543139687865577,-0.3965651551510958,-1.528508877996213,0.04854854468103579,-3.7571945051244673,3.1060229766068077,-0.5430439676961487,0.25538336538533213,0.4448599890740417,-0.4439875629006868,1
0.7176749712659476,-1.7631931712149551,-1.548096388633981,0.017622159015027727,0.014815848548091037,-0.6135090951632283,-1.4559871961633553,0.29133364331879874,1.2756155449234263,-0.05685659986476705,-0.6724081857942658,-0.32902661032358793,0.28780831181650823,1.200141587526417,-1.1378089730370111,0.26723511082166146,1.0557784823677894,-1.9636701238610712,1.0596503398542612,2.6638655995350558,1
0.967896629954913,3.7586841637318473,-2.837785238330796,-0.5160489536328576,-2.112580868840758,4.459343315666338,-2.1936300975415177,-1.4661391332916416,-0.7849011937021065,0.6053785558135218,-1.5476155133595542,-1.165197792274156,0.4492320610158389,0.5302923590659436,-0.5503895617695841,1.5966340808185882,-0.297475454779486,0.0327476475294002,0.2292724096575336,-2.5101674391474895,1
2.313333286470006,-1.9405524067713984,-2.163015385154694,-0.9359503119075079,2.4826765664480135,1.3545684946765437,0.4456925765980764,-0.6527039051353473,-1.5501811139963417,-0.6564589203020619,1.9852128188365519,2.938963101336352,-1.0484426491035725,-0.00973016750834365,2.9752651581145635,2.048275156972774,-0.7497937145302642,-1.8675639364387564,0.6522658657954183,3.445082834200182,0
-3.388170974492116,2.7174524093692,0.14283536880393477,2.968360309246573,2.2347685108038076,-3.0403515561977574,2.3291789812476216,-0.588684643504235,5.910895761927831,0.6729799604696928,0.6992510888287639,-0.07555593544332773,-1.6018839868484427,-0.6658509226836544,-10.364782645972578,-9.905059654633167,5.7409537570414475,-0.10190237177542805,3.6208028926789835,-2.2402955798910993,1
2.4061382488639467,-1.5802963445066975,2.836690496958675,-2.1214987616342835,-0.3927947803206968,-5.483796558510626,1.8703630788172443,-1.1312609933900393,3.687276339940479,0.05267220981521858,0.5693391729252982,0.7742089447319014,-0.37483470429154675,0.5957994754163319,-1.166284179955635,0.02261844565278536,0.2840162678934959,0.2685105257470888,3.1098837096411565,-1.138885364293214,0
-0.31877561732711945,1.539146999679434,-1.0966957583830304,1.086237980676159,0.2622420213840754,2.473689774921728,-0.6970337623532137,0.6005097972271872,0.8170537724118714,-0.5400143385700622,-0.12508053197001676,0.6079019254057535,-2.800350078433963,0.4328185412653227,-4.031986333933045,-2.983463166125554,1.7703235088605376,0.475201627947098,1.5066979032522627,-2.695685167173614,1
-2.4831402813250483,-0.2973292333685653,-0.20948864788920118,-1.652596127874426,1.3184126317639135,-0.04171588718323567,-0.8585360814453555,0.8764153664646398,-0.8480279049301718,0.0930212882214317,1.252888995413658,2.3827218162692407,-0.9795437444647247,0.9175992702596298,1.8830354808985534,-0.11434094900512197,-1.5643777930307017,-0.9983351894961722,0.8390160033228752,-3.596224667610958,1
-0.572496605028754,-0.4589558534004535,-1.420653272030263,-0.4041355663909766,-1.5163109640487051,-2.171262836333302,-0.45258504841134184,1.001831211261531,5.068780460881385,1.3373939949136822,-1.2838538868586389,-2.058039282476674,2.85441737301916,0.7669879313800368,-1.4956054117475586,-2.385022606928584,2.727892695836693,0.2639743094361582,-0.4293487956577633,5.279840838026247,0
-2.390160678607371,0.6705173422787964,-1.059552691476111,-0.1160726087414633,-0.3548706705712436,-4.690148545899306,-0.6685400430415034,-0.8018335869197718,4.03034598779892,0.10436878186941813,-1.5914981540273423,-3.4364830086557374,3.1425993068672318,-0.5340360293188317,-3.882747112036958,-3.5702063520781575,1.8009079083025656,-1.9186340908607376,1.1055171148912206,2.518249402037336,0
-0.9140529216070281,-1.9974457995638994,0.4564812108902103,-0.15595043571818823,-1.2057984930375036,-2.60835980542936,2.4956876145154956,0.3533167072516935,6.718905310371006,0.1988956723491754,0.0647687896196319,-1.068759966928217,-0.10468601066385774,0.460328390011182,-0.020632423354065076,-5.865210992476407,2.0566916477877815,-0.28884783873196923,-1.091278895929431,5.454632703180447,0
1.1876420982065488,-1.3526009118692748,1.9339993560150635,-2.6007181197275955,0.384424020788695,-2.5745774905482657,-0.3272240958729553,0.25602474490187466,-0.5834685994100032,0.9665404149994133,1.9420780101652007,1.1851514166980928,-1.117380844286286,1.4235909510202784,1.0064787379750102,1.551452845421565,-1.597112248593721,-0.7351623100669669,1.132740564040348,-1.875803609171692,1
-5.245681986478434,0.39793883389274387,2.5041953483835755,0.5547921589881357,-4.077231412743432,-5.081195612003652,4.042415366556601,-3.09814715452078,10.531289144831632,1.8399109991688833,0.3349835554979247,-3.7792784045542893,-1.0287553635968842,1.1407914475545389,-1.968344850534529,-10.399746498827573,-0.03059954762926842,0.8645406694634493,1.5536568738290826,-4.064545841867799,0
-0.529123365735422,1.950617929838905,0.3404725412058289,1.4513952342339556,1.382428314063083,-1.0229283914093261,0.587430034308962,-0.2953819846892018,0.2083715616436139,-0.01784640979348933,0.3827396187084526,0.08866647481368006,-3.6339427854327555,-1.4256840815724963,-6.146510065367474,-3.186518017815876,0.013444835377801834,-0.2526026876211592,5.007854065354814,-7.543289937340158,1
-3.1332880746497365,2.7921056224039313,-1.2115615347499915,-1.2341096689947693,0.19921450030507815,-4.277043650668534,0.5650462309080841,-1.5966516602507685,8.608488465980628,-1.2025685442481686,0.9053650058030519,-1.339415823872317,-0.7437385629996072,2.1175194017310353,-8.109557689485234,-10.165782609521298,4.263534242902772,-1.138946872057132,3.4604306276496626,-0.821449045209077,1
0.32422906843788635,-0.7817982525289189,-0.0402641504017075,1.4193833627138868,1.8284218397716125,3.2554611088326117,-3.4181456453015855,-0.8990231137247617,-7.665781413609178,0.6190988310119043,0.47867436758652293,1.8611312953308865,-0.6312927619604952,0.8797386742198852,0.37869129671776686,6.1521831047084286,-1.2347822256551633,0.8423977011074516,-0.19440856961068242,-3.2877451511513667,1
-0.5753620954703886,-0.07692030872429156,-2.1451452260169477,1.4185308585541108,-0.1135940755627819,3.2611064547862725,-1.806541623063787,-1.278636704557792,-1.031505243383478,-0.9011400512018701,-1.804407722497076,1.3909493965699773,0.8331412879258902,-0.7252854787770965,0.4096140774165237,2.557307821474107,0.8787253013211301,0.37698370092659567,0.4803606864369432,-1.0007684282475982,1
0.928250585292455,-1.4324527338104762,-1.8734874069364338,-0.6559191423405449,1.6125261112235483,-2.7646149035091527,1.804331589333128,-1.3102038415387305,2.3931299043830574,-0.994830991369274,-0.2680521625612906,-0.5660114844327259,1.0801982946326831,-0.22577327271580225,0.6974467260558112,-1.9392104212129082,0.27194911362649243,0.10307304192408763,0.5690957204392271,6.4185628386557205,0
-0.0038488907627189928,-1.0797794611688427,2.915350926692555,-1.0389242339109934,-0.3012163684626703,-5.315123853364547,4.01166104495227,-0.8751280279606837,4.853382979976105,0.24044750514001126,-0.3566384941390436,-0.5506665219011695,-0.7007469364224026,1.8389065643095044,-0.14692949925453289,-4.23668977341758,-0.14576305028904413,0.2871608776027747,1.0166339287511905,0.6015625644843694,0
-3.4368841822925287,-3.80312920516314,-1.9831591810298748,-3.120249376246254,-1.8222417838309377,-2.048027769285476,-1.1325038382273314,1.4057186433942654,6.333538056664393,-1.029524515195794,-1.9161643812659455,0.8890609937837892,-2.1625686119780028,0.1371334013192164,3.627416708970073,-3.3118523204284807,-2.771881766403511,0.8522896894528121,3.278930640112514,-2.73574246887239,0
-1.1270213247804166,0.2519142276354076,0.2973775266013543,-1.0384438122754327,-2.34044867731226,-2.3414584414489275,-0.017109475479854308,-0.4536842696609017,5.4696434237441505,-0.4895366719905653,-0.1501756513949002,-1.274346257389873,1.7074959365150768,-0.10084481837845984,-1.373257472573866,-2.570772676335248,1.960326244561021,-0.7271974485930746,0.3141571565416671,0.7188217780928684,0
-1.328032583889145,-0.4471824386653108,-3.6925028025926494,0.0247611872614224,1.7830167658949831,3.840803089729036,-2.17312510418716,-0.2808637555749642,-2.7782841010546355,0.2482585417616836,-2.4338165053449266,1.9463454197426924,0.11836351798187728,0.04269727445844389,2.636866497200383,1.6640599797137545,-0.6542763161938325,1.732184577177565,-0.6794850277498894,1.4258001338928212,0
-0.5787011306490293,3.5958888695281503,-1.6330999361701743,4.566452026866996,0.6888526747336723,2.835290611426087,1.2725104818930537,-0.08792649091714158,-0.23622074666888962,-2.2555209723316882,1.1572892423540373,-0.7134439619004096,-0.7475768662746132,0.9268837505549764,-5.582603599458405,-2.220435270253475,2.1706529314612877,0.08316008339929655,2.429242179537943,-3.7736803914610637,1
-3.6214997450566555,0.15077778294906685,2.818463991738483,0.31981866769536976,3.065996533306044,-4.864763393644368,2.897628605391505,1.4280708119024874,2.028574637058498,-0.8741035628626731,-0.2680077425053572,2.4106951039205726,1.1396394711976816,-0.42993197092420804,-1.9138060703887274,-3.736308298352271,2.2310059443891763,0.3913177662105359,0.6207576582419381,-1.2048577767517852,1
-2.252797091549575,1.6751652608597853,-6.6995775551817465,3.282824271231016,-1.9710516527161663,7.361616579768032,-1.2047183916816517,0.20273168823968934,4.076558590062489,0.3815515758892609,0.07087187047536225,0.4081138041790652,1.4692563010271809,0.07796847219394218,0.0038713688215420033,-1.746225931899118,3.172410275791546,0.8039292795848746,0.3418563851419764,1.5727132555714587,1
3.3215540697592303,-1.0440974236831029,0.5364263970947807,-1.2050572130906319,2.6418498798657026,-2.681599920969858,2.441079672096546,-2.476681556030022,-1.7230261694638214,-0.7408542264806607,-0.6694881650021808,1.6646410189776797,0.8857066042546448,1.1054813523421145,2.1235079105657033,2.902000957195781,-1.0282544841016577,-0.2658552954468585,0.9034085933867928,3.1981003834302975,0
-1.7725423835122562,-0.49232195946311474,-1.7700225285199007,0.2864809421444803,-0.4259364207147029,-3.4634684414305856,1.6195490943983948,0.7611710130736653,6.6829934098828385,-0.3564634138030431,-0.5923804604873747,-3.234038536861351,2.670066543671877,-0.4290766509704263,-1.9265895473904653,-6.681590105380345,3.1656872870447916,-0.6464582095203093,-1.4864126790320091,8.9286286478247,0
-1.6182860190804802,0.3491185777422694,-1.5668053184788586,-1.1400322247207413,1.07480395525405,-7.539438741678149,0.700772565921866,-1.3077999067530763,3.790064847163221,0.39119015882625124,-0.2842882277692054,-3.977168041232967,4.139589261210742,0.4185693262294482,-2.701265335596468,-3.2001471094342806,0.1672458226135306,0.26699609685770814,2.2009314910986535,4.371961272728605,0
1.6364295476686228,-0.6358302853558766,-0.36177511382259125,-0.8302911438756244,2.538087710557435,-3.6958139966766614,0.1986367437983212,-0.11741852378595928,-2.041819159171244,0.7779377675803066,-0.7616452389357636,-0.08051487834696847,1.926463495232987,-0.1443304678030941,-0.32663015587860494,2.666917184715509,-0.8148074494561706,-0.767738018629382,1.7658046775031748,2.1582034903554432,0
-1.3761330409320705,-2.4363854693377673,-4.259009091455567,-1.2676771249543937,-0.16262305362240614,-0.9433221226732135,-1.708514355476294,1.2228247056561032,4.766701190406067,2.052488928796899,-0.3497708355813571,-0.6930793799980152,0.32855578514181377,0.6174070918679953,0.2392406476310444,-3.097944468378101,0.7114903583749536,0.23027231325506942,1.4328344310011205,4.894951145318964,0
1.0879624399185208,0.3527722210145712,-0.41081743222664135,2.020055000431063,0.03543614655597083,3.0287938654244773,-0.8074999066923678,-0.76224777776055,-2.7519572219861343,-0.14704806469804693,-2.0657020978301204,1.3061748320677802,-0.11816702845364968,0.26436192795818286,-0.34356070526054877,3.7103101875682807,0.2936027258760434,-0.08106186188457366,0.8549567103684201,-2.761215327860828,1
4.841196265075453,-1.3917399583006762,-3.897633835542927,-0.7367990208642672,1.8470824211085717,1.7523134883634053,0.7759994823422878,0.9416533909405052,0.2495585414289202,0.4655921753951986,-1.7886602576326742,2.2526981342603563,1.0383765918139383,-1.125049059547313,2.2583298927889612,2.9892557978494274,1.3151360617499672,0.4466405016553858,0.622078116456215,7.997012350394755,0
0.10126168503353083,0.37159400971578105,3.8285132592227518,-1.3813233275054617,-0.9914661946975339,-6.567033925933845,3.9889950790758135,-0.32779200392716895,6.369203174930833,-0.1129564652291107,-0.3947782567536824,-1.072047649541111,0.23101835473331733,0.7353374532525071,-2.5650782787973236,-4.947990326836343,1.4502714295549273,0.8557352519761905,1.3907354579045341,-0.2775091265562226,0
-5.279311390413184,-1.8250097301593151,0.5058814339672013,1.059596049989127,5.180893916623749,-5.344910173564721,-1.8980779881952814,1.4297352661900702,1.7173305342762084,-1.569472453051818,1.0254067251419892,0.47484548138274507,-2.009788549675963,-0.9349240814388441,-9.245426376783984,-8.806802015496295,4.832541891731491,0.6892068696490764,1.2790981896458125,2.1913616268889466,1
-1.7155586060564152,0.7286276719275485,-4.004460478177691,2.1288472755278667,0.7271585643076308,1.4456319173403174,-0.8667963060270818,1.2485911362493523,2.8606892879377344,-2.122133412674471,0.06899756116248447,-1.857251984039854,-2.321215952142526,-0.8168960881781395,-5.2615975891661,-6.246831539311655,1.8798389244884584,-0.6016691771074415,2.1999118242846354,1.1793199307819109,1
-1.103155053910883,-3.1017502889439674,1.7166175659074228,-3.3031553254860935,-3.32889257617813,-2.7905679805091226,-0.01980677590596802,-0.1013503103838119,8.285568388408471,-1.348447749031108,0.8349173474267537,1.6601283936910367,-2.095699215496853,1.1446649842487395,1.1380820815442625,-3.3545582570534043,0.6110689362102454,0.43488634036358464,2.0206222143934323,-2.568965035676924,0
-0.7806427892774565,-1.440632316384129,-3.9472658611744924,-2.9011236714508915,-2.360095976261136,-2.01184995214154,-0.184597342339619,-0.24404737288040645,9.201189062769238,0.424359439923299,1.1628776937471557,-0.6359948090694729,2.3786860710927717,0.43777146130347266,1.681667184003192,-3.5201898036327814,1.6981700258411938,-0.06545397842217143,1.3295751749174318,5.699120313749051,0
-0.991637427659179,2.680309502277638,-2.5694868524619023,1.070072811282923,-0.10548290987178177,1.122430108055278,0.4141630602995878,0.5891552112188644,2.4107957300604004,-1.4044482508332634,0.12936433827975002,-1.259308668053383,0.08056319646223797,0.909990347594524,-3.0842195383848594,-3.575952089339339,1.4569907802781432,-1.3061577004789535,1.3347200307093305,-0.2282063182558033,1
3.59068673158903,-1.914575522819827,1.4063471441809894,-0.23839060983988136,0.7963354597992776,2.189491149981741,-4.031249522852215,0.9442163762851975,-11.187858404572063,-0.49116285903675344,1.314446899976997,1.1701127423834874,0.7797266302532693,1.3880868894563783,4.144715145770779,12.687569479419073,-4.4837297346365945,1.4637441249908447,-0.5526279045435125,-3.4184445970834516,1
-1.2901149402379517,-0.29862154465652124,1.6270739708847521,3.897170964315448,4.517974566139534,-1.4182095303543276,0.07911196835199341,-0.602258177282046,-5.4981820584894745,0.9194291158384525,1.4646672588818006,0.5359939856965574,-1.5211992543622923,0.7551027307933962,-5.257036758014938,-0.2278319233859549,0.7755387676944345,1.8563277133624871,1.4507719438012312,-2.5156428335297996,1
-2.1453500002803327,0.7723247260295496,0.33361841237077683,-0.18982108221030036,0.6244556036770401,-2.9876921011291806,1.2912156533293933,-0.8145025922824178,4.440867992871072,-1.1422402519844435,-0.914047320840518,0.9890756500333735,-0.641563208369323,0.3816370677020346,-3.4415919368996932,-4.230047298071274,1.6462617817767469,0.9249578945057592,3.3644084399028653,-3.489970704352096,1
-0.010251660016075914,0.4383919218272969,-0.4751262723338517,-2.16390738043832,0.49745753913193286,-1.9143250677535926,-3.4490861741734102,-0.9434615786943489,2.137129224337017,-0.022780630445084823,0.5292829920311475,-1.2695427396061636,-1.455936764078354,0.8096282780621594,-6.571272211966286,-4.394342639445166,3.3623027385042663,1.111386925431259,0.2757194056201282,2.455730424790552,1
0.2728704219828604,0.4870882644213331,-0.0303032610768601,0.054108773135816635,1.2682475677858096,-1.832110407943026,-0.2097732969239381,-0.5744024706049964,-0.7159040869028054,-0.01626976090966454,0.024820554624800366,-0.6463325774631887,-4.3484974294090355,0.5486115271211793,-4.313091355876448,-2.105413017957218,-2.3082822034129977,1.967174962803145,5.295649267635062,-6.877911511418375,1
0.6674775788062002,-0.8572520561914506,-1.5062374271289336,-1.8203789206302443,0.7112359660740846,-4.404343786481163,1.1881579096142514,-1.1503666973633662,3.8818530865401284,-0.7345338183480314,1.9694453813319799,-0.5785952584935492,0.9040236304801968,-1.2782980138486677,-0.4721930964937228,-1.6758725682098137,-0.34713673874002127,-0.8874154176968325,3.2055498010897985,2.139783195761216,0
2.473673778600931,0.6710266812773074,1.2714427658454002,0.04801177442018156,1.1112083823495964,-3.956179427942609,2.905231640395577,-0.8044767380716004,2.0554457135158466,-0.746631839036923,0.09840166681486873,-0.7163219320866208,1.228155847423821,-0.8186117520503523,-2.824146853570542,-1.3581833514228403,1.9279797771074183,-0.7635405870758643,1.0494714258089481,3.2971021912925407,0
-3.568242335316998,2.4640537078968316,-0.522122895116055,-0.37234250064096264,1.579023117471365,-3.640301029422942,0.6156569465096169,0.3488818313036715,4.844580686102452,-0.6681645907735275,0.1417047166539316,-0.6251914574306068,-0.37245792730377275,1.2325361550005687,-6.470336230664034,-7.872488668145183,3.0699913722640995,1.5065848461335742,2.3606896446091747,-1.29246751402757,1
-1.7487312292932118,0.34085491475070606,0.5303234672609929,-1.6680396917167568,-3.070748653832104,-4.210368866992565,0.5015416757581171,-1.6787227623485266,8.415370426220107,-1.4696260511465133,-0.020027196843524074,-2.067310138530427,2.357063312018826,-1.1040933111705458,-2.2180436736694973,-4.67337063383756,2.7943145935247973,-0.33023711102424674,0.5815368318247117,1.554071779782548,0
-2.1576705903435696,1.4867865564421774,-2.518949215011679,0.8350697624030059,-0.49261210229218844,2.5836506956987573,-0.23819749788417144,-0.7525221145818455,1.9640331900578705,-0.36775200351471965,-0.65228484472671,0.16911764775593274,0.7598702448444048,0.7661775976212185,-0.003526360191648698,-2.1227773004102835,1.2898531387015717,1.212154598368495,-0.38313765200060623,0.27181977403559715,0
0.6284373165186623,2.5720438224358517,1.9302984180148817,0.674105125397163,1.137230065337853,-1.6509044919747788,1.4441157817017347,-0.9855878206715561,-2.257147390906478,-0.6803426190998739,0.5701299455178457,-0.2514410637762097,-0.2959584188433987,-0.3112792838795362,-2.7142449458961946,0.6521744825076775,-0.7643487996029197,1.5270132612259923,1.9967883769073806,-4.957598226222889,1
-0.5580005729820836,0.5136877697235913,-3.307378430411882,1.6619498152078072,0.17901547015852393,0.6187138341014271,-0.03127267925929211,0.3412266326924841,2.8526332728790766,0.8058272104247736,0.7937994595098654,-2.598227764148609,3.26038258412035,0.04402595756180984,-1.9502661280935774,-3.495883778534074,3.992141927658035,1.0012430080932584,-2.9088355484268806,10.044952716443094,0
1.9558839038367724,1.434420749873948,-0.1278768094061532,-2.636500651992172,-2.8434453985021335,1.1554824456381105,-0.43368764281469846,0.8668210859166574,1.182785666589145,0.14512033292760365,-0.3039540630705414,1.0794229509903908,2.0840704017122604,-0.01923676106405932,3.5486942859175703,4.56217711157365,-1.0128760723801664,0.45356003026458863,0.5220495691210882,-2.6603881978954886,1
-4.424123891230529,1.0600898724566443,-2.2440306767046305,4.181777766835283,0.7751050988356007,1.9285945621722698,4.125608526738624,-2.4266179602311997,5.218479738097574,1.074848721680636,0.4870171564202809,2.9747379218044196,0.9821164560733482,-0.6985530493827176,0.13706065239872964,-4.143125050085421,2.6255599869556843,1.1017204865890793,2.343870178533848,-2.652981307515877,1
-0.3489175639646161,3.9880801427032297,-1.430804402066274,1.7988647759440486,-0.37639959147969604,3.1251626125209735,1.7608952871722432,0.9545795811061782,0.9210018325618995,2.4528616211424015,0.8793465470270936,0.1252908021703354,-3.6195760774577606,1.0383551849025725,-3.190490719346995,-3.169458715298926,-0.9023419998930216,0.7890172518121636,3.9989795300862454,-8.25803918733838,1
-1.1113712383446346,3.337749745757793,-2.0735976051463876,2.3722964410022396,-0.30051929008236145,4.325054401001975,-0.39054304749919627,0.6282594678874105,0.054358016351711946,0.5371272087373036,-0.19060853575922052,0.8674539148157662,1.0033437150092037,-1.0473358943365787,-2.198880918717814,-0.15449820741420106,2.586736299598641,0.8945914825692303,0.1743727637773328,-2.2788666073347517,1
-3.592422418786822,-1.110213217411455,-2.5889726352688034,-0.43850224733704796,-3.62500837571066,1.0752323262459156,1.8598942260687634,0.9367532635304259,10.394459812708487,0.6127062860344694,-1.0008091940426938,-1.1821611912652,0.4066209283221262,-0.5831114770864428,2.6426144996680208,-8.30227281480196,2.2883548373555813,-0.5617346640606443,-2.3041463973278304,5.779030162245652,0
0.22228613213137094,-0.3915443639773821,1.4846786336660418,-0.26211347016609865,-0.9619669802463653,-7.722657527299223,0.5191704760226153,1.3668094667202824,5.953088584975625,0.779772810403127,-0.5371594624806632,-3.629836236736315,2.563768736463845,0.271225614199156,-6.323644524173192,-3.463053972551636,3.0762234746937107,0.8547880014130469,2.5645868949779875,2.5973835558678102,0
-4.406725162039398,3.2364817991373167,-0.9507343569774513,0.7087952770540555,0.5030142746802035,2.0700545827452412,2.573101561031904,0.5737354822298656,5.059237720483779,-0.5365572838111947,0.8562414122965504,3.1562648268280933,-0.5289322287177058,0.20136082868448554,-1.148721001215252,-6.31780060240738,3.0713333076773104,0.5295254443280599,0.5402421473902452,-3.5399637292803874,1
-1.191873608688316,4.3235855184986125,-1.0092395958077813,2.325844436295902,0.035531774374857994,3.917780838143185,0.9978963236192606,0.23463799594133422,-0.426115712361351,0.12129183090008201,-1.4914267376560257,0.9721094253526152,0.20829270475959327,-0.44547088676687246,-2.1387598171307025,-0.9077843143846485,1.6952742299088392,2.617273338971958,0.41443026963132007,-4.284155548646298,1
2.6642111145273635,-1.0029721258016875,-0.6350089940601638,-0.7387051459213936,-0.6434936726662146,2.770944682886203,-3.1226724023361934,-1.7519635347055817,-4.573193071012101,-0.7974605228064238,1.3483754483380468,0.7583444224910311,-1.406831450756934,-1.657932993720959,1.6875746213774587,6.137636479655283,-2.6056517229685747,-1.8902406641369962,1.1531397124832026,-3.270247201015294,1
-1.8136685566613175,-0.7893633894707648,-1.1618967473937398,1.3839759204940822,1.1621146863221523,1.099564465208522,0.7786083954760836,0.10280638445942597,-0.7864191275317912,-0.1499634011101363,-1.3218271117477924,2.257240206855669,-0.6949006641135405,-0.38930562075357045,2.062080159616637,1.1589096398327197,-1.7259901386281065,0.5574560004726746,2.4666928546763303,-4.2362575171564245,1
3.2462708065025145,-2.5309993221523603,-2.067088220095531,0.3835303107683752,-0.5767108117246954,5.015925689144405,-1.1459318378400503,-1.8030867617451225,0.6428962495245251,-0.596036549847532,1.2649635597716582,2.2787185497168645,0.47022787915189224,0.3806554213602774,2.436548826996583,2.119636144970283,3.7362595232218876,-0.1390655984692081,-3.8389838853962432,9.216741901918592,0
-1.975589792762892,-0.15539666014490972,-0.31947801310491736,3.275285716943686,3.564064183869343,-0.6809786611256555,1.746130789375653,-1.250474143603487,-3.1532362148587936,0.624742026481505,-0.241152492261653,-0.08357138804298392,-1.6511249402855248,0.9589501074502397,-1.8479501152189592,-1.953563526417672,-1.2859790410905425,-1.8630468568224754,1.6596168382243857,-1.7990028841475103,1
1.832518753585697,0.8789684430306934,-1.0971533354184517,0.8489817855176175,-0.8393042504945432,4.071370920296753,-0.6534182784957313,0.19286967649813178,-3.126239879434121,-0.4329859088131957,1.4470703017347137,1.2339254046531005,-0.9776336813143447,-1.4518736168731694,1.9373630512050382,4.746184792754215,-2.134988248318467,-0.7976653690474433,1.6045057127249254,-4.867015801100794,1
-1.0978662129115122,1.2589459009340207,-1.8136831273576166,-0.3529250015295013,-3.859099754326385,1.9604182997420811,-1.6650123715035339,0.9240110572571724,6.733656321418125,-0.7213027504574568,-0.017535908683452835,-0.4856109174667535,2.066476256834629,0.7828068249924235,-1.814490460951825,-2.318747042332843,4.355807389198394,1.8568436628491722,-0.5954780454681678,1.3936648265188925,0
-0.4172762143911085,-2.6734425688588512,-2.0611048809631343,-1.7930131749454876,0.12328846991484432,-3.9693957700392586,-1.311711208085107,2.8946841304733337,3.557256436852168,-1.0361717752673318,-0.1205704567692146,-0.7685714433490333,1.1043021924187468,-0.18696842946794323,-0.18676387020686722,-0.6849498379070891,-0.24663030330026547,-1.0670296045940793,2.778199631738593,2.5871103808402025,0
0.7079342071657282,-0.8843541400854937,1.1090981645277584,-2.972158906735004,-0.35389387290473806,-3.7399610921111233,-0.5977369825213541,-0.9997430516452073,2.0161898231792605,0.5145324663418078,0.7394018150232046,0.42010449323692706,-1.570554228713886,-1.332818630339381,-0.9425761176313573,-0.19268584056884858,-1.4838046850780227,-0.22000744910587589,3.5340525174894486,-3.880168048679902,1
-1.6666724004574158,-3.5134963988217036,-1.759105272271847,-1.0777459698772731,-2.4387882055904013,0.1781756947633058,-0.5632260966327236,0.48087506544596653,7.302565237651318,1.178301444943211,-0.2567345788425684,0.22129102610694407,-0.9844938436568837,-1.073050958706466,1.6775063190490085,-4.4525677176296465,1.6719958188210644,0.13451567159461553,-0.48745177972099274,4.2135625911774595,0
1.2357395336038952,0.3286008696147209,-2.286032447721796,0.6212184039753097,-0.7924154918722932,4.231794149801164,-1.836557245989074,0.7898260704176857,-2.158674045991596,-1.890260196687171,0.7511211907804813,0.4757375042864246,-1.833312420894865,0.8188640655851059,0.7002085495705803,2.6692885770625336,-1.596871301538392,1.889307222378654,1.5401722012829921,-3.2419617727377132,1
-2.1576470264828984,-2.373477667910065,-5.226763476056475,-1.6902615212349632,0.8524058618008492,2.658701599538581,-1.727614088360008,-0.18893157166819427,0.6730799086140059,-0.9534243008225031,-0.22119221461923189,1.844146671102873,0.030326036765506936,0.45190619763333684,5.884221095594292,0.27145524435150836,-2.3055770347488433,-1.2799812736257956,0.16149491640842328,2.894225492101394,0
-2.401509815078644,0.7471162325035088,0.7066695790858424,-0.9303009499182254,-0.4067186799034782,-15.401191041204806,2.954460666559136,0.3385830908863617,10.932063034725891,-0.31607335884173615,-0.7230156982860678,-7.984405270472823,4.563657565346616,-0.1626442897771436,-9.329679414743461,-9.309851948180095,1.8295724918712588,0.8558933054052137,6.047735028837883,3.0413124621982566,0
-2.4051896721696027,-2.660167273175259,-0.898707989240308,-1.8440612345757137,-1.6118541676213678,-6.231461086696689,1.5765345811398292,1.2878307886750573,9.69807375425325,-0.8038034476563688,-0.13149181198922538,-2.8229732397565144,0.7810150287631187,-0.10425431531645454,-0.6853478313536403,-7.631316775249117,1.002884841171652,0.5022100457070079,1.2712096053111877,5.331470102736311,0
-3.3978644461914813,-2.57337858807311,-1.6775302978796058,-0.5891278590633903,-0.7221512660892819,-2.895404338835396,-0.3770798603673251,0.960183669374349,5.181546374840466,-1.016888549129112,-2.443083621848954,-1.6953465326803894,0.2095559211348903,-0.15433037587971055,0.3322565179925289,-4.783060688025101,-0.11365267913202326,-1.3367758782752475,0.7210246691487047,2.6970805954573978,0
2.6123481004257787,0.02701371597590574,-0.18774689943693068,0.44530373813931634,2.1378608025275234,-3.4271952323812775,-0.03924588588329381,-0.5108576756023839,-1.2772984168694739,-0.5356871181435664,-2.4621591233850464,-1.0238927665915936,2.0605078783199278,0.47465364575734525,-3.682154375812734,1.7666276519280397,1.5903153480308863,-0.032628501909356664,1.6089011586995654,3.517010942897055,0
-2.60332065441355,0.06775204732432838,-1.1157715086287971,4.993878604915329,1.7245281560347385,2.349988329774384,2.7608585835799273,1.0466483608417794,2.052012056174007,1.2670446625292706,-0.49759074464419595,2.463531625209864,-2.066895111690649,-0.14006602627764192,-2.8432302165341383,-3.827918892186077,2.4777886280901997,0.196991156116792,2.6424943426702674,-3.2485954923546965,1
-2.0683856046241536,-2.3277144823489273,-2.043318427274353,-0.05631967224084755,0.9348284630147516,3.8095619686243305,-2.3747119235861947,0.16249851024908865,-2.1503561800317286,-1.5424162038886688,-1.1247465308643787,3.215083353359659,0.5730893524086307,-0.0076678020480680726,4.576110266651711,2.702212640503314,-0.05337111628180213,0.24068982229387786,-2.179562205428299,1.7435107903638638,1
-1.7569395863784636,0.13066774235397316,0.025368647376045272,0.14899087389130938,-1.9627114736642315,-4.921099590878454,0.44944958109175664,1.968244455161773,6.140190787337919,-0.4297193890991661,-0.301421489244918,-3.6410042471007094,2.1214841034971195,0.3290285458274665,-3.7376310649911972,-4.2111226948329845,1.6309154917843498,0.77857289727785,1.8239921627591915,1.008780334396829,0
-1.3172548004846383,0.8214713321614462,-0.14198699525581748,-0.08692652919053256,0.7278730728844833,-0.7566066245647478,-0.01701551605246232,0.36101400468125744,1.5001245290129572,-1.7929505772841936,-0.4380185617930879,0.8603476003438871,-1.3627199931194722,0.4676162799442456,-2.6675986117379598,-2.4518548202800843,0.7407518927011167,-1.0691176606988213,2.263778619641792,-3.300498944988631,1
-1.4036420839486632,0.34184961129631897,-0.37216542163008337,-1.1356195850601436,0.3805344862850026,-2.0857768903927516,-0.5176489420027062,-2.730117814770566,2.739045079818303,0.5404240025304289,-1.9031432059736781,0.41617460135048373,-0.01311121353618494,-0.2730490825151575,-2.2764905317887263,-2.4266595374486317,1.1891189397264563,-0.8650065001733912,1.8386907200074942,-1.1970068460605774,1
2.198617219503883,-0.5564821215111229,-2.325650539089234,0.22796015908963074,0.2538568228409792,3.004480753459583,0.7307412095066779,-1.0879223785936563,2.1691160436662535,0.7821330142039431,-0.7341591723709454,1.4685483329017102,0.6242424160012174,-1.2821138111330639,0.9331829681330072,-0.8441479587669045,3.394840951119222,-0.5248354791007701,-2.315290258871862,7.879270787952308,0
2.172940494605511,-2.337335180356413,-1.6760669957309569,0.9671112265153319,-0.10740004423607419,3.591207083129959,-1.6151793510076091,0.3225604959975529,-4.614427991724231,1.100661847549999,2.1673603787432,0.9777893518956596,-0.6625615615173044,-2.136898129362142,4.166050568404365,6.370301121673468,-3.039491447606366,1.1421830785395795,0.4463183957298459,-0.6504868031503848,1
0.5446094055940596,-1.0071900758197279,0.20090430058176922,0.6016769616726082,1.8034965814125443,-2.0895877684235606,-0.658848672021391,0.2774979724338658,-0.8155522216502333,-0.4796414053936284,-0.6713238076569781,-0.751637839308394,-3.211105306363266,-0.5862022186072832,-4.521803683239831,-2.140884547323599,-0.3072374676548293,-1.5659710486073257,2.9957749188318585,-1.704839692847997,1
-1.6462626058738408,4.9034842834821735,-2.2684340663770843,1.5530329532858618,-1.4634168863461234,4.900765437611814,2.05845185461291,1.1891600128447566,3.080284127006735,-0.038826288656095734,-0.09401224410092489,1.5775765623428195,1.131995080412173,-0.8289266290193714,0.032630231492928034,-1.8885348874413017,2.070456155724595,-0.11813638993902573,0.37131093215870276,-3.742733896026509,1
2.809354883054767,2.0921584623253,0.5876933297321771,2.813041591460795,0.14312212763867393,4.10906572735835,-0.5061689548941979,-0.5618846512624851,-6.358903436067585,-1.2034140699711293,0.6755618979049025,0.41291347632762004,0.6382847680250023,1.4441433207128669,-0.47581012412753576,6.3131103682598235,-0.2637097344303474,0.09306677628155917,-0.4629372851010283,-3.030448871742825,1
-1.6261092453697195,-1.5731741099797532,-3.694401246700311,-1.3175953078428142,-0.3200301647318704,1.7151382149555157,-2.300651893167295,-0.8755621004332629,2.791032153403232,-0.5148238963607281,-0.21021194189649736,1.0734214492479468,0.6040576674380822,-0.7702169147313244,1.8294614030231022,-1.0372728681961851,0.9984248013636916,-0.926410464593819,-0.2321908453342474,3.401189491988494,0
0.26034210126186896,2.789759608431977,-0.42128041990396947,1.3321301734715587,0.9527280010579656,4.03763852266683,-2.492425272168619,-0.3572022912606917,-4.6474862404953265,0.9936896763006376,-1.0348910186891174,0.6176634428935471,-1.0019305592929184,0.5820273536172682,-3.359780905952046,1.5829314223541222,1.2777717420796295,-0.20424931207931116,-0.605752302797818,-3.0705565730643767,1
-0.9678159905472278,-0.2922801675677724,-2.170290987201923,0.28126217407858634,0.6803199331651761,-2.4546081122704613,1.265393173381356,1.4713149777599452,3.3930281576440664,0.2531854351405917,0.10299559976168061,-2.171753692616318,2.29842807251408,-0.6839215253494749,-0.6490461387581654,-3.6606943701258947,1.361440966912291,-0.1755712091840432,-0.5345853144306856,6.704519022551868,0
-1.8548436089442395,-2.9202232854350063,0.02211180477477248,-1.7371080687218148,0.504848910407298,-1.7825773619237022,-0.15913678574946832,0.9166737118471837,1.2994426070763938,0.851883409377045,1.2435456010978068,3.0034967185254438,1.8877772582431869,-0.1556575382899,4.759944333714184,2.3378985185589745,-0.8008829602253908,-1.4660596703982696,0.3424348328754609,0.19780097045478073,1
0.5407687428640815,1.3351746072031587,-1.598487315816838,-0.09044784380295856,-1.189252841197471,1.7371905029460943,-0.3163876356141445,-0.9311880324535422,0.11132840644488388,0.7407256829826417,-0.29644951459805774,0.4218070296689964,-0.09309060127897673,1.1072942573856106,0.8799392816174998,2.2294549627808617,-1.5980599273685663,0.40654029375198053,2.6989697387119724,-4.6679105654162205,1
-1.6941331528601864,1.1459151273470398,0.6304430985209091,-0.7475179911787517,0.6971785159208495,-3.5142391429040263,0.3757312206972421,0.9999443433110298,4.225006310330454,0.723022903730172,0.7540542848457129,0.02238351198242028,-0.5989903403458571,-1.211361133949532,-5.175900055107926,-5.073367786051948,2.609562696545331,0.42256716467424005,2.3843145319396557,-1.6529669801308817,1
1.9681377446542696,0.7906653750801333,-0.9679545792866434,-0.5691805335648621,-1.2981969055068963,-1.8028640616314546,3.1563263623754843,0.33052817290541564,6.565997734725828,0.6494025158224628,-0.14018119361085737,-1.2907933614420148,2.754352109345702,1.3970105549865224,-0.43550296880565875,-3.4244848388739597,3.466352392894569,0.21428249173813113,-1.1470939709659151,7.955499233721356,0
-3.349412940393277,1.7330331130877712,-3.3931977999858853,0.830096665364665,-0.3578934838894543,-1.2989563278650729,1.781262675175298,0.16358911436627577,8.910945043561991,0.23172100021419154,0.9412627229597609,-0.7244695496861473,-2.0143852759631606,0.24304662965364918,-5.281793166906705,-9.529595727265647,2.362051760419936,0.8105361148297376,4.97380859305131,-2.4303510217689475,1
0.9779119269291627,-1.3713993796415727,4.067521924156668,-0.1841054158610178,-3.1702456979059077,-4.208277174288673,0.3364607663801119,-0.5724175857800458,5.770490867658044,-1.7664178506729673,0.5454087738331277,-1.321939662803777,0.3225507255286755,0.7239119667589867,-4.203073661460826,-1.9864683547420428,3.5363593005051994,-0.6961984723041789,0.5254857764324621,-0.1295412608336785,0
-2.547076863020804,-0.007994394263257432,-1.0222478396496457,1.275341910388577,2.540460638014955,-1.7455097889664843,-1.127524498485633,0.6695805734803052,1.636834931338251,-1.342719664837795,-1.3258700887244808,-0.11284870521448087,-3.372531163686361,0.48205072830031004,-7.267839315352272,-6.228621938177006,2.1076645469099127,-1.6589105828832822,3.4332765137500365,-2.274082698577789,1
0.19774326239533546,-2.7307611275254526,-3.0196532673052916,0.040128801826936455,1.5021213821339996,3.924654877166154,2.4401633500804536,0.16659057969910715,0.26137870039312033,-0.7429340962912804,-0.2852413403073753,2.7331999835050222,-1.9175051198605308,1.355661895889928,7.038456842290485,-1.1578990673704825,-1.7287933307378356,0.16477652906792958,-2.0675770690140105,5.7821162295364426,0
0.1456551491640078,0.33050247465909666,-0.5669056757912316,1.3113673531366254,1.5020028445042115,3.0239243469584345,-2.0553788543677527,0.061310397556036705,-4.096325074738451,0.18359472430730595,-0.2026796750711744,0.8147688824407429,-3.4176654772058566,-0.7092717171438492,-2.5830226427138956,0.36920785219238483,-0.442603623502722,0.37736436613524704,0.9541750860769438,-3.5053610235698174,1
-3.217312943003665,-0.2914684181295992,1.2473331740934934,-0.11944216365786509,3.6181530792219387,-3.557915033411404,-1.5455503557487935,1.204467208253648,0.2543182688693425,-0.6882235578279712,-0.9709848652156902,1.0103087251816942,-2.8987758623714717,1.2291836259407989,-7.098963272303146,-5.73365838153178,2.480349363421955,0.4859183394591162,2.0175166228845836,-2.290259723091422,1
-1.0929800887414491,2.9237138809199408,-2.0193481068427315,0.020631360601793047,-1.1587419065404783,1.190074865719972,0.9843034769941854,-0.42292834500272886,2.131894072457934,0.05530418530522223,0.1396621276864955,-0.6045872894401598,3.2120633612966722,0.7665447517711645,1.2653963445826821,-0.27193823309079834,0.6548765771588307,-1.6759559708658476,-0.4804992680611446,0.5258169334211122,1
-2.540042641508192,1.4600738098756973,-3.2379625681415343,2.4187308736372826,1.0749604542493936,0.09417652673438702,3.4193409816746785,-0.8042690495286687,3.8469815895721706,0.2447004264617071,0.5103204124441805,-3.228000322921493,2.3062796418283824,2.296339315929359,-0.46032937577107697,-7.685968886202413,2.3824705137518354,0.4032722774108696,-3.4118978304950796,9.975310246592619,0
-3.247955720262526,0.9603020496009589,-3.6038589313672516,0.4979291287099321,-2.019944142664195,2.892946974922066,-1.910349141460501,1.4232919484238338,3.267759010492879,0.5974295355288878,-1.2893743578898493,-1.101941240107517,2.161322598855927,-0.03749077172481981,0.675492349016195,-2.076681559062019,1.550723907562407,-0.019887793852138756,-1.3142146488778679,1.8165229254539774,0
-3.3788580703308515,2.733608923095031,-0.16036838668637254,0.7592816925821486,2.59026702164281,-2.6353441490874294,0.41668741597162495,-1.5360816755659061,2.9438502917433547,1.0347608071046908,1.048406632234971,-0.7288279662754051,-2.7085854192255256,1.1559719901158712,-8.65928896644953,-9.039289707773142,3.055624675881372,1.2724006274490574,2.6040530938529036,-2.5934059267021015,1
-2.8363126457175536,0.49813982566804427,-3.5363946461366176,-0.5635151137729619,0.48928812612292866,2.570100576920635,-2.849252496335911,0.011557922771419234,1.4767331729055195,-0.4222567217214018,-1.471979277029429,0.7611336562972416,-1.6206971986914727,-0.49035659652468316,-1.653121901055127,-3.3593451957331046,0.9885790078100818,1.3056463681161927,0.8996330865459409,-0.8635517419905256,1
-0.2965926294677189,-3.2555523723295083,3.4285836275945414,-4.212003818253026,-2.803785971336022,-5.1979210067197075,1.469369730268376,-1.4722573634829728,7.639881050458377,-0.9627748512670647,0.3913103208194433,2.276012421319038,-3.061297390742032,-0.18072229018177993,1.8493667702128629,-2.251556779515994,-1.6755777200090833,1.2778643373901297,4.279388805696984,-6.394920077051853,0
-2.9062887730414264,1.856537553187227,-1.9127232894221395,2.301525800576428,1.8189862315523295,0.09313153611692411,-0.1352500604318787,0.4109161335930336,1.4747845885693756,-2.1363317116359837,0.5921246247453483,-0.9167189526145347,1.598914936618405,0.4741348011830975,-4.684085958690869,-4.697463151435526,4.017841909212023,-0.19162591565741793,-0.8765770948553013,3.443112691033324,1
1.6597701693868883,0.11937011184154023,0.027825774922457525,1.9474575334243194,1.0687786646547994,3.74072305251312,-1.0888544826189621,0.38254082049506766,-6.9900838142294,-0.7125546539848696,0.07336098816887582,0.7962975850465127,-2.02070247349873,-1.1532776534114078,0.9557581138152806,4.999930327033545,-2.7578975385569526,0.04179908472949723,0.5028504568457186,-4.226409785945606,1
-1.713971757187748,0.8494123257721611,-1.2801045941053533,0.7144001737660012,-0.23160436031765674,1.4758865321425754,-0.028830116333856792,0.021410628404289655,3.067570829254151,1.1247999769778887,1.9699379120649152,1.882559791300098,0.7415191787677569,-0.19728558300943913,-1.15589722832432,-1.58249755222197,2.832955266910557,-0.4048296410783314,0.6937842538108007,-0.8246365684528894,1
-0.9968620424584073,-2.2401806775617925,0.76813091433243,-2.726459196277061,-1.1618846898667634,-8.2529230998097,-0.8989755526849734,0.01626859771827849,6.404954582823116,-0.35283390585135754,1.2070032387525482,-1.95781212860984,1.5470511162380212,1.2108172591919983,-3.0466139416689235,-2.2355571876508034,0.4246949715608069,-0.02801762233399993,4.293984658450142,-0.4597577800102452,0
-0.7507516444991216,-1.8789923333791596,-2.2018988011351537,-1.4186730588188836,0.9208465978823404,-2.592937618740778,1.7676991688238128,-0.09761487889845397,3.1872612470769273,-1.144353208345442,0.9278687654752137,-0.1284704290665578,0.5314139440599481,0.06953632308696173,3.0323427648707306,-2.228612379170445,-1.6274492788947683,-0.41581620987865425,1.2269630062221537,3.7398528373379465,0
0.0008706876127397845,0.29118812620641854,-1.5237825133607426,-2.3492247725740487,-1.6144753444917412,1.5739090046972608,-1.177146429786761,0.8657011788346128,2.9856468970417334,-1.2783128203538188,0.8297041293737117,1.6495912804009463,-1.2127835758057102,-2.018462428472016,1.1564678128008579,-0.3271324564505915,-0.21040801840401246,1.1573322956735501,1.6890239184017979,-2.740017168961406,1
-2.7081681825000574,6.2599870959195725,-3.485801327782692,2.6416376773178336,-0.7077400957174904,7.499380199602547,0.6996266301262859,-1.0201552225268866,0.8950433117463726,-0.5783871217234395,-0.7727086601309809,1.1227782992130622,1.9902767624979794,2.13508200893013,-0.8511691959473976,-2.2799214621716435,3.47534070215833,1.0790113624135365,-2.167870932812874,-1.4106694799159443,1
-1.5429251833408366,3.568664518851717,0.2425838844833368,1.0940788763709361,0.46806759353524724,-0.5993819775285975,2.674283922376408,2.487200767392342,4.260082203936656,-0.48735293921005945,1.3904794772046483,0.7579035307791032,-0.5067569839934103,-0.1288008287892548,-4.781752580135611,-5.482328036809607,3.2244148273193165,-1.3001822433097072,2.0009798108718106,-3.056845865808233,1
1.331638166749762,0.14023086059286627,-1.870616288541373,3.1924780433447824,1.1000932487788475,6.083575355486116,-2.055309182918932,-0.979022129575797,-7.192569402673108,-0.3792459077712594,0.948865245446841,0.24391233082840036,-1.6484868867156226,-0.2531215762858126,0.4671871559793954,4.3407389899141995,-1.4217519247678945,-0.12115804919071038,-0.8854890507364908,-1.1334096408951022,1
-3.146278036341138,-2.151608400348211,0.8412145631530017,-2.1090214109408603,-3.2413315297915135,-4.46685999876725,-0.6912946297291782,0.19754862805014903,8.769788055720419,0.38820061355195645,0.9819171632688918,-1.2754268207118935,0.0372299569087311,-0.16255961747506978,-1.3711536683076417,-5.3081201142869725,1.4238511686568476,-0.11838007505413023,1.6014466299209298,-0.7839312126900441,0
-0.13062021532031587,-2.275216059601566,-1.8682362170145619,-0.4068240092443836,-1.6078457312057273,0.6428356696950809,0.04685698883273104,0.3964669716288463,4.521800429408303,-0.6064017622469376,0.4056644571998912,0.009083310617918783,-0.301209026254631,-2.363179061041231,1.7522565394813832,-2.017735760945556,0.8082547326434959,-0.005267776652484927,-0.13604538633439378,3.69228584030753,0
-0.6299383980418927,2.0497153434168363,-0.04881655328875423,1.1551819703849888,1.175605572766469,1.2890386013783828,-0.8945053995669053,-0.28912429678450113,-1.3938925391369748,0.5440149383064131,0.07987605427022527,0.62810795478053,-1.8361282758846076,0.3615990341455025,-4.370734438314541,-1.3740869422417876,1.2778303944703033,-2.298935839162718,1.5400041822213169,-4.043483739829902,1
-0.5256507731230708,2.3929514823167075,-1.6120431660252097,1.0429631819198635,0.6454804916750008,-0.9232454525432394,-1.0919684611838383,1.5330688258513046,1.381731159183008,-0.39502186443836856,1.5335008409803093,-1.667567221298972,3.1812189524252554,-0.4518919692228427,-5.122592744531758,-1.6526715212786809,4.118106623311117,-0.49082647991404904,-0.21426117543775125,3.550280548222167,0
-0.12224702408433008,2.08737613775794,-0.9809232957066343,0.7770270967146791,0.5066636783389615,3.798541845570865,-2.1323140100973825,-1.6794266193847127,-2.0386484056623004,-0.23844566714956222,-0.251766827070369,0.6639372045884471,-2.497640806508608,0.840918636530436,-3.5370931957137945,-1.0347400093952885,1.3456261257915414,1.0665016591810415,0.1587582067179385,-2.862326243564464,1
-1.193743487793721,-0.242125500357252,-0.7251889481900496,-0.5844714123406044,0.6789667840974232,-4.73811264240674,2.1499647523169347,-0.4395543550857605,3.9257242076977303,0.01828008575882125,-0.06519888434982433,-1.9757662904724078,1.192180232386048,-1.3692271134705776,-0.8962127328179081,-4.001954336979336,-0.2773879439388065,-0.9003169081180842,1.6700419751357107,2.564927255123884,0
-0.24143656249934342,-0.1522783576305391,-1.0761108729845064,2.0435796826920694,1.260456057172833,-2.1705872788759546,0.6909219557365909,1.7855867024760725,0.879173881273845,2.080692510430297,3.3009718943015276,-1.2705052192135742,-2.0306719813655802,-0.010901131003714686,-4.467440509940024,-2.3017831332989767,-0.6216955120181873,0.47590083452498055,4.949561777689009,-3.447051800516232,1
-3.168504892731246,1.5492444078021108,-0.8124075041998208,0.8176576296400704,-1.1987664530901072,-6.320570563736183,1.1570961620855835,-0.41142246965604795,7.804611009209949,-1.4020184956478765,-1.2762176831011511,-5.642178082087027,3.7011707883626093,-0.19360239600739912,-6.252836978340512,-8.073017591565838,3.60839249291985,-1.2214704771233247,0.5693183072605001,5.010174052481136,0
0.7584839600315876,2.709306895614878,0.5301683142788547,-2.29927448655949,-1.2363344661930091,-3.851087685649916,0.4611975612310071,0.9909961797249501,6.043416026458501,-1.6701781924162264,-0.7577050013726064,-1.4848217923514089,0.7066430175983662,-0.4174489690553193,-5.568310418417319,-4.53104255372129,3.258421675711414,-0.5792779729461932,1.9857473439716957,0.15339267707700097,1
-0.19193785011228526,2.6436253104515797,-3.7861848198464676,3.1404262467818267,-0.7053677191875161,10.440803240329974,-2.1686578468171906,-0.1276261786504852,-4.640933559762788,0.300659448885967,-0.15572252146734258,2.0640424953326404,0.43609020128872356,1.8063571593725565,2.428255551718174,4.236836391898636,0.867244773106787,1.2930975212410925,-2.6360901425152186,-1.3304241717348413,1
-0.847206632685154,-0.5202894615755705,-4.928648053302102,-1.3570272588521592,0.3868124055279407,2.0108755760571624,-2.6960104783957792,1.1301621858591637,1.5058381613982823,0.6392930032654406,0.8165545175655982,1.252365352226698,1.557750650134965,-0.6528710359036057,1.5073764077499603,0.8146940387934248,0.7289230158497729,-0.6382888306167251,0.9369029048992988,2.8483502137183585,0
-1.790206396130372,-0.505159894862172,-1.9118286062317014,3.023698955110733,2.57230890672846,6.083858377631189,-2.0175467769707716,0.4684153581887788,-5.213528431913054,-0.7494624633831906,0.18654182120262447,2.7512302842785656,-2.0068985370277708,-1.2855844352134582,0.16273041021974888,1.0028075226431292,0.8330153094534644,0.33593539139645895,-1.727732091038405,-0.408336670791156,1
0.7916139614380893,-1.583642345449266,1.0602280837911664,-1.895865376746793,-1.17110510467648,-2.5274905114771244,4.0029625575441345,0.2212447039887671,5.873795055681445,0.6508501800122718,0.9337620752499189,1.1458689089410663,-1.772428387725084,0.21480037571713861,2.9299571369169692,-3.2343957415195836,-1.1495419496038222,-0.3600417738324499,1.670862845658597,-0.009068362582664361,0
-0.7578099759513854,0.3556153702643996,0.49498968402081744,-0.6656295988397393,-0.649954647649162,-5.09783703074884,4.692873056260944,0.7413940915019883,7.820490114068338,-1.3186672280286587,-1.8062232153398967,-2.066437848922133,0.707975026157904,0.8528059005567749,-1.1407171601200834,-7.251182377046171,1.2403038260769919,-0.34319404826442146,0.8434944666973487,3.818916986210914,0
-1.8956470317374077,1.8943507660254475,-1.827503160260373,0.684310288462828,0.547745610527925,-4.3344340355242315,0.9277281554798331,-1.4793077461833894,3.796967339776028,-0.61177365396552,-0.9086158879680972,-3.4410624702502473,3.1911354424534286,-1.4495235207054613,-4.1962095613856345,-4.1763952607606045,1.7108233396697763,0.8007601833715027,1.728147091137084,2.7491971747874726,0
1.3050672701223391,-2.376562458053638,-1.9582362433244471,-1.0045478113865944,0.4003150087027967,2.362331745325578,0.1483529859985988,-0.5918228767052861,1.374373529954398,0.37722958659484596,-2.499482528276352,2.732389420001276,-1.135449815979569,-1.0324649759681026,3.4399988581266445,0.35788057793453454,0.4178738144379252,0.6585516020040107,-0.5816625664234756,3.9346476105532995,0
-2.587752464560725,0.5597480883678201,0.9337939725926905,2.1316510301723053,2.6845634478870153,-0.2234288591771823,0.9343849816679919,0.13363319318873396,-1.5859859399547285,0.4983144204532381,-0.580741118283471,2.2205727195140375,-1.304809624363867,0.6978071357336549,-2.357172847525014,-1.399307715437791,0.6398612040047229,-0.9431462779775022,1.7404424413536972,-4.66788434865389,1
-0.6984403889414496,-0.6452945733234342,-2.1451668102775434,0.7101210106732623,-2.372575071996761,1.9818282224440757,1.8956804113039518,-0.3734530559804402,6.440117159190269,-0.2436243827114264,-0.4082820135643562,-1.1413127271333854,1.78480126095894,0.758144889210677,2.15393347995883,-4.581756055034595,3.1573206107994407,0.15374952880847811,-3.716010088530034,8.735168340098282,0
0.4611242229913175,-2.7857899208943353,2.5954443507405243,-2.6569982875872595,-0.9329394516753895,-7.357623040324537,0.07302928621897231,-0.681739934114868,4.811089933306752,-0.7062663479041092,-1.9434431523109172,-0.2598719944287431,-0.22633530155832648,-0.9524542417152264,-1.949237927642543,-0.7440821448716703,-0.2645956445985267,-0.1255755879300833,4.198890457247025,-2.406733863212434,0
-2.5743293058173293,-2.4512849745888827,0.7238286242108951,-1.8222991666021902,-2.9883086586963685,-2.1023034435826733,0.05913510719480919,-0.9973773707490861,8.71511330313464,0.05120391057396452,1.7063797807824088,0.4638736204486609,-2.3629024410084405,-1.2283487652379041,-0.5733877424566598,-6.068338372987488,1.3936982145653334,-0.415227229260821,1.5643824507486812,-1.613871725354509,0
1.1445155556648616,1.009139844318276,-2.164085918355541,0.5095247120110198,-1.3111554563219052,6.33429814480079,-1.8559128913410585,0.8484564564700638,-3.390842937914212,-0.1298726431173898,0.5674786341372773,1.9413746000121628,-0.3050642045573148,1.9581522269127134,3.5013127657258143,5.443268551996613,-1.6396429437775366,1.0298733405125822,0.01348932836075356,-3.7849411033663425,1
1.2235895086942696,-1.4071760894943897,2.045071451647959,-1.177921246876071,-1.5013508549737238,-5.225101369102724,-1.3517828121264508,-1.5829241627174528,4.70312017542849,-2.0756427678896157,-1.6341158518370344,-1.2904418058171574,1.598399906189166,0.8878988189337149,-5.0593047155421855,-0.8834920340233109,3.745435764361691,-0.7265362139655445,1.5136086650911271,1.9093193042473338,0
-4.877172073472649,-0.6267237681664284,-0.35563425637416174,-0.5040575413630604,1.5784720301886845,-3.5556514458593247,1.86498856676845,0.25142160740464653,6.2461643323074,-0.7115554940294971,-2.334672448315709,2.5301634064254808,-0.14439046591508764,0.46002269879431695,-1.2918688904803866,-6.162565315772266,1.9134902290049753,-0.2955162932555183,2.786670390018422,-2.024098163979404,1
0.5575482374398908,0.13665575167675947,-0.28259183790933773,-1.3073540298881365,-1.0570584260076765,-1.6477191122528367,2.8616682074106583,0.4331741859848042,5.06307737384988,-2.5942091573068455,-0.03995079760345853,-0.024851934342883353,1.2753305252487825,2.073014403003523,1.7994977353481159,-2.4772188052778583,0.8259099349437232,0.6544783129101075,-0.22606104320022724,3.412340684382309,0
-0.7732545009843226,2.1749849245440265,2.106058155776714,-0.5502689895667443,1.500661709530883,-1.4774639074777773,0.9155678356372132,-1.6250989687178627,-1.6628087325467094,0.6576336910076903,0.9939720640754781,1.2030197948029586,1.8507290990066345,-0.37180568078333676,-0.6565320189673968,0.6405845982468511,0.9971545945441673,-0.6418457827653071,-1.0739956117547358,-1.2252542057439253,1
-4.318385612512947,0.056360239928985645,-1.1438002655767696,0.4466786594631597,3.3870696915752507,-0.3968867173741569,-2.1602173841351062,-0.47345625965469706,0.1949266454520323,-0.9347231808085009,-0.17515645435956012,0.4498211411631035,-1.6865555919618092,0.7096048881627881,-5.159064018721583,-6.733305641818585,3.32061957208429,-0.9735258086474549,-1.1893941159628514,2.5076457561457426,1
0.22338903343505656,-2.062981013336926,-4.1559406676929616,-0.7354368817893973,0.7526201445460736,-1.9534012090477317,-1.9786652802665563,-0.25229567587847995,2.3493838354336853,0.5376701182018969,-0.024649069343663586,-1.4777126748323084,2.5092609140563535,0.18176889538381724,-0.521658036739513,-0.2138646407336523,1.1009977076085788,-0.014375613119645837,1.125872551366097,7.036800814657606,0
-0.6231922193016809,0.08275308693280103,0.3301867781227763,-0.1561580749460716,1.9244396318077628,-1.3593614305195234,-1.7800844127056425,0.6687277509012801,-3.3186689659210926,-0.6889647558534987,-0.3722185096467923,-0.07035951480815805,-0.650335933841995,-0.342554518749369,-2.168788087675626,0.9756491212605417,-0.9220717572605386,-0.7863361038772816,1.3312059467876711,-2.5022637465469577,1
-0.7301232201887256,-1.9152379709521472,0.19354229426933567,-1.8573936113560723,-1.5295524571505137,-5.046695176749646,2.9568316603300016,0.5982508136813659,8.755872857462387,0.9395289721634184,-0.5004968498447857,-1.3254161046205595,0.20717480942200261,-1.7234044207138595,0.2638451312146225,-6.191604313323502,0.9642218016467181,0.4059654991830201,1.0523658051963243,4.170089504356811,0
-3.265261157038906,0.10133620107233066,-2.49384021114719,-1.3115903315052937,-0.8992588140792801,-4.713758714765588,0.22671665873390479,0.42291916022725257,6.096560934991301,0.6405066819570927,1.593523998609482,-3.4718816927209817,3.6709311732994507,-0.5414589086036469,-0.46305003540706613,-4.642626462383898,0.4439658784667098,-0.13110690962450014,0.7008650052576885,4.286024413033787,0
-2.20655870446301,0.5841155240103135,-1.216511731127582,-2.5608794442307294,0.3192733465992019,-8.581278610367875,3.4351034939098692,1.1551928402812521,8.129124698430127,0.10932698296244958,1.9057882343626686,-2.8842074209164696,1.6043731898246307,-0.10685870078910822,-1.5813593042637912,-6.953151597953066,-1.1671293993983891,0.34819685301797904,4.572252114732186,0.8740323030390705,0
-3.0522194920513464,-1.9335877578654335,0.3653224489398823,-0.9441760821611767,2.2284752181314724,-4.446635718254536,0.19366366086779496,0.8726539356295474,3.1067452855033006,-0.3157568372191886,0.040818566389435304,1.161093108001856,-0.7270967058630097,0.6014415936106075,-2.0999319399157623,-4.429375845255723,1.138570034422033,-1.2421965946218991,1.8761884120037458,0.27097486703965795,1
-3.540508015100137,-1.130702639470823,1.6396341843131383,-1.599966328644904,-4.086547653118315,-9.121489400497513,2.3419909692967416,-0.9111228918701051,12.95344833266482,-1.285087969866526,-0.2858559561574305,-5.006769470750114,2.2886608135236255,-0.31332087282762977,-3.3358764135254657,-9.320945789780856,2.1128620666726947,-0.32166358054911637,1.729861583991061,2.3965581277761197,0
0.8281954531223439,-0.24899200856524262,4.145746686867534,-0.25458903037433056,-2.6937021775722636,-7.461802933414935,3.5486329023687437,-0.4904002065731625,8.546158885399699,0.8197680694754877,1.1372532466416827,-3.1108460781904395,1.9221192144246393,1.710250391117314,-4.588060645920812,-5.215091733089665,3.7306185073529363,0.012691764112708524,0.5716952940864022,2.95886726599962,0
4.041750212066458,-3.5872387182555405,-2.391409964501986,-1.8157984096528441,1.360913129022509,-0.4354840535887753,2.2670467798284464,-0.20975753075451017,2.3570054815836623,-1.4118082207413227,0.6861419242417663,2.34006746150651,-0.7927791334708285,1.4835632416259588,4.393784275289684,0.8566540359176006,-0.5725014695629571,0.6050978326295844,0.9780410974141339,7.334682380372669,0
1.2289001472955638,1.5398349197009524,2.887030459923765,0.540282629454105,1.5828504074474894,-9.006675868273582,2.3503987000594764,0.1470085865535555,2.2489705617273428,0.09251260427375449,1.3202429672526672,-3.316269706465765,2.998716522041083,-0.3639158241690215,-7.6039502175113105,-2.1851492621854383,2.5020573460421445,0.18394640250141972,3.017163407065114,1.277038935514677,0
-1.13079624125661,-2.1667107678352737,0.6983600731633033,-0.9928372407623012,-3.0564514452915557,-2.712840408512906,2.544641558969777,-1.3961933160458857,9.623324419117038,0.844928641765585,0.916240462969932,-1.231369075230757,-0.21173292472991023,-0.1455449736397707,0.45256046100209785,-6.898605675994361,2.4005106615991645,-0.342621129847713,-1.0081744046610908,4.91148736225769,0
-0.2844929956661464,-2.603864577320699,1.0752288637985496,-1.2060484921788823,-1.9601273160715595,-0.6426690203829105,0.22067177897691526,-2.0568862634215748,4.328474561273362,1.9815502500489357,0.05591207498653649,1.3919195576146646,-1.9043050677917772,-1.5396594189528883,1.349383058043183,-1.4969709003336438,0.20390942523371447,-0.891654787340781,0.9071727091392965,-1.2782079110686895,0
-1.4249709548077905,0.9182100146402907,-0.058898214971165985,-0.17686971664039286,-0.6067256011842326,-2.961950497396851,0.6715195809116732,-1.1970856815502995,5.3119535239741875,0.7125794466100616,-0.4214622973621976,0.4676338084997543,2.6783628341289676,-0.17771586627014554,-2.7862323369909534,-1.9228691034141643,3.2976012148923717,-0.18177923278010719,2.034531184851015,-0.4172913276359957,1
-1.6444986923292721,1.3526520541357923,0.5089006637891424,-2.695231584522733,0.7639416580242449,-5.8853988726070865,-1.436237160616856,-1.8903418022670535,5.319383507471676,-0.6341434452723188,-1.1378656746537843,-1.3789607943804463,-1.611123879205585,-0.28904787606115256,-8.3254829908298,-7.181045462878181,2.777813670361306,-0.35692685379485195,3.6813178898876906,-1.8812229037455155,1
-3.2524447925480517,0.027809127209070805,-0.39807567448708364,-0.6500196852132517,-0.3412831980241969,-10.567224294394334,1.0945643854758416,1.4634613465533428,8.481087904290032,-1.925536384706547,-0.6761490520517169,-6.074389643897995,4.009694166000872,-2.5385693394314695,-6.409594982383093,-7.864533705487684,2.169852593937716,0.6148309676776891,2.851831383543833,4.589472492738367,0
-1.513164794096179,-0.24279314374231742,-1.3558080230399225,-1.066358135643527,-2.4618054072366897,-2.2471536750837804,2.014131004682923,0.9632543765890385,9.856784863227233,-1.2852227868542092,0.5082865353556245,-1.4812322407063874,0.9757355413581703,0.9617601815353501,-0.9281487827327773,-7.251619551110134,3.110020543062925,-1.2041147328955137,-0.06454656703501083,4.9550880020161285,0
-1.797924054709126,-1.0421587024647412,-1.1139509698153829,-0.7788460003867084,-0.5911221755427807,-2.948074899040056,1.1554308020897586,-1.4342155973569695,5.824130812252191,0.7820946110195612,-0.08149386595949229,-1.3193664210068583,0.5075926035883287,1.3597184561448057,-0.5262984006354742,-5.094619149777683,1.026793106882335,0.07974966748849803,0.6127387625004097,3.378807558034523,0
3.08112952398478,-0.06527432856156212,1.3055938824642903,-1.6599409026325442,-1.7150657067522237,4.0212202569503726,-1.6191047900544397,0.931730050970849,-6.257679763124129,0.6689188763437223,-0.738425005943864,3.121284494277215,2.4972660274500305,-0.5962608845449534,7.842649082150396,11.747282226573764,-3.2415402066696615,-1.5212596396782603,-1.8270383542918462,-3.672564062416207,1
-1.7445812709252355,0.06522937611622959,-1.6287563365929778,-0.3437560990288387,-2.796548236977495,-3.32322007865459,1.793054561275632,-0.3281596849796921,10.406257691144363,-2.312187002938297,-1.0181627854590918,-3.180513659132302,2.432908405655896,-0.5987398123063147,-2.361655405465084,-7.60113868670241,3.837689059579958,1.6161017404900149,-0.17564964548736417,6.422443835596672,0
3.1870512357598493,-0.669396197960219,-0.24892608571791652,-0.3706387000495519,-0.6338256536448985,-1.0115498059029773,0.11840904713334288,0.5873933864175546,3.0008157179510944,-0.295002708517136,-0.2573892662849306,-0.03726056851428994,1.829967725356955,-0.09748522597705872,-1.9261217350218525,0.449208039299214,3.7718566860804055,-0.4451854121582469,-0.45212263998318036,6.050231435011706,0
-2.8534331289067536,-2.2085109915021075,-0.25984073446014255,-0.34236865099016045,2.8737365892288187,-1.0399091723643985,-2.2918320596739115,-0.7210725979957165,-2.177348273460873,0.5309329863493768,-0.7643162302278239,2.113709486752554,-2.2504288993289467,-0.7652711290778673,-0.9508882807327279,-0.6747916378472283,-0.8866969278228745,-0.03277670195769679,1.7880094679708964,-2.9463568292951168,1
-1.3848842443759517,1.163067283306474,-3.3678942506521716,-0.03598538634149895,-0.18686251739782067,0.5920308475031617,1.239665084152078,-0.4515906532470789,3.5552806686047105,-0.776175564897887,-0.33402033423760474,-1.3244314741870844,3.0568145266335724,-0.8729382946572608,1.568211920011585,-3.148934183303953,1.536238237733299,2.0229420763065855,-2.021153610190084,6.780530243645385,0
-3.71788090595574,-1.3617918119544135,-0.07168626287938562,2.654444697915854,4.766470455587009,-1.2243311774570074,-1.4567144606168372,-0.7132048029780338,-2.193448398516643,1.2818390285952945,0.9051925673718886,0.9524551169104878,-3.477405402355581,-0.47974189529556244,-6.510082908235801,-5.236127328860103,2.095288824435385,-0.3510482574722215,1.3989445624636945,-0.9113345641615486,1
-3.194132147881489,-0.7634380714017323,-0.6417611681043143,-0.7871144728391991,-1.3253586815904708,-0.962547589499697,3.929805002826817,-0.7166839079360776,7.296752131801974,-1.1853826287004856,1.5435389313807983,0.4038124216225021,-3.4184402435717605,0.17515444066647393,2.546642585220468,-7.718444146460541,-2.0013354861429553,-0.12103216230287615,2.1015853181574693,-2.7516828786059473,0
-1.315654247335437,-2.4689849346863335,0.16561612689846728,-2.6246317421889067,-2.434993895577313,-2.5932730730522384,-0.5972126366952957,-0.3029282658056264,6.579363902287059,-1.2409090655098076,-0.5902197379293576,0.8839719192024227,-0.9197957213937871,-0.4003377182727271,0.8871037275082088,-2.2280874974527447,0.05076638477338291,0.6305442086834521,2.504516770498613,-2.058023663650625,0
-0.25225163059881683,-0.5046771597160673,-1.5804093349021309,-1.0129388031132551,-1.4390105758718055,-2.8647276655982594,0.7335334765804506,1.1427752666675521,6.806244277393161,0.025665237997579016,1.2204711231867227,-1.7714078727652263,2.455230296283109,0.13365550105624702,-1.1599819433895977,-3.7993012985963004,2.7728951071146515,-0.5769892665921663,0.04421234354609116,6.025925622730015,0
-0.5790720917727128,-0.06323797874566839,-1.6202257380852019,0.24242731513838955,-1.5792367702865766,1.3477350470538096,-3.475979277286509,-2.447838883399216,0.8303931751727538,1.123898866891339,0.36251622528176697,-0.7148738708574381,2.958655468041938,0.07028706708913407,-1.275546403482863,1.9076644936412548,2.7677584737645553,0.33159995427906114,-1.194752963523636,2.4341405347787557,0
-2.738256050490935,1.699547201788438,0.41069276233388297,-0.09488919061367251,-1.6155904859344719,-6.56266428764697,1.6303103748285661,0.8964247219074125,6.325434830606016,-0.5266296128965336,-0.18201506898283903,-4.744352672149327,4.146019684034164,0.05985632434587526,-3.581747567032023,-5.108618527033696,1.5676745063762025,-0.3052969757219085,0.8920338765196759,1.9939166966372317,0
2.0707472806835447,-1.0277238996503282,1.2673245749613977,2.0701206799622818,2.9201745860732453,0.6354970538623601,-2.6804235968730223,0.2419691680554044,-8.6839461948212,-1.2359163752366034,0.8484960689000609,-0.6533678792174002,-0.47090100893591536,-0.8773510038092717,-2.5563651986893503,4.718124429120677,-0.28625068315676083,-1.4306525137212387,-1.4515051357831827,1.3943295104878135,0
-3.580697965204914,1.1066810100905826,-4.158262499932626,1.1423057871994746,-0.19272179912876364,3.6837518319657727,-0.43688509827290906,2.7985659120309045,3.9274779970171347,1.411646503919558,1.2169820392052504,1.4016625251770207,1.936409116168371,-0.8073294029214,0.590239965110877,-3.254936253179829,3.2650868702306948,-0.6770232850807263,-1.1572281049794524,2.8726437710018207,1
0.6221325955899164,1.5162740285700318,-0.6874535843760574,0.2721218327821546,-0.3841581522247668,0.8484105223519735,0.4230240135346204,-0.852086884120294,-0.7197969754011254,-0.5051094154115093,0.014320402204858777,0.07285717848085571,-0.45553344590327416,-0.06276942449341091,0.06115649245701639,1.5001664884967945,-1.6490574989844438,-1.0752939033304105,2.407043467457608,-4.400240742828031,1
0.3053189255237556,0.03953822265063389,0.7236504374130686,-0.17084364046710687,1.917544972262144,0.48469909136787237,-3.434515991942673,1.6986881537835914,-4.554755901918081,0.11143233272431184,1.2362351239265392,0.2875022696351328,-2.315243083722218,-0.1801911896639009,-4.019722349898643,0.7866770007232459,0.421893001028538,-0.4630462600250518,0.20340760881258935,-1.991452280035814,1
2.6162445684483586,-1.7478692270976672,-0.23403603020909647,-2.1806409962764564,-1.986775679003095,1.791308008010656,-2.0677407701319646,0.28487101741084303,-2.4990679618279397,-0.5643615535611595,-1.9413731289826768,1.5374474146412735,2.49653529633059,0.1829733603052616,6.391082782711154,8.503246605469513,-2.2908401947405608,-1.3789165487173327,-0.9834432447447687,0.18790609466829616,1
-0.630033548552087,0.5862038291097429,-1.0033373432257864,-1.795929720232628,-0.6102293393739218,2.114028786052744,-1.4971797103089124,1.2275795050671234,-1.1909124055591065,-1.50790236336102,1.511353147977536,1.7951636410859342,0.700050699981978,-0.42074514889806713,3.46623303924092,2.995790451836194,-1.5306843486289672,0.7914859272852282,-0.13647577545102596,-2.6584163891510513,1
-0.7795150018797755,-1.4226087724660768,-1.030469299949492,-1.5996228355921724,-0.049771899083136506,0.29266874407402643,0.2784669487435367,1.7211691287592639,1.8971627092675118,0.4365091319200617,0.3892569214267273,2.1422643774654047,-1.9285725250863786,-0.27388411317441996,2.787065297265158,-0.5975868073574958,-1.831762691263996,-1.7146419404673492,2.0346711449462953,-2.544620848923674,0
1.6480750834445093,3.5034654914259677,-2.602195561882151,0.4523250535575708,-2.697436535714232,4.467448768392192,-0.9863734485180337,0.37296933720957415,1.1600135122583535,-0.9158118041755245,-0.9111795851435988,-0.8353981816160971,-0.039478047838467534,0.2610399825869071,-1.4057574085549431,0.9232597891442265,0.637716388055253,0.6122418014477762,1.33020815713271,-2.997675645843554,1
-0.8283192617869969,-0.7249015562235328,1.138395063494105,2.7818762416639675,3.9041319128129865,-0.9222516901160192,-1.3872720435637884,0.9456606628205836,-4.6320696290487655,-2.65494744061676,1.003636878369115,0.22700124373498587,-2.6208318731354403,0.24139996626790924,-6.070026249525243,-1.2558028435956832,1.3043790223325074,-0.1443119324167644,1.124183890926035,-1.4304519769551451,1
-1.5046451204766205,1.7632285414421034,-0.7367141011749301,-1.5999331833561377,0.0984945532865471,-2.132580029069353,-0.49935954896042994,0.5318540204738004,4.030179177790308,0.6242691543408252,0.6392699474777953,-0.5757350262144625,-1.637502675728531,1.14488162369814,-4.622227984747649,-5.3730626446717,1.3108407503596553,2.688014290491059,2.7382901946919276,-2.5069645119086794,1
-1.4461590940520943,-1.5965524060033442,-2.8511487469318277,-1.8857287525502233,0.4863548544388412,2.0339745013991632,0.2497004353692719,-2.180546822491492,1.5181110839271263,-1.0081774793848166,0.639959690661533,2.9171845916887778,-1.487526055857366,0.17110140193267767,5.392529883536488,-0.45649266624037,-2.3835346527702157,-0.7197869743492218,1.0047473061745833,-0.5828257908678375,0
0.4648902319530226,-0.30055190917473185,-1.567462082224778,0.19691578083793349,-0.48240757389729727,-0.2998263285242211,2.135885836264421,0.2599553065442319,4.0781804827396,1.2620904960258454,-0.08974533601511399,-0.23755472772738795,0.29556255601931025,-0.03218056512901509,0.5929874677712409,-2.598979514572921,0.9060558382064455,-1.8615435281616473,0.5646446778958792,3.2643919082349866,0
-0.7469150218847365,-1.309374637521169,-0.4610182935244772,-0.9430516371663364,-1.5457956296600819,-5.908379250553461,0.883432837283861,0.17944839173657468,6.64601930935266,-1.0234837863686934,1.265799084366345,-3.258748474752865,2.4748080324994532,1.4217464845954924,-1.785871783178626,-3.5706992333485306,1.0375386264668585,-0.37759658026846044,1.7356646794575372,3.8433937400536493,0
0.7539390630475615,2.947825981798954,0.4819912805859754,1.1741635775861707,0.19818718031631066,2.7371914544641514,-0.773476837635937,-0.41614521651172764,-3.8607933426112657,0.3949217672080263,1.2999189780618117,0.5219303628247329,1.5206108195661854,-1.5197678828100394,-1.0328271676531782,3.393487012502941,0.9789745590133316,-0.9014797888584318,-1.2123370311922945,-2.1208817021989144,1
-2.958161325130117,0.06961337598833128,-2.626431451776031,-1.182090649894575,-0.5071115768905801,1.7481819776421632,-0.175172215989277,1.0721858374302682,4.3726380922638315,0.6844227200437256,1.2565166360057005,2.5365998569456374,-0.3482693721710339,0.6601315794508399,1.9260932291442494,-2.67833324527425,0.643060829510848,-1.0758659254889664,1.237820165153305,-1.6586398945392373,1
-0.19510505841008163,-2.544029966447755,-2.102422510866787,-1.1770830755668826,-0.5947056753908715,2.549844773454774,-2.766927298543587,0.40884321181450367,0.7419571726820385,-0.39047499694389004,-0.9621435288593144,2.1092123134723044,-0.38452240505715585,1.3309985491296976,2.5055003146131103,1.654166329082803,0.5259545717675627,0.1476381003869167,-0.4688914832838751,1.8100123293073853,0
-3.2352289714518587,-0.19151561835371422,-0.27457116923507907,-1.942379959855949,-2.1628852342027702,-8.09463329018054,2.1323852834978685,-0.10223466418557733,10.292378907928178,-0.4605755664742546,0.29331618482047384,-3.8298427587760093,2.610523561255354,0.2369046296753219,-2.1703985101989653,-7.344837853277168,0.747114352848016,0.47882391000781277,2.838336960639407,1.651260741080785,0
0.4486238963650582,3.6016104937313713,0.5787674613765283,2.1787431616012807,1.3085586558199416,3.426348311208046,-0.8764851292012871,0.5154576979248359,-4.749513959217557,0.04798272044661219,1.9208711499397864,0.4145847099047488,-0.8179971834321466,2.0001525124929094,-4.0126257587440755,1.0007941168693508,1.5438194428404453,0.2880905219873251,-0.6849155030861873,-3.394475125616036,1
-4.025984446498469,-0.82286540076109,-0.07759233866108117,-1.1788255927620315,-4.168083038768629,-3.4632511431325437,1.571445505413093,-1.1657706171669668,12.09213088443836,-1.4296146739194613,-1.952433108205158,-2.7510273106494676,1.1629045014896446,-2.318200090748849,-1.0074259705981807,-9.485851082608843,3.2049711540955377,0.7907440072398346,-1.01480350895487,3.9359310957897566,0
1.4788824132203453,-0.37609598717036663,0.7426279916819711,-1.0933962534129757,0.18267461904725968,0.7478447277043223,1.5721690810994784,0.19413215200564363,0.05458552512399539,-1.13824594605993,-1.154355895048134,3.2333760463304984,-2.8290036363568642,-0.7181987605057618,2.1720801332134165,1.5865686678462378,-2.1044074093440948,0.4653439939578765,3.0017423631109015,-5.615302748584398,0
-0.9924337103837609,-1.8258675760420104,0.18232306690268485,0.19154750405574605,-1.5904860773978673,0.5443392395333158,-0.10375794639686908,0.4139958687215099,3.818508713825372,-0.17197420588542284,-1.5983131847898309,-0.11579371421068396,0.544000373410598,-0.9396853161813035,0.5928490548697153,-2.6683574132111993,2.741232528729677,0.987075402909285,-2.8536272926254362,4.963776266411848,0
-3.9799383785502567,-2.4759947152046937,1.2823145999509922,-0.6128055094657183,-4.163063495838282,0.8869637398937779,3.473915527841215,2.0101508500891336,8.735471703615978,2.181569080968208,1.9697026790511198,0.5297130498244387,-3.4036619712094183,-0.3660923129077371,5.191431106122872,-7.580381641236273,-1.2085561937574292,0.13324005397481176,-1.4269536574644153,-1.5899666582480438,0
0.03967926693073964,-1.0902902378541244,-1.785864394096746,-0.24052785023086565,-0.8143800255591384,-0.5171030442676184,-0.48437214484158964,-0.7146757897840716,3.0114371845836847,0.40447532285054083,-1.6702940057558509,-0.6899092066322908,1.8190162739176972,1.5925978553403537,0.30909118734691066,-0.5997221197025513,1.5144478939040427,-0.0022127099597559416,-0.2852207073093169,4.394873922523382,0
-2.8413537179143598,-0.2668790679436681,-0.9171520510898912,3.6776544297431766,3.092716351915647,-0.2880992821478047,-1.3209335407929452,-1.7922662057838596,0.22530798202024221,-1.2515247542153443,0.6677815605961868,0.04884620312097365,-0.4033726640517403,2.158634915835072,-7.437434943759138,-4.719211526853462,5.1833470841426,-0.26447378409691047,0.09328410729342762,2.6972104325870623,1
2.2091200621329454,-1.1396484770929356,-1.5428164459978495,0.8903507871408115,-0.063401674752678,5.056393249780267,-2.5848572734859445,0.44092170941588715,-5.812573333225865,-1.3069854591359271,1.1578468514595746,1.4813495685872815,-3.1412315293359923,-0.7125990819117928,2.250867583356801,5.946965302495507,-3.5788217967118827,0.07535519985566355,1.8773726267114559,-5.1829018928488235,1
1.3837686041736263,0.9925904220941717,-2.1143002963725404,1.7983790753942652,-2.1772557472767096,7.50826867908733,0.8793384051656974,1.4595381748779412,-2.329539910107679,-2.2364262035051636,0.30054744840099773,3.2059113075871197,0.10994703948742668,0.3246397411466488,6.6423870033879115,6.882972987191923,-2.745327070561456,-2.35348319363109,0.9621202765102772,-5.956605285787041,1
-2.686501632830674,-0.229987117419315,-5.063358346241191,-1.7018082700128696,-1.9835886585043523,1.4547049088592912,-1.786009313418962,0.30871839419384045,6.653828469596433,-0.7491526548670611,0.3518154509138963,-0.22086714472748148,1.313221619551756,0.8705355430382522,1.3331330973766653,-3.6150213168303313,1.360268647843787,-0.20990779110796134,0.6904187415456928,2.941291764835196,0
-4.0593384782101305,-2.171417540215689,-2.3435080630050305,-1.6798656534498313,0.7775596350299809,-3.426127002961021,-0.47587421667332336,-0.06115660284555901,6.555891522014386,0.582686961681618,-0.3281751268411529,0.7470844602751854,1.5719795156861875,-1.3322948735215885,-0.105747910556547,-5.253020740134828,2.2830206783941334,-1.039524675720976,0.7829860544287565,4.279840812125454,1
-1.5366137267239646,-2.8265228390070494,-1.6359273466092312,-1.7959596409523473,-4.050493591572501,2.265589210036203,1.0258374495062024,1.6432713276859345,9.975656623408648,-1.2251834985716743,1.1810005310039455,1.237085873832206,-1.3640510424364705,0.6151188558254251,4.093116476709721,-5.965983967271385,2.261957555110611,-0.7464363592272815,-2.151761208300396,4.964737992863105,0
-2.5923644863682638,-3.8064572311843916,-2.61552963914723,1.2917783246122152,2.9335810897208363,1.3925284346532545,-4.711267438739593,0.6826368812128897,-1.3160495085446,-0.2235917799038682,1.6859365539573317,1.19887100865096,-2.5215817650852452,0.5148752363294603,-3.6797040108744286,-2.6103866086321843,2.6965780098140053,2.9029416285053427,-0.23234094562922425,3.765434771425045,1
-1.610967991883781,1.8393113348794634,-1.1789868939462576,1.7157243521433108,0.9783828061670043,1.9432037001070823,-0.57781342481,1.579033701092001,-0.06989107010966408,2.0759541110974755,1.1234647179238435,0.6540692729396544,-0.5271509832737704,-0.22930508753249892,-3.330938270047829,-2.0326982257429584,2.128060721603194,1.2565041179401115,0.617623894579581,-1.7294833460940162,1
-2.0604089805711254,-1.7718373977351605,-2.6600194126646297,-2.0032159759560906,-3.168916229514646,2.1943300870342295,-2.5240338638662445,-0.6743458265962993,6.052761629727831,0.8099344925008359,0.8903820957650477,1.21841875295495,-0.5306722924266627,-1.6917018225949945,2.065238502865774,-1.924872369077808,1.076137161405653,0.5418928204759059,0.46344433728794343,-0.08780432137436753,0
-2.443682892701001,-0.7955990298892264,1.2536126335473352,0.3767122511133385,-2.6369199750569643,-7.26163985692571,3.6838657753855637,0.2181243696810031,10.506719881555414,-0.6084600814322608,0.5555524818325563,-4.41128199172336,0.7411902728333604,0.8922098728099856,-3.633176534443659,-8.912341695759181,1.5630892537380392,0.27830205156317733,2.2281731351361276,1.8446062493714885,0
-1.5192315557601663,-0.8981547832320136,-0.31492107348510906,4.612674264568329,4.172442963057656,2.9393724920381565,-1.2369623400487626,-0.4726843884369919,-7.7016619140519005,1.356046346631442,-1.6352658859898688,1.6110899911761678,-2.3512409164047607,1.0526493886477606,-2.279189761928692,1.9502791333012346,-0.5222070681853008,-0.11003342425971001,0.610881825488155,-3.0875546063847907,1
-3.581238759322937,1.061309620041136,-0.043680907007457526,-1.2612311238448244,1.1006466096741256,-2.4654038862682177,1.196541223382564,0.4552082481016471,6.317676544137134,-0.09450654226908063,-1.0862916569979282,2.0849821019340755,-1.0179999816272294,0.32176355946390134,-3.55173707620023,-7.333248967698143,3.3522508617798676,1.3730423293848015,1.8296418984344918,-1.448907305923174,1
-1.665777302415662,-2.215046320426546,-0.38128806272566856,2.281838678787957,3.43850830543831,-1.097868719128797,-2.611440777468238,-1.1662282279953577,-1.850863796965958,-0.1232980464189985,-1.1051730810190554,0.3754065989001443,-2.1879914697181952,-1.1329018927418335,-6.2225398117846025,-2.616232464336775,2.754028653304715,1.1070142239824061,1.1623101363356578,1.261654341833283,1
0.8731108175499633,0.568781912775769,-1.850749415819259,0.5946588581611503,0.7614643933996998,-1.0665469620544321,0.2589630191379584,-0.7389510239018741,0.6648151701352545,-1.1822464019884,-0.25721603684469535,-1.563691784051983,3.4009483529154867,0.39849877872840567,-1.0100339279594952,0.10710173619857732,2.019903129695444,0.09877943755105899,-0.9966051894521313,6.389098453550106,0
-0.5839403624843484,1.789700869442415,-1.8494896041094657,1.1836246416233442,0.060933070339755036,0.5032033150848222,0.006881040478966649,0.022401588039713274,3.251005236610242,0.8331604940258077,0.7814746188612576,-0.8481306887444471,-1.015839120864806,0.9283449745581417,-5.05339812186927,-4.534342144302916,2.786145714535464,0.1433897463604586,1.7927585964857076,-0.0033262211772537983,1
0.9121551995440449,1.5330634736348405,2.279754932660688,0.6828787393784542,2.2998896006781155,-0.26730496732101194,-2.293660167526682,-1.4376025361115554,-5.571564790553817,0.0917583267555199,1.1868537905048748,0.058746923410738394,-1.5408236176183334,-0.6769702910612971,-5.588171388503545,1.3126493138490534,1.1446954744531375,-0.8183524620850697,0.08349453815417884,-3.003575866481158,1
-1.2607015949776958,-0.5026770371983115,-1.1661478313679994,-0.8687212456740838,-0.9802671417516429,-2.07405716260458,-1.7612558789009014,-0.03703718059913433,3.6703421643862284,-0.46021425907704966,0.7741795185432268,-0.850014504070297,1.5866207854969374,-0.4244843165341625,-2.0762254972709617,-1.3286872092863806,1.7747121780707182,0.28347847557650846,1.3324958201085202,0.9017220669775853,1
-2.1508269660283545,-0.9483732860411792,-1.2525338463702238,0.2541450389822153,-2.2855602659085594,-3.3654619175007863,-0.23279520675241483,0.6861216087738703,9.041109885087694,-0.17975613307640745,-0.2319240021136228,-3.3257579884479194,1.7851256119586656,-0.4834690199775001,-4.5369056655221405,-7.385635313180598,4.770525585594435,-1.2671015614018384,-0.33199128585000315,6.439723329172402,0
0.05047918451133504,3.3543685660349336,0.19917833836876853,4.008666589544162,2.5375828476369087,0.9728737140977544,-0.05828751654380304,0.2035247552148713,-3.6490166042096734,0.42393231161354816,0.22894024389627662,-1.6883817910472871,-0.8474599121836699,0.2398285379235732,-7.933483101657231,-2.1939577785497244,2.8310717319,-0.866336617187862,0.36163383287254697,-0.9883939837887513,1
-1.1331579836301726,-1.324649463968783,0.5450608431878168,-0.9842644484396159,-2.655804491219191,-1.8727184054902444,-0.9788771951936936,-0.6291561861216988,6.4904925967600935,-0.039830995283980514,1.374777288920952,-0.30797134063625303,-0.8971517919829612,1.3876308807840454,-2.624054064866824,-3.5442276591027837,2.2975658062726483,1.1566180339150132,1.7019021669412973,-1.2404831518793442,0
-2.5762156831907497,-2.3991838914732218,-0.5118931279258693,-2.132187555411476,-1.264721846124785,-5.919597233516901,1.7691298009533614,0.7900432041297202,9.0235520119893,-0.5965629295846528,-0.6904777115664218,-1.6065898672940233,-0.20306688147477492,-1.8166601035191046,-0.265075859100379,-7.041601958757368,0.1225665398143716,-0.8378432960225561,2.3801493368854376,2.2274153043907274,0
-2.5750849688576958,2.904481390092209,0.3489056297417479,-0.04395916786084708,2.253684615233348,-4.731733549493632,-0.3569551624706709,0.18464585699325556,3.6620517274785787,-0.36537743585665683,-0.9253363714385271,-2.374337614972635,-1.2400638151449352,-1.280415803416591,-10.539071467031874,-9.31002316579848,4.34299469287094,0.38581270320864025,1.8574533621145746,0.2971396736397624,1
-4.7457955624871335,-0.8955058689740014,1.103340490166145,-0.6802312336587614,-3.0194342725511927,-4.219146891468984,2.358380585806432,1.4985910968357032,9.207152404325367,0.0952931191602342,1.4707624743207173,-2.8461325397762733,0.40785081747146007,1.5557119779162487,0.0051160435364974504,-8.733369256303021,0.8084035685645424,-2.3787619272587017,-0.7682042534245213,1.372029625625601,0
-1.0806981362119061,-1.7099287505567542,-5.638278374235091,-2.2871835727488925,-0.6451841105198552,0.7778425503582127,-1.9283889576076298,1.0651028687320374,5.638315364629898,0.3427490054354261,-1.0972922697226934,0.6249466255936056,0.9101585997479561,0.5893372847338489,1.9300885148297529,-2.2053832877817134,0.9196173361234432,-1.0503171343221405,1.4639230793996942,4.879949977277585,0
-0.7988272458759055,2.191846673719459,-1.7243518765019648,2.3629560679275823,-0.6202034132338561,0.14037952076952187,1.6312895275579458,-0.5021715068525778,4.362218066346295,0.12390824563606952,-1.5821880508751418,-0.4593458790953382,-0.18842464176456808,-0.6235090134903337,-4.367714255362411,-3.3794063585349376,2.1585722945667385,-0.43807285678130725,3.836862627710234,-3.2069396559769,1
1.578533826442306,-2.3605232913960874,1.3142636874413351,-0.7955462957920597,-3.0200781933286995,-1.2145444038216306,-1.0333617030451823,1.0484018731416267,4.255126391551789,-0.2097180768228321,-0.553687515924103,0.05839283153685426,0.6621499966471712,-0.4118713992431347,-0.4825915976188353,1.0342631667019362,2.2383757719626987,0.11959795457485885,0.25633846737757715,1.3088520743073153,0
2.2107598330289013,-1.264912027975083,-2.7549149047182704,-0.40641730042604934,2.6364660384874075,-0.04507461716318806,0.16047615282506322,0.7527086936061849,-1.5214434048200243,0.5072855076006385,-0.7549418661797522,1.3783688505364193,0.27570967219166487,2.1831148564321228,1.2207657779879457,2.088210427278342,-0.551275730603344,1.6526854646819444,1.5567305325051992,3.7824082067896723,0
1.4500722983036154,1.4518359799087135,-3.4224544789130995,0.4577707409198546,1.08339238764865,1.7089508707758527,-0.5601761665928116,1.2477122918598191,-0.4141886814273834,1.1825169176703132,0.4471634130857203,0.4129990066771725,2.30805257548457,0.05806383002443512,-0.6497910653195795,1.7989313144890131,1.638500423252505,-0.5455526027368869,0.6412123300289493,3.2847150974640877,0
-5.342323322675206,0.6532423350559755,-2.6822677429581994,-0.7105542500874611,-0.5542238149850632,-4.167152123224287,1.5771045565483206,0.26454137610206696,6.019065924142334,-0.7730381824010908,-0.3547019443319408,-3.182736036677187,1.1810803012151543,-1.31394449670997,0.3741322348932731,-6.811393120934145,-2.208293500891961,1.7387983609508688,2.561758377171038,-0.9311038122126742,0
2.3809415945168375,0.804001105950314,-4.378375660892715,-1.0885758558449494,-3.686373417181981,5.365813912131108,-3.53089623589515,0.25138603885751637,1.5456087328559216,0.028060806383912448,-0.12277952727933832,-0.6798834345391087,1.2502691144406028,-1.1836328966144969,1.65733203855365,3.3991352049832644,0.6397761414823985,1.0147850596575199,-0.2076837049714697,1.7512691675192404,1
2.513272665487694,1.6496829008071852,1.3522074204080472,2.5746353887434372,1.3274863708750466,1.3765626940986686,0.9067339112415074,-0.8786526806291152,-5.7329359474665855,1.1760176917840621,-2.2511352240100946,-0.11852487748334017,-1.581554910210098,-0.23880188735057656,-1.9498569564453998,3.5796946628063746,-1.7241341420580436,-0.01917862516714182,1.750442974811032,-4.914027457329073,1
4.537862324177075,-1.0625594486049703,0.4977654725642582,-0.014868553438581289,0.9438074826053988,0.19870552285101808,-0.357117407246732,0.8524084101599746,-1.77209737213955,-0.09058702138811366,-0.20447632942450086,1.3348034723832864,2.362173597353804,0.8587331351593346,-0.2949863031693196,4.5569581511149,3.1412524369192854,1.7579066898546003,-1.8729909197577228,6.742089672512722,0
0.5083227901368865,0.2332813846824343,0.5943207119882699,1.6396575641627098,0.3557159545810041,0.9442888063684161,-0.13834329467123263,1.2372216428843834,-1.261528939260608,-0.095408181766648,-0.1791091508538055,1.308244268444457,0.5870951700678286,0.5098759829067596,-1.2454317404813455,2.2876696227682993,1.390387414029785,1.6314404017982647,0.6395947839432674,-1.7352744036022825,1
-2.6854201596051657,-1.1733868168484147,-0.00975594292847537,-0.5934417191086137,2.930559068961511,0.31501527091724146,-3.135097336201331,-0.596758318019291,-3.171083060310722,-2.2041733854125187,0.578809109784556,1.8411976467441091,-2.802038609022893,-1.662199495723507,-2.1054130671433713,-1.57610320542721,0.1054289902981076,-0.6717136568774156,-0.0077114364957544534,-1.896195605481111,1
-5.184266788154866,-1.0779083652391226,-2.921712880599485,0.24607643029021542,-1.6552425832476647,1.3481308721421086,-0.7146978860960465,-1.1221524151085256,5.108733378567323,-0.2963302826486849,0.23406131089431337,-1.0080844271551537,-0.3255197798242022,0.09061360172477564,1.682760629102567,-5.7591830102183525,0.0887878617161999,0.6607238244589877,-0.8504083789706409,1.1815130108532295,0
-3.420352952091883,-1.0256668895591234,-0.48553756878135473,-1.5774359020228272,-2.3496528230842513,0.6183024964934869,2.323699150744615,-1.3056713470362415,8.158420560204151,1.696791098740288,0.2254101426299924,1.2447615565230794,-1.7139954100886843,-1.1352253558884424,3.2929236494558185,-7.131047663122791,0.6988446972399273,-0.4570138198521978,-1.1394205130818884,0.8787916626322763,0
-0.17550431214148177,3.095278936997895,-1.6625161773366641,1.8724547962601963,0.8064133254849637,2.9238419575170917,-2.3831184597636006,0.7654307292350953,-2.5424764149573535,1.5062332353968872,-1.5077964445891907,-1.0299622658772754,-1.8980649817295898,0.3399049296657207,-6.011324166399647,-1.2380026317177637,1.3561604045696662,0.43379340501900926,1.515070863235508,-3.575403313824515,1
4.115254052645271,-2.626406853617968,1.4573634471811039,-2.0275600079387943,-1.110963675974299,-1.9531866252937524,-2.0604744244634086,-0.07172898181100094,0.15748652566065796,2.0606889337279184,1.9022831403539713,1.6142705817186898,1.649901874723069,1.3630483212767515,0.3314813790095429,6.239057347603321,1.273536413852323,-0.5286099642377425,1.1774153176353988,1.245451621286337,0
-2.462862537745604,-1.1910892943166798,-1.9774507266886712,-2.091338892366196,-1.2405575985969648,-4.301185827184735,1.3254470727422851,-0.47405307303580635,7.679689153907663,0.5054195590744918,0.08592660933240631,-1.1659313065785428,0.006133480164227656,-1.9625304945209214,0.6172448152705492,-5.136157179960583,-1.1652135994251756,-1.057936662008909,3.675133099835362,-0.3980152291782653,0
0.4226369485163308,-0.16383327472825504,-3.6256465716267163,-1.7018515746716512,2.0062821378638622,1.0052250836807162,-2.162693706472976,-1.519105291242564,-2.0421238119216287,0.2789781019156488,-2.080187972641872,2.8532789785564088,-0.22656217613904217,-0.7311842409140402,1.5121829737774295,3.91380130909037,-2.1080112298621057,-1.9881546189214958,4.252680301778719,-3.5130511874087156,0
-1.3734298790785142,-2.31716853620096,-2.5346396343704884,-1.4309542459739553,-0.5747809703088844,2.2817973373968563,-2.8043797752760575,-0.815576854438179,0.36165743561619795,1.6040982221990354,0.8485379473419877,2.0259848605854005,-0.32051810964129057,-0.58634080130006,3.6409797738419987,1.959061609548647,-1.1531666762661186,0.5723669415776499,0.45840367398638576,-0.5348735271949214,0
1.5593613494586325,1.3936431611452,0.5703781951341085,1.2462384520196752,1.3305980257015726,2.2689898257065018,-1.0363650059858196,1.4573716424645666,-6.0484545094055395,0.9601638968056067,1.314740264821312,0.18716365261775136,-1.0406112337901574,0.3343026976252587,-1.0701094169219358,3.504615162303512,-1.2053491133236245,0.665567197875302,-0.07624593301833094,-2.898599440691577,1
0.09003676107728942,0.640358035500171,-0.18698779780447639,1.0609387577599971,1.6214307805282155,1.8844891381826658,-1.6798532237720671,0.24472791816001685,-4.87098066269756,-1.8799117053720003,-1.467771340655257,0.833592862883496,-1.5420209978254031,1.3834901644375224,-1.3266565282973823,2.4354874509974906,-1.1732263307484248,0.664086228770222,1.1096862924894038,-4.009970649097069,1
1.918428192361908,-3.045328940180908,-3.7673893974250747,-1.9322965539175523,-0.07670693024854136,8.039570453531054,1.0957517958966054,0.21523861318770118,0.40709155019672344,-0.06594360833295647,-0.13481352569439856,6.034066858737703,-2.7372179742040776,-0.48640908866705174,10.668974291273932,2.2384838748566107,-1.7553385796969267,-0.19295885256670225,-2.548712629652181,4.344051464966505,0
-3.2226457645252005,1.1513056330684175,-1.2255023849423095,1.687992842950358,2.3022252803338064,-0.462246912956598,-0.06998292896529135,-0.7823374710664194,2.469189724014891,1.1709307785954146,0.4461557379622669,0.6403466163211449,-2.3886024551864846,-0.013783411986730233,-6.329895065752275,-6.709570636260717,3.033315644549342,-0.4878711748161698,2.3716474516130734,-1.9145588114179586,1
0.7882945928059375,-0.46043521110579116,-1.6579585464733302,-0.035308110664962755,-1.1575686598805697,-0.09601534598325101,0.8917463601614879,0.8182266164596151,3.8853732539755983,0.024107168287894772,-0.4931232515794686,-1.0212846060254064,2.853511026755159,-0.28749098012453,0.9980154135606805,-1.2027887751877588,2.525539776903104,-1.2486884854285891,-2.014863484345277,7.460282192607121,0
-5.569807343871486,-3.8620767033227796,-2.4376635872222594,-0.13573581936645462,2.4032429804913766,-4.602200198250501,-0.48831803083765657,-0.1842694730461071,7.893914650303992,0.3317880317096099,-0.21756368625587086,1.41901411240785,-1.3232888540599717,-1.3302923563147366,-3.7312271430425334,-8.89895898601171,3.3368485323657913,0.8275142147312098,3.2690455298974346,2.7631795595516437,1
-0.34345865483423377,-0.6292499966073388,2.929335498836788,-0.33365962504936597,-2.172705247024729,-4.027829136575811,4.880573602719013,-0.410256035921087,7.993430581172845,-0.5826045205661375,-0.0477081566758965,-1.0330438935549755,-1.8166376711017922,1.413774727492927,-0.8527933467788573,-6.908450209074445,0.8432806084379673,-1.5155264613855894,0.9489215771887308,-0.09235513976287653,0
-4.605750237838585,3.1760592051372836,-1.0269076344607257,2.4271397225295104,1.783262356232971,0.5199699025191746,2.288942437224545,-1.6318705831329816,3.0981215847794363,-0.8508863000277902,-0.7924151516998811,1.2563198322889235,1.00667273904057,0.8292921113418817,-3.2789872250915644,-5.9766408487079765,3.5740803273075405,0.705099736904737,0.20353579806918953,-1.2224198095543592,1
0.09699603240264676,-3.11779957241737,-5.171616997458534,-3.578540139444619,1.4938376394652042,3.0514891428374487,-3.650716260616962,-0.9623307674450841,-1.7463141652442429,-0.03757959144892407,-1.9070238860698252,4.837517676225788,-2.1264931705669348,-0.22980370331577363,6.193611094836261,4.9660166391446685,-4.225822802819843,1.4746311275151218,4.103172409795302,-3.230392474822224,0
0.6946381561409021,-0.5972521745519017,-1.5955250571964767,-1.7683066336209006,0.08372996591235682,-3.0554721505865654,0.9854514536901622,0.3575758908293014,4.062651260680358,-0.6529019851784491,-1.249476488541901,-0.28532051218061516,1.2500035064038433,1.3427094389440943,0.18181071283898878,-1.401479135299324,0.2889825971601051,-0.6758008534284953,2.0616671020094337,2.822505835312635,0
-3.1626773035522415,-1.9103701320806603,-1.766324438595608,4.205741043247666,4.464345146585704,1.1680368373352643,0.2535434513495818,0.3924377040762278,-3.9361390657092987,1.709942050999601,-0.47416168549832216,1.1095140328208672,-3.7671662363286416,-1.2365556001487341,-1.998986300833045,-2.4766002196750936,-1.4841217519725636,-0.18738931935650738,2.506116153523979,-2.662291440261815,1
-0.6812731565183091,4.356075208576265,-3.850187368414165,1.5933122822548218,-1.7026664254847954,5.697551026470406,1.3239894041462195,-0.5272430277356126,1.9502912437519293,0.1400593061162479,0.006638010381105304,0.2329680184266728,-1.310438961957443,0.3407676757274373,0.09101932627063535,-1.7386673055258004,-0.7445979494380084,0.5303099362479597,2.500118398894818,-5.672929102048319,1
1.0544143856368209,0.49596868034126956,3.37310436592883,-1.4502089727180973,1.882564373222087,-2.950040577994746,-2.5242763947956064,0.37493286844768214,-3.8985288039333676,2.380991489339341,-0.4125260725372831,0.09869410544588919,-0.8803655517855802,-1.2108740331176684,-4.915931337182369,1.1965292494857063,1.1335306744586056,-1.147490415073775,-0.035757676315882225,-1.8895516523061953,1
-0.08320475758531998,-2.520171466207096,2.8402200214180056,-2.137682917353925,-2.2869322169864947,-3.1417286721177575,-0.4280559042018053,1.5676785372146536,4.053768114728001,-0.9679723903754718,0.19346537098823938,0.8632294009869588,-0.3130159737974101,-0.5117817241250272,0.5224445107293206,-0.026205266324821293,0.5381591070170952,-0.17735654863990935,0.7937357616579318,-1.7551834670388686,0
0.9427821781323495,-0.9067784238149301,0.7041386568807395,-0.8434556473135191,0.016286037656458308,-2.5793899402256812,-0.4182911310973516,0.6401707108826453,0.540533560584057,-1.171414392093989,1.309813335192124,0.28687832396264157,0.5070344182677822,-0.020426742247011312,-0.794518943441422,1.7583465134312235,-0.21244420540842412,-0.7539698852904088,2.220564968995613,-1.4372806838941237,0
-0.48058238391846214,-2.1505905217427355,0.4186026902505551,-1.8097707705290758,-0.7554553163382118,-5.110763536085607,2.069412445225505,-1.221428498419076,5.129057984371285,0.001467371442110529,0.768440731326766,-0.8553043635070471,-0.6291481830786028,-1.9377901561814954,1.050567270268445,-2.8133560011505048,-1.925578682501431,0.5360092255913662,3.1574811575188066,-0.5779346736179451,0
0.3382081242396482,-0.9791537963060813,0.6208409236817027,-0.6330574295152849,-0.4606799911239049,-3.306264775473039,0.6783265721271061,0.23847015891454734,3.0741327266825413,-0.2764512536598367,-0.45835559274570603,-0.21119158815297745,-0.6787095259587186,-0.444691133350475,-1.6417678638061703,-1.0728865443818263,-0.21184877689230674,2.0956903299603655,3.3186755864084967,-2.2000316022887585,0
-0.8650586383767369,-1.2025608711848046,0.6011029005951363,-0.8527905000710827,0.18137197042745623,0.2681365172166054,-0.14112686284532683,-0.20958776620291633,-0.48274372029489904,0.2545325897876385,0.7674759178141847,3.383824764845336,1.654553528242322,-1.0151475363744358,3.8921134919795914,3.851115248634614,-0.38851161494037534,0.504050337735262,0.11115120685591418,-2.038591589704863,1
-1.8218489723380669,-0.31083543340105746,0.0937452516539613,3.1861042411068867,3.458181557186726,0.41261539493354465,-0.9543575019042859,1.3818480357930825,-2.97596077068823,0.6291798578745547,0.07657993120346739,0.47364793110555187,0.05237400751775312,-1.6290932886306528,-4.510813732151675,-1.8488365551397388,3.4872480667973234,-0.7078562474049283,-1.6582346700040642,3.114942632564507,1
-1.646644929590141,0.8212548508478746,1.521968876676837,0.47446453182967263,2.0407693174709465,-3.347243731791287,0.345455574237433,-1.1939024401995502,1.0712473612764557,-1.0069470496085993,-0.37740118505126985,0.6425382082271206,-0.4299759244311012,1.811701208981497,-5.206112640982637,-3.066681719809116,2.303612370696719,0.7198641688472236,2.054340336946992,-2.351141235209796,1
-0.928662330691876,0.5339050972426671,-3.2530388549156433,0.9381632678635654,-2.421410755766895,6.451901115239483,2.166992235977223,0.931569231063757,5.529974824286463,0.3639713400560984,0.15949102441843352,0.9188514263175391,0.8666420056447581,-0.33840722205681556,4.441731269608755,-4.352336419491154,3.2781606570981765,-0.8705302562280075,-5.233908769311668,8.102789407892736,0
-0.22724948499144793,-0.09375466392602338,-0.6072484764359612,0.1410577531287338,1.3862708630873783,2.7655452277829378,-2.526736918562529,0.27440120505235754,-3.601128921245703,-1.1242767035241603,0.7745828158224525,1.3008779771951828,-1.2334500377434243,-1.5423301975893509,-0.672497684824441,1.1300811613888428,0.5558003401927317,1.757071341531166,-1.3090778145443795,0.05986938477599942,1
-3.9710454182423316,-0.883485506906321,-1.902940382414697,-0.8994418334630128,-0.5776631307456495,-0.951153879079365,0.6051916615809887,0.5222968416165916,4.319192801317811,1.0966131834620525,-1.012154038322279,-0.7691811130585553,0.014937552541720023,-0.42801193205420235,2.2751470450415696,-4.913884389604873,-0.9824575087627756,-0.4713265035703927,-0.2023692889032478,1.2703400755991152,0
2.435847802174128,0.5324418540294212,-1.296149180955671,2.899418151320047,-0.004942204749250778,5.757397772465799,-0.6368157613624086,0.1828039641701267,-6.307366996425001,0.077974461818732,0.8370510042355225,0.5958272850893424,0.050615423588690756,0.506379498694662,2.5608755209135774,6.474447284242629,-1.7717687832419806,0.5281585217116831,-0.7948291685582827,-1.4191060739529067,1
-1.4687723057575117,0.6161582101966447,-0.5879722267711365,0.39317016963010704,1.4375633883846892,1.351311733598252,-1.725794575419267,1.822271226723243,-1.880242653595321,1.3154402182249612,-1.0223096560479346,1.0631308556672847,-0.9937443576067916,2.2725276138044332,-1.8907501282821173,-0.5399202364293347,0.7409524516193573,-0.8095673868458734,0.16496668642298384,-1.7948691086324997,1
0.47636401469197454,-1.3924339380441855,2.5242473964570085,-1.2853984115058616,-0.9221951713634673,-6.3324390757548485,4.451871804438727,-0.6851858784105075,6.896821530398458,-0.31575800821709465,0.4620742558975168,-1.3014098057975727,-0.2311982074287393,-0.022965900314450522,-0.4599256299812759,-5.079405664447414,0.2987856494735228,-0.4558827353720192,1.4630595550167556,2.1401910427881505,0
-0.682581517349407,2.206186200082122,-3.173214280708753,0.09292495985260762,-2.787841628441151,6.978676666570076,0.7873545718380788,-1.0714193917120802,2.7713326962710907,0.5320498384858374,0.41420159943005663,3.334722670647949,1.3586098913847333,0.7110339802617263,5.490693623674479,2.036317391438875,0.4582914618937632,0.23142546831230806,-0.5399546210884152,-2.524083535977352,1
-1.4410031720492782,0.5754371166879282,-3.7662024940316066,-0.024747089029224734,0.25866659859307495,4.093231833030757,0.4340100442987255,-0.8510345217095674,0.35640252635920905,-0.546223684466106,1.9362771126445633,1.3808981438360812,0.49602152421597134,-0.5204029902394508,4.434377594643304,-0.37749317701804025,-0.9399797077428913,0.5403840477736647,-1.125045528173238,1.8744039020740975,0
-5.071907742589102,0.3596500093499941,0.039498233383462256,0.11331748162968158,2.6631485311481704,-4.450437545112666,1.4830476411294493,1.1213940199703027,5.411987915446489,-1.0221012939641378,1.2664270376268931,1.5372798140973376,-0.7747781625709425,0.3094599960034553,-4.865957437953771,-7.96793714053112,2.93181389456168,1.2495376393526856,3.0171165843550547,-2.0552488777072973,1
-0.6539701059102269,-2.1823042542528768,-2.8291567996093345,3.208618536524189,1.2843763218567856,6.058499925207359,-2.762966997302553,-0.945468708176232,-4.484109333439084,-0.987702687655587,-0.4793337774953818,2.2041872858380387,0.22027069710933023,-4.019121156763875,2.0170589971593182,3.9384986705879115,1.0518539542017198,0.7880854407681365,-2.057389233195754,2.5753773964601843,1
2.2759994080621713,1.2202763108586874,0.6260421405814469,0.07848008159055786,-0.43100361431945733,4.229352430068563,-2.301173629937958,-0.30085274896254033,-7.138295467958169,0.08494807836662877,0.28682824500187637,1.5569860800728201,2.452429004841785,-1.381993551174754,3.579798360184411,9.132039463770612,-1.1907844248232862,-0.19324244245896385,-2.491408050222767,-1.773086929463137,1
-2.8599944834505315,-1.6328389803355525,-0.7125437723709697,1.8523461085396997,2.6512915508206962,0.273100727926523,0.10618846068259158,0.3368112723874649,0.7724703161735765,1.191998915532283,0.6459120154192018,2.1715766338319495,-2.5282529920225976,1.3336697411479546,-2.3591733493135467,-4.011933165789324,1.706001201482947,-0.7645469051075113,1.1833618827091597,-0.49342739205734215,1
-1.5186609611698159,1.2260153091213002,-2.9952137557601333,0.42048513415234523,-0.6470393383157292,-0.7676380436910878,0.16504494273340442,0.5216746491717466,2.81963455893799,0.20742058496143312,1.2004904567737311,-3.0395154388421597,4.294329009673557,-1.8420311772390687,0.13076905935462724,-2.0829089962802985,1.4641361269018751,-0.9704165795625277,-1.741948376340477,6.458942862451519,0
-3.8499496657424563,2.1000916561436225,0.3100098163858962,1.5057242403488194,3.600105931398951,-4.725858407334454,0.31897767019186185,1.3871907131863401,3.7066713343246733,-0.558075932285895,-1.821856901770366,-1.3374811007558935,-3.83371100086677,-0.4121039499732385,-12.155033228559267,-11.350908626284532,4.033064736964629,0.7173234939267886,4.0928154164078405,-2.8301678259975573,1
2.343323110139054,-0.6026588191548241,-0.6557644991312136,-1.3380872382086406,0.8156818215820787,-5.113992148253337,1.0696020565457383,1.33005659821205,3.142377530111249,0.0565155544836897,0.9862333952756013,-1.247905239552128,2.7219676756860407,-0.5577784798460769,-1.9496447020232244,-0.23248477257421704,1.5734594057949791,0.7575291392086145,1.8806394208874968,5.339615725465813,0
1.2271914661628733,-2.680083460039439,-1.3439767788097756,-2.3844106469593727,-1.112943372401284,-2.366732621422465,2.8394078310732764,1.704110520866804,7.075221811913221,-1.8448803728381054,-1.3552054073404338,0.9131254445383219,-1.2075326976504746,0.48752205869567816,3.196067221786757,-3.1037985346418817,-0.7725244591994573,0.0529610899146122,2.3127621156096376,2.9820430970361627,0
1.0188824720294853,2.309916542545225,-2.6315698410422312,1.849488957283481,-1.0695737038725701,6.1701920045910095,-2.0908429946449134,-1.7330137884913392,-3.2389261936942155,0.2734077897503936,-0.8644916117566375,0.22696016656543272,1.8122687403172157,-0.7634876247136259,0.7571099570513247,4.352066378695646,0.9460157937500692,-0.4485906214500624,-1.5886074656207352,-0.026524498774729607,1
-3.014314312436328,0.28331008043641615,-0.6978397568223339,2.388368400307672,2.336032240189108,2.2886494209548895,0.7518354775316933,0.9847346857512055,0.3004838550751995,-1.814447367262549,0.057955168641172075,2.7741440543702165,-3.474986949183619,0.740904633051127,-2.6266254525346286,-4.289518916209852,1.45580284242788,-0.7228276301385732,1.5887636310962336,-3.8085618607756784,1
-2.9544917667895962,-0.6431751775532295,-1.3075577222849668,-0.8626068894421868,0.621062635799434,1.3063153127167089,-1.7018560741528157,0.1774864154778142,2.1507571124984954,-0.9925609153928416,0.9281628335101157,3.0701730945438817,-1.8051101533773817,0.0741518959311109,-0.5358485561475413,-2.2739696181302986,1.1846259096281484,-0.7228012370979725,1.5371351467728382,-3.1765357733497974,1
2.129973636331976,4.445745429295286,-4.234900138449335,4.416973993114776,-3.2660973250991967,10.838973846330715,1.9526259454246364,1.4021818738013903,-3.406319467599645,0.07589463184009229,-0.9234649965579527,0.9105614636885092,1.789522054715454,0.3214630873029826,6.134965009872121,7.595368569927527,-2.777787599536653,-0.2099739613735248,0.49426187668967736,-5.909448025802612,1
-0.8025322960647919,3.734604536785822,-0.05431340821339381,1.2472923446618176,1.7243217880051502,3.122043637855565,-2.5677156871317575,-0.07484063612659135,-4.737092824382767,0.8425924426888154,2.11268738714391,-0.6032390389353954,0.3930622023820538,1.297753711787242,-4.735130884199567,-0.6642926674636633,2.9579744486593897,1.0430704919703606,-3.2397750021571836,0.7905256759448336,1
2.203936591591509,4.4198087278679274,0.11827886010985678,-1.8982077692538801,-1.901265321870058,2.964373532707123,-1.3331827908607239,2.1191036023595675,-2.480141777409806,0.3734453554444396,0.1143834751359338,-0.5915917091609331,-0.011297153279882566,0.968176152875425,-0.15986198440125116,2.894392516868212,-1.2177424588820205,-0.8498716714065278,-0.2852777100117594,-4.552704138873227,1
-2.7764956599153403,-0.23712542298958472,-1.486299070224519,-1.1442364819736264,-2.9351551670978298,1.3192216092320113,1.495316632010342,-0.04098753284461416,8.030225458514671,0.7410992282667114,-1.1446176648765949,0.4116779170134506,-0.9616995253165572,-0.32137110185219164,2.2301389114866432,-6.173354853989765,1.1069048475155379,0.4193460736613444,-0.5983834177376177,0.8261544169720474,0
3.2070957909805067,1.8423697487148811,-0.28757893062912887,0.14214591147226596,-1.113481251900411,2.760474141164762,-1.9292444098636714,-1.9788681601400961,-3.142380147390288,-2.28091210820784,0.6918287913117352,-0.556340592634456,-1.68044920287443,0.015568274812603318,-2.0935862974331645,3.550254505794195,-0.9595047612288845,1.0795235160501695,1.7519355380138553,-4.378183418963943,1
-0.3098378989617403,3.556641592883783,-2.0622791767274817,1.1769918625353273,0.28998316481218156,3.867183046922082,-1.865115519290156,1.1089802385271024,0.11953226195090709,0.5757967128909325,-0.8789920131961103,-1.0497557786430929,-3.924388836914537,-0.6925857199104988,-6.9738285232446895,-5.270803545249434,2.407543970441707,-0.5364541150229348,0.9258037591525399,-2.41915330160927,1
1.4890167143101485,-0.7149667013986473,0.48746896058344924,-0.4253289428777927,-1.7321457858972478,-4.482791094391652,0.6941322705002515,0.7181007888740206,6.765452143852578,-0.1671111278986771,1.4175622239040202,-2.1765510068495235,2.3978094019804117,0.7021929116496299,-4.153452193681773,-2.943186113417093,4.278233649919123,0.5221815959136071,0.6905524754914721,5.548186905113223,0
0.6500243174081097,-0.10538852021011047,0.5767849623825341,-1.0426803747986582,-0.8822397313058555,-5.760590552857172,3.017026470339938,-0.08356255319286285,8.29805937174787,1.2124767039620095,-0.45815932859321384,-1.7576228657487816,1.4311196401953412,1.094650815910273,-3.4454629133020505,-5.740147779645976,3.2569885752993235,0.7351552319892513,1.581560994543584,4.6634708739886195,0
-1.133437383656057,0.04403706873584623,-1.1093689625585839,-0.9406937239084412,-0.8048935874967069,-3.8562111889963147,1.8836868605171475,1.9878065647620853,4.827094822579568,-1.8517647462704183,-1.0515312335846951,-2.121362730126653,2.8010850818146293,0.4266558105924759,0.8091936346555938,-2.6673326951324414,-0.09184202607628211,-1.0699425513951173,0.7592230864742626,3.215177113196348,0
-0.8099472739425351,0.8502308284859943,-4.285484819724331,3.0076835438239202,-0.5985547230947705,6.158899974734838,-0.11725443963391535,-0.16869103498212665,1.232315689971077,-0.10620869171899912,-1.2447227969187662,0.7713435931312713,-1.7438587076424032,0.22060692295888165,-0.21966872588317352,-1.6616517322842443,0.9368773300232627,-0.6706762364050985,1.0498074204759693,-0.833480652667513,1
2.140530515796236,4.936845878260859,-1.8607668721376684,2.9819081622117034,0.5598083736510469,7.8240567314562055,-4.5757808072206245,-0.2616635842307758,-9.351037365491996,0.5545285700218084,0.36519790841142424,-2.001649821334312,-1.7489517364448015,-3.1956240884900367,-5.420316283990288,3.5012767672036365,0.5133863150230971,0.8523631348003574,-1.6352807441587036,-3.1858991881899157,1
-0.3073310530197603,-1.7206765279537546,-2.1775344633022526,-2.079201674644713,-1.5600805707250909,-3.671821938432039,1.8871304879817503,-0.8086600416577134,9.079644954396196,-0.07256648695919042,1.0353964498047432,-1.287712114307728,0.6118622151652304,-0.8499082527601255,0.39144502381182494,-5.647349722933325,1.198205853286106,-0.6697552997899471,1.672403791288746,5.383180210618555,0
-5.43774875294937,-0.6046331412220733,-4.865919177339762,-1.5487854672530865,-3.4650637927472525,2.588924253194024,0.5446300334627521,-0.4183194199414598,10.286262851569738,-2.164885808912056,-1.6662228008386173,0.1287724677242974,-1.3873916124249719,-1.6097727003353888,3.9200148172773392,-8.330878900403045,-0.2713567791293523,0.5121711192871908,0.6509778484011863,0.12392577994084052,0
-0.06610900975624068,3.6343865785207754,-2.6638039349960545,-1.1313216997890527,-3.1157187582282413,3.0833573266989474,1.0648289894984486,1.3938584729693488,6.232977077309279,0.09256355362227849,-1.7480674719137859,0.8424738072784589,-0.5154766982261485,0.4343624898395662,-0.23896591471679363,-2.709344233174985,1.0498332396060177,-1.5843834266666759,2.617937601562086,-4.286837174747641,1
-1.9674475073699988,0.08236910410529608,0.7146778495413819,-0.184914552867548,-1.8493641191669912,-4.951542990942018,0.8573315016866789,-0.9334385138729933,6.749344420536157,-0.10132902281809021,0.23788077019964818,-2.840781757867238,1.2538264866914952,-1.3341607557492254,-3.8781390797389728,-5.19928827737559,1.977273145624182,-0.6604695199582961,1.7546335011215737,0.3518925805436212,0
0.5121748493676839,0.9752812303281636,-1.4869445203324787,-0.8172874611922036,-0.7994010951818407,0.6411547360021649,-2.45544601578905,1.3009064535471864,0.30866681006039004,-0.21274001806560003,2.4729999267680864,-1.0581747578898084,0.4071804545350539,-0.8234340949567343,-2.138887984507685,0.29313985605931536,0.88267472663314,-0.25213765264941096,0.5262334028238347,0.17482391331895974,1
-0.7514068360693285,0.7069710706993365,-1.7752671054380769,3.4665038256412393,0.7417526473427862,7.085521584945678,0.03291824328399384,0.8604009567555533,-3.8365225933816864,0.6747335553087742,0.30015374152697616,2.885632818441808,1.0260141151695463,1.4983949574188502,3.133135153589613,3.3935936718811295,1.213234939663646,-1.7159390725522328,-2.880258957591317,0.6003619275988424,1
-1.7861900261259194,2.5897915191481076,2.3916450928181234,0.7718636092873743,3.023776102699382,-2.897766886411216,0.27960211096722043,0.23111327104951215,-0.6968351477264891,0.3583866131281748,-0.09033230551015822,0.32656049578361973,-3.193405673504036,-0.11806975592214562,-8.367675832127306,-5.220021720903041,1.9599822006231629,-1.3598560244719025,2.8040280932560115,-5.8144784861924235,1
-1.0697681470059135,-1.393261156774521,-0.9645176506730068,1.3758201158953214,1.4339522331870522,3.5582304692571447,-0.5159893020245818,-0.4490401927324806,-3.503987457514276,-0.7585177963827971,-0.8377590998621844,2.7798305988607463,-0.35395817632488696,1.3160559602096273,3.561861739980162,2.8529708531383924,-0.9141282128085606,-1.1918156909863078,-1.125413644516142,-0.489704655744555,1
0.8060520905343143,-1.708971794211119,-0.3593174574341544,-1.9286982054626192,0.7678273507790452,-5.9065992559629565,1.5607942247495186,0.5024883236221023,3.8332461273574783,-0.10247922314240923,0.4580155514898559,-0.6336755049936323,0.5678685283641288,0.28574016127659174,-0.44355188969249765,-1.3871902077051315,-0.9656921605270563,-2.413448170283476,3.7831328967531244,1.2836561784696865,0
-0.7926924405080958,-0.8998862252054072,0.5743338438801047,0.7224484295131364,2.179044250406236,-3.261483363605501,-0.26267505572329763,-1.970911088659686,0.2951347708437151,-1.138854967307,0.9149082035567687,-0.5833070163109566,-1.0150596680676203,0.47438303898169265,-4.546422538845371,-2.890600492851282,1.4111031981557995,0.3216893700802989,1.582573053539142,0.7049683924786795,1
1.7856461657021547,0.8982939781483995,0.05894723359074139,0.5911214537352445,1.043062378442127,4.377700509115575,-1.3960206807060307,-1.8100431225280182,-8.411819652914827,-0.12610241655815774,0.9683751663534794,1.1039473246155591,-1.700481264743208,0.7251601334034021,2.9102373749613912,6.22817048172524,-4.014065757600845,1.1561357486456394,-0.43948976038457044,-4.673574721476566,1
-1.5056290349063755,-2.0683605317935756,-3.391435806313755,-1.770887680994861,1.3038033421033408,-4.516222659579081,-1.7164786070037776,-0.2624810477468882,2.682509784095649,-0.3275594233689797,-1.7196275186655354,-1.2457650479191007,1.0651179216079614,-0.719033595962493,-0.8320272960274735,-1.3007174854675483,-1.2802255794718478,-0.33437710670132015,4.067147278630737,1.5471818862209952,0
-2.887597187995273,-2.2869598294985405,-0.7485052821661977,-3.330528194048381,1.0946387099687138,-2.1885134002620927,-2.5842311094919186,0.6770023973137358,2.8963069023285586,1.706462455746808,-0.9228129499824342,2.1537112660461344,-1.936050436734753,-0.5411811545334609,-0.45742186013763864,-3.301426391968562,0.3630468915131307,-0.5009405371965816,1.4968871677590048,-0.7984000250268162,1
-4.156468538132786,-1.698075836899795,-0.24010990719994685,-0.3969180833091453,-1.514414849777903,-3.70477881919951,1.3972502698748022,1.0525504945983397,6.862472003395581,0.8496840249283797,-0.852379241858792,-2.702489441010232,0.6037831792796494,-0.11256052914617856,0.3216532499255834,-7.260266058648517,0.4332795478311445,0.04999442712030695,-0.8894136665899448,3.562796952305648,0
-2.7040311985632117,2.415579869191257,-1.971197702593597,1.6256877106470156,0.9204820271109023,3.720643408399759,0.09524234717800972,-0.08374738765171298,0.41528580123255715,-1.6721595136444953,-1.7220235808146194,1.4097944438776646,-2.3019707870817987,-0.6468759020702652,-2.0946585676539202,-3.7736410147688595,0.9887406638460869,-0.0640564346457395,0.9619940015698052,-3.890400352487581,1
0.7862876252210524,-0.8176372226763952,0.20965793266198696,-1.292543281720446,-0.21067745994644893,-3.240965752282139,4.164734703481322,0.6084796813064874,5.814895421323194,-1.463626458032287,1.2459138486184576,0.37085134885891535,-0.9828075958509046,-0.3800719668924537,1.1298562225550206,-4.074297644674101,-0.3157068696031431,-2.1169025919563484,2.0504535822760546,1.5021687841271976,1
-1.5286749619987754,0.6733986891811677,-0.4110234264448019,-1.2868717426159957,0.05621903791057714,-0.816306484516454,0.9159891150708332,2.54210634866988,3.176857251100322,0.5833469497415206,0.7855463198980283,1.729933117457179,0.44803293839108127,-0.32713704663827264,0.5842962303324708,-1.7991144852527912,0.7103935285522993,-0.46000206411180583,1.1322823702357698,-1.4420453068201013,1
-1.4405333962294136,-2.202888372045586,-1.1492598374693621,-1.315967414859044,-2.1768938462813168,-0.18649317224168135,0.2886819390906251,-0.05574617812386366,6.580210130714227,-0.6967047672987804,0.47760112766229346,0.647568127148999,-1.7925002566160144,1.24940142981085,1.3730842541986488,-4.035551396325693,0.36388081344519496,0.6324586861481764,1.2515360867839507,0.17700821952162754,0
0.3527258288821806,-2.8732298763263904,1.3786438355524477,-1.619381239484131,-2.6254332272358045,-3.0547881903278205,0.8161216998703585,-1.8265557591292327,7.5901547139923,-0.005386506614087911,-0.0657289443524329,0.11015921729928557,-0.9892763816623125,-0.9526532293994713,-0.558234120236842,-3.5430292208127394,1.999355549420079,0.1899139709201114,1.0266093659874453,1.740494766831369,0
-3.8523839005491487,-0.14048964517925733,-2.2925576790031865,3.47116011489158,3.7748050204873795,2.357162270278637,-1.421099800904499,0.3655715546381378,-2.0795073264961035,-0.480201725345037,1.3846304581765432,0.8492856273743982,-0.6888793996191125,-1.9286137303867605,-3.822172801120341,-3.994073338864918,3.2682799191364156,0.6478049719508239,-1.5072192480266893,3.089787735186618,1
0.5958185324356915,-0.31548222045679614,1.6594500607931846,-2.001579711974028,-1.3373144785826927,-5.429846179531135,3.3743873605809904,-0.4062337583664761,6.43391700441073,-0.45771894803881824,-1.0501035694666678,-1.0668716103168263,1.2852069311371734,-0.15526930410375947,0.0962081294567966,-3.3175760452245973,0.5544457427241357,-0.40422329037518645,1.185106303397954,2.0038894253074195,0
-0.5754012154487914,-0.16071000663079804,0.4134095156347599,0.7490706459293028,0.15371095408548852,-5.139482062231273,0.9498937615239322,-0.9078688084774094,2.0892526277994103,0.5055077575917957,1.0508882409468694,-3.3770801391690197,2.9328040134597995,-0.019514802751701654,-2.697092289266267,-1.6743540111662525,0.8206065528579359,-0.6937253088683843,0.7079772582308645,3.2090112493612453,0
2.1430439195472237,-1.830941429477251,0.11310043250986523,-0.45910093149489456,1.297134695195339,-0.2799281260875433,-1.7946536092839775,0.5107665885939133,-2.9645685569846516,0.02682953092481496,0.29197320006678507,1.8352373795721013,-0.22933234857627705,-0.011409078855165644,0.02638988943596065,4.605063864212774,-0.35029761323920217,-1.61029815551116,1.5897768495294655,-0.6774830686410237,0
-1.161325210759225,-0.4452007590782501,-3.5118432876213275,-0.2587873469815606,-0.34584911326763706,0.7396210512245903,-0.4740432343588512,-1.2618897827267748,3.848642741436691,0.06265449277865744,1.4761900997298043,-0.4290325804299013,1.4598073782523329,0.2881655076420865,0.47722449635585096,-2.619522456110619,1.7591958669174879,0.20091093732841497,-0.42636430015022575,5.098737533075572,0
-4.45977480891999,0.1982869087325786,-3.8530384855756266,3.818495551177887,1.5301465812539226,2.822342827147891,1.6426806280126496,0.04964376356751898,3.5992703242328226,-1.2650189283134636,-1.6785011885482375,1.8617010448961584,-1.7725214177280493,-0.14147620346559694,-1.625297908997729,-5.575989379383678,1.5880014275417218,1.8359124002008285,2.9440189194814534,-2.387820155890292,1
0.49046019615679337,1.2505964610735905,-2.875021605252539,1.1438367037068637,2.6595791592524067,-1.1351751642240786,0.8033547775328699,0.18280171273074106,-1.8553963808240013,-0.5283967720203763,-1.568881293023388,-1.3309522863954397,1.9035723933727742,-0.36568698487245527,-1.1481781623952245,0.3989927705221438,-0.5827961965547492,-0.6042894316091492,1.6049252645288044,2.7231959231241194,0
-0.1884569158153344,-1.8526528172394814,-0.15929396459012224,-2.0680833375314935,1.6145298084114696,-4.512854769181485,-0.18053170849481337,0.7614897389393612,0.9627570101685868,-0.4854413691040997,-1.2188183332176559,0.8021367038738769,-0.11026022435518934,-1.1094755448397435,0.01983080210923127,0.3397624091077971,-1.5817714713669202,-0.2947110388441811,3.538105308959688,-1.26511930795131,0
-0.1779607905237538,-0.42816230573753955,1.3391857966784928,0.15634073794684078,-0.8775857809841655,-5.218645676350658,0.32972082652048795,0.6958333799556499,4.443196044644228,-0.7245647575411844,-0.6518995938750431,-2.6405291565967186,2.069306064045956,1.513794255131043,-4.5635982304206415,-2.8240444508824614,2.8516991185730243,-0.030015732047902168,0.9371820914334663,2.6917438403467475,0
-0.4806001187489358,0.5218028659260607,0.08498622144515611,0.6023110640511835,1.6294305225353036,1.2397419495725603,-2.7372272016501498,-1.3898470660572526,-2.982757412710031,1.7634856074177445,-0.16100816619470118,0.558491467984843,0.776837450864754,-0.893030501908519,-3.0384059480308037,0.6284127608567415,2.9394825982608497,2.165879741391191,-2.225207384893716,2.294654249359646,1
-2.5041673513578804,-1.5752161436645402,0.011575254924110934,-0.6554873330101194,2.5818294633494343,-1.4093608344563522,-1.0788578769904413,2.3561289626774022,-0.43373490585446467,-1.3416189757453971,-0.9187853088777681,1.6257251791223102,-1.8931197613155881,0.013321019523264815,-1.2042623725240682,-2.662369213533285,0.2287443020623784,-2.0503721163607103,0.5756979083995367,-0.39915343718774965,1
-0.6189134710771613,-0.9084822349596315,-0.05147895920564294,-1.5745263292171994,-1.4555246910841828,-2.750045027009866,2.0793742992435593,-1.4102645281739967,6.833897171489103,-2.1278457219335216,1.3137006117919356,-0.12332315874570754,-0.16166034549019093,-0.12877425478424495,0.3915333380875704,-4.360146963661261,0.8716672488902673,1.032893484091672,1.1807486991540888,1.5478015770521814,0
-1.4645387275231114,1.81625126029206,-0.5779908102853474,3.0124274455703794,2.3330670910595055,1.9399616930688188,-0.908305415098809,0.13398422394332238,-3.3056210662011543,1.5538331422956793,0.5916247232846588,-0.1623738534985144,1.5317323250164956,1.0820841971530328,-3.6109576147832274,-0.5823739662855344,3.219835146926325,0.6288712544525031,-2.331325519674918,2.500967130481894,1
2.7600555584580997,2.0673690973853134,-0.20297305722345005,-0.006242220455591974,-1.4522885996971382,0.26979607805275424,-0.5807800152450477,2.4390231871773165,-0.79497738999735,2.070253084867195,-2.772838743096468,-1.1466995117213834,-0.3327180770846901,-0.47876251908483464,-2.227785659760108,2.910218494642535,-1.114325612438434,0.08831454946524162,3.3253816965765566,-4.9537091037072765,1
-1.4708422051186567,-0.685300935846916,-2.608947132113258,-0.18261293445845228,-1.8875015779683866,0.69633563811557,-2.7026579515466667,-0.014979205429377819,3.611969436407915,-0.2236560706129202,0.31008690835253166,-1.1895059500461072,3.2815162550360295,-0.6032286716303763,-0.390112792793366,-0.5971831286978923,3.098128131897864,0.34795413260678965,-1.6296465731868646,5.152933024146569,0
1.6921976062157726,1.4022707087164914,-0.19660213857292097,-2.005259609930258,-1.157555396133784,2.1910940859747927,-3.6638227192330746,-0.186647937741589,-3.3920244393054637,1.9049998404102473,0.9408692382732966,0.06539377038106131,2.1016026117955917,-0.5582369335841517,0.8744471759624717,5.229063944499561,0.21145821322214686,0.7965943027229403,-2.048364131276008,0.18945522808238918,1
-0.3528633313267264,-2.9105965105976255,-2.0818107740285288,-1.7075645935457338,-1.6399076863699482,-0.12417662519663171,0.36951333069375997,-0.8556922001737279,5.914575226828498,0.3306932266568553,-0.2690993186764677,0.5801401271262556,-0.08340272697413209,-1.2092487544616037,3.2815005445494427,-2.5532483083056468,0.5550433865385054,0.21839964541077247,-0.2825264172880728,4.8357901172720394,0
0.8756134961025328,-0.4343899177706505,-1.8756574104931383,-1.4074250254751208,-2.3706678910745955,3.871986497561865,0.07711689712670566,0.9540976603759755,1.475839200499773,0.15846118511886256,0.7187082925761192,2.6075254583275136,-0.7206389003538186,0.9945909288357225,5.700797339552286,3.2407557578397457,-2.329221612938915,-0.5950987410478299,1.3657080272268214,-3.590941577896178,1
1.7272292275817345,0.011046623772907327,2.2824665562634765,-1.3647966372392093,0.8730368552375274,0.24293343374949877,-1.07121533858098,0.9520877708182744,-3.034963204500714,1.4986923173282682,-1.322796752239192,2.216811420162415,-3.1022208933545556,-1.469240580740372,-1.1897092675374423,2.0569351240979996,-0.920104128797878,-0.7955126936948659,1.4088759006586828,-5.127544750425082,1
0.01071292286123815,-2.6147774753228292,-2.3171813042329004,-0.7408365766556742,-1.372754279177186,2.947400431042312,-0.28971515929799985,0.725740075270287,1.5878810414865308,0.8562393195989401,0.7301060979994994,3.3785727077243655,-2.4686363482060782,1.7255194045644981,5.251955323976346,2.806948879906011,-3.231490630455391,-1.390182485391283,3.760085386769396,-5.429029743380039,1
2.846101434242473,1.57572553009875,-1.9300536560477008,-1.1872914129620034,-2.570482059206477,4.391105413189119,-2.434877252783034,1.097662811596601,-0.880556922786937,1.4254332795296318,-0.1256653852725217,-0.1364204666811425,-0.30452521094887935,-0.8134420560054573,0.9326363538571804,3.594830289394193,-0.5046628604217931,-0.28763746103701304,0.09121466019782865,-1.4594464909582554,1
-0.21012625808987107,2.549346034271432,1.903719387524473,-2.594075863059744,0.20362963483557306,-4.68021312371983,0.04758465882452756,0.14320219249638214,2.8493068934021992,1.400554386500802,0.009770567353241414,-0.32549535798326734,-0.8696398295004494,0.13077246894419722,-5.340199530582247,-3.1277974810634497,0.8841802968970793,-0.7289658219887498,3.542533872354097,-5.140069909548934,1
-1.6523484109716007,6.26244215755322,-2.8080763601084895,-0.08228393637606568,-2.5232882044004645,2.1971174766182036,2.2119304263448445,0.8138928135389966,6.222633246921756,-0.8866121875254491,-0.6006433370426648,-0.4099913912147817,0.08484237486180712,0.043855097699741864,-2.4212466696977692,-4.668299132533011,0.8638873580382752,0.16427876433428473,3.7199244323289262,-6.924348962148533,1
-0.15157185334093481,-3.403228040286275,-0.5131282116470228,-4.708138705597208,-0.9429744186026934,-0.6674058266710968,-3.494546709496002,1.3020030937586895,0.5156592891093871,1.4787115680334728,-0.08855005154301071,2.650852259521663,1.2356975703828834,0.7202586588327751,5.578089007865389,4.2825264763758,-1.4382214468435033,0.4239516680632088,-0.6304793198935355,1.1112120421498535,1
-1.0547276386734488,0.7474733748746444,-0.5387730608737462,4.250890737326851,1.641871798412816,1.0294762870897909,1.8068100966602902,-0.35138946791479164,-1.0956804829540365,0.1928215503619328,-0.956998485340265,0.5903567418742806,0.23176629741711907,-2.1934751053849944,-2.274210783318544,-0.1944956133622554,1.1441571879102488,1.363556544275729,1.7026793152277466,-2.0519206391826375,1
-3.548586726322167,-1.3750923749413382,-4.079445522744707,3.158784217030444,2.6641849487283507,5.284108066734889,-3.1827423892049174,1.0943608572807824,-1.5029081307695171,0.5532974244013308,-0.0017830102524277096,1.5085276913691754,-3.7670791541101325,-1.560013095298083,-3.244326413823301,-4.229291529684426,2.207295441903391,0.7205648517880489,-0.12730141733231937,0.9854498828335567,1
-1.9646165328237555,-0.2625679097306186,-0.5570106564188391,-1.4026046743920386,-0.0850307779747913,0.32708724916497217,-1.0870296493317742,1.8243495331622963,3.642601713957227,-0.8174050744048971,-0.8602686289293175,2.266715957176575,-1.0605165347234322,0.1817766247947565,-1.2058024641184428,-3.086211737229665,2.343119800989072,-1.1876068675257494,0.580501921639679,-0.8890803724502871,1
-3.981589660822487,-1.4237439305683537,-1.426450223430023,3.231569029180064,3.6463890190755333,0.24086930409854174,-0.30326353257225214,-0.9260524618792649,-0.257904485606178,0.6660248555449385,-1.291843267510811,1.0668988535000772,0.20476515685590946,0.8220617843060168,-2.966165870048385,-4.238001650757161,3.5624260543597286,-0.6575415838632674,-1.3969873424324095,4.4143587077180415,1
-0.1085763158862425,-2.4255013669876107,-1.9904359066143995,-0.8089521508168023,0.8797391214659438,-1.737134443163334,2.2960112821515475,0.6986867093533149,3.349339792040488,0.20069412524292482,-0.2939543922142164,0.11299594119223255,-0.5488323884111646,-0.3588760848681331,2.955471196501504,-2.8553807448880275,-1.2362941723801721,0.9249146692185436,0.8050565316387037,4.587809500771107,0
-0.3589226725515263,-3.053825738016724,3.141199692790847,-1.5186550699920105,-2.395295990522758,-6.925370614030091,2.3428212819118497,1.0025044548820388,7.653113789701107,-0.9047063055854803,0.6240901831841357,-1.6009193039541314,-0.44922678014197737,1.014894342063009,-0.8574656636187769,-4.147594304313296,0.21444996302602948,0.31498753542050073,2.134384491775722,0.1607346175639413,0
1.5732256996760692,0.09500093545824584,2.63415476821353,-2.82696179534011,-0.2244897309527487,-2.5322791321867975,-0.5758254423905429,-0.9115585553391796,-1.5702921814845099,-2.7994488274364855,-0.6083983130978005,1.3142785410051445,0.37815134482059665,0.09136775910665185,1.094507312027934,3.982621353687592,-1.697067878821153,-0.7269385975720276,1.3295990008047374,-4.155972262230778,1
-1.4205821182356329,2.193437228336001,-1.3393220409503481,0.09026788493932691,-1.019821710180667,-2.891032555410219,0.4690935012852845,0.9705474511521981,4.886045549763743,-1.5262789938349903,0.444802998019575,-2.9943837668017625,3.588270984169201,-0.7637026591789572,-3.4843193954628613,-3.7196216277774163,2.865417101866022,0.026507179375304425,0.22055266666038398,3.318580401687865,0
-3.345191609619964,-4.474862143899799,-1.942486571146432,-3.697118991261804,-3.2080758032082963,-0.9959603380776951,2.3790509459630558,0.924982520865801,11.12720922764339,1.711759717983775,2.067668105623625,1.743348102578768,-3.708734597124364,-0.9026132225242168,6.946885943358859,-7.378788044656703,-2.650294648384686,1.160727284317493,1.8781404448790275,-0.09522886122751258,0
4.628897878574405,1.5472077905900177,-0.46446412220607125,-0.8687565885662012,-3.0001726169435816,3.6720425401824657,-0.5664399276700728,0.6435176776499427,-1.3625958329860735,-0.41027351238081644,1.0009645902889825,0.5507512879851917,-2.0258542374426494,1.0154528481746792,1.4881002274197312,5.516509406231995,-2.8239761221156954,-1.805568253985203,3.177758593620836,-6.84257243308715,1
-0.6179795285840226,-2.2768449964507056,-1.9720413747128391,-0.4143712439290015,0.7577962492736119,2.320500244963482,-2.8849110945237895,0.023675056330267077,-2.3007796776217266,-0.0635742772052676,-1.6455770589327428,1.2543640556826026,0.1145311747933907,-1.1546521849035831,2.516636626227544,2.3184406019369455,-0.3623717587378268,-0.3992342192971013,-1.459475904914276,2.643818007105134,1
-1.4071458048992178,1.5748507284968534,-0.4123973523980701,0.6263534613470954,-0.18866308504611196,-4.954308096095641,1.942586738068992,1.2266598343105293,4.5448983174259645,0.14983072858266513,-0.11083953719272857,-3.8775214592247718,2.993763652278197,1.4654301543277208,-3.76379664846417,-4.7453389064978,1.7553405697671312,-0.6900392859926178,0.7984100024587082,3.431391089510945,0
5.043237896635096,-3.8451108162026735,-1.1182284090949965,-3.699334184230435,2.3389376239431634,-6.0747228589482525,-1.0910095725031324,-0.26420463033316927,0.7810507759959365,0.8287049876070091,1.6529956688486502,1.8689716583420959,0.8344590396431799,0.9370267314088443,-0.2974891288052658,4.883671588131014,-0.6180583817791134,0.14222520069638298,5.515300774876021,3.0100639515608303,0
-3.3919258179162126,2.1633405037666646,-0.6892166686193747,1.922433167082007,1.2437605297965788,0.8434680298352931,1.8096355780384783,0.5628109699500876,2.920284527220623,0.5490418113477318,1.1446661572756716,2.037705109476015,-1.6255104027861038,-0.6072104429957799,-3.298206911504408,-4.990154469526862,2.001342316453735,-0.05508475461707899,2.600805685622232,-5.062017583639133,1
-1.0889363420788536,-0.4585831350711845,-5.2090620756810955,-2.030375793736755,-1.1984998573321923,2.614447936008976,-2.7785528143043283,0.618884817865093,3.6864166840934183,0.7933952017755574,-0.04473506041522046,1.6882694547734534,0.8488857473726318,-0.36076641319634223,2.205953969090384,0.5222919747273373,0.27782629742510345,0.3007927103144743,2.174616131620266,0.20568704743965613,0
-4.267600822859674,-0.7055762438376909,-3.1994999027628834,0.31011986143629855,-4.513825121013737,4.582088965434871,0.37022774590588536,-0.3351075453280277,8.675102296619917,-0.6166726850782285,-1.1195583744715538,-0.19669633199675707,-0.5710790416578881,0.0231430125659436,3.6148453627377815,-6.448154794586423,1.5391898865900526,-1.396730673228127,-2.238363278224723,2.0013957832969314,0
-0.8683619201852792,4.1683388405793025,-1.3506074228810894,4.758338661476622,0.8466064615328169,1.3307935750052844,3.388792033158448,0.670957572095812,1.6899492227677722,-0.40673138151517996,-0.021526145688816417,-1.2212593689633866,-1.0083014772771082,-0.16364583881502875,-6.0444807428799034,-4.588520815534682,1.9922038106363775,-0.23603757155354116,3.303981692751673,-3.983602883080423,1
-1.8096922856860982,2.3947626167496057,0.5063149920454466,4.161575220137317,1.9735599771754584,2.6342628098238987,2.314285029856335,1.160498489410031,-3.341131194832817,0.9156646964840696,0.19010629284927974,1.8483089075270551,0.9839974421534574,0.6695342435560055,-0.4655847190052351,1.162463522395043,0.8126500460598705,-0.017060687140464822,-0.16214040026423038,-3.7043700913050777,1
0.5199577553664796,-1.6331866027742876,0.7584390311314417,-1.4426479682274724,-2.0978787378592374,-2.55655264919582,2.4794848209430222,-1.3781883518331057,6.0314488555537835,0.2580919766013363,-0.3979917748892223,-0.30537868454457917,-0.19379984203145229,-0.5425099077147337,1.8363393767288705,-2.690808026416364,-0.001685551057543866,0.18026279390151156,0.676717214900807,1.7365214125248163,0
0.008307480958251623,-1.1113538579557067,-1.2300538485594017,-0.15769913026170668,-0.6737852028372544,-2.3433214219520417,-0.496284884510952,-0.6897875447291053,4.1667092042972715,-0.3732738579953543,-1.496988988864299,-1.2188253409305652,1.3898470308018744,-1.8717151197240403,-2.20780197344048,-1.889591377793862,2.210848914467633,-1.6625245021360924,1.128625973540851,3.5082889570336935,0
1.14728866744662,-2.0899241586502013,-0.41097224381543374,-1.4419973572316434,-0.2393357308021542,1.6412321425049767,-2.370052044928328,0.6351270937507677,-3.0273372060244585,0.059312765419377855,2.055220968516346,2.0326706492472226,-0.9682582147231101,0.7411200128832625,3.5665813006188687,5.2887921258121295,-2.701831166311294,-1.1836923420361263,1.0321109129952841,-2.883984567429614,1
-1.2480886394987967,0.9405192435023049,-2.8638056435837305,-1.1713390874223775,-0.7168372996212969,-0.8832190799123174,1.091305386276955,0.8111069044531379,5.2634172942193755,-0.21326194401298093,0.07142498043680509,-0.7112883618226233,1.7886900906091934,1.532906465411626,0.6537306719166257,-3.461902583882889,0.9162476164850977,-0.2397533247641409,0.6912973620647133,3.017527255133035,0
0.3645667145343019,-2.328424960394589,-1.4880149148927737,-2.9053625469846924,-0.33920243475373124,-6.453255389729828,0.37596873594391267,-0.1411905820903369,5.031556645109069,-0.6099539105905558,0.7526385344792369,-1.3521770973902978,2.015007986141517,1.080144166520095,0.883630555235991,-0.4043326634863788,-1.527726589427085,0.0905839234814968,4.039385927612798,2.008741997838233,0
0.23163330923637915,-2.9753604901356985,1.0248444595489863,-0.9401492363961521,-1.8517701423839321,0.3279135541665504,1.8696939569906792,1.4268361417556514,4.526514252842829,0.8374572023585122,0.3352599949493718,1.8740931244122019,-3.06729087570881,0.1667819386556424,3.1401108449104953,-2.2565118769160115,-0.6362732140021168,0.4814434623118279,0.4713181384303443,-0.5967427683315165,0
-0.12960869158171828,-0.526061758131666,0.613896246082765,1.4788213737120186,2.471672669160557,1.5248717362593711,-1.5181126265212765,0.33383761907736353,-5.406744726184971,-0.9766931954727915,0.3144746111207469,1.932151239105375,-2.444334311125523,-0.34146687286163924,-1.4662349841682865,2.466362527243667,-1.0154007645410097,-0.8377138748720581,1.3850304854627975,-4.517272758769154,1
-1.5115261232999604,1.5926714379719082,-1.0794066655965167,-0.5140253736933482,0.6097087020259582,-0.20480125328951493,-2.3358088980151814,-1.3296826073926284,2.1756500773792724,-1.8153707896967453,0.4073971776443704,-0.4262255551305161,-1.2633411250048412,0.3128133167436986,-6.080178655830341,-4.692191504331131,3.341060237825223,0.634080936752976,0.8041909150705879,-0.12532294493768556,1
0.37016513635163095,-3.934155206570412,-1.0728727849105244,-3.480169655284479,-0.7948102620607654,-0.21037467903811968,-0.9801683002520991,-0.24715165741179193,3.6741065413270872,1.2837191877332192,0.3499319947444421,3.7484904038645306,-3.0908975751291825,-0.8816738583581837,3.949440915910879,0.5545268562716932,-1.9075949073608955,0.8805796708543511,3.2986095411055505,-2.575171453418406,0
1.4229165516001279,-0.5690831183843477,2.4742356498688274,0.6377595632336013,-0.46959461641083355,-2.025537473705252,-0.2176533362976052,0.08879182231780254,0.1482203360391484,-0.695520715106446,-0.613184333208273,-0.19051478604800132,0.18733888233416096,-0.8553469957392672,-2.973562561113251,1.2528083360438123,1.6081526775720532,0.6513459774516481,0.8435922198015473,-1.1147718981438028,0
1.0736243721950427,-2.5136142384887874,6.858083966509176,-0.9638242556506116,-1.821754747117664,-7.646333800273166,4.201400602755136,1.2004943444400167,5.352146659835266,0.8695084820001195,0.5160550147755645,-0.7199186803422186,-2.5078757670280076,-1.09246704047634,-1.8469713280752447,-3.4544154748835045,-0.4590287877094641,0.588163309412022,2.3348811659825697,-3.6774795859971317,0
1.542287512426198,-2.7788189556001717,-4.9240635229081215,-1.2414435135765662,0.46959827239353724,3.5790168585995517,-1.874064119297474,1.4332745706268781,1.3185220126395865,-0.5647023539979451,0.13694178346810365,2.6823929321939994,-0.18989567645877337,-0.8465079577702125,3.662773372578575,1.8435822879235715,0.5564973386538876,-0.2871298562298711,0.33454222555294605,5.4838154556650895,1
0.21430472725902883,-1.6272383631929803,-0.35377137526791125,-0.3839487640325265,-1.3581175285182232,1.1819947911085673,1.18412632167699,-1.5696731250284734,4.860177900537135,-0.7352747193775556,-1.605454699039078,1.3981480427412747,-1.7859927493490388,0.19216423603326513,0.9439595615539443,-3.2312467727005685,1.7373098341058215,-1.5302141458225098,-0.3824661308170618,2.2350111301827043,0
0.9241977759142406,1.0487783649526201,-2.2893053797738165,1.1246422109920455,1.1674025420860252,5.205926915937676,-4.852164892688035,0.7983132369011378,-6.622089943330462,-0.5760059204952394,1.0841165459049067,-0.520914079543561,-2.6652593502901536,-0.1493467286627817,-3.0463229557424585,2.2959785015368452,-0.4013053851155044,0.04853913982263525,-0.38366635861467824,-1.646430836854446,1
3.9535716414413367,2.0134631218489627,1.5866225306429447,0.8116535748965492,-0.4907470674664316,1.9576566065952947,-0.4296969444342384,-1.1294999627831657,-6.328475688593222,-0.47598352432522295,-0.5135970504353424,0.045350371965935166,0.5157485784134819,0.6799278365353183,0.508198479820191,7.789695136502297,-2.318759730085266,0.5285128808059492,0.9549017972498297,-5.201465712311469,1
3.720934541671898,0.07500489395277943,-0.3125258462665964,-1.1562236643533235,2.723628897659858,-3.9957017111356117,-0.9837441348044889,-1.745440629920937,-2.2084614391403,-2.129810183859867,-1.7335702284214536,0.43993216400681434,2.7054631000384095,0.6246733536989464,-3.1751959902329605,4.450147309658714,1.357572686091637,-0.38338190226126884,2.723525511866013,2.526278207588995,0
-4.237048932609511,2.378761267718856,-1.6522503252243166,0.7428217769765251,1.4961350235223634,0.0734545066115274,-0.1722415562183205,1.2107755219347964,3.905190852849219,1.0337971915140716,0.48761536727790644,0.8238551755298741,-2.4604506626534093,1.8791878850731307,-6.000120674306399,-7.860633228707597,2.8802087170557504,0.01022547425274586,2.5947190859545928,-3.729529507044943,1
-2.7110837253558735,-1.1565873509317808,-2.204005684361675,0.9858237685565299,0.5661770496910787,1.125509402480296,-0.76204312141276,0.6837091504024939,1.6895899597678625,0.698164421750891,0.480882653933827,1.988149438297238,2.2901927392652928,-0.3051622999429823,1.4535091862973355,0.2647285953888931,1.9049395805446392,-0.3781936851072912,-0.19105769121752858,1.733653146629705,1
2.4308477211454935,1.684722529123765,0.18845712415019267,-1.8848258546369914,-2.2939411007804873,1.477103355015598,-0.9910775109581403,-1.5106847034140596,0.8223368385763039,0.8548070356513602,0.32572503424362986,1.5589433840885154,-0.4987679945546949,1.3907631720334803,0.12031753625197111,3.569445021857277,-0.49825828074707723,-0.0387147689465107,2.745666755648425,-6.036431848023389,1
0.6613967608792954,1.4370110995366938,-0.8725932042761934,-0.81863742864385,-1.305503319760158,0.28201879918289297,-0.6197086650052839,-0.536553754137027,2.51944010611542,-0.64455293189099,-0.3498704033229377,0.48071802137382025,-0.22806646661070273,0.2737919252862003,-1.8778411789918166,0.013887548780548313,0.8100041572605973,1.2694507234235926,2.7320982296309237,-3.423343296893082,1
-2.551476085481026,2.8583666134341845,-0.3767846069450451,0.4144978397638895,0.7689945392249931,-1.0073042673302488,0.813019574987262,0.1306748998926192,3.083733287737308,-0.875272098575002,0.3747785308586731,0.49291478865548877,-1.2009969684302049,-1.2624524016646612,-4.798971533348966,-4.957245225533937,1.7437144398764726,0.6507397040931587,3.040632520713504,-4.956137969514259,1
-0.04688904278652439,1.2844000699307168,-0.22701812432017032,2.7073602166814537,0.05614654405474839,-0.7450040814277393,2.387335421912036,0.03729407982066181,2.3558181404750127,-0.8598254707878951,-0.9945592463314714,-3.0522289624597407,2.374286126373369,1.2995884776652062,-2.954825110182764,-4.192090413909669,3.602878479775522,0.12704269201489998,-2.9357466914648045,7.539847269784417,0
-2.2923164919242174,1.5562289980448898,-0.6715657708267646,0.7742073477702169,1.0368789334295585,-0.9458867677933422,0.7367736384768473,-1.2980084860916576,4.140335976206401,0.3466063404724999,-0.5336812998656861,0.3626414352438688,-1.1939044911129115,-0.5611180472569117,-5.247720412424759,-6.379243225730731,3.441097395232017,-2.558876230187336,1.5731914999726841,-0.5932959282756566,1
-1.1677953275862358,0.5594578972622746,0.4609150605747965,0.7282132747094456,-1.393193486594866,-0.947742359263612,4.4715607810303135,-2.028273040578791,5.686356300838524,-0.5959074408130466,0.055201753795182745,-0.9621384604103815,-1.5694398987280127,-0.33069614544277387,0.5139902847614743,-6.147476203202547,-0.19506618524091657,0.9613664880499276,0.5408383562064627,-0.2222089045910614,0
-0.9772778860275907,1.382826894249123,-4.016107705635975,-0.5962982959379954,0.635936285281756,1.577082234353717,2.326122273884793,-0.7731004559390707,3.4198703650416244,1.327959478670963,0.5469957248776356,0.33720713947656944,1.9071346185827902,0.015404681557600861,3.1450852733274126,-3.2178232939320823,0.6340588717363567,0.7371813066985751,-1.2557686150297867,5.828347783268258,0
-4.233584716482027,0.8149720670048295,-0.03945144527677036,0.23648879663472822,-1.1125320137487478,-1.9618428910483006,1.5343495301243228,-1.5860951923189113,4.578215583788337,0.4324353876560606,0.631942237742184,-1.5332825513622264,0.11590734535439362,-0.8953845421915588,-0.43619634587522377,-5.564186863821954,-0.28174628275018865,1.0577686473022374,0.6179625477868592,-2.112475374888107,0
1.2995025512927614,-1.6219392265112802,-1.3854625865920889,-1.2633273638418894,0.025475985443320193,-3.575753780562462,-0.7922592098303707,-0.36091932299328416,3.9229153953275744,-0.24462508304127525,0.31967261257605173,-1.1778895106432807,3.1418298400876115,-0.8417729076788759,-1.7446042101464923,-0.691501595138444,3.133556165551065,0.44910809069038693,-0.00947732910709187,7.784138919057517,0
-0.3696591409275068,0.4652956550430655,-0.0422672078488433,1.0284086529047625,1.3273686333388333,1.334621707017733,-1.2826447390352513,-0.8560969966212014,-3.0886378712734306,-0.12865248500536386,1.0952315559283752,0.759167103016474,0.306183608394345,-0.3622729834926137,-1.1000203923134706,1.5665204391734084,0.7669195268769359,1.2090877114727585,-0.6695006152712193,-0.4350610790955767,1
2.5675027364875707,0.8446834405878612,-1.3139373454928849,1.7155964013170069,-1.10585456320312,6.177514443766995,-0.18757219327371188,-1.0414664449416313,-3.861707524484376,0.9721281319000936,0.767439127001189,1.5766735522968502,-2.104176751156234,1.151985565847456,2.6718498553979506,5.0459394355952965,-2.435784053150816,-1.4594948960263467,1.1751968581852401,-5.051556385429276,1
-1.2467880143103347,3.1396491453936894,-0.827337959304532,1.6299141190722712,-0.38650820556318854,1.4705978111260247,1.4555294268114276,0.7602016326255314,3.510105459278482,-1.6850588974175522,0.02807653449454904,0.43948861094434705,4.537054343622948e-05,0.5931161204003247,-3.7442161348348058,-3.9180061394794152,3.260936593529501,-0.3643201628489621,1.031876575076518,-1.877887280168876,1
-2.877873239513468,2.274453704219799,-0.32426348778153224,-0.36182306338531206,-0.8654961402551606,-9.081225879107123,5.26095165136159,-0.10962585048771564,9.545364173237067,1.2725406325855013,-0.21816918245082972,-5.842935032073754,3.194818073259972,-1.3244665638906121,-3.4881899609447995,-9.5472369687954,0.2825705436321325,-1.7225377425938015,2.699045139786223,2.93520821401405,0
-2.159717137469969,-2.1100835265250857,-1.5319663217046324,-2.461514824637285,-1.0430869951592125,-5.243691752319842,0.020151610490731553,0.026603121253563643,7.934056676619067,-0.3177037310668073,1.6183784768913128,-1.383098326462429,0.6120808730146834,-0.5154392914359576,-0.8956427125926412,-5.273543702757729,0.6445065855064325,-0.707959370631998,2.6305976504904685,2.458934846078759,0
-2.3585633987626355,-3.0964661393174833,-0.9785171841283455,-2.644099805237043,-4.172023198525699,-1.3553071688913805,-0.6640570474801122,-0.5456589932114322,9.196410308544898,-0.22175201800740965,0.6922348854682576,0.005265568327777359,-0.8546973859575995,-1.6478868938568443,2.4863359005706904,-4.087874451186468,0.1485268440471087,-1.1951085602602058,1.2868358248442395,-0.13718767114223454,0
-2.00801970804192,1.0998324729609146,-2.8912794725199094,4.41597697912173,1.0734439846091015,0.8723243536909608,1.3521534391982877,0.5621895306852417,3.0618389008345805,0.21717637258489192,-0.715393571239174,-1.0359910952464213,-1.3274184077568512,-0.337502066157465,-5.704160909517327,-5.375009143879393,2.504602535434902,-0.16462909752818766,3.410690040144238,-1.0496615890274084,1
-3.758704598619695,0.1980162987669114,-1.172200718326835,-0.39814703389453576,-1.5708422897565906,-2.7340010664955594,0.8187893084496298,-0.8059868968101835,6.684130118019787,1.0621913076271912,0.06862819993275557,-1.8252295579532793,0.08597921707380718,-1.6721855090761322,-1.4372509422902549,-6.1590211147107405,0.31865484871718147,-0.5292357005230119,2.0363101257539444,-1.2977412711031169,0
-3.8314860496372845,1.1187610706784814,-0.3520201456771827,0.5695775118195241,2.4608362860315087,-2.951239232935874,0.29471464859009,-0.4471502783061326,3.756939968712805,1.6352986013166044,0.46726417503386314,0.2960891000205712,-1.5971028974662032,-0.6939419888127902,-6.65916825369091,-7.825081482728376,3.2611962356298436,2.7437091693368596,2.3258169410050975,-1.2854093803524602,1
-0.8351857698633866,1.0764726779699154,0.22909487221370806,-0.8685010624434861,-1.0924739442119569,0.6759271274504379,1.4305251641491197,-1.1640049100033534,2.798971228147693,-1.6892409229827003,0.46639774924761235,3.1355737087558184,0.52480131245689,-0.869368250231262,2.1841699947986943,1.0777093483760303,-0.012162698673452654,1.2456183122182143,2.147016873309367,-5.372873062277727,1
-1.1550712540511736,-0.4309097805495165,0.8075157625779024,-0.7134978084013612,-2.857480426760386,0.041821330433868424,-0.7047351771568484,1.1257568490321013,6.008395322338546,0.04181934789533887,0.11341519819815811,0.14769535350577134,-0.005399143715300259,-0.6968660144532531,-1.7624100977571502,-3.541206348192985,3.657539867080131,1.1428303395562345,-1.0411507177862314,0.9993962280706878,0
-0.6150428565370143,0.42694690406041913,-3.395563047055928,-0.15795400072958543,-1.3117995688001611,1.5536879214413588,-1.9056212041861302,-1.1404457867700528,4.235796773298293,-0.02057942709086451,-0.0793261963762133,-0.4555779038580132,-2.0979475658053826,1.606260380726673,-3.3332026613706702,-3.406236043551674,1.2321649486470316,-0.4310701409423293,3.308330900740061,-1.866595347847259,1
-2.448477130742206,1.7297206040472364,-4.053204036446629,0.06604519804381181,-0.20262055378861987,0.8329082180778149,-2.0930646210967447,-0.7419089996448037,1.5144259952938837,-0.19658939694433109,1.121827491987481,-1.5200771070417942,2.759590028024003,-0.5230404296165858,-1.0228913072450272,-1.1188608589982767,0.952951705863499,0.7630620157385543,0.4606482284907075,1.5084676453015047,0
2.948651988976719,-0.6301992343152123,-3.4350132715762802,0.6487278703937309,-2.9945741457121544,9.032598999134628,-1.6027293034351984,0.11837588533238683,-3.3268829368081914,-0.7681413934931884,1.5931210565100329,2.7700600574996224,0.6349630946395595,0.7651239739437059,8.377964360708043,9.244149976322314,-2.7648358478352835,-1.1920782645758172,-0.8275510760808344,-1.8158344555323254,1
-1.2141123199643669,-2.783978595453439,-0.1133198112490078,-1.85132903403843,-0.8497993594267901,-5.795675341503128,-0.960482461866369,-0.9324969863289585,3.6893253881045798,-0.9939813806107903,-0.025731755889352552,-1.918205302027543,1.3779148232693137,1.4980843617057056,-0.08670869547783538,-0.6984077283989281,-1.2697437230152981,-0.9194273607965344,2.6915146642779204,0.49780137282367504,0
-3.1378029705061614,-1.6969023497657552,-2.9094109400493666,-2.3415181682906474,-2.452606768130579,-1.8276541738266416,-3.2264676221623994,-1.9038624751242004,7.180577817424856,0.46322445600013434,0.9530353650977579,-0.9143712995470442,1.3855475540776114,-0.9967519024057656,-0.7853936837491083,-3.342590957953742,1.7432110614465697,-0.387151055849824,1.539045819054909,1.481431680552306,0
-0.5869638353491465,-0.5561618778589267,-3.118821965970951,0.388046544110382,0.21931663719985495,2.8954216510877298,-0.36060648483160906,-1.8677179981596814,1.3302100913314836,0.5034341078469109,-3.7574353212591856,0.5986814125585576,0.033983653418558246,-1.4574574645085605,1.5000465483701644,-1.5009891762737917,1.0362724188222645,0.32787360631045837,-1.220293351558247,4.195289966156593,0
2.316836375870441,-3.142327304527031,2.38907438052001,-0.8754224714960909,-1.8419142605589403,-3.81122367531054,2.1080763361315,1.118498180421683,5.689418330512562,0.8107266672390149,0.32862611537610265,-0.4974349844203446,-0.14357433640719042,1.7534046273129704,-0.2206147010908879,-1.9973586078715189,1.9684368696934778,-0.23714390943617578,-0.1323373052113196,4.6514970354987035,0
1.3095521760184983,3.025945815993042,-2.9495520297606532,0.8809769010805562,-2.4301327704922704,9.197436060601119,-2.1865511005244924,-0.9721556533948422,-3.2196045944038922,-1.4927901206286105,-0.23717063112593234,1.637258376496482,1.7754540590765677,1.2231129450683034,3.88876709230441,5.768302783497067,0.47737720818067947,0.11389991890318406,-2.978617373596876,-0.9235060839402266,1
1.259798428537189,-3.919394896328141,-0.3321083538724765,-3.0236444945055023,-2.607218688739286,-1.1114108613668465,-1.1018742652740892,-1.118352226000482,6.793067097979361,-0.6406580226027632,0.6845747250358474,2.0596199048662287,-1.5964085746724612,1.0905176747426688,1.4485056835238592,-0.8458619846410635,1.257383228445248,-1.0492232500470189,1.9180634559126657,1.1461794473895972,0
-1.627537087380901,5.189255044844776,-0.46983623647996076,2.509935938963644,-0.22415313361269606,3.302369446645564,1.313823016695433,0.4213270695156009,1.1521221278694356,-0.11584627234825322,0.7875884733611177,1.1782417881388563,-1.4255837946696335,0.9811391535716845,-4.779404707777299,-2.8169766707769233,2.0690744204140534,0.0001146437703595783,2.6971697309634144,-8.245565346085654,1
-2.4111316264388307,-0.4433843811494729,-2.215538166636996,2.139232625076208,1.9778944020545086,1.4126393817519667,-0.16501458364369448,-1.7480345371360055,0.6464035104665692,0.0655809713701782,0.029739030956155498,0.4192284315878887,-1.4845305454348137,-0.43782232443032437,-2.3328756115508917,-4.104062202526425,1.6690135104639143,-0.25579127846400995,0.2741030522265865,1.6141139790736112,1
0.17708794836682762,0.3875603271424041,-1.6956440100630537,-0.2366405682983388,-0.09299623471385432,2.4563314009307398,-2.1188635565402145,-0.5814625592604257,0.831968637011543,0.04348692860380232,0.0817527464644891,0.3674147484346078,-3.807748973964408,-0.27707588805595107,-3.4497761982845287,-2.7746384532174297,0.8723407845870821,1.3168798384684821,1.7257786384626357,-2.148343343062133,1
0.6180253023995657,1.9834359519827645,-3.950586175808792,1.6023207634484793,-1.1943117256910187,5.644153513267667,-2.582089647752943,0.22021318514480237,0.2096680801522832,-1.2929813522351876,0.22875558021718137,-0.7637013433533266,-1.4831631510529268,-0.22304411329846785,-3.0626830047312072,-0.9419439613021223,1.7949202064168983,-0.2824777107832254,0.6071590204296261,-0.3085750515364791,1
1.3900931622115438,0.950555858140864,-4.145517946380929,-0.24556381776464242,2.3308787534605067,0.4529741013042066,-0.5626393706472972,-2.1656189938478017,-1.5355005312977978,1.5210149413423977,-0.32782896911400583,0.3882906591387698,2.7966043220731223,-0.4993712043191545,0.46444194841660547,2.555601829115101,0.2555234820894783,0.41334628868820267,1.2209013128664736,4.094115584593573,0
-5.200465420713989,-0.1819660433351421,-2.885227464641252,1.0493633104651503,-0.5620646587342192,-1.4493711214649898,2.270942666693687,0.7197765194776986,6.639172446746811,-0.17486163567668153,2.2204806215211894,-2.8995138083695267,-0.1162791880076206,-0.2042404896651718,0.16375695000561868,-9.191681786088697,-0.12125446843160648,0.3497852675752838,-0.06708715004090549,3.1049990998225567,0
0.3464157137094004,-1.2196785559067977,-1.8359704270360082,2.939600901508981,1.755528745274069,3.3172338215547406,-1.9497957872117944,0.288805553332357,-4.276790966232107,0.39147672077115386,0.6555673984218366,0.27941596843762395,-1.6015160679743625,-1.0499106120188058,-1.4972923609490583,1.6661512988645635,0.17100086137453774,-1.2376427261280285,0.14858773845073303,0.5992013752562129,1
-2.5840730378382903,2.3603943918638057,-1.0908059613566006,1.472863376745344,2.084457842194717,0.8890213124143151,-0.774427896900874,-0.8451669978400385,-0.6239058976814869,1.9429614348444821,0.3563258295730599,-0.030171511564246578,-2.071734381997985,0.7836198305408291,-5.262388695423796,-4.424037079595153,1.500335174248075,0.4970819410032019,1.3742176648572126,-3.0260763824409973,1
-2.6673073248541574,-0.6198731563592914,-1.3701451158510927,-1.4012002316026941,-1.8381086708534835,-3.512036119850382,0.34549061001530756,-0.8628092636081056,7.260038866162589,0.7383984490605373,2.103761476945794,-2.103868084583498,1.5045119444480326,0.8462485085725001,-0.63045211939182,-5.192731420105288,1.029894540861031,-1.4559149194658056,0.936688632358966,2.4043881301799286,0
-0.24264973512388577,0.9499960963609303,-1.287505049531691,1.3950478871444516,-0.2024284652538504,2.4740509087571825,1.009839647332485,-0.5739354126827827,0.010467317135755959,0.4531231087104852,0.1167548178384844,1.1458305193218297,0.40968954620136433,-0.6458124527580007,1.344785064420099,1.0581868009384834,-0.1204867124145802,-0.6493180051164164,0.7103321213412755,-1.7651021288971283,1
-1.0328848453849262,-0.25258458647966997,-0.8697904104583807,-1.3620243588433496,-1.0088703145022784,-5.437649472096906,1.2538569429738957,-0.2652597831197709,6.9179865192683785,-1.349643734862504,-0.6971683148162352,-2.9082125561487864,3.2666248798604585,-0.1799086308015253,-1.687591222120303,-4.551022979982896,2.0840067838662666,2.1477848272405127,0.42227181258467084,5.8173180007451935,0
-0.8014378507663462,0.08179550366328314,-1.8859201134579608,-1.5119745679516443,1.8774039694281377,-6.069756411609799,1.9190135633902938,0.5699013964426419,3.5263399435497256,-0.9432427626437779,-0.8482871944946482,-1.9219757228199825,2.852613099607641,-0.9254552480990578,-0.7491945270593215,-3.0377592707319705,-0.2829933949164507,-1.2558167842423265,2.223005983585054,4.4432200621237845,0
-0.7389088234831916,-0.44676000756960166,0.5170324858522124,-1.1215864655317376,0.7371653123857658,0.7539239290062298,-2.3430273189766115,-0.04604373437170928,-1.1980923826541172,-0.34139865313360873,2.112393328314427,2.2631624186773305,0.77600844789979,-0.029799976194821397,-0.08899405543106434,1.566940668070817,1.9352613109746999,-0.6702333622134368,-1.5253399336446172,0.548156637322398,1
-3.170013717222951,1.768050985269075,0.03955657532762191,1.3437204255664752,2.382851841352365,-0.34489252949699983,-0.5999488099898325,0.10543922618137079,-0.4474749076668969,-2.859520038674442,-1.2060939462781195,0.7937056046235005,0.7317052193854752,-1.2293574806183247,-4.184290181741278,-3.0788474621152373,3.1610780172968402,-0.3202812299610218,-0.579362079784101,-0.2501560513627104,1
-0.8090245706325827,0.24747110177838194,1.2062957168146367,1.1917231494849858,2.7927134947470957,-2.965103031231266,-0.5312726974859687,0.46536292373182886,-1.9522672153596707,-1.088354451073005,2.071132593760768,-0.6416472509743407,-2.50273126283585,-0.0017690228592416313,-6.13172811856405,-2.5205249303569977,0.2911366129239128,-0.4011203061709095,2.906066587046273,-3.414841542409466,1
-3.2322466566348096,0.24569516935496105,-1.2455157367490797,1.2854504155886644,2.0566597748395448,-1.0516682485502842,-0.5026555255116452,-0.49657995373991737,1.0141178408264726,-1.145577535434755,-0.6175076902303165,-0.21760612262235224,-0.9594261690113186,0.8997868507630178,-3.8497882020827445,-4.560205081541026,1.4289880042624197,-0.6473206015015319,1.3432854874054556,-0.5081471187628773,1
-4.362009832124086,1.1405319487145147,1.61627544075775,-0.11697338916357569,-3.724195995837639,-5.564999783405705,4.307601621655219,-1.1216466229495925,10.557183752777105,0.7197829516672924,-0.729391334370174,-4.353977533532897,1.2245143134108947,1.0083544936940132,-1.3168455541162378,-9.708909574686452,0.6430755898726799,0.7071129589620102,0.37005453465382715,-0.1880019372883496,0
-0.9630297804945236,0.269501752123839,2.507660559074786,0.291657881258103,0.25183298794993725,-5.198600548285776,3.8456353676319015,0.8820748152894805,3.5119753769868183,-0.4681725156008433,-0.2365961040368478,-1.5622010445057277,-1.089837814677999,1.0246398248307156,-2.1983197965510195,-4.7956382161717785,-0.7491807676836095,-1.1097208282932345,2.304073252836349,-2.2199965983264414,0
-2.6981628134371736,-1.9903159497561982,-3.5328816202577453,1.6271176484271168,1.4046350774023157,1.5976047015133168,-1.1733447795000491,-1.6557345104979544,1.0552448319467724,1.51319168432021,1.0303287322501544,0.8434626116298959,-0.7544239319755759,0.18977761392638479,0.006335420150512589,-2.145176600581837,0.5569998479581413,0.9631090120434588,1.0793380834663202,1.625593076578019,1
0.03824651681052904,-0.906888692366774,0.21013399680430234,-2.949697960526847,0.4561979489242457,-0.9271977015741475,-2.5642104655667985,0.5675933646089623,-1.2237685969433942,-1.6039617514266094,-0.49611677818152405,1.1059467031487946,-1.0018825785507182,-0.29637189375324985,0.5658522478475138,1.3790457119991792,-1.2261170010072846,-0.9012642255798817,0.6515393468321258,-1.6408294063997868,1
-1.321999459610119,-0.1359994153602303,1.3642671283308807,-1.5538826557361276,1.6204935331956718,-0.9016883882015403,-1.0124428768769327,1.0626556336097004,-1.5291864156436816,-0.6102823114778584,-0.21811946065081583,2.316005031432544,0.1389033689998863,0.48882855820201454,0.2670803401839388,0.6236551115233051,0.4779670065485244,0.05880434573626804,-0.7041279885611895,-1.215268504288862,1
-1.5450838212598779,0.5544817910138701,-1.1997847579308303,-4.119355086477786,-2.4888932058498696,-3.74208325910885,-0.1543859681411056,-0.8093724413438168,8.389016522712925,1.1037289539515915,0.5536555308075164,0.4558732336563387,3.866049270372174,1.9456675025532757,1.094895980153267,-1.8315660591831129,1.9605702499114854,-1.5086637698222398,1.4728534525327097,1.145587749210023,1
0.030749218078474305,-1.2003581716393181,-2.353120872146695,-1.3566320340067468,-0.3371360401362754,-2.7234775423675335,-0.10492296406696777,-1.2774179481323849,4.831737306792998,-0.2367610667849929,3.10338440576487,-1.1302507920795888,2.5476354363216744,-0.10351635506286486,-0.1809422818393096,-1.96264733915205,1.8152291130808302,-0.22351105901568988,0.4310988076226247,6.279656502794082,0
-2.400615224718833,2.4427205747878027,-0.6224969126231275,0.6396329032815855,-0.8868964664356038,1.5435972797886257,2.0441469977777365,0.13162068898893264,4.051240193244049,0.0860224250408956,0.6067846469543371,2.9461631695524,2.711208327994809,0.5475362192819941,1.2108891874007977,-0.5489456967252037,2.5538248293792547,-1.8842162685219725,0.5590540769918425,-2.838273725209715,1
-2.660891302854261,1.511090581299596,-3.0687220393253583,2.170906229246712,-0.25774696178826906,1.9755874264014972,1.775218314374641,-0.6555425358109414,4.736006842908467,-0.6736325764305153,-0.3577869084808121,0.7688962678483889,0.7360384475451365,-0.9180082651146999,-0.8935473307815404,-3.9899294077758984,2.2843966086627345,0.7934524888344344,1.4771595990475586,-0.27539534390800796,1
-1.757360498722646,0.06680045652696853,-1.9159086856156853,1.8932940975712287,0.26722570354341346,-0.09137409314811099,0.7904883964744207,-1.7551658799899803,4.917686819116578,-1.51763740478641,-2.244860266589254,0.28901929003542914,-1.5171557180021868,-1.2988288180988146,-4.230326489050653,-5.273387319200727,2.7478955191012,0.7601208090554414,2.9805077604610624,-0.7772542382980036,1
1.4953481505130932,-0.36016920416379417,-5.793783535317135,0.06951145686980242,1.5615954289454377,6.01664181371594,-2.4773317383470017,0.672392969880875,-1.2108974998138589,-0.08307844096388375,-0.44895981594017376,2.866520134689681,0.33787747419431635,-0.19759456872235912,1.6982586832880402,2.2652301339262184,1.9304039420572676,1.0417941190215945,-0.5256138755449826,5.338335741874677,0
-2.938036288493495,-1.627671597175752,-0.013782202097943452,4.9198555670325534,4.818551709579928,3.536013147740911,-0.5541815285071917,0.16838302778308764,-6.436001673156376,1.6584359070094898,-0.425361470265525,3.035989857802659,-2.973477872338056,1.048092728848176,-1.894429108984261,-0.39787554453475354,0.9292965049683086,0.23720920127565875,-0.7680169912935912,-1.5120715609700217,1
-0.6196255144578364,0.39734286168895855,-3.1915637296706985,2.3979751701252354,-0.1873858439349898,3.372187157437608,-0.2195575224146098,-0.46609040423510983,-0.47690683407502904,0.1659181710960416,-0.014381681509604524,0.05505651953770618,0.4525965067292508,0.19698604998941163,0.8491516070040646,1.1834595289411125,-0.4185311892258221,1.3686507868999138,1.219165587435787,-0.8628454466131572,1
1.8793759260031184,-1.676761398230316,-0.7156598139721637,1.6028593576497152,0.15180272401837402,1.9755629012084763,0.20821356081571896,1.0283383769578813,-4.952674833035201,-1.3689405567031943,-0.03964207789491337,1.170731970581722,0.2936250093953159,0.31812686237369603,4.860627203796106,7.679302831590096,-4.376759745081226,0.3177217350129339,2.137096226250762,-3.8771666977455226,1
-0.04935679001580906,-2.432582223582336,-0.7356391547975246,-3.2300019526611754,-0.7391608160523432,-3.7232503790589635,0.49169075299823645,-0.42632586644180925,5.012702740934947,0.2538871906655972,0.6699427761606213,0.8065976110763724,-0.490182304787653,-0.24786705924526514,2.1828718754751506,-1.21449468072665,-1.5559165917448212,0.0308731842042529,3.1851742490230697,-0.31524061808186415,0
2.8286192004383537,-0.4788092518547349,-2.2931438178048804,1.2929795542252456,-1.70776293886332,5.264861960760567,-1.9668946785261556,1.97871068423802,-3.8547803157410616,-0.9344108510382787,0.32151594622755614,0.4910663464871445,2.0244817477832937,0.39609100485977183,4.166384466162862,7.945239698994565,-1.214368661362044,0.5103080062634342,-0.9361508859541505,0.7042970874620486,1
0.13603504083799967,-1.8372289411430331,0.6972183337999995,-1.5948152185333249,-0.2931983275265134,-3.2170787266316245,1.0781003898386639,-0.732706789097174,3.051526468427473,-1.5782903761504106,1.1441584717919149,0.15189789253715902,-0.39876443979763576,-0.26355555201653547,0.9584381460610658,-1.28365162673372,-0.7255088272333605,-1.9086877127708235,1.4202408195102998,0.5029053779775784,0
0.5309003143163098,-0.6751264387885086,-2.8932515547393898,0.5788087158865982,1.2724899491318056,0.37216008498632297,1.033421693134607,0.04939734691538389,1.1273082471927043,2.3147323045409203,0.07213805385166665,-0.9856208897579463,2.5900068039441733,0.7897710286367065,1.4279246814015376,-1.4864755088062718,1.8213758387451133,1.416126282081506,-2.774137738226915,10.020223953470207,0
1.5148450494748997,1.896843432633521,-0.9747919074412953,2.102779912633266,0.4032968623210462,6.812344787836079,-3.163453534425023,1.025014696114955,-6.268743340059527,-0.47697938932273776,1.1393869305161624,0.791237285704403,-0.4510594758681988,-0.6165369271282555,-1.372801005254073,3.825529017446578,1.7137470031607505,-0.10142889318015628,-3.039257347465192,0.23406972563981873,1
0.7552271855093238,1.1749795261485194,-0.8190603703822551,1.303758981381939,-0.5396269564232554,1.1010957970925115,1.239086695950469,0.8172366189978882,-1.473829676671084,-1.2323575043213433,-0.5532785728680706,0.22540823085935924,2.072698155507747,-0.610764907132292,2.40521147008847,4.1926875895335485,-1.7610874844595872,-0.21765189078506683,1.5091910069368129,-2.8577863096126768,1
-1.48309500167184,0.4272862349344888,-1.4707708110229971,0.2212084264041989,0.0062164301858296245,-3.26679494012054,1.8852078912102748,0.07418561152216567,5.59375604038029,0.44734555930633746,0.9886385221392621,-2.2197284056458972,1.4112148881572595,-0.03789966221856508,-2.4213287339695686,-5.694157652826093,1.9332770151523395,0.45539194410251904,0.7891816155640105,4.193855671471457,0
-0.4423220294143727,0.07562971835820165,-0.9362386923505257,0.6874178398131237,-0.2210977603002714,-1.225797486042338,2.004071402542334,0.199696196625398,3.6323720471352265,-1.0610105987880223,-2.0073608522590525,-1.6068652690715195,1.8384096629329347,0.33281593432606343,-0.29049776771719293,-3.522402535609704,1.9682874786050168,0.39380883799126415,-1.5245240812723757,5.980271603409192,0
1.3882852807135986,-0.2876853309700176,-1.4981335615349582,0.37151053081047464,-2.0869831697012398,2.1560837426469432,0.6718031245400886,0.021404045400808237,2.1753471496352894,0.5451694612222437,-1.132876867847411,1.1894859250316343,1.0302270760783148,0.18016214656648327,2.7587029703492343,2.8601070461759486,-0.17504027812864886,-2.4809745673016015,1.4509267254854412,-1.1091721070387082,1
-1.1463271352333286,0.29752995878341704,0.9215372469818548,1.2671324808068685,-0.06637130376377787,-5.968155482198352,-0.5280744708663365,-1.1322791295448962,2.2043882039420724,-1.7717299651156453,0.40263995699200367,-4.452164262481586,3.1482924262468712,0.3424135807683234,-6.093188390926639,-2.4309808466154386,2.3163782622554545,-1.2271291369100206,0.9688153785816758,2.5437813435472276,0
-2.5068997977784275,0.09271955411968436,-4.044873835649373,-0.9287457622102969,1.0842175060317658,-2.5901100605715617,0.5964406505911319,-0.4038989108644139,2.917916731809414,-0.2616610860424581,0.23897841806376185,-1.596528895450676,1.7486445744538317,-0.04104779063976698,1.178202414745392,-2.857477915306663,-1.8185460679278849,0.3344707050584852,2.4289208454518123,1.9630888369149493,0
-0.42781299011595536,-1.764147465521049,1.706485865034778,-0.4714610492327673,4.385672365396868,-0.9919174553064566,-4.913981326210002,-0.9125400174205731,-8.709514791201718,-0.21343106519824123,-0.9661420287898361,0.4746029193065463,-5.161618004757953,1.2091198099505955,-4.842161314013212,0.9453017004458095,-2.0431048752314336,-1.7074329104488837,1.1806141644156911,-4.284641607955777,1
1.9411610805267394,2.6733290799448906,-3.466096406272438,1.4087277075384221,2.075049523481211,0.7349940997252159,0.30740683047435174,-0.07843022028465019,-1.1666472016364182,2.2798454829745136,0.0015439684122525292,-1.4329258908180385,4.5530756517093804,-0.059777110392333035,-2.2115025968115534,0.9037847214274962,3.288331352471296,-0.1732214313517653,-1.5125235105227681,8.343062009476625,0
1.0579625127344463,2.54998888477124,0.050542055670917296,-1.0597128062632182,-0.088550098876231,-0.41859745734004583,-2.09207798452435,-0.5980633236488281,-2.460064900286245,1.8652935992889785,-1.3315816613576672,-1.5867203386500164,0.30613861970469336,1.2537740179980934,-2.9579851718104475,1.5409576819339048,-0.5041322824470262,-0.7499349137782523,0.9447037819002758,-2.699653933843142,1
-2.9636086842275775,-0.5054894970699286,-1.2514552745110263,-1.0847008611418727,-1.2157502602661538,-0.1411768752343077,1.4736906875216174,-0.875091755375022,5.866651809838568,0.6502315094495458,2.2048507220781515,0.18392788930191561,-1.1402922770391102,-0.9812459486006698,1.7565436156334298,-5.8234371489690915,0.05276854057649638,1.6708505294436606,-0.06130876474781077,0.6720519544148666,0
0.20754724297618266,-2.8451837453318722,1.3982118720166354,-3.1113375989866325,-1.2915067289321458,-4.413705885253821,1.1356554847470175,-0.9049514889131439,6.7379428498130665,-0.2266777770960381,-1.069559905877322,1.6058017709091794,-1.9867879037958425,0.6612363481148585,0.369518152616889,-2.7802336287881,-0.07108337331441705,-0.7556768387288985,3.4211039884965837,-1.7597336471353522,0
-3.510273343399346,-2.684325710554739,-3.072416368926091,-1.363936523531314,-2.5154593771284652,-0.35314798074120485,-0.1256884923482795,0.6965663434575416,8.297784755039848,-0.3496302762267224,-1.2491706196468906,-0.5982894005568828,-0.7503115445678996,0.051051506743348025,2.4885368358667974,-5.956291653290469,0.05261768796291344,0.375374624448005,0.6561657731393664,2.5023687107974806,0
0.1863224213189819,-2.8781216886401824,3.600186805781684,-1.9509979470397287,-3.2206901151099707,-5.339327342900436,0.6264264189234701,-0.35459063250298134,7.954178880215799,0.8023674328958811,0.7452522288182044,-0.6492596528216963,-0.22563404974768608,1.6301257460098268,-1.9941411165168803,-3.465926430412825,2.648339311746387,0.09154564404472815,0.6991770344826287,0.9912219146454686,0
0.07711611544465835,-0.9880811605497709,5.425766347706811,-1.2399841786355632,-2.8178762696618547,-7.43817235906922,2.6692714450880235,-0.7183530388306428,8.570712506133237,0.8733955364172833,-0.79076671325505,-1.952990236796171,0.7221817908060398,-1.243515672324092,-4.431878939687098,-5.660182840504219,3.9291427285757923,0.7764149186384308,-0.02406724580044861,1.6048777112015606,0
-0.9385869199123658,-0.44556187921077606,1.0172925708406744,-2.093222833488934,1.5046848731951472,-5.046381716158923,-1.6726434602322924,-0.8337509418377196,1.2984688084541192,1.4278623820852956,0.1223266861648562,-0.6391169846401579,-2.854552069260345,0.16899143141433093,-5.547500626859952,-3.5884236699096026,-0.2975216645185159,-1.0790244592678986,4.1200509587418885,-4.001393913704471,1
-0.4771268014488355,2.525271096405363,-0.5146259841456218,5.3213376025238315,3.038870166250793,0.9047569764315165,1.4155768502790618,1.2097881878438104,-3.112416748071194,0.6097147286535098,-0.48702086303450615,-1.2299585425393251,-3.972968342020506,0.2805000229198326,-8.057026511555266,-3.473834353811002,0.32341672272683697,0.20620920830783845,4.350543241181874,-6.0697751915855225,1
1.7962355546941822,-0.7633202569171849,-0.8469570149905233,0.22677298058084816,-0.08196561480752995,4.19382541803453,-3.2007339300545388,-0.15995088456830253,-5.936109284124606,0.04098432823524924,0.6650059156350103,1.692881032832096,0.5705895712929494,-0.6398126391918693,3.0068785356494017,7.625784135050226,-1.5161904422793187,-0.6498537937817882,-0.8398498774062102,-1.5400550188596054,1
2.20330332955859,-1.089967760903769,-2.5381342719159585,2.6614972361424476,1.0242694736623155,7.781445670705155,-4.943214723992334,-0.45059972468403203,-11.40985746834544,0.5342853792078425,-1.7035821602729582,0.33238297083004026,-0.5916075377193563,1.1656166491111606,3.0154422923319317,9.459078771881805,-2.967001068899336,-1.2012768987579148,-2.2252385608523433,-0.3178879677323948,1
-3.435897498706188,-0.2182537875702557,-1.4191606634003766,0.7022903045302165,2.0941359530594803,-0.8169708593396492,-2.3152530343346105,1.024655190284435,3.192221094922587,0.7273525822688602,-1.1429640539185577,0.4412542284170833,-2.131061719072557,-2.059725226878529,-7.282441276632733,-7.259842161726691,4.69178547056086,-0.10293725847909896,1.0041762203917874,1.2857823843825835,1
-2.0460119561626637,0.042350318390343644,0.3577229563941353,-0.21887572011995293,2.5253795360264464,-3.8481933063035303,-1.1371526530873262,-0.324402919948115,0.6822663608314967,-0.9077499505561069,0.3291710222650008,-0.35017269182277744,-1.9356991822832808,-1.043243409174384,-6.075855718797532,-4.29558315491148,1.1348356979296454,-0.5951497782664485,3.00421035399134,-2.3222000924523,1
1.8058914452790213,-0.8219613139839392,-3.573798133810973,-1.2731875765335812,3.011949378361223,-6.568558878236345,0.2592635353705546,-0.950754988583956,1.2242105528518548,0.7223054837827397,-0.47157470335653606,-2.2726419394203052,3.4531158379639253,0.20709618034236218,-2.0902474315978252,0.5788390059926962,-0.5711213705258917,1.0293976181353213,4.385617318819057,5.753691227571691,0
-1.2603277965829558,1.4745337081994525,-2.3896861540531016,-0.39318288025965664,-1.3918210974362688,2.950655010398159,-1.2226252817822325,-0.21865885725176532,1.6650096088806075,0.11020687923412407,-0.8394178106597178,1.1313886264529724,3.224202197007295,-1.6235870856348384,2.0795644593954146,1.5028536787092952,1.8033164177625192,-0.2728833027596277,-1.3883727063308007,1.2044529038927385,1
-0.5310610612389325,0.6282191963133358,-0.655136203431328,-0.9804995777660064,-0.311077260703045,1.8490508044276281,-1.0633061459434823,-1.162895316247801,-0.12088435635740578,0.11762398407484267,-0.13746376973901273,1.8390989845079257,-0.9902780668528911,1.4902968916692982,0.8039364603061311,0.856376542828707,-0.5150403924313443,0.9618958986902391,1.0606912065827625,-3.6999798610581314,1
0.361838023015032,0.17304426101819093,-2.19740605695757,0.13463082465657816,0.21987832876913527,1.8486620460993524,0.5013130781871381,0.40293687242053067,1.3950150575518188,0.6041965491497002,-0.35541430412854735,0.6902996372777721,1.1261561068330368,0.06194403497818751,1.2741720581371514,-0.5636350762627216,1.4772983234403596,0.20083973869410499,-1.1724010337747257,4.281405187200909,0
-1.074236376496776,-2.9366898469884672,-2.0485835959186627,-2.8146753654673855,-3.2055030625232313,-1.2253566672552405,-1.1029244138534593,0.03268623443857666,8.17480401702418,-0.17837491960827281,-1.262845249768365,-0.04743047967055991,0.9950726015997906,-0.881541272073833,2.4836098312933315,-2.700691174130616,1.3600156644163677,1.3084741692001631,0.12015605166915178,4.20510281972658,0
4.06484947936877,-4.269270396764239,1.0406468564117357,-2.5974453666034005,-0.2955158707587894,-2.5627617473478344,0.8616648829744797,0.9908851216043476,3.2489121815031123,-1.451589578549887,-1.2348836273343775,2.844538365948692,-2.0671905762077323,-0.09081983337538539,1.8251104462242749,1.8447062774964418,-0.1516292559761271,-0.018638255594339036,2.8345321582760565,1.344073542709387,0
0.9365996033397619,-0.798411275353149,3.2244314081609886,-0.3598060042903318,-1.5002099157976412,-7.585221739343762,3.80594444475516,-1.0119273093633734,7.724433559057346,-1.1821492488017975,0.4224050828319216,-3.275043951260832,1.4216549822009097,1.7677573579602104,-3.967670207326666,-5.843268006686698,2.9600727006264362,-1.0736764955672504,0.42227056539057883,4.900673647485301,0
0.31935004822204704,-2.071556600276029,-2.0860365066751565,-0.41445569262626153,-0.3353164888990296,-0.10927886712563861,-2.8756798813947873,-1.1548228677262822,0.040375097296058406,-0.6676846546932222,-1.5543780791236008,-0.19299141415815824,1.6961814450732207,0.534302049730166,0.46957559262132686,2.7780067117917278,0.4017491223941709,-1.955255159091572,0.6225262137954636,2.4863208687665903,0
0.529989651634627,-0.15979298741495274,2.581748865340935,0.5142274247798087,-1.2075946043881047,-4.917081372551138,3.239952962729202,-1.9929363156801763,5.165237531847908,1.375551913363207,-0.3667360785170223,-1.8973990025196694,-0.15692641636673998,-0.5650342604664934,-3.193775143066169,-3.8741532336557314,1.1901609083315015,0.1847588127884412,2.00712715203478,-0.3472148321316233,0
2.483072135599797,1.047582114917516,-2.073101431863684,-0.021916885785238982,1.1587203808878535,3.4865590031134674,2.399567060019682,0.7121866576270373,0.780227292047443,1.0689160184253121,-1.2073794021077044,2.819426539887691,0.18128897719681547,-1.6692905299444687,2.2336072690145126,0.08268336521872545,1.8408509768765733,0.32252626325596734,-1.2193086493986385,4.578389540514852,0
-1.6520319235435523,-1.9111269695145727,-1.137477674046798,-2.081344252698976,-1.3742514555554939,-2.0377280101096282,0.8555529930692608,2.209387125902919,4.809404282733734,0.7698209031577865,1.4952144978685697,0.31042817975296266,-0.19770336277095635,0.3054462438603733,3.4716317324213413,-1.8438435340364965,-2.044177392457704,0.8026307013236168,1.9772844489393442,-0.8245445275461615,0
-0.6428322528458191,-0.9387394508025114,-4.245412551963617,-0.641848014009003,0.344093677597618,2.154618250585942,-0.6119824511469052,0.1914561361499349,3.3858244669826094,1.418867589802212,2.1579716860282594,1.5099136046751338,-0.18641264056096207,-1.3042886623027445,1.2797861631881655,-2.049041913684487,1.2656931639292832,-0.17468191658949636,0.7148266492446823,3.6336870031776236,0
-1.6201078150146593,-0.49739745564100857,-0.6202230766216795,-2.2450755648776077,-0.432398779027511,-1.512006859156366,0.5110839750801477,-0.9581008136621948,3.3043782847037293,1.4356447200992184,-0.38496652880844884,2.0385591550429862,-0.1281582908126756,0.808540758322193,2.4187589871858686,-0.4670310925522989,-1.4321538115664125,2.2057863526773978,2.7709762306689125,-3.7906803106052678,1
5.709881881786202,-3.6114541585177413,2.701665298692032,-2.4017125803391846,1.3088022027218644,-4.09616804453926,0.5144368204159184,0.269017527771541,-1.3296476847398544,1.3862760820808229,-0.5293455236693311,2.666188409231074,-0.5123080394605866,1.16297582623604,0.9848876190493536,5.839593596475142,-0.6473841049855666,0.497730109558992,2.610570937657241,1.028898386179277,0
-1.4418999616138966,1.2184366600582102,1.57433098243427,0.4978583836068521,2.250833341309586,-5.480054137872577,1.6047088599851016,1.3009112374165572,5.030802694035674,0.08312581787924939,-1.1811304632386497,-0.7773671719411845,-4.313318457435113,-0.007402396000651359,-10.45135408363143,-9.668566780272869,3.180309774828557,0.01930752922613046,4.979743692978899,-3.544669852539497,1
0.6769687245562959,4.325278644164293,0.0733168558438172,1.8033239068795033,0.8051348876132003,0.5473746489134133,-0.011841758561146443,-0.13281060880247617,0.2873325853664215,0.6087368960918721,1.1346860199275617,-1.4286642480511629,-2.929310415468896,0.41572550997978686,-9.165130329276625,-4.588088446140614,2.7557284269308346,0.7294219383503361,2.7697787452723133,-4.354674460725974,1
-2.7727981438325493,-2.4467758884504573,-1.8986487562762515,-0.9276344485917569,-2.3143245216886914,2.5982067262417132,1.2241694493637643,0.49723315135786184,7.365230450646904,0.27633084300105565,2.4982001179741125,1.3831406144870078,-2.495164929969481,0.4023519884543412,3.9539251585485844,-6.403278975022896,0.7397024989219853,-1.220847814062526,-1.617860983030565,2.9438052043328713,0
0.5763841999729984,-2.391913582625234,-0.23106420415359108,-3.1013378664795193,-1.2483242328978061,-3.907127293220321,-0.5152646176632534,-1.536789513986315,3.9775837302382593,0.47377236185884813,0.5320323254226663,0.7828995233923735,-0.315003318245868,2.094718583848544,1.4396010265902062,1.0764118640873015,-1.937908435559778,-0.28519447469178416,4.4154076669258675,-2.934791100289649,0
-3.2843624961343068,-2.0676063560468885,0.0698644709723315,1.3280823080503137,3.521983288819273,-2.01879970392095,0.2947473418351436,-1.2546344849838706,-0.9602902676064662,-2.444332480542263,0.07424958225086495,1.6246179295509144,-2.936352349399857,1.1937736582635834,-1.8325006202591405,-3.1749412271099935,-0.8880028967220788,-0.2254039937388813,2.6623829860756585,-3.0477684423309084,1
-0.4251357973738726,-0.25383881497745686,0.2639208898487111,2.000892965998422,2.4271691963708584,1.331332251450048,-1.7590495532444388,0.4441164261684147,-4.375265758689549,-0.6380730352667855,0.8282663567889997,1.5283927565716011,-3.688176604600658,0.694999668887765,-3.831351702113694,0.771072128809238,-0.5719599465489467,-1.339267121988083,2.954303307849435,-6.152653288877865,1
-3.1412885117628147,2.977168556718083,-1.3485138225683169,3.099134818605581,2.4850861412079057,-0.9799802646621448,-0.00616113964027365,-1.7850694591464658,3.2198432445336826,-0.007815917090578843,0.8756049308219175,-1.3504883970211636,-1.847684599203321,-1.1998061740488901,-10.875248951097271,-9.263319553493787,5.489473263292188,0.9123865736422752,2.1167428304587363,-0.2568837724184814,1
-1.5287496818340163,-1.0085459853877161,-2.189516182707866,-1.0370043252069918,-2.1136648170380012,0.6520752757539372,-2.783072160951006,1.2556519185204347,4.605236435971115,-2.016181129600552,1.7691911692366638,-0.4785093040095571,2.214142268698696,0.46278738652830775,-0.3678993503953104,-1.5328081824469497,3.252435877679255,0.4514884824749464,-1.49659916392781,4.525910091262813,0
2.75154292175844,1.7749624589031185,-0.7144118403120201,3.4002570544562767,-0.09507630614084517,7.3302050612749845,-1.6241182714250377,-0.7005269906110326,-6.8187382813541255,-0.39020450596025524,0.350350320805497,1.381137359341841,-2.4918701336910427,0.005714110552789686,-0.8626356566004919,5.658517158498595,-0.8096744666106142,-0.8323499145880878,0.6516462788784658,-5.767445449586293,1
-0.40671868467028993,0.15202118606488324,1.3985714935966163,-0.2380993277077279,-2.3931839359068032,-5.038585906286433,5.826477807647209,-0.530408740127566,9.17530572479995,-0.5243575625907722,-1.1350623455172877,-2.4937576731609283,0.2925096590183851,-0.5605545697142021,-0.10602723679581998,-6.9755675015402865,0.32017002953955626,-0.28900555354386737,1.4555111616919447,1.6767999371042102,0
1.375901911314336,0.3043955566179657,0.6573856633158719,-0.07579710744542245,-0.028723585253331296,-3.1868038637991236,1.263801897286761,1.2547448373376535,3.231642950057108,-0.0777940894374174,2.229639433423198,-0.771910956306499,1.1017467553706037,-2.6001207001989832,-3.25359685354186,-1.6125914815864184,2.395344978027196,-1.0054679922322418,1.3577299618165481,2.083321800840985,0
-0.32133007365004396,-1.3489585359562595,-2.54505470377965,-0.38334874708447625,0.7392049855391487,-2.071762256003703,0.6963287219803648,-0.40208842674785095,4.358852149856387,-1.197597137779373,1.6179611429548872,-0.9388982564542494,1.161074655091625,-1.5792529774324968,-0.7631149154710385,-3.7891108726987617,1.9456246194082014,0.8292150433882666,0.1678878585240271,6.949924554926846,0
-0.10332523028257179,1.4263947667085108,1.1467719809626784,0.9645946126271752,-0.39336870446784195,-4.044808975700696,-0.4176490866928504,0.33254159045644316,2.1645332636223413,0.17055515394610585,0.5355953968440476,-3.162829217311355,4.401545139267894,-0.6129894889335459,-5.502876721977742,-1.317015094169019,4.37161937140437,0.41083196312415055,-1.1323211960534707,4.578126528064643,0
-3.1239618517027434,2.1756451539575767,-3.4258480307703447,0.4365717236377027,1.7146525959226049,-0.10622762024308047,0.10276942870696948,0.2682657095322018,0.6164256445193877,0.5672564020580001,-1.3197408180339942,-1.3583079471926227,2.165783544802262,0.6644533843597537,-0.6454372300399396,-3.2525110223815665,0.3384869191459279,0.2910519010263632,-0.2670056133304244,2.5499464221667716,0
-0.6234854037093949,-0.5818260920697582,-3.3055342721565957,-0.7279396914773313,-0.07910899163361662,1.4804037538615844,0.2888310147476658,-0.6189896144478633,1.3864373808362291,-0.07142964623750515,0.04522619064655778,0.08091195618973457,3.0101784760701698,0.9874897169687276,4.700452288521477,0.4313870419480346,-0.02513344067600054,-0.06820297252355163,-2.3207655694105433,6.51792824990197,0
2.2402616965594566,-3.0442465795686964,-0.2326872476020918,-2.1888733274959233,1.46464012067362,-0.6777141873943516,-1.7987171804687907,-0.9738283359082052,-3.178771480652514,0.428821006012148,1.4543101017964906,2.8267037476166204,-0.7900060325471372,-1.0810120697625603,3.1586347171017763,5.712711797842565,-2.5503690606657177,-0.04704344829848102,2.1345093954264542,-1.2412722318377511,0
-0.3396382054070111,-0.8934219780726417,-2.93341161145642,-2.026732462255688,-0.19472030572547294,-3.069288600563596,-0.9632391029541623,0.7441577788946404,4.2587257228985385,0.1579626977529609,0.3230416237873795,-0.8147796247246248,2.111314904207042,-0.5321418699618199,-0.25722417796157526,-0.9596755364726733,0.41233098628996223,1.8169458252058674,2.519983635673158,2.857196848302087,0
-2.242859439791122,-1.1217620658167164,-2.410036212439664,-0.09451031424530987,0.49372222091275164,2.6403853748835857,2.1047397344071825,0.599211171146366,1.469669784018514,0.5913475819086403,-0.08289999071715835,1.4530774130419586,-1.8220426123843343,-0.1892662309368083,5.440158539575612,-2.970233620524231,-2.404938118664809,1.0110630878929017,-0.8390841779807161,1.16791399113263,0
-1.72126960823925,-1.0823845577717217,1.2480789418993063,-0.08753609584501709,-2.486608931073925,-4.806236613908257,0.07635125647121499,1.1073181865159336,7.467622393724271,-1.4696183040062905,0.18683347276095172,-3.1548461986898992,1.8710653165917575,0.3823303277998872,-4.101269633652819,-5.4217412011340915,3.7293670531348457,-0.9038053784355482,-0.31216959525463217,3.8519191202300873,0
1.2552443422355315,2.3859459147632096,0.06776874175838465,2.3412042955721524,1.575719059357852,0.9325938710657266,-0.8764671018585097,-0.6691427506673333,-4.581533029750546,-1.2667207021315745,-0.36409991015970355,-1.3805116627209368,-3.238035472767524,-1.974011955045982,-5.903202466623346,0.214938437225645,-1.0938417566851457,-0.07079242518472023,3.3858995425109084,-6.276482665782125,1
-0.39187335493612635,0.49574063823973175,1.4357975461923964,-0.26945829569620994,2.947672593419032,-2.6008106917160845,-2.2901118015731505,-0.30448081739030786,-3.15236083335112,-0.03823850767809254,1.2796484346719947,-1.1824917452940662,-1.7303640467018235,0.9244908185733717,-6.358882170576508,-2.5434522191876585,1.5045215402134573,-0.3125523090219542,-0.16746321875028314,0.5876490545203945,1
-2.814000592467826,-2.1803244199271257,-0.07497790203899657,-2.4164605327975583,-2.9526028791513372,-4.569729442024636,1.7680325969104187,0.2386000732661008,10.096900631715341,0.5633355030589059,-0.20121547789209077,-0.9674441827580775,-0.6075141269510009,-0.43482679126773655,1.0665488836494823,-6.495347065621571,-0.24414063216305593,0.6900583398086663,2.428935009481483,-0.3602228753930635,0
-2.0930333578450293,-0.8491094762430056,-2.4983410597612807,-1.5652762848302049,-0.5013686538309174,-3.6773755137527924,2.091565925538336,0.7690926629557497,8.14450385839354,1.7931143276074963,-0.6850184429350642,-1.1809455750130113,0.9117162587252767,0.4104298872509025,0.23569964211966538,-6.500351266180394,0.849037724917846,-2.0545820248619173,1.6435796436047756,4.262026889744291,0
2.8495372220897224,-0.34381202646484765,-2.8975724576192317,-0.8052541965318634,1.5693130916507305,2.4452874547253147,-2.293560270180139,-1.5878747688613812,-2.5013717218015565,0.007576659778061981,0.7433635615069143,2.9436392168811,-0.14062403495820563,1.7405212298373929,0.19777925686373715,4.943457610603612,0.23192113197237796,-0.08203063630915813,2.582012162059148,-0.40162907582979246,0
2.200252504063519,1.4766305076530066,-1.3021158985136785,0.8050147273583088,-0.3818055854257887,5.327330055981098,-2.8234975162099447,-0.5218957376082406,-5.995259228207081,0.4328864946404487,0.27235248759196323,-0.2197287566407773,-0.6035874795625593,-1.035597974779926,0.5661151725433584,4.955925839528134,-1.224207086755955,-0.9245598282041674,-1.3072108386458454,-1.4450398989692428,1
1.1830427869314406,-2.223383310926172,-1.2990668059805017,-0.5695433664221312,-0.4798060655944032,2.116165143405389,-2.751976824261184,-0.7432363667780943,-3.872815736471934,0.4518975861164713,-0.9602529244189619,1.285173918758818,1.6968964983796788,0.7873580466943357,4.795785747365307,7.443902908686301,-2.3131049868779936,0.2297589919427541,-0.2588497357120574,-0.11206792891949761,1
-2.733793506893785,0.5749999221517264,-2.3180647673902715,-0.6920633026316936,0.12000729783458197,0.04390816703300124,-1.1558558182813163,0.00691944848858827,4.345283702574761,0.08970726268500426,0.2834313183720053,0.8303914540494807,-1.5585435130571341,0.3247023835507225,-2.9620602797506974,-4.839336617506662,1.662543462536875,-1.1439335705975266,2.605042989052848,-2.167469829874487,1
-1.716018138314962,-0.9950943315279193,-4.402216947264948,-0.6026691288818997,-0.7645477383945763,1.2057125768714294,-2.8276818366805543,0.33281979894319524,2.1833751331676727,0.07261083423621893,-0.6136312383802843,-0.9247511911948524,2.7936009603433116,-0.6433970622003758,1.4664553351973169,0.007997915572824863,0.9714729508794377,-0.12624814774958787,-0.7292247535716514,4.978060019609488,0
-3.9131772556760884,0.03796477952138211,0.9153765441492476,0.4639337148243464,4.967708120242846,-6.838475367218477,-1.3910315535286368,0.6694853551747171,0.1541850121526059,-1.01964533574504,0.5199100723365851,-1.7300697540861314,-3.1975547757770366,-0.7953836793707056,-10.60830912466236,-8.488326842113706,1.9024308648808101,0.7169219523855107,3.642026233767252,-1.798790992570148,1
-0.8308360736764753,0.17571376031819597,2.361490392136931,-1.472390807762413,1.2911670427430948,-1.885885352726357,0.3507951738329329,0.20078517039165847,-2.7589056686085227,0.6588491411272431,0.8771101252519663,2.4562181838500114,0.8137393440311038,0.627292013125093,2.3512069338525783,3.463232276361078,-2.005890673763176,0.1487734045010925,0.8133479121757513,-4.895571175679093,1
-3.7423334249021414,0.9758077529531344,4.400638378975553,1.2042743600201342,-2.0636956666591146,-6.798850046136501,3.9581781711468293,-0.8051978857221099,6.942858145150915,0.30889629326929696,0.9862024308615258,-4.0195389579170335,0.38797104146274375,0.38850632385943296,-4.39497748900625,-8.376367732567228,1.3230906946990093,1.1688854185670607,0.4024711434376307,-2.069324726212196,0
-3.3162841562725323,0.21325956241541688,-2.3679530538612052,2.724490004347204,1.3685159008573982,-0.2686369716733019,1.7133392782612227,0.011132592717344245,4.677224820897213,-1.3560122715994256,0.559432845408076,0.3703789677521047,-1.0564413115900666,-0.2400873199671996,-3.739794330102413,-6.512076021966808,2.6113229964068987,0.39195243160084786,2.57936668015593,-0.10779165650451021,1
0.08217521583533238,-0.2338108346583906,2.462350762395345,-1.6030641747280843,-0.45509095249036163,-8.93619244501599,1.9039272102298237,-0.44352441480040034,5.826359175607655,-0.19238926433841047,0.9311262776878393,-2.574498563753318,1.498677239243258,0.471854888201497,-4.594197556604561,-3.5258708889893398,0.9859681841440082,0.18167787215559464,3.7374718805967433,-0.3627609867249536,0
-1.5494042651405613,-1.618154665089214,0.5901811505969992,-0.37075703123543285,-0.715187468328518,-3.8515963686508146,0.8749100360275279,0.6208417480333385,4.709929880424843,0.9996891539453561,-0.06815663043443759,-1.305868771470104,0.03502220096984654,0.7671469014357418,-1.3284079676880882,-3.8849686355431268,0.6952658222401024,-1.0731591448312356,1.133460281857245,1.1829058815615605,0
-2.910811478610513,0.2963977351302445,-0.8148739672148797,-0.0390775065525546,-2.242779194477677,-3.4604625292209965,1.2201585572419065,1.7806249559172147,8.739165326945983,0.07239664781829855,-0.07328787900357472,-3.1556836425340578,2.0433287751557643,2.518714099294463,-2.89977744742821,-7.549415734312409,3.3408869035815743,-0.059226168670772995,-0.369602687613668,4.444105162431225,0
-0.166591366673852,-0.21635360099985523,-1.1624672521873924,0.3986240585773758,-1.4511283245670332,0.8337949435597712,2.585040805181677,-0.025838144716133032,4.899623466996284,-0.786028274403234,-0.29400776113237803,2.143871247652182,-1.0907666234053102,1.135046561869691,1.7631629099420012,-0.9878911309258328,-0.40141414786649765,0.8593904978198513,3.6648452227642183,-4.094759842997979,1
1.7015021598351099,1.6032762035465167,-0.3344585374264312,1.1895328504185656,0.46287550718599013,3.539770243465482,-1.2958985142469688,-0.07860980175325702,-5.571020391269239,1.001383145660648,0.3153314706444249,0.17991159176311966,-2.223115373201102,-0.2539283100109162,-0.6438816726663401,3.5695061964430552,-2.2911869778989606,-0.31136924127099364,1.2297721766685041,-5.2619312135872445,1
-2.5015579934949357,1.311846529173403,-2.2109258665049163,2.4959114237697255,-0.12101281280139464,2.059926295385112,1.6967294829692847,-1.0814078479612759,4.589563004864378,0.6786076590701907,0.3317219466232881,1.4320169087385066,-0.6262458173545705,0.2780092848865,-2.154271365623966,-4.278836338437852,2.607024509048535,-0.11472151179391586,2.2384357603163747,-2.2253245261298518,1
1.9916233521730005,-0.04085970756759649,-2.0214272073963686,0.12801619001341646,-1.9658486116897873,7.158114405898263,-1.96627900276092,-0.31731233288599736,-4.859516639150211,1.6998330137637852,-0.5327575394612195,2.479338459323836,2.023832634711365,3.4896476094098703,7.655497618970262,9.43393641994255,-2.3973080244028804,-1.0040408610202272,-2.068545833921374,-1.3443185526109467,1
0.21043482226181398,0.678474425908885,-0.8603498204662913,-0.12642658753523828,0.082359895136625,1.6228995457601296,-2.0227933844560484,-0.434743063192325,-1.6392603489690014,-0.32097516939919124,-0.36696159452816834,0.6490332002025013,0.33984133860316024,-0.4351787726987831,-0.7230679801329767,2.0373006432642518,0.48274448169025647,-0.21087275318943097,0.250382376245355,-1.2452669889750159,1
2.6130980677364883,-0.11510565564314135,0.8578196441241981,0.7843261309315235,0.8417668116621422,-3.3975257126447467,2.0676148781824586,1.0004366772966917,1.485894246365392,1.3054729405706766,0.49722023844336843,-1.65480340236432,2.326962020493451,-0.5588426970712582,-2.663486681498682,-0.7259742114027639,2.7247183701564452,-0.32007792327212864,-0.6484047445442547,6.587859679045116,0
-2.5760397346271997,-0.2514474208730023,3.2655034350055088,-0.5511308445737731,-4.767675331283181,-2.6778804312740085,2.753763047187149,1.4157466076601128,10.108222273082907,0.9346701581005344,-0.052978274929529716,-1.7049883430612918,0.23234879862961366,0.16394494455802602,-0.8056378874031142,-7.487171359187571,3.1514264166242523,1.4371698553041121,-1.9662252479234434,0.8653374319718246,0
-0.6448753049567547,0.15844669327204863,-1.6042420793546996,0.21391063095305163,-0.14869943511895756,-2.343731388249066,1.2329233170209508,-0.28437585908066076,3.242626766627053,-1.1671842538476616,-1.2851214985646227,-2.1594579360044435,2.615817974554802,0.09260800122649453,-0.34941345324499584,-2.3303203216348765,0.9295563674717446,-1.603116255930204,-0.08401417857549609,4.703230503488109,0
2.646676058738003,-2.4163228486002017,-0.6022268071278432,-0.2780301627411039,-0.5950146679952124,3.9993352117606777,-1.729065746782704,0.5923407698213905,-5.649509817835615,0.4592428063793111,1.4089107574829256,2.537302845120585,-0.5706243995024652,-0.7207847968099884,6.600706563593041,9.062638332472124,-4.250993027037652,-0.17910355363265076,0.4351262813595571,-3.1778387985435264,1
-1.1773538393325302,1.0387211753288452,-0.3938951547314683,0.01732380960260127,0.20386438588240097,1.6645046299096065,-0.5598878008619561,-0.544081311017581,-0.10373599898253358,-0.032442661893587,1.232647504381844,2.0277069415065916,-0.42238745078143203,1.5800187623238664,-0.16560847888150543,0.40165953138829835,0.43977049445301886,0.7613423567935124,1.0049025918467556,-3.760581418297623,1
2.0994901199769407,0.9261313583693862,-5.716806047902171,0.031575209988176645,1.5555537029684363,5.728212587623607,-1.0902623409039096,0.03527219264530364,-0.699823105712644,0.04984925184290562,0.8590014329706827,2.230456356762211,2.8701286164255047,-0.27761869913651793,2.397022498769058,2.183891521287549,3.238023893950781,1.0104418828265367,-2.7417013393680962,9.393600547462496,0
0.7402125453168875,-1.8846254967468512,0.8254374512960763,1.7368670194770994,2.8375113776975818,3.320355417175659,-3.2839955952774478,-1.1169803085905285,-9.917917734803268,-0.5532421842024213,0.6499430178123937,1.9108004849783593,-0.7832266759751431,0.7448110491967598,1.4107362331503448,6.803366257303564,-1.4971467196221642,0.37428951013084594,-2.1836265850195877,-0.6761006694769734,1
-1.4984069133330646,2.0168632140024565,-0.640331748693384,1.8194515529167712,0.7190297322001703,2.6074614840038732,-0.3081640359744049,-0.03358497517999565,-0.07769959473758535,-1.5924872056449197,-2.0222458092034,1.8504380636373712,-1.2099809557660244,-1.1280284070314834,-3.0857818480374872,-1.2632554779033285,1.9549964480381097,-0.28976909672896906,1.498828764185969,-4.470043446238097,1
-3.0491031286461885,0.6088932543325989,-1.4546755404474463,-0.7299304416387863,-1.6629293318039,-6.0501817704252865,-2.128456122343205,0.10647630450482724,7.165991669256661,-0.7977807260741908,0.4121638465035031,-4.180855476128923,3.3747373474207514,0.3957651515251236,-6.488725427484688,-4.958562171711322,3.2016258748247086,-0.7342399476916422,2.7514963161677706,1.4363601475753363,0
-0.12067064215139434,0.3674041230740408,-4.223153606213596,-0.09464058347308746,-2.6057200787814105,5.420301188783634,-0.28516582367792453,-2.217314784660689,2.600793127481418,-0.7806882771074571,0.8343402211571068,1.7415207235180694,0.3312139116372872,1.244102516156723,4.8940852126475916,2.012955403419867,-1.1646244329751891,0.906138918091378,1.2297477829359693,-1.8771065399393017,1
-1.540019454823359,-0.1265252677055525,-2.7173825188582565,-0.462811244083112,-0.23657395283880134,2.3395131300398466,0.21739790905864054,-1.9192925788569681,2.2542014447223284,0.16786239360676053,-1.1431606060400803,0.9653985028396694,0.28567111330758566,-0.3948521036040913,2.803250052578413,-1.8407230793975402,0.21830380759399626,-1.1046675477275152,-0.9928103597784634,2.4436039855367375,0
-3.828350618579801,-0.8904187286054187,-3.8274062129596853,0.015203344800752805,-0.15228673084346955,0.663665981962829,1.3823980860792857,0.29869666232126635,4.804640258664896,-1.4952660600014247,0.8018192902010522,-0.7610903278445154,-0.20578248059912574,0.05953993623099409,2.9720358793937085,-5.900570003525495,-0.8427601409244003,1.175224455567833,-0.33058568476909844,3.46620565028325,0
-0.369914907841699,-0.9557653106968248,-2.3839306676878236,-0.2757319687923616,-0.5644005489537274,5.695196332940751,-1.3465605698532934,-0.572689190427965,-0.641565348096282,-0.543583940093733,2.184810310984808,3.510647103363797,-1.940262674851972,-0.8996776822830035,4.181678200596673,2.023359940976969,-0.9149429410968333,1.2107777468234946,-0.07420582149474453,-2.1489259977706823,0
2.662437880693476,-2.9468587195643483,-1.851854462949851,-2.8966365917622356,0.8843669182409062,1.9707329156244386,-0.9889403315541452,0.4707849743952435,-1.526627366770821,0.7891210234902003,0.7686821368867198,4.3152549915119645,-1.1564552094643745,2.291107174618739,6.005210726622888,5.239969251142934,-2.425642412928826,-1.1509711621737373,1.3194832114115427,0.39185089067644463,0
-0.005822237149803011,-4.006644768917095,-1.6413890154057227,0.7629354976996998,0.8461815869289031,2.0619017415768353,-2.2183910160896225,-0.1788746048480557,-2.753234269891984,-0.27401631381909686,0.5245174345941758,2.2292174652137966,-0.17283886999723164,-0.5576555790986524,3.6313094907878,4.598902918664411,-1.2923895258987128,0.933992223153786,0.28583358692901006,0.8940574353165176,1
-0.9542984505032321,2.581199980622323,-0.4239667788615814,0.40040139912394923,0.12773097370220932,-0.5239531043548515,0.35186814961111557,1.3287414300992495,3.67828356214869,0.1729698079558269,-0.478034012631749,-0.23255690204954438,-1.3988444120058925,0.7366199329005703,-5.920033752872072,-5.232323929218674,3.055847062097202,-0.14534531448773885,2.1342681843229547,-2.1900047558488094,1
-0.7926277595614308,-1.8149593983532168,-2.5653482520326563,-1.7304159870655864,-0.5369025179419834,0.38387283828551655,-1.5529910274758383,-0.007240398594146747,3.2449211134779468,0.14621135589758608,0.8959972104136343,0.9255574069949102,0.26252703316906,0.7057838852040312,1.6464264336860792,-0.9955754618158006,0.6735113575408679,-0.3155400628963584,0.277104465121234,2.8945572766856924,0
-1.9448635119357438,-0.11793341070147279,-0.8334292383871172,-2.064109133609187,1.2280589432831428,-7.9609394930251085,0.3983169724175846,-0.6010101206318919,4.385039054310002,1.5686658970781466,-1.3109708357228902,-2.0357684561851523,1.8513795881995507,-0.5100865767189783,-3.2027777328904192,-3.289908417527681,-0.6179606558948005,0.9553929964573576,4.845115628975515,-0.7304069280394296,0
-0.31019899678381,2.364434869535308,-1.203094271301196,2.1837767285886165,-0.6330675692873262,6.362921343741076,0.41134205912081523,-1.0035864681614417,-2.9090541463630966,-1.6181191703935376,-0.026414999087045726,2.975344847019108,0.0597196830586616,-0.17946835767597058,2.9583523491988455,4.21311042336173,-0.8379011328871604,-0.9981006602355318,0.3338775239114036,-6.121193427398587,1
-0.25916984697962175,1.3386159523189793,-3.5042472085998426,0.39168842207136034,1.0761138722869865,0.43161320214600485,-0.3341810444321405,-0.7409371136831225,0.051623533994922165,-0.5829002011534333,0.39273094038199013,-1.3145198006283645,3.983398981681958,1.1274543671225496,0.2482204496336132,0.17501502784469594,1.5218995850796786,0.7643296141303859,-1.4565811049438533,6.50538718709733,0
-3.457327198494757,-0.07546844541158415,-0.1454800064646744,-0.1756939076693772,-1.555609170131969,-3.35148306233622,-0.23483638869790013,0.25639955924383856,5.013098432041342,-0.4338065870878184,-0.3028848778801811,-2.2252057741549454,0.6920034551410854,-1.8301064887175909,-2.2511345070264888,-4.407004216598398,0.457297261376707,0.16367176222971988,1.7001952424811448,-1.698832612550717,0
-1.6711259386063997,0.09803896240861454,-2.0355565997087277,2.9092946508440756,2.1678834795052406,2.343919505747233,-2.044750063323795,1.2698139338097467,-1.8109437682434806,0.08091522552712062,-2.2830103724248696,0.06702806318315968,-2.438444137555439,-0.16820529063211465,-5.038439539073166,-2.6287699440802643,1.8882807494888287,0.394373845392447,1.1547771218870304,-0.8053634101304271,1
-3.491248310110592,-1.8628393950444453,-4.0417044093716585,-1.352981500780193,-2.6083580856336868,-2.028024717973381,-1.4179708978248555,-0.35549166291420126,9.098477858693998,-1.477349208854877,-0.1972506403523,-2.5317964113028895,2.2829683480588567,0.56819431730479,0.027749322509413105,-5.844050871983508,2.07171856656684,-1.1813549645828454,0.25986125727878784,5.930438594015492,0
-2.2739502299988494,0.9157703786540579,-3.1370656707147404,-0.9061886807213226,1.0612241141041607,-5.22835558964072,1.253266054239953,-0.2935379342872174,4.595386168900265,1.9600075188155925,0.4595077666386616,-3.29909327090585,3.4934012474952434,0.8042382946826748,-1.4640169243573335,-4.643991781809323,0.2034742776138997,0.036307341741559356,1.70745578573713,4.908587419951498,0
-2.8041467067284938,0.01269923817390517,-1.2109036004929745,-2.440612277865415,0.3365362048976752,-0.8793302802819727,-0.5848135316957505,0.2347483784081829,3.305223292359615,1.4237073100207738,-0.07408266206618958,1.565121344110583,-1.0152588806207468,-1.1206755675459958,0.4889736778077718,-3.463980470109202,-0.13393062018085067,0.10608271025834201,1.3528408040446571,-1.866797381419041,1
-0.913553634204032,-5.095696093291206,4.628581934191965,-3.051942782819003,-3.173117081720293,-7.780480526355944,2.2570034020697394,-0.3053886192040924,8.30071704873897,0.30552396622662004,0.8461592627402835,-0.40390817633906817,-2.169497370116897,-0.2238872553562106,1.7094874014611585,-3.7730738337422047,-1.7730591341093256,0.1773793405842796,2.6747137850354767,-2.5711377507430213,0
-0.606297409220321,0.5476487704581063,-1.6417094365937979,-0.9184043341414407,0.07030366909237795,0.13554563736049424,-1.5530926922252735,1.4673820105354922,1.4484549507824178,0.017917738221916595,-0.04820838564256086,-0.43858482146156885,0.3233196428801677,-1.0828340625830453,-1.6728305117217745,-1.8136273554290574,1.458310307019052,0.4395657746659394,-0.1276367950611874,1.9345226646701372,1
-0.6514604627733339,-1.8480570046188711,-4.010564757715775,-0.3944224131384321,-0.42646382553029244,1.2025923762251365,0.5457775107658808,0.4803511621244528,3.835380286825461,-0.18974350395406103,0.0004720347890848933,-0.2330059840018368,1.168578152768769,-0.8081016455257083,3.618457285067719,-2.0929132754536743,0.24250099223521715,0.581145557008673,-0.9945579019863824,6.9035869474706235,0
-1.279472339554718,0.05199431135862731,-3.755296760758257,0.31620072625291384,-0.37131200936171976,1.5726355904638667,-1.7064854496233821,0.5755087277566842,2.2568352177918074,0.9444771321985024,0.14627904381135326,-0.43500064215278555,1.2433359112800377,0.4121092051372377,-0.5209641682156128,-1.1382135652967138,1.3966968791334564,-0.43971156043633197,0.54616466845148,2.427102554959996,0
1.7085474381350514,-1.714573954158436,-2.7768856356048586,0.10108889001906951,-1.2829015378118604,5.383014826292615,-1.8039899631932383,-0.24280228731195067,1.505516255167524,0.10324165869908547,-1.20216836717434,2.1686654698802563,0.4167617395063077,-1.9698967934405986,2.3812805005876663,1.5439734897271369,3.125284970267775,-1.024251310627874,-2.785358925569473,6.256315976451865,0
-3.0475643027927894,-3.242724200173539,-1.1331404706727894,-4.7459619991264415,-1.9907058730248817,-4.425312194391111,-0.6918266505393302,1.259316579895051,7.619223989908581,-0.08310530841660531,-2.0979046842888645,1.2723317855429876,-2.1960663262931632,1.09667088749613,3.1003799391238913,-3.143154586557443,-3.4579238096611418,-0.5896192625604866,5.461640815939715,-5.6458383266188985,0
-2.9406786940622425,0.7309852861010357,-1.5930136815856368,-0.9939294116790682,0.01943843529896183,-1.4083412694102484,-0.37171979995143506,0.15807289709124248,5.011683513424895,0.030439562394779483,0.13313564624990556,0.5987792900762497,-0.21194251737543524,-1.049949577930627,-2.4772716166502247,-4.731743408840305,1.8252372656689324,-1.436060494836333,2.2241174303917157,-1.473236209232587,1
-0.5773325213074254,-1.5886249659229186,-2.4244048293587355,2.180126602460866,1.0820681094029674,3.7420192013292337,-2.3847108089850657,-0.8873013670361983,-4.371642898396515,0.6247953894695016,0.6973507446380671,1.1196149498590773,-0.37820544418935215,1.1356412676748064,1.6375693395743776,3.9185119839464972,-1.31423120397906,0.07702802084587244,0.4308014712150343,-1.058483675080034,1
-0.1363635827930707,0.35820040135379316,-1.1291196443652747,-0.5013386175172965,-0.021339487592542672,-1.9693417061141347,0.42699437206236146,1.2207526032547376,2.4361896362566338,-0.5043199689792308,-1.4446591716832917,-0.8506714915521383,2.287426343700937,-1.0580352588581445,-0.5344675019530964,-0.8007161201532748,1.0710410277571003,0.22753895389624126,0.5077967650503816,2.725379658463188,0
-1.6569225074620104,0.7200612023562011,0.26915439151491616,1.748224991141234,2.4817244399275893,-0.7328701418842921,-2.765243848542844,-0.4317485253908717,-2.563607434998858,1.2019666345182933,2.1974837210545815,-0.33461628798906395,1.8163461410004105,0.06725995952489733,-5.790056335290413,-0.604621156206974,4.219760667338944,-0.7615531754262111,-1.5441955455010123,2.622128367708555,1
-1.89323292200335,-0.770413710962801,0.9447374321322797,-0.5061059581878883,-1.7876702087382164,-3.7986204697357304,1.3950671372267602,-0.21288241591064475,6.8848562203788015,0.42425058766885315,3.0873138111123435,-1.3295780850300711,0.0867322048614606,-1.735487535167645,-2.016655280382938,-5.253771849480068,1.63244600876964,0.1455207430655127,1.2552863200200732,0.2581851450975963,0
4.534967063737667,4.167404578982124,1.3542784520559292,-0.1477106973177904,-1.7856344819962893,1.8862742664479,-0.9806271661348545,-1.0110388627342,-4.147764701181999,0.6973933261952787,-1.2101819050972824,-1.653540230386554,1.2242020135628577,-2.544075518734061,-2.1359780162010527,5.538226716717599,-0.28024684648317044,-1.0806594295742495,-0.0410192661750578,-3.3680578422128984,1
-1.6507149503533078,-0.13235870233775193,-1.7264081529885607,1.9425822879968169,0.5541215342023652,0.4918621840585152,0.23242608637530915,0.41025906898077413,4.069611649321026,1.686012583861031,-1.5793719075375352,0.6804082220753019,-0.9034592762230146,-0.3815835486484203,-4.048967263446119,-4.58687999750151,3.6332960969304944,-0.9496387450907569,1.585222587050506,0.919092896943031,1
3.2609130668805957,-2.0445450251598905,1.0958672513552044,-0.5980454039256753,1.075981002940426,-1.609474244832222,1.6587280494473506,-0.03410720098954454,-0.27633632507859,1.90186461325099,-0.6522665031033145,1.5678743700748574,-0.3809608828257376,-0.10837103661884025,1.2880681873335151,2.1592423958264577,-0.0968614567305014,-0.4749346222212478,0.7037452999677549,2.489027340279575,0
-2.2228452550606947,1.0456946007004884,-3.0560330987353383,0.7464650532610102,-0.3700159107966263,1.7765670169909364,-0.11791347633267901,-0.5223083274730251,3.128224375992139,-1.3580100590415056,-0.42958164559171663,0.48056674220872153,1.7781837653032955,-0.5375102708450441,0.09869662338753231,-1.8947220239796072,1.8978758107583331,-0.7154255205767448,0.19464492246632237,1.27196097434556,1
-2.614505449384393,-0.5768156425937546,-1.3309190532218358,-1.0397770744207189,-1.1774626228803982,-2.6141217033482724,-2.5465683873018987,0.037198196936267684,3.2826068656669434,-0.19749995086866415,0.05304078427044711,-1.4034782397888905,1.8323176615028856,0.21988363049347096,-1.735736625063704,-1.1355294071403783,0.6524217245726193,0.3838235638312693,1.8221366949010864,-0.8608063242767993,0
-1.635829174901402,-0.8114400888237054,-2.550265170908614,0.2828513930237695,-0.7546655282313948,1.7578073703816992,-0.9598080505906346,0.08623487529719638,2.818788052048016,2.926157338518293,0.7048680817970705,0.02712270486994428,0.28222086314200734,-1.2065815287074781,0.5839434109539405,-2.1343631487381396,1.309264282276697,0.5903266244416787,-0.5914279549926085,2.657255119413462,0
-1.1461600503428677,1.9593318616883504,-3.566283048148695,0.8097061182342151,0.6070875129322313,1.1492948617601682,-0.9596816425909951,1.1093801670164412,1.4094774773675967,-1.4022050903368122,-1.954852079131145,-0.9019056139737928,2.5317500601033327,0.003988560511122636,-2.1163468090792423,-1.5714264673959535,2.512637560074603,0.9173107984708001,-0.12557609961393135,3.4876959982264086,0
-1.9798844171895977,-0.2800041263116845,-3.392354286968966,0.05826876307113937,-0.8905733564454602,2.7121342350010784,-1.9773110130937182,-0.4160395394702413,1.9273304164584686,1.6944725305279356,-0.8829783739064431,0.06447031874033982,1.3890291948899451,0.05739690795874399,1.3187995239786932,-0.7876509381342476,1.2246423439123275,-0.030578924765371687,-1.1115525089199527,2.774999292975743,0
1.7743631214490925,-1.4410051792192518,0.17417222063739646,-2.0123456148971375,-0.7507013255516846,-0.8056017510565524,-1.6191701340171538,1.634608848829265,-1.0094702003702631,0.7042530950209204,0.3056502529768904,0.20072318627029329,1.5038645900814795,0.30985994436768094,2.4295841977067347,4.1074441549429,-0.9538825341126913,0.15514701868247027,-0.4277376864705198,1.5216694374597586,1
-2.2467566246682233,-2.515582255778722,1.3485920021300999,-3.3939250153786995,1.336160102265557,-6.622733968166932,-0.6118095359974993,0.7262722258771492,3.222794871851976,0.3399703595692396,-0.33247325251159277,1.1594352500613083,-0.535188803841079,-1.0139041329929706,-0.7430882735108616,-2.260099466210551,-0.8069901275130398,0.10732488313411907,3.2318723884053053,-2.1067604861016407,1
-2.406841073271911,-0.29848728534897706,2.519601116304079,0.6614834088480812,-2.4552269725899447,-4.038924118101265,3.234567491019356,-0.5358567265693974,6.4102861031912415,-0.08933492345641343,-0.35819799128777635,-2.8812528306055087,0.32108248627534847,-0.3243220409101956,-1.0731053502447032,-6.170112269671262,0.7401581308297224,-0.07072004890021252,-0.49323956001883573,0.47391257451055113,0
-2.1213306037582145,0.6161516562452871,-0.309880719835452,-1.7355144951735575,-0.09112130269115604,-4.516488307599765,0.12103490105395742,1.7157000928806039,3.1875285118097008,1.3494425056388255,-0.37357436365296853,-1.0812636112802834,1.8650447647871002,-0.7786899631250612,-0.9399751348303274,-1.7443929903662034,-0.6142621476129102,0.2748134611974878,2.5556602111510056,-1.8409242087794675,0
-0.3618447268584637,0.5917361231244647,-2.3926804656613916,1.9300335983572483,1.0241789331639541,4.384761837497773,0.1586164712169421,0.9469748008755057,-2.6039903509089,0.16686524744165504,-0.15504865885163163,0.3946276791761838,1.342327002671061,-2.0510224885260975,2.4562654316337236,0.8713236256449788,0.6636135343804167,-0.3076894365069016,-3.339189425036527,4.667740212364836,0
0.646195267044928,0.5112715528592466,-4.262456804973288,1.1763564799030406,-2.126116628924752,9.3346568735179,-0.8108855483472561,-0.974532704094733,-1.9192212223396454,-0.615735666971556,-1.1762292523374869,3.205398549004552,-2.8746667840385607,2.0443238023747976,6.078384470043933,4.66125330752026,-3.7399930324519612,-1.7457359145765963,2.1739558110006625,-7.206274281172781,1
-2.9824730961865757,0.5964643757708479,-0.002722215742503531,0.07399160227204327,-0.21378211545841186,-7.247243114020465,3.5437492951963545,0.20000066583166098,7.1365141651632955,1.9616294732981792,-0.5915158696705674,-4.866787161480326,2.8497942163635805,-0.45452240701841656,-2.7159420954696736,-8.271356826409573,1.179056344231313,1.0209796051476259,0.13981607934663498,5.521015925330263,0
-0.7124503171615568,2.381246719890073,-2.560800787496924,2.7515078370113013,0.6091539391293994,5.620511104773402,-1.355412334433499,-0.2940473139662285,-1.1699881837815613,0.14342186871507598,-0.04782984619791361,0.5985647241335719,-2.65994642139119,-1.2064103339541288,-4.023386131666963,-2.3937113271670762,2.1951598334125952,0.30038093695788537,0.386785620578844,-2.1109922341305944,1
-3.526409090228464,0.7826374024713615,-1.0568774057710038,0.781957567721292,1.1396713514765906,0.2442051777569024,-0.09014066817611044,-1.5489796616692089,4.205403000195861,-0.2680557684270527,0.4226115733141262,1.7497104429593309,0.0453769702492518,1.2192579890966468,-3.6587585143389463,-5.648972692427706,4.62981294885409,0.010678863235011486,-0.12062401671146372,1.133852066437866,1
-0.30477313229843034,1.6260413508473173,1.057821343791884,0.4347834570097632,1.0549896892861943,0.6164462747751449,-0.532523675116096,-0.15649639057169043,-1.6767978172710232,-1.091749429224336,0.0005618554692100441,1.4082940740895251,-1.4764974726933322,0.866320364823763,-2.9849398021617066,-0.043503569347612445,0.7846660425607876,0.4901971418462857,1.3281360726081228,-4.649657776348098,1
-2.2618043384194024,-0.6949213358425002,-0.6271305045730502,-1.468638710191962,-1.0544695006456868,-1.216197030404228,0.697375455836356,-0.9628017639684975,3.986832184185997,0.6316352098206687,0.4571755311570313,0.026706440378981955,-0.21216616831658475,2.1597423126681368,2.00298190475724,-2.9898175072862725,-0.8889598082472461,1.251528869213899,0.544495782662444,-0.5027051988173716,0
3.6487214345595493,0.1644090463882597,0.5527184353922272,-0.5873216182554408,-0.49033371056865294,4.527797143437458,-2.0905155302926,0.4672036928277625,-8.230517926050195,0.36783819339889656,-0.17401311532615715,1.4608967770323047,0.6395444967426784,0.18481416761224878,5.296371966992228,9.968368480442981,-3.497250343473527,0.6336620212924092,-1.8889774313013985,-2.300819217243889,1
-0.40096254054443664,-0.33856318123813767,2.1934909843313246,-0.30676097433477073,-0.854187910733093,-3.9557635988738693,1.9374401250835798,-1.4832483178978748,4.763133565732111,-0.3583879681773203,-0.7035239816671137,-0.8122626941859103,-0.576526955238047,1.1398042162504856,-2.7926361362567307,-4.034265339472382,1.4966455886565686,-1.5040309901488447,1.3739929566818718,-0.535626336924177,0
-2.5538189129073308,0.29386093183046347,0.0026466067547670225,-0.01419073093349732,1.6719437594595448,-2.0193548078905175,0.45686827949627373,1.3146637309753773,2.5003657581642966,-0.962675694089487,-0.3326707985128008,1.359387285612252,-0.42572665892549416,0.28950072246712927,-2.831516085169198,-3.8149067534781294,1.9495254930973078,1.2154887216247832,1.6015724177955888,-1.2448394959238702,1
-0.9661691320114241,-0.2825761049771729,-0.3992860214806868,-0.9434117812041651,0.9971457266543172,-1.1136001483157183,-1.6788051596309956,-1.3059999057352296,1.0051376556378084,0.8744963283982289,1.1989974816554931,0.7759367151473134,-2.0110632484003768,-0.6324513939508659,-3.269554509178869,-2.2374952856548993,0.8052911736326661,0.3901255382675968,2.2557844395224658,-2.2562133327415395,1
-2.4202512708572326,1.289682789612065,0.8100823878697425,0.8130655925229521,2.927906815339294,-2.7534980038859254,-0.16367512160858877,1.7729838520970223,2.356357462241178,-0.6953774654837629,1.7324850076956253,0.29765485093688393,-3.1511841434439942,0.9154535210773648,-9.036163552553422,-7.903183407560721,4.028111820351649,0.39376624230404117,2.245937925536162,-1.6384927251916122,1
-1.073324039878392,-1.32522208091479,-4.084852580651562,0.14508190674833843,-1.5730361621180884,5.79072537917316,-3.267955535840275,0.7837769056550118,0.6499685523493225,0.9708858890881581,0.16631650937512346,1.506815520767214,0.13794155287715926,-0.5440592180188311,3.1349730577593298,1.6060692361555113,0.6611908642975068,0.7962627995269133,-1.2408533694575647,1.7235233620542096,0
-3.6583217724578825,-2.116230593585027,-0.007506096754155922,-1.712477415462617,-3.27646711414675,-2.315611794650857,0.6003851535045823,0.7123352668133672,8.860512787260209,0.7961798949762344,0.4883647602144977,-0.6731208104671431,-0.8032058313593624,-0.756784418747691,1.2333925464219375,-6.260415376450794,0.4632838996475919,0.37702683303032763,0.5880338444463389,-0.23359167956242344,0
0.09750579278346605,4.273670382035286,-4.1981209102054295,4.80020224998297,-1.2902078058857185,10.347722677759576,1.3254343866169511,0.1704963074522855,-1.3758525622617264,0.8521995130955187,0.0008573342459645112,1.250771815948381,-0.5696371002574543,1.2487012727080387,1.048487875558702,0.8398033615963509,1.027721334673436,0.3676972532248786,-0.6074547237025942,-2.853578878592169,1
-1.0015991555880577,1.973223515545086,-3.3238813617819547,0.5566291195171491,1.3627909985510802,1.9891499659212808,-0.7728418312359311,-1.0244849990154385,-0.8267365716460184,-0.9747908775978406,-0.2720943974841667,0.11032731287414543,1.7960200567298656,-0.9339419074180088,-0.41853417492853023,-0.12975957270296584,0.9438693305290227,-0.12666088153077432,-0.15532679161323015,1.8772543620574467,0
-1.3914319511994624,-1.8012391977071667,-1.6730303188280824,-1.485267575600713,-2.4832667545955633,-0.6501817436980738,-0.3167383427325776,0.8660210649846025,6.639331937471605,1.1783948015767771,-0.45077237329337355,-0.007398120943823194,-0.5789135494365016,0.06813255569934913,1.0732667996901402,-3.178377057454196,0.4229416847909874,-0.2322354613235033,1.5850206287056645,0.343916118662201,0
-4.56556292771387,0.05404900219600339,-0.6310300923237457,-0.21251597976674264,-4.770024677685914,-1.0998289686885672,2.2359131440748152,0.2616184345462014,10.721384918124633,-0.1889605036664311,-0.7184232396848437,-2.867925713466126,1.0838744846015276,1.269187258851191,1.2414527484547346,-8.530785702080625,1.546935828431546,-0.052010780817045285,-1.5530755011620927,2.0864314227361196,0
0.8302692972159393,0.37543708568980994,-2.1458248961811175,-0.3430937969698617,0.1435743284600408,1.0879565141193948,0.3954894063002976,0.34301196021346014,1.959645636429928,1.389443133517794,-1.3328079788234986,0.938809545992489,0.2213374942764108,0.7613485633734344,0.1826038856564085,-0.5201512395780145,1.0199546935675483,0.5474377714155506,0.9261055185510355,1.689706609889649,0
0.7588600573640956,-2.4982900556415153,-2.888925958456773,-3.4447979831866764,0.9552262808772469,-1.1839566538830595,-0.4756225225489701,0.019644455960846092,2.16079336617861,0.6827056477468983,-0.09722155873808332,3.0451149177206656,-1.5850201085364481,0.11178463132985637,3.61129438147474,1.3585657472744184,-2.826538486471926,0.4242495529750107,4.6141467957562865,-1.7619382220615476,0
-5.646621623999052,-1.8946333372647814,-3.135789241265596,0.7265155201470823,2.138604729403659,1.26721789887513,-1.6995169580585618,0.011286223160318652,4.291590641149117,1.1787397760052507,-1.8065594062345491,2.8154162314830833,-1.7429196997095795,1.7733350570043276,-2.15866189000688,-6.922509566298898,3.6607469873350666,0.4274382280833858,0.36872047918846923,1.7451049575939575,1
-2.2393977675471266,-1.0364489615846268,-1.4572520175351507,-1.1398479418475613,-2.963628579181292,-0.6218333321391808,-1.3594549637287503,-0.29685489373197,6.190062044082748,-1.9517764835951803,-1.522954471956448,-0.6714200266888675,1.616929829349765,1.8522909540708852,0.508542701702629,-2.2397325122888425,1.626171811391527,-0.7909538805384142,0.20126850900283266,1.1419584627239237,0
0.9950152827788903,-1.5837147631710384,-1.5272454185159974,-1.6681343206670376,1.5728015923281806,0.2551427195269433,0.5008909314000443,1.4282342144746913,-0.7446267660317856,-0.025719072180556725,-0.6169324702941189,2.742431958137839,-1.6689528275092502,-1.2102617908469389,3.4631831566566467,1.8006251237938409,-2.6363666160872308,-1.2885917083775926,2.439859557397532,-1.3380521776821512,0
0.11215435516701155,2.8428669178001735,1.4394194021213311,2.8038326887564784,2.0959442912766093,-2.4736418173819925,1.5464539542587585,-0.5564847701387777,-0.8322970641640597,0.8333030533402974,-0.6238758718582349,-1.290475661727408,-1.9553163337512598,-0.23665190536331263,-8.182666285753433,-3.097784476528954,1.3136842566440556,1.4150080642858613,4.020112873133898,-5.33219767613959,1
-3.2114401370262007,-1.4637035309880142,0.5056419637834879,1.103728419160741,-2.400561034323845,-2.240326996670903,1.7546847499473293,0.5866495703386697,8.633200282261615,1.629588617431935,-0.5487163413482677,-2.921804102255213,0.3447753032585132,-0.29639865154618206,-2.2875774481875633,-9.179773884654614,4.011243868187282,-0.6022863546684106,-2.7688211707459427,6.5890736829190315,0
-0.3087317923636559,2.8956086166789543,-0.3665805159583108,0.21322166571823975,0.6777344569987179,2.4429932147270113,0.010808385704413559,0.14219313514130974,-3.395781516053399,-0.543829053927893,-0.416217619899324,0.6918689727970181,1.0509396381937177,-2.0205935003323385,1.0657134411955194,2.118678976696557,-0.7625904679448214,0.3103284759617465,-0.9922548411695069,-2.2784787515428024,1
0.08996951341485082,1.1678981669159756,-2.6577415877473873,0.2260671848426874,-1.150958992097282,5.68138983439839,-1.529771079954142,0.6755187365822855,-1.8881984412523205,-0.14595227263352686,-1.2260675264464345,1.5812768086077402,-0.15718170893166783,-0.04906552846734478,3.219295229570348,3.312875420405086,-1.240298611568383,1.8876865790080442,-0.1707541075493405,-2.703645727768966,1
2.4869408648308653,2.6836932338286443,-1.712973195473981,-1.1316734798525634,-3.993780544966204,5.994350507471419,-0.70985435415067,1.9793844714143014,-0.5851920290386071,-1.2261473645198493,-0.5031963884173696,1.672276254143524,1.511146197174692,0.4476719908369938,5.327231054263062,6.894741325556568,-1.9788037398559923,0.48905750054155556,0.47105679474324674,-5.3144113435235285,1
0.07547496561766864,-0.24252475510860516,-0.4299648860375563,-0.15507962062145364,-0.09436987210296444,0.9143564403092559,-1.8067017551499551,1.0574531394341933,-0.8418306979653987,0.5992716708727502,0.80633201905893,1.067655746004728,1.0840949191199403,0.680176080063276,-0.017675414577158762,2.471476970258462,0.9447871251866893,1.108841419071706,-0.013038631119121624,-0.323913039418326,1
-2.2618883386522555,2.659250459136925,-2.37603886944221,3.7651749803492667,1.7418189391185945,4.82952007450803,0.552628460879462,-0.3521362158210421,-1.1276153648814786,0.11620171909580941,1.7598129231736774,0.7436229263888665,-3.0700029593780798,-0.10226574498399026,-3.7117824280240326,-4.180688218684942,1.3192358392867012,-0.3642404820512782,1.0174279743685397,-3.385365325137616,1
-5.003437227147779,-1.0652804897706987,-3.12178790699347,-1.2464363259631055,-3.0518684951335606,1.9734200307506127,2.461197473250187,-1.058556042344289,9.893474581241392,-1.2166430955406744,-0.5630141949126682,0.11231109532319483,-1.502149720502717,-0.01688297991511885,5.072864486674803,-9.100845691570179,-0.24694103505981913,0.3732569241351695,-1.3561348496407202,2.396577312470601,0
-2.9975582499928537,1.179358162477111,0.8829296645711735,-0.9618982811305141,1.5855399693107648,-4.658530515153532,-0.5914382596166415,-0.0791411392458341,4.772561375840667,-0.22487537795256549,-0.3930518958787473,0.35444989429014206,2.131358930861234,1.155529776357458,-6.3966679897739045,-5.647823498069299,5.726926570116805,-0.12116589280300478,0.08762437866631478,2.526466757400324,1
-6.579041715224371,1.2137279058134711,-1.1888885219616736,1.1532660620756248,-3.6741980733554485,-4.359863622149692,0.5161132197221971,-0.34258961413729694,9.878923775703798,0.5248675778853081,1.2780661047654278,-6.242272395807864,4.004678567527559,0.7880704016029603,-3.5850308108051774,-9.65485644975779,2.9719742197556753,0.7832702169367295,-1.2247706269004623,3.6227340618922197,0
-1.3881564704384783,2.4131862574574647,0.0743220340290992,1.3181103946217432,1.2759071283556032,-1.675631430209463,1.0632277336533429,-0.5297938203086952,2.692388140347799,0.13373192659534713,-0.4737720477692401,-0.7540559751720108,-1.0675148193492794,-1.8993111708452337,-6.6167350045447355,-5.772186508148818,3.0828902077390525,0.3978950934659485,1.844365621722223,-1.2078925032218797,1
1.331064054941342,-0.4763119285767654,-2.3524768676394734,-1.5520145623806525,1.0158155159508424,-3.2935592127569797,2.295670279380928,0.1372887794876652,2.784505942274255,-0.27979216569898413,-1.9405515847036499,-0.5672045022685195,1.7523334515008893,-0.12215224609479869,1.917687545208865,-0.5044549342005518,-1.312835965979504,-0.7740914816197727,2.302276820588782,3.8395160912917663,0
0.9404463439745356,-1.4036920865730589,-2.2147035055398168,-1.1958014356570845,1.2726679281996536,-0.9251005603734438,-1.9529354244588857,-0.730011522864486,0.41493812905064165,-0.558420168487533,-0.524318113969408,1.025126784182083,0.7830487731154101,-0.7639474022443523,-0.741605531274689,1.4146247835737003,0.9722982771364606,0.40477585777353403,1.7201886089516267,2.535856487048218,0
-3.472547054722887,1.600782000365409,-0.8124267580723319,-0.1825774152052262,-2.582789107202071,-8.584849902975728,4.366163834821762,-0.22956017300372036,13.927613190169021,-0.6419969944533351,1.331635429967839,-6.354402737659186,3.5466842462481942,1.4244504949072732,-5.483709998863368,-12.614937799624697,3.8428162584156027,0.8758373287657037,1.3741992752242222,6.493609981831199,0
-3.403036588239676,2.55773779739211,-1.661001800358926,2.106481343138962,1.5326696774393558,1.965119447476813,0.643905884739588,-0.45152601692168154,0.9874153104659571,0.7274621945320923,0.9484257707181705,1.1570081627657762,0.00997326437353363,-0.6980016553104355,-2.690770419439523,-3.799333532938442,2.3250509868147726,-0.0006530739155414998,0.45407575680662005,-1.8915443742294054,1
-0.24510376266804257,-1.2871936934229844,-0.050303122960537405,-1.3909737976533934,-1.0466788733768193,-2.376869154949627,2.2603038593484817,-0.613598571738008,5.694706409777698,-0.16724790473917292,1.6239434870162683,0.05901888861783566,-0.8367206301468104,1.0446662356754068,1.0592758897119585,-3.791612433976098,-0.012622134274103414,0.5291151085637205,1.2852430858408654,1.261275658798433,0
0.9319084255443228,2.7890591976953054,3.4760338241551443,0.06335689172668335,2.5397193598776218,-3.1310712987890335,-1.147046345584527,2.695488709469085,-3.5134229936028127,0.7456735234735848,0.5264618134118679,-0.44666701734298186,-1.1321658857191768,0.07084639605228406,-8.268208760955767,-0.8019259513744015,2.3165141060747327,1.9766103338806056,1.1852549838789768,-3.6325805420859147,1
-3.8490841304943695,-1.5150724125534254,-0.5002648149313987,-0.8937311688382656,2.5265511425779543,-3.0537755530015205,-0.7949516064706885,0.5809622947236015,2.7501010677575604,1.0515810454264938,0.6358209031476184,1.3547560873462152,-2.1421494376943873,0.8920478034272733,-3.069878720085124,-5.736470418496217,1.186270250609391,-0.049079204226818746,2.086419585214518,-0.8338436925075342,1
1.7698088928127642,2.0375218962271386,-0.5664495101788628,0.8052716208732921,-0.3565420274511848,2.976193756248252,0.34172117557855386,0.5622889179004108,-2.1588928541761803,-0.27151118310388506,0.4798283715194892,0.3678119727704336,-1.5208294899007675,0.6320484771210559,-0.2386710743802314,1.8558834533133648,-1.2633332503656722,0.16711659922497588,1.4051651932854448,-4.0687209368417285,1
-6.436469368297845,2.024280217363735,-2.0882898748350183,0.46911654434797634,-2.8609402397137362,-5.311407160239384,1.5824714029411866,-1.166058118578336,10.500290100394217,-0.474299165819574,0.187574793190974,-6.310795935044664,3.289512991852786,-0.4331418994366356,-3.7594331506292007,-10.931374954578235,1.8116877651680003,1.0058589844658574,0.5972207678539507,2.5763603858661335,0
-1.4295996859977773,0.5253729259794258,-2.3856068265983064,2.0379144004028267,-0.06538767975359194,4.995582405424665,0.6961902417788715,1.6594194988582092,-0.6831315976491198,-1.631735399777714,-0.5166771070339689,2.3972896713283847,1.378251865221568,-0.5620938101481859,3.9458031776221167,1.9777189952521046,0.2546837505983216,0.0317487576237926,-1.1790745894666514,-0.14583171347438198,1
-2.510329447167149,2.4565423987812665,-3.158788857184706,0.7493317525960104,0.3342893944873344,-1.344246433223434,-0.6176984374199366,-1.411575685125063,2.065524246560251,0.12258106868047293,-0.9490402912155661,-2.884100725942197,3.4799791916811413,0.12550887448218748,-2.7933928835439605,-2.76176978640383,1.4995622876813806,-2.2850201039320615,0.46702015051974305,2.5760718557273745,0
-3.006881033854399,-1.0328218433964191,-1.1081369105352787,-0.4479545595427394,-1.0251345432216623,-1.0167240653407477,-0.7206990777547821,-0.8893702662248517,3.8961385953613874,-0.38188864345932905,1.6046906298810326,-0.45091288579465943,-1.007334147627427,-2.635838969513206,-0.4251803498810501,-3.569508265654916,-0.2984365224776724,-0.22522233836094227,1.7068201305895996,-1.9605215219315029,0
-0.883234945705852,-1.0666803258679054,0.5094745313167257,-2.3469541230484756,-3.9162912387926987,-1.176249714690065,-1.0704534870869893,0.5965723448835499,6.710081381146691,2.4860202462776724,0.9162691989298705,0.7888739779739335,0.1922289372802799,-0.46040692149697343,0.5535815534936993,-0.7980831065744695,1.0219148716501043,1.220429909588865,1.907157341982157,-3.2757604739094415,0
1.4076146557555804,-0.7477231666072508,-1.2147570460227457,-2.0042888145201174,-0.8009143476314541,-3.2671989430198556,1.5614177750166247,-0.2945220908126371,4.654319581435567,1.0646588504081422,-1.1318863785325983,-0.7239173175971869,3.1822390476958082,2.2793128348480223,1.8485620154336784,-0.24710415755593118,0.7536999162420739,0.11845954873922036,0.38657469246294074,5.609710600863857,0
-2.154717421311315,0.8482366305479148,-1.28185025275076,1.3088086829059042,1.729716203090756,1.0826440909565864,-0.45645337641512523,-1.4863533019065733,-0.0539198126802658,1.1977419366271709,0.5158553280253295,0.7521978517967088,-2.2113135462633933,0.3518594294465751,-3.1994608879358646,-3.374765667344045,0.8600345743764319,-1.8766951084609356,1.61394441069988,-2.533334783133735,1
-5.7414113675670375,3.726162372670238,-3.3795880538585203,3.9598806095738333,1.086835183477114,3.3953106559526267,3.756850298750863,1.5600385988583547,5.407136193831727,0.37526944904329784,0.7725418190513192,2.1399984061528805,-0.719317933122806,1.7184534155694289,-2.2579598123941573,-7.87533766393325,2.7678482537221782,0.2912191217622159,2.419799180305124,-4.399902464770409,1
0.5877658432309376,-3.6438282772650066,0.5693021055628977,-1.2585780834477638,-3.145140693982512,2.1327147648978935,-1.0571577479045537,1.7389918103268525,5.646923026404197,-1.9379745472165477,0.41854432009397274,2.2064098014781086,-1.3608919733651026,-0.7164729010665846,1.973916866456719,-1.4298598047066458,3.2363685872705226,0.7484822943836419,-2.30190646854855,3.8628382186695474,0
-0.4072328877922425,0.37930935976182195,2.150256496066607,-0.44634917310901345,1.6178332595248626,-3.8538506308524534,-0.7548719642906045,-1.1263703961449854,-0.1950234808662603,0.7676277622673545,0.7213716777887588,0.49399217163737974,-0.5112499447807174,0.7405222889724334,-4.988990979084689,-0.7870069971082494,1.4073813822238739,1.4765300374527022,2.507321920793035,-3.3788237893989193,1
1.846775465611646,2.51577397156061,0.17804026289122576,-0.8353162170660298,-1.5842919534179176,2.0253562073925178,-1.4315369146518229,0.21555000064529165,-2.0863176766816607,0.05446036929644432,1.8149139351663486,0.6215370049482898,1.5942455340630721,0.86151388816879,0.4814221024095277,5.130599972469198,-0.3969329269119377,1.7516744537778939,0.6108752482700913,-4.199404357985234,1
-0.6171876528357488,-3.315262247512881,-2.044495553434203,-2.5606850070191136,-1.7166874706674866,-1.9491244909062355,-0.7483675007615829,-2.379814282430362,6.363202053611224,-0.05989952431426344,-1.6133394017494636,0.30937154274306433,-0.3116227092162902,-1.6227140503458455,2.0823382671435064,-2.2077653778959854,-0.0760344309827542,1.5528293201988428,1.7965992973306348,2.5395834578935044,0
-5.3651390658971785,-0.7315516973153076,-0.39768789538929294,0.3436231250168721,4.510948200034561,-3.428424111968656,-1.0855871869976923,0.5467493539641234,2.428184448962853,0.7687444546116228,-1.5294277200326896,0.34347765281203807,-3.8735844821033254,-0.3362224142095311,-7.843324833458064,-10.759149850851841,3.3825334998417684,-0.4089991792265975,1.1331379853833468,1.0550942367335294,1
-3.92027955356137,-1.0625923048704375,-3.2823423586903058,-1.2434995941098141,-1.22902324901444,-4.830139248683149,-0.5204578228121421,0.7540140713944891,7.0478665528869655,-0.5097897289597362,0.6328186361090995,-3.657906373129954,2.8415581705434674,-1.1079252261948622,-0.541190932424942,-5.2552959192206075,-0.04193387309128083,-1.0041124247584468,1.8086944432427816,3.6286046804694894,0
-0.14768618493772023,-0.6374395760615195,-0.3466211510159096,-0.5539558325377036,-0.2203409127916588,-1.8651593791438112,1.9981507013155504,-1.3113538919198857,3.272145265033149,1.6074193470813503,-1.392446526503188,-0.13960216037319495,-0.09323114308286928,1.5052386894064136,0.930422058326213,-2.157772344589396,-0.4362719390502978,0.1937518326758752,1.1910867912767915,0.9258066964392502,0
-1.6395513698494524,-0.779794444230835,-0.6324816522901324,0.420538862104624,-2.517505758805466,-1.032712643472261,0.5573185512135745,-0.7882151673019151,5.918586476467714,-1.4469767155111604,0.93567437925074,-1.8176273032860595,1.0465070435592485,-0.9146648231644132,-0.5282328533287965,-3.813456030326336,1.7951715616303818,-0.21559775133984035,-0.372558301490421,2.516571647032964,0
1.178534155014625,-1.6432446330983326,-0.4308995135331445,-1.1435843365591043,-0.2491025050442548,0.22280388533403936,0.27844750151144704,-0.38867839345363986,2.4368267204531704,-0.01119917145977023,-0.11398018998202876,1.8372806618422353,-0.7716646637334192,-1.237699814640416,1.1947941471597663,-0.21868445316635568,0.9413195565862422,-0.33555589315130274,0.38723811112522155,1.8790799863282701,0
-1.8272637550731696,-0.8668924558674999,1.218002042229058,-1.5377468269046264,-1.0447592047375347,-6.447697093050123,2.7741329086322324,-1.5189845835554145,5.482713963149461,0.8629397112422239,0.9737669359390929,-1.9052033051939548,1.3512707817809944,-0.14939421360242464,0.8507143028514507,-3.284615486731139,-1.7022272924147315,-0.13310886351736356,2.3852193379668725,-0.8358664743381694,0
1.0342862548025409,-1.1398784669869912,2.3959275759970726,-1.2595361366250075,-3.012094573828813,-4.12435564034927,2.1275670183809394,-1.4297306562360077,7.647494094099379,-0.22787312899556308,-0.1873083616080402,-1.3158134354579933,1.1071233656127581,0.2819551981854992,-1.2637363756026354,-3.4392426683764374,2.819186208616535,-0.49958264031183874,-0.2253569513257223,3.3085485371398793,0
-2.6338501295652548,0.35418413337508353,-0.15606134808024197,-0.7306488193860374,1.350449973635908,-3.050358026758962,-0.5519078841301046,2.7169530343388417,3.056840989686392,1.6718358587443891,-1.0283217820401684,0.39073220517009366,0.2092516585145261,0.46993623307939514,-3.8372556885033937,-4.160294286637517,2.3644864457996713,-0.550880043204996,1.5049110783355593,-0.2845953974724638,1
-1.9291319515207659,0.7300993831775442,-2.0086403029518465,1.544669317433017,0.8133551391557138,2.832682971072556,-0.07510753220330757,-1.235447832122853,-0.03044327694215548,0.7676694887643675,0.3051731831289448,1.5276521289408338,-0.30478402142021715,0.0987039684153378,0.06400614390154698,-0.8884629685602345,0.7345963483447225,-0.9552154704962744,0.44268189010746006,-1.3571005311821893,1
-4.03749076441337,-2.026246057055668,-0.7878435401746119,-1.2735345335780244,1.4626495455843944,-2.370830359383701,0.3080588188902007,-0.638723320526415,3.490652559031155,0.6966881579538906,1.9329566907526607,2.5977284503268754,-0.7770475074502352,-0.557129888598408,1.2846025602397448,-3.266925722932361,-0.3272922663114419,-0.17494736099589125,2.255844750477192,-1.9941097272959998,1
0.054082590109634454,2.0108844111128255,0.49919931354958935,-0.28662677607294085,0.11655946400148098,-2.0237365909739764,0.5125314529239551,-0.9763393192547702,1.6931423820035905,0.7751445506114306,-1.4442213202567409,-0.7477792588305125,1.3889815900957638,0.8586029566244989,-3.181961548425749,-1.4987665866843485,1.9360645994021073,-1.4345623784678974,0.6750862145759421,0.031200790548122227,1
-0.43364830990533637,-0.5023321011335786,-1.1136980885170584,-2.037288976640574,-0.7424239800060639,1.7283995223995876,-1.8455363147964037,0.44406597792336067,0.9876674266167726,1.0131898045103889,-0.13558814302883332,1.8331145229508956,-0.5158739097974862,0.8914400467341643,1.8478611805225378,0.6307882012015714,0.02785808578432236,2.000625932214334,-0.1160238931652181,-0.6955187393917657,1
0.10642132193378784,0.5715422162678102,-1.6453669361543626,2.085637508636659,0.6125234134257156,2.951781723977052,-1.6970611827958928,0.3113523830140507,-3.0369870906113903,0.8168979113065603,-0.5602216277648677,0.19727211215426854,-1.5007316753780995,-2.1318067842521535,-1.8673075616851438,1.7260869111831394,-0.5542152458762388,-1.3065326416622,1.8893400440808905,-3.600263249039392,1
-0.41419081957091314,0.0036357979941923357,-0.16230606993104413,-0.7102307863687016,1.5672635154695225,-7.103055860235351,2.7645851196793823,1.2100213114457437,4.045494996408097,-0.25642516912858027,0.737639200059881,-2.2837624366340243,1.2637236561315413,0.8857263538818548,-2.8368644739499764,-4.144641570638415,-0.17951862457567014,-0.789553685516321,3.3966183417437774,1.9614332844542057,0
-0.3443014084562842,0.3495398286187439,1.3531186096122656,1.4250106477446527,-1.0002504442011328,-4.22247170942391,3.533903630619898,1.3872502559667828,5.655384943477039,0.759375499389452,0.5007483659768419,-3.806430909519599,2.5303073064016988,-0.7875514689632215,-2.8765346459526975,-5.935329094258418,3.3240972858470244,-0.8509784292529539,-2.1609220219845025,7.378888032821868,0
-2.006905885251559,-0.30311203582406576,1.2470636363971621,2.5717018793264694,3.395343195279394,1.4297889557874288,-0.9957922590346929,1.0094696724921264,-3.3922851514255865,0.04769947087362862,-0.3303492465514715,2.8370363704129167,-2.0521018931169595,1.015046943458476,-3.9670095611055385,-1.1673041838977227,2.7650388919529156,2.9622138644205442,-0.37596203892842106,-1.888401297329375,1
-0.9129117766109016,1.4142354526775476,-1.5497443130635338,-1.678934125862355,-2.1230947090345857,2.3958992477127126,-0.32802183178070665,0.6721675822523486,3.630948134925402,-0.6483411841439948,-0.28507574290574894,2.6070338229487744,0.041699886955881116,-0.17513175563934363,2.045983263825613,0.517351554218747,0.08481711316353613,0.22806686765319084,2.0734495250818066,-5.008965602611383,1
2.272278427360157,1.5006863952962073,0.6039220082395886,3.3428202803581497,1.0979848736808924,2.1361878637034977,-0.6629533387726156,0.11277074508506787,-3.5494399398214043,2.3905354771458587,-0.21080832450621106,-0.7165807377219575,-2.8137476915725372,-0.07784778154432369,-6.363592352454833,0.17077114922402117,1.637387933221462,0.9803386702177634,1.49566005982949,-2.711108892026381,1
0.4345375088720387,-1.8232429573956412,-0.4635482599887596,-0.33080184701436566,0.8219048618770939,1.2794486238992189,-0.00465819178952398,1.8030378628943522,-0.5023294875064362,0.008194834196739996,-0.28943619064809273,1.822460232047807,-0.5849485802673042,-0.7929475029860962,2.3652620490792544,0.6455337388898923,0.16222836466018087,-0.6155158499936345,-1.2342001353706176,2.742023017572216,0
-0.673791724422498,-2.244936157106113,-0.9110053809777346,-0.8811853247996371,-2.932255681556259,-2.0878700250608375,1.063841705944161,2.565841659244398,8.421194161337281,0.7445296083014029,-0.19966367418641573,-1.3701535959020226,0.11562430637975196,0.018539945289034115,0.28460083517181667,-4.771048078871533,1.6353962597210046,-0.06616155380558271,0.5515705936698665,3.8458856079066015,0
-1.217839429412248,-0.7446558690262918,-0.48896156660010054,0.44216335931918826,-0.3327549289534458,-1.518173264791742,1.1909316842031756,0.5665024550552186,1.6623579173817404,-0.1543640727738832,1.9448286415681042,-1.248263043368369,0.7385233516403968,1.0336283354875164,1.208517613157198,-1.334066620872905,-1.0606775417773442,-0.2979113279980711,0.38150170266191824,0.8707947097748755,0
-0.15217757406612575,-0.5824857264676213,-5.21831901360792,0.7661067889156179,1.3192879923274667,4.427659305513819,-2.9084917705043143,-0.37305934438201005,-2.5786478916174134,-0.5080293594424473,0.6457378503779051,0.6661503810634664,2.35425562379796,0.8148741178747696,2.319501780116313,2.9265524599570547,0.812453577588487,-1.0746775979831065,-1.759014834093857,5.982889906974496,0
-8.175634478600303,1.870349855925702,-0.2680069421035889,3.541976359961655,4.351136754906929,-5.328715476088242,2.9065197279989965,-0.03964982602951878,8.587558075603862,-0.3232719397152676,1.060153914745751,1.067269151601421,-0.26406463047417017,0.7395248008042937,-11.170681622046596,-14.414375882282847,7.9542440932264356,0.07268612506370074,3.0321604153415382,-0.19124614672100734,1
-0.6030685033260482,-1.2404491200537062,0.5346347852547317,-1.0127511548435166,-1.0603933759259458,-6.642086718680236,4.182092230613943,0.41172510724124184,6.856962594469776,-0.7363727523560001,1.2074912492745373,-3.0145627489285065,0.895144735244866,-0.43257575712307933,0.5936921632909758,-5.078713258269136,-1.3928701455753514,1.416973973837563,2.1323591128826367,2.5482040985691405,0
-3.743541023099988,0.07272975680986604,-0.7113236557272993,0.6789077970403812,2.9249582596989034,-4.0346942670508,-0.8377600459251409,-0.650172272086158,2.83066234394691,-2.170160938560155,-0.348597716534829,-0.9584011260963667,-0.857376333529959,-0.9554018651065527,-7.246026166847246,-7.401156742203465,3.301720112841571,1.9659458520065505,1.7787670603167327,1.3387513290875495,1
-4.277564911131205,1.5316242469425951,-3.0629844697251896,0.8147130190773936,-0.18731349574889544,1.4277908059877533,1.646066126516901,0.8474157131500993,7.7012255551048705,-0.28720617978326923,0.9935510273126569,2.0771574328533293,-2.29523445631709,-1.8680628413076206,-2.53919918425016,-7.994398646104298,2.4206880732078746,-0.9109180635470367,3.6338891641863365,-3.9754493740768893,1
-2.2825870236054158,2.1532036197769484,-1.770228000940709,-2.451368815883466,-1.4430491490186663,0.2460834394985,-0.49195379326308475,-0.16290915628598213,5.473199256138931,-1.6461963003787083,-1.239023260309863,1.199219955966528,1.931158345848502,0.12952207826988577,0.14475000791516845,-2.811825895882162,2.3295440659465667,0.022099323550935804,0.1293501536100642,-0.22551012327651426,1
-1.3835148656982619,0.5445229076356488,-0.1634268658085375,-0.38779344272038224,0.273916929953923,-6.356015951830575,-0.5106383130899519,-0.5895071723046144,3.204603438222795,-0.4788983318098163,0.923777852643977,-3.0538336867557936,2.5876961644095955,-1.4449225041457987,-4.979531883583775,-2.275607610647219,1.0705560739878859,-0.14242073508756506,3.2167294609216963,-0.006577825621886017,0
-0.8173189832363181,-0.993708328257317,0.35157756544269914,-0.44307038639877755,-0.7758384756612361,-1.3787757609869657,1.9428976670577012,0.4503188267807239,3.6003422980457507,-1.0426974091832861,1.5573901576496663,-0.24374913243229657,0.6008342879185604,-1.4038933514001541,1.7785909686639194,-2.62436371276524,0.45061608186310115,-0.2273275873143359,-1.090016729230672,2.947036259559221,0
-2.781737311569735,-0.13055202262069876,-4.04397038952049,-0.13900889495887858,-1.889214893363606,2.355759279982692,0.8784177267110287,0.4913651372326318,7.852328532422003,-0.2708112728027683,-0.05903983159068665,2.5695293861834894,-0.2911234827700856,2.800876947609391,1.8402468309080335,-3.4583139317514804,1.2450493022958882,-0.3721345413413484,3.2649615090103525,-2.37625121082791,1
0.9275085973904811,1.0922431066523146,-2.311136480284304,0.6864935689212248,0.5005555076709598,2.9821618561636716,-0.14624087976250766,0.32701072997561287,-0.35017818391489786,-1.1842208938938112,0.29740069139109965,1.1980160295805904,1.3877642979846179,-0.498691424809695,0.4882870709873718,1.285190732790878,1.757490534642377,-0.0805403246249705,-0.7692587278683654,2.7110308500443474,0
1.227903759504079,2.171564918320879,2.1774832033319944,0.9709395301432052,2.2707511583860205,-0.8365947230703413,-0.11963127800965223,1.0250632960511181,-4.94474138600102,-0.07949794586859955,-1.491739307541365,-0.5166783174482352,-2.3778356778156127,-1.0548634298235902,-4.819614740625562,0.316239668696387,-0.6576042607934893,0.691184158377242,1.505886136517954,-4.660517662721484,1
-2.2398218526968208,-0.055173102219982506,-1.4754687719931536,-0.3311050278823431,1.1621204539475378,-2.4993651003754795,-0.6492061897838151,-0.7929312963688351,3.744754222439451,-1.7833234851885762,0.7953302717885513,-0.8563032486957147,-2.3427391002289832,0.6811469645654931,-5.0427259895056835,-6.3594254863620865,1.2605481408756953,0.6964764641679814,3.045548771373073,-0.825954080395662,1
-0.39782052285965225,4.773398431433324,-2.4884881371287992,3.1052924613770063,-0.22371965292467832,4.994326874790528,0.47381592963529395,-0.5867888074710782,-1.1431798558651483,0.4040896142169139,-0.8083195385975238,-0.7120955399303606,-0.28146360397816794,0.4195653159883031,-3.0678178147383113,-1.0975901022987866,1.1303760255220554,-0.4145461142877869,0.7639619528846452,-3.4930007308197024,1
-2.2869227433324153,2.3215902857450894,-4.654094294050868,-0.9387299210835948,1.3725309786623405,1.4855693539370807,0.5949892667267329,-1.346743518518539,0.6960027489170916,-2.3322385151963227,1.4623741514234287,0.13305647288577727,2.2354266427432217,-0.30853897128903923,2.9499597080933935,-1.4757719521555923,-1.1681502218260738,1.843316046125959,0.00022347363576646906,2.1242802503753437,0
-0.47056390855227287,0.8264600853767503,-0.751032956564114,0.8306486523668652,-0.7436987902631322,1.0077807790925442,4.319700654715964,0.4791972032760403,4.551390901019588,-0.7006611020632972,0.32560568144342206,-0.34808697143959333,-0.5520037234164414,-0.395123928280688,1.8046702080698527,-5.21392149826242,0.6820712202368907,-0.7830327985989051,-1.3974946552309666,3.411524192698128,0
0.18040427345005683,-1.3613267547187655,1.9771807818626475,0.45865397865340646,4.170606802741966,-2.2201657378383146,-2.757124441274136,-0.4646869225241402,-6.606138856417742,-1.0412947614311003,0.8940966759537066,-0.05031519595773348,-3.953323074726934,-1.1944585565751942,-5.432152338262643,-0.012299966847051992,-0.9106229123690717,0.05234312465149099,1.4639850140419632,-2.607180835355969,1
-3.884172953362281,-4.129897166210976,-1.7249086239175644,0.6279854890601844,3.334822272947047,-0.895044684867142,-1.4614616109709355,-1.6365231763997656,1.7021604298269477,1.5193945969413418,0.07264421304330575,2.314668953584061,-3.2454849622647632,-0.22832189135444766,-1.842913462873524,-5.349131266900999,1.533018979999114,-0.24470165672857286,1.1529810908810678,2.097788982648697,1
1.3598492760326983,2.0310776659343714,-1.5200815339035008,2.0419355953291967,-0.5833978863703733,3.3075303897789268,-0.23146339109853986,-0.8335684515025388,-1.621005429358643,0.07308376479083839,0.6778741863753364,-0.3693412151330011,-0.8601799722225587,-0.5188301809198854,-1.6459673478161154,1.6333129471341985,-0.28896845164322493,1.6380555983709402,1.828951541703475,-3.491701578248246,1
-0.10582211528047003,-0.4022810197301309,-2.4178699814875353,-1.0318018770107933,0.16361710198500046,-6.631107907006559,1.0324061914926277,1.5284198465730907,6.257752943939527,0.30575330903406023,1.6684781643340088,-4.0222820344231405,5.336933410067533,-1.5701820997373575,-2.3422198642968524,-3.6335714972938296,2.663747589473262,-0.18779162815613853,0.4473690906243029,10.01251819613925,0
-3.7362293142584804,-1.4259074151800355,0.6043083174938773,-0.20106701930745796,2.7353642529249775,-3.3952908104979618,1.7516518479791372,0.6051153345389434,1.3655983064344923,1.4346987329613874,0.5468017883385884,2.28848058660447,0.7779659338599043,-0.13451512782328243,1.2428184466730845,-2.366307025645419,0.025567560448624516,0.3911072442408998,0.7766635705380451,-0.2790832889072409,1
-3.434042618836945,-1.2994914272136537,-1.1886204372146512,-0.4679502385316579,-3.1165061633331668,-0.4551130435435057,1.0907113433448221,-1.6729616095371351,7.770980469992883,0.02496986338196453,-0.7374338889839753,-1.475068681526881,-0.13948356872481005,1.1777063543550181,1.8195138780516131,-6.201668212037593,0.5364324097162876,0.19177243364413823,-0.7594234245066815,1.9522425975958817,0
0.48564720290640406,-1.9070151552444197,-1.0676378000023634,-1.6474228074690527,-0.014014617777322713,-0.43865698801030617,1.7807740515492927,-0.768426681526005,2.506127181104879,-0.21194892932393988,-0.3534490287498693,1.3711536211318067,0.05129161294284135,0.9019934527501375,4.53820654819502,-0.37553859154971886,-1.1954294289585836,2.833892231937442,-0.13467591659448974,3.1382934469662667,0
-1.11603261026798,1.0537829955904885,-2.084171530462188,1.3752605661340427,1.000847694122084,1.1625041309335837,-0.9858601886138365,-0.22431846489054252,0.3756493344480323,-0.21309040193366116,0.3854101769320479,-0.3720850129518065,-2.268865053054381,-1.0941353992037057,-4.162780647754257,-3.054140384128504,0.734745772368567,0.9130359846462619,2.5287234970073333,-2.431970589481917,1
-3.47854741295237,-0.6730820755834643,-3.5607453425900664,-0.7943146933283702,-1.4724088171284269,3.52329542996582,0.656415390886907,0.9998235210624266,3.485209484097469,-0.3795600749291589,-0.3060454650644175,1.1083203811499385,-0.8560608569264565,-0.7670713513188714,6.102392131074615,-2.757934951472156,-2.3568390486864734,0.4513680314454664,-0.4647551891452202,-0.40792918770483966,0
-1.531591666767298,-0.09935391056775111,-0.6397382576810677,0.8282124492710207,3.2272249808171383,-1.3478335022359105,-1.9654418445111401,2.361890703170213,-1.8389772018575634,-0.6330354005616816,-1.6121135315254396,-1.1277552169336114,-4.0442658222454275,1.056661949261027,-6.694247062916623,-5.051625574542377,0.5855611718211674,-1.2500886750939233,1.9248245351535904,-1.0105081328558059,1
-0.11231387761240064,-0.9601091243828066,1.3001984465572403,0.2380986409966318,2.3384899336998934,-3.5370276806871086,0.12812413620795737,0.5292100439110343,-1.5249043678557666,-1.3177985324194006,-0.3348507296111789,-0.23582976982666892,-1.314338508011846,0.6728948662991454,-2.8938938244700356,-0.810702257878094,-0.6173482797564809,-0.6039225937437165,2.161992954937869,-1.4278916163669597,1
-1.063610490182127,-3.890807644013387,-0.9035613606845971,-2.553927886343687,-2.0702452243489513,-3.410820855269129,1.35157260751891,2.8536225827404498,9.529254317216138,2.168761167921427,2.601770471320802,0.29707164720360213,-1.8519299535463742,1.283782608325773,1.5675604212116003,-5.819353358275826,0.29983406108478683,0.28361720550501,2.2326256882628615,2.5098725945148774,0
-0.3107328615456423,-0.616919102399579,-2.0757288047989952,-0.13659616058144464,-0.24598213580708483,2.170404170144055,-1.2177755106197123,-0.8919192661546727,0.9466312020371034,-0.816042000988651,1.7572742170721443,0.953926400399126,-2.02600961869709,-0.27127131945695626,0.01740698624124744,-0.790686005901623,-0.27086696623179174,0.008873458852412548,1.5238684103403362,-1.432329500587436,1
0.5649313401194092,-0.09183230631218842,-3.1322127224334437,-2.6825366891928777,-0.39420564281768594,-0.3952322304960885,-1.816226875080053,-0.44505734388725304,2.038444352317723,-2.002142553240551,1.911923238569825,1.8314587980169386,0.7515609769067304,-1.1686474299403113,1.3326594516028998,2.7828227107527246,-1.243880364574973,0.31850639860137464,4.515700188490597,-3.2408796627436343,0
1.3463008583802718,-0.824592070350833,3.725743213242131,-1.9731117089754473,-3.272519793912405,-3.578111791352875,2.5658276951848302,0.13535998609221697,7.4932639350567225,-0.9992938076263314,0.9754703167375094,0.8421375332900713,-0.47655786134454936,-0.9612704991504749,-0.6266657895935183,-2.353770858996456,2.047327626310972,0.3106390995647888,1.2598263259413087,-1.6276797129900404,0
-3.1884627268644454,1.0242639976465575,-0.7356505960820126,-0.38652800167801665,-1.856682709997986,-3.9641429107227637,0.3861952392582777,0.01841918618654087,7.7349244122649665,-0.12251423984480558,0.15908652584386626,-2.6147314788988503,1.0613716395792547,-0.9863860712965885,-4.258683114763976,-6.612607729841315,2.216400439107904,0.5021391293011044,2.2959753109853644,-0.5631264064011133,0
-3.0002530128192744,1.994287243181063,-0.6472756122283869,0.5545777357157078,-2.5011929177088743,-4.675390948860409,2.576944397815647,0.6106802242124623,9.177024594471396,-2.3799193621810226,-2.113350793238269,-5.01111408409704,3.797337672716555,-0.2490505611996868,-3.6251596415315226,-8.276294785287313,3.415611692407979,0.6846575410030471,-0.7188465606512349,5.2679765683309565,0
-0.754058787122673,-1.5620484341635303,-0.19131443673053783,-2.5898562512526047,1.082402245044981,-8.177505105391644,-0.23266353900178016,-1.4834659521057496,1.8126319748288857,-1.12319714033978,-1.4803803873256582,-1.8557054173939862,1.4258190809734193,0.803060488658778,-0.8835125965783581,0.3054034289523666,-3.222259348261203,0.020123902995707287,5.456873258501419,-2.4142545242513425,0
1.4081292890046486,-1.0829064052948787,0.08011862237759793,-1.2988340007060464,1.1280084416334342,-6.340452333751298,2.660041053845468,-1.9053856678929664,3.1595597714875385,0.45492472806603235,-0.3484831994228694,-1.6541599212445537,2.563527787516729,-1.877623650223818,-0.1787245699073131,-1.2072285386970667,-0.03944806987538063,0.8796292965893135,1.5407995396143543,5.241940219587728,0
-0.8140219073608235,-3.1130955415414148,-1.6170740662867682,-2.601130708761734,-2.1353741204133865,-3.8034108786466985,3.0830256441824373,0.45239448329036974,10.535978379985732,-1.9141866727408046,1.2130147200800059,-0.5049994611806125,-1.4840816426014853,-1.4278065290843733,2.559001743668505,-6.880664960442181,-0.5770168443774393,-0.774817263600515,2.4774908279382144,3.4045940007220574,0
-0.23588807925993382,3.937165885076647,-0.909590908793085,3.51203161781761,1.4085011929906983,3.9883494398154373,-2.0776963608554597,-1.027603143173384,-3.711752268178952,0.09362786145530562,0.15145007027714577,-0.5584769582055735,-0.8619304561506487,-0.5836949027619238,-7.346895453647553,-0.8758942190711205,3.5231149065002523,-1.566801501069484,-0.10081581998197797,-2.3684551822896545,1
2.0937157411977516,1.129840989715188,0.11584258611446407,1.4527049611103005,1.337173019613533,0.054126198413985326,-1.3605631329271368,-2.170219000302106,-3.971450685169674,0.06118220714424601,0.45531378783033694,-2.1322854766161106,-1.1803403145328553,0.016504455311128593,-4.768995187922258,0.6133956301966645,0.29742300650390185,0.33986463328470484,0.5486290560906262,0.14281791962804885,1
-0.8125956022953555,-0.7757700170464208,-2.5359597764472586,-1.696480397748181,-3.1564209195241553,0.6638856156125796,2.4187471923035844,-1.476197440705909,7.637626890944722,1.7930609918104823,-0.03933995592736076,2.96777832888466,1.8692602251540655,-1.9452516969612503,6.385942867595032,1.0253296584185512,-1.0483937817273083,0.17829094112565858,3.3192903458978424,-2.8265963780085275,1
-0.4578679594409119,-1.7574215293276736,-3.234966559215457,-1.072134546852928,-0.24548474488306415,1.9065086396023274,-2.485605850574456,0.3874667927634213,0.5251104047078371,0.4489761444216759,0.3887483035904761,0.9788044403929415,1.6424816405761389,-0.9717680577398935,2.97395945556626,1.9785954882213006,0.29663969328747053,-0.37413268149103635,-0.8034689624494697,3.7991426271420496,0
0.9099010008979966,-0.38788682481952935,-0.9080057170708943,-0.1749576747552345,-1.4009732626592615,1.1637645566922648,0.6605101043598673,1.5132410811767127,2.500362607461074,0.08581631955639477,-1.473075643064614,0.3251045093154885,1.4110496749446426,0.04379164786310843,1.9194966775431743,0.36210897782762,1.251056333220933,-0.7964806184983622,-1.1595869925242073,3.3307570702103555,0
-1.1510460946836634,-0.8509687246532983,-0.20187729278023925,-0.6392089281085478,-3.5483665185568825,-2.2293947291010947,-0.9312720188337249,-0.4560742727116305,8.890582649374927,0.666089741826487,1.9115950120043594,-2.450691714288222,2.8542222944363864,-0.03288569920279419,-3.2017683405836497,-5.173690107409175,5.756617503664572,-0.08575294762046702,-2.1872935406995477,7.160869575024748,0
-2.1384763118184678,-0.7265774047748151,-2.86570108497388,0.24564283614238902,1.0157627104949873,0.8174846894330863,2.4402139480909835,-0.34339547472429444,1.7709995546507642,0.9626180540172147,0.4715840546290202,0.22360645356241826,-0.577414900082774,-0.5639294797822884,4.099337278278551,-3.2211545064336624,-2.219900051279737,-0.21860813248412103,0.021517591788544177,2.2295710760006195,0
0.2753597225737292,-1.1749536619765697,-0.5558758856539885,-1.9724568986778757,-1.4327344389908012,0.7509056125794967,-0.9700594603775892,-0.44500348253773475,0.5878044620216548,-1.6499153920277536,-1.6382959142023927,2.621084277254356,1.1208422120611283,-0.8572519004509404,4.59102059376984,4.751489681919306,-1.7602348310270102,-0.3863782404371976,1.6085882875283084,-3.4187275741020406,1
0.22508120951403043,-0.08017188213861026,-2.8670769565108367,0.2889131688399931,0.6163937755022375,-1.6869699565997143,-1.6632287849224687,-0.5535253683535555,1.7908204375262473,0.3539507943769819,-0.0643726160140594,-2.1190297745544755,3.649073510797402,-1.3132022290464695,-2.8582597953435878,-0.6333447485657856,3.1251795903150725,-1.905416468015876,-0.376222279205342,7.286938521360796,0
-4.01846390548061,1.231234635091111,-0.633661439758438,2.128497179876157,2.4374110384972725,-0.0261765704521104,0.42586027297379236,-0.19087430235377886,-0.05453655219219231,0.7164531930526367,-0.3443633306768606,1.1902062273342975,0.4430491907053373,0.4274993208920174,-2.5648902649154413,-3.090944520376151,1.861552571277676,1.4029047839621902,0.493278961922583,-1.6999774135583388,1
0.910413743742315,0.07508167079225647,0.008772163858243198,-1.0773518890493192,1.0840969800466307,2.2135240404457224,-4.292463115734073,-1.0124939702036138,-4.897665238853337,-0.051145631821634376,-0.3901281909734498,0.8201984453482392,-2.090053899585544,1.3151253352250993,-2.1106494850471886,2.378981181417475,-0.014012888302304294,-0.6802958350592943,-0.5334102172669757,-1.7169299303566574,1
1.2656779340052864,-4.461389681409388,-1.0011557418518717,-2.9187904803272238,-1.7537579741741185,-0.8897300952048979,1.4055831384728887,0.7535307511006826,5.375295544347347,0.3475180359052687,-0.2416779645132707,2.290694331927414,-2.1698491970727094,2.036347514656217,5.9647086336527515,-0.15453779903228157,-2.4736319370286264,0.42250362649253753,2.270536462086212,0.7550884905893971,0
-1.3382440287164523,1.870892875433254,-0.9690384405203103,0.07363661833276924,1.3840821401681902,3.718299625521681,-4.461419574332815,-0.3599331714808636,-5.286552102264803,-0.8927279710372812,1.0486407091206436,0.9716270569661963,-1.1726518771216607,0.4363281949032192,-2.619401468994495,1.6196748986511256,0.5247912715120269,0.6875477146212243,-0.7730722715199856,-3.446934051029775,1
0.060800705350371964,1.344165881734932,-4.37974927764929,1.9779952194629016,-2.3886206442076974,7.396119794545489,0.0007320848114464873,0.3114420846290003,1.3442915924774381,0.36376990672783033,-1.0177329400894606,1.6913839269476014,1.0500551712333577,-0.6847161543480678,3.8743209502379203,2.5224257354818937,0.3388192965313564,0.15359460673551137,0.05325571926717232,-0.9690959301546114,1
-1.353518023071754,0.006143362801203867,0.7896566513589882,-0.11923794929378795,-2.489855297177713,-0.9687231759740151,0.3298164109479396,0.49937966061579625,5.286690525376061,-0.2021012803542177,0.28965352090030033,-0.42088223329036833,-0.1307804279972734,0.12822454150382243,-1.5907720060474098,-3.064920405862243,1.8012067120572761,0.08287445399233105,0.806121132442396,-1.6885170699183676,0
-2.0864229587582264,4.507304915109018,0.049054803814981396,1.2118603133219243,0.4174707183226693,-2.0828398611648953,2.7860286817597855,1.85160907703945,5.4984603525275295,-0.9408220741920303,0.7682485771525432,-0.4295573644692887,-1.697442720043112,-2.091651903364375,-7.604462115586887,-7.662171694418049,2.7675102305825483,0.0361827294430916,4.52891492527845,-6.088649298214293,1
-4.008485816696636,1.3111153286743502,2.449938498476774,0.7829019855312482,-2.853118020857181,-9.425177983232167,4.116835804000253,0.5546640973688259,9.844723770452372,-1.004726227645455,-0.23565340051520234,-7.086690935677076,3.5986879638151965,0.3292500621593337,-4.781108536850579,-9.62997835329512,1.7093339802472207,-0.36217093885845253,0.5182882061933456,2.4778000954153065,0
-2.5444362374027483,-0.7046531479289586,-1.877194214612214,-0.6640128766833302,1.906428770318462,-0.25109151550664677,-3.552696372356875,-0.29005178328421694,0.31264321751078855,1.275280993218131,-2.9306252724774917,-0.04440617668061375,-0.8509450956811899,1.027286169739685,-3.86480850788905,-3.727122011724432,2.5116501627517587,1.1453242656988951,-0.5703163692760362,2.8879081246691376,1
-0.42186282965790495,-0.7515576731577376,-1.9805578624296067,1.8037734748560221,1.1957151045789904,2.481101055224274,0.08769214984846685,0.1946480039058068,-0.6857760494738175,-1.1464540161028787,-0.0278968936700094,0.9379990560930561,-4.489215147706934,2.7998241463378313,-1.238751065865407,-1.9854037601354244,-1.5216085050195896,1.0838206418312581,3.1789500480403285,-3.8643278393948126,1
-3.4729436881493534,0.8053434346714453,0.9235666285268342,0.6512961677482917,3.094276026546222,-1.917409880640492,0.24782101455639194,1.5556149614627257,1.0635862444135742,1.2125845819735506,0.3877812093623871,1.621707989881204,-1.3933979763957365,-0.409692876293349,-4.991173666454265,-5.572722974262379,3.06535731236293,0.2777256563345103,0.5835045667411359,-1.1803765431894289,1
-0.12039718925775256,-0.6062196615712954,0.7142480372774329,-0.13870368819628764,-1.9601216055585506,-1.8816264893111097,-3.724058814262409,0.957517777643326,1.9008757559501295,2.112519290962802,-0.6214734047144778,-1.0915560359154193,2.6795015600025573,-0.28518844674365945,-4.146829691997721,1.8460251941063377,3.485933223841916,0.495137870045973,0.49497440828843436,0.14764603776802984,0
-0.36944487120385344,3.0206602553516744,-1.162533945902926,-0.6288191140629551,-0.3925340619980673,1.6685984605509896,-1.4871059242425604,1.1827773704720832,1.0714725937201068,-1.8536912317696805,-3.2268996247805846,-0.4195802690453301,-1.4520512757202773,0.3923182190045338,-4.081271115561908,-2.885156427747161,1.6169568192977692,-0.17684586429168253,0.860041279894855,-2.4064345561293137,1
-2.8608238226273253,-0.33188321876279064,-2.1234306411037807,-1.2148929061759461,-2.609097385075211,-3.445953940202136,0.4706838167869576,-0.9011549513389546,8.479611396092729,-0.9273072539306401,0.1275682330539122,-3.152339346938539,3.6771824135087003,-0.670290580449449,0.034055436969758886,-5.323180322467882,2.0286975871737254,-0.9753336776902222,-0.5816099294657939,5.732546870931327,0
-1.7481204180528938,1.4821660943714101,-0.3794953542030933,2.1151699900303105,1.5986318696444506,-2.908996766775587,0.8590201080841271,0.2317967095246296,3.1725509747663456,-2.0078985737640673,-0.46857970955031664,-1.2991328085561558,1.065296798548566,-0.09495636950312068,-6.874123584488915,-5.154002531388176,4.224866495839349,-0.20648597646606412,1.4733699012378647,1.733294893290514,1
2.2137891121931563,0.3181809008303984,-1.6050004421380466,1.7550075196341113,-1.384247313154894,6.030086152771094,0.6174319964579775,-0.09211683792364958,-3.702709469172774,0.07085890482031604,2.8832112963376884,2.042235895677574,-1.0707747985700313,0.09900162758932099,5.287080601434298,6.567212393764563,-3.69297870686518,1.291885901864576,1.5585714461491587,-5.629131685832796,1
-2.730156042255613,-3.2704857279027264,-0.07037073601979371,-2.6050752336615464,-0.9201347487294227,-3.0589480721601685,2.830123635157925,0.18261578366539605,6.738265824410079,-1.267057102065067,0.1598460497127946,0.6599698663469944,-2.123386044217445,-0.20608537303860355,4.814028501548965,-5.786182778242334,-2.4494560803345458,0.2874796750148208,0.772936783353252,0.9476754149076131,0
1.1026298443647222,-2.4112019505730418,-3.1289973406618534,-0.9421001561528088,0.6059602095459025,3.551153830918073,-2.6144987028025914,0.7319641373943171,-1.6623430064857732,-2.0604769289335,1.5348098061038578,2.8000544902511075,0.05523030353070224,-0.3276186660655158,3.739969607290149,4.057864413502425,-0.2759034627909882,0.7279413890322503,-0.2822501332454692,2.6668978572129953,0
-2.388418200432312,1.6007678405143406,-4.002604091333592,1.7231674728685054,0.414411003654609,3.9677971503230856,-0.47446834071093325,0.7117343679998122,1.4905229799763353,0.8246072919220278,-0.0008555995700376844,0.35923757595089106,-2.2573950039101356,-0.9574868582445993,-1.738301978040743,-3.9431456742285502,0.41577083798263526,1.7654092134731805,1.888119584957032,-2.3472201184689196,1
-1.305516060582322,0.7705719471714265,0.3682622919830616,4.1142412554643775,4.155497936659595,-0.39436093510087933,-1.3937184111036183,-1.3380529005349184,-2.6455851783527637,-0.4854481339801763,-0.7922679859637135,-1.0975426930083,-2.0331211697596787,-0.005936426468805091,-10.246326006658947,-5.265266448921234,5.177510007167094,1.2972303535117882,-0.5002165057239158,2.7627770365109425,1
0.26142379205988875,-3.5051551925875035,2.6917503704311203,-2.706470100415723,-3.512883315723159,-6.344476178884438,-1.344219288947271,-0.26232359629912794,8.491451747697464,-0.34950687695877036,-0.22544312741700015,-0.9603820095849067,0.33420311628917776,1.026825595587056,-3.146092746463989,-2.399452307441383,2.835005763928147,0.12305078655877959,2.269323818965204,0.5037250072500806,0
-1.0759962729834576,-1.07171686361887,-3.2154525785570494,-2.691018674715071,-0.6575003768186279,-1.851682405933246,0.9095436432977355,-1.7549301931162484,5.071042382340449,0.20814176328264009,0.19073072660711488,0.365971852561342,1.8740589104132042,0.3843677165168059,4.237218508496572,-1.1649655166242747,-1.4474004483295306,1.1211383450103514,1.7328220633352966,2.4511130425588585,0
-0.5734694181113699,0.039833567957774596,0.3408343626321342,2.989354357894456,3.5025219717924543,3.570634285117302,-1.9148585332151455,-0.521167367008148,-6.645283430823679,0.45063433992680635,-0.5409272285948689,1.495297640683321,-2.8818005985156105,-1.651683488490996,-3.4679331863775222,0.18878751452260195,1.3312143803880727,-0.9150837506108667,-1.5248918339323845,-0.6610398825698407,1
-1.244455162952828,-2.080686910265318,-1.4860504968389585,-2.687073943915655,-0.8100826259943187,-4.131794394485746,0.11063994144848999,0.46251923959207825,6.345291845559601,0.7399207602465501,-0.9702994960940159,-0.11148009339070897,0.3163027702676522,-0.9929224800300693,0.6586292257643529,-2.9672254141747505,-0.32879557011791194,-0.764749700205723,3.014967786698408,0.9224399434935898,0
-0.5119286982051467,-1.303405966983872,0.26972062860254264,-0.09081098173945013,0.9728634052857128,-3.7034599844005793,-0.2941477716597407,-0.44112519919610754,0.3885861158162193,-1.7299056974267928,-0.22668642870116962,-1.320017483483877,1.5936413706490873,0.21452856949725138,-1.2768537176926114,-0.3205285878683041,0.317224653654475,1.8953239089521703,0.4643697428081052,2.537455688709588,0
1.1525619353258085,-0.7961485390361339,-1.1869718624723185,-1.6886744131028895,0.3137155089608641,-2.2236745945081755,0.5382834697916519,-0.077453007266273,4.463558870736006,-0.1656813289113687,2.1692707351256835,0.8737332949731114,0.482984528758214,-0.06636632177105291,-1.17926148312508,-1.9492607059089537,2.1692407045368785,-0.8725433767755096,1.5994234685407687,3.472532374460315,0
-1.388986824007735,-0.7972683210851889,-0.3739521867564337,-1.3781839702664815,0.4148550454283888,-7.7863414499936665,2.4718007526531407,1.8782773517441866,6.372742514501326,0.9094496131899353,0.4721404024255661,-2.79841378803959,1.529429751991633,0.3412343716834272,-2.12089450849936,-5.353755938155364,-0.16876876292561782,1.5376006015739785,3.2559329569650757,2.539226511295605,0
-2.545497375299196,-0.7001141441881329,-2.2846557255319437,1.6283400391684657,2.9417340546556154,2.5383031555039275,-4.55954974245969,-1.0053349058597516,-1.4013906359989416,0.31978354055967184,1.3718725864957029,0.4969249374727524,-4.289878692983344,0.8463352179958841,-7.532667495472644,-5.416882406163115,3.698639110744021,-0.9539161419959209,0.16562582774625656,0.9901798963473883,1
0.5048119918243956,1.992484073166483,0.620684283502801,0.014003446365855376,-0.4790739124357152,-6.601144304741965,1.4859299127866368,-0.9430094039799051,3.975950151382678,1.1621910526525827,0.2686679251038352,-3.8993072661614328,4.1848677731717245,0.9012962112060259,-5.028759457213636,-1.8733297688045196,2.066015677008168,-0.7075778910185139,2.167552680059538,2.1318561168742005,0
1.4738745421882273,2.176521243811115,3.249993549628215,-2.0412159179034752,0.14465385568753641,-1.7798666748338867,-0.822551765687089,-0.23260590298925776,-4.100535409355964,-1.6630555148805193,-0.7841013735016077,0.9313609070969618,1.8095657593646146,-0.4921575747920368,0.1423310029385933,5.479934541901524,-1.2232723202831812,-0.7619278440542826,0.25009769163716,-5.096541506508893,1
-0.895436491110741,1.9043153255940395,-1.553419099263677,-0.7175067940855047,1.2773960270296307,-8.465763544830704,2.9971003427257132,-0.8113785008955597,5.201354828075111,0.44451754373295177,1.9937020681487547,-4.476859671508102,4.847938855004196,-0.2419196587371638,-3.505948968285003,-4.487670297393091,0.6868264721461976,0.08835799115607225,2.8116743918267852,4.944519897585223,0
-0.558209830219079,-4.084679099944259,0.16094006255347915,-2.9412249481759485,-0.5170056104384336,-5.062739027851733,2.3492931191841118,0.9713898894275428,7.057061409559598,-0.5799359157154906,1.037716615671117,0.7032238833673254,-2.3056121714051807,-0.015742148532632987,2.509358415044809,-4.450713775689275,-1.8175808638237048,1.4961645267668793,3.120752920159024,0.9142861366839813,0
-2.3071120929089766,2.0508513167520155,-2.881546610082432,-0.09315264986423633,0.6877645038554487,1.102145477982498,-0.019834683503401895,0.027924442679475893,-0.09833669676321038,-0.24141983551822463,-1.3761670164179343,-0.1334328721217347,1.9817747569274184,0.9430159085677375,1.5363032082736505,-0.4270617121861982,-0.8597792783875753,1.0329960790963895,0.2003511427921837,-0.2929146122705039,0
2.0915273462919455,-0.3701043163288862,-2.0798006516759173,0.00247180371695932,-1.1572766516773807,5.517892816276979,-3.017324171640178,-0.28196448842920624,-4.900514019375513,-0.8153172366678603,-0.29399520860356854,1.0495731109606465,0.7526471068737379,0.8129231008899449,4.327475241718119,7.301048311265852,-1.9378460850654207,1.1152504932817804,-1.3085606587357923,-0.47318409647690285,1
1.2288900967873146,-1.2208158317895246,-4.444778370771551,-0.9267451941991076,2.25073745620295,3.249687345581513,-0.897756775336765,1.8993837609679463,-1.4141061770036296,1.337422041572723,0.33247343108210803,3.083705948435842,-1.4079302533645641,-0.25470594087176274,2.998144418551577,1.8899417554439826,-1.2641528917203415,-0.6595378722631091,1.805130379935687,1.5959825638722966,0
-2.4146894834503065,-1.376310329704875,-0.367431301187076,0.3520340178914996,-4.016030436129828,3.3034831059569116,-0.6986639068802623,-0.6255156566820088,5.986107642807063,1.1017396495445941,0.1484502836510538,0.3106587656031068,-0.8684695566923752,-1.1053821813650617,1.4554499577093243,-3.6768347163873423,2.397813708959669,1.0006034085162683,-2.3626614567134325,0.9247891792701444,0
1.8718725659013937,-0.7860062168256343,-1.8676886960584171,-0.10545274122939552,0.12453830627598572,2.174136469582014,-1.1747136366979625,1.1327021732161113,-0.1375055770492806,0.18256299069534276,-1.257645437799047,1.477530391014599,1.1722777669734836,-0.467797463976134,0.9115980448434725,2.577314031495293,1.7700675680694578,-0.0694340684793298,-0.6317702299753662,3.7258085473635836,0
-6.6441920666026535,5.649180379118958,-1.4950921342387085,3.232457269141558,2.7670500483295912,0.9720660385404831,3.1354361610787462,1.3460935524432736,5.841971456477176,-0.02152099458265692,-1.3120488770737155,1.194292233811835,-1.4306633877061685,-0.7977905543208894,-8.401887523892805,-12.888774506293911,6.200299714522594,-1.2634846050611068,0.9210650061603058,-2.5330365842087503,1
0.06065788994472676,0.7008672875652162,-4.2539940544408426,3.8981546430115914,0.5818305544211759,7.064977777094282,-2.5772048998911545,-2.337296287244784,-4.222317691383106,0.8272248068737484,0.059910439684482286,-0.1554064107722869,-2.5459659924629703,0.7929034666922938,-1.6970350978253523,1.3799348592204095,-0.41672303986234005,-0.44885715967470863,1.1070433704301617,-2.1567355925322125,1
0.6224506339228737,-1.9775951747487819,1.8920504372436417,-3.3591619938285833,-0.49477546012515394,-7.6600985483290795,-0.8406614011809885,-1.2593712749659631,4.297288106528195,-1.0008194609836172,-1.2842858184294499,-0.05642111166692776,-0.18957096342473323,0.7405475358236818,-2.965943369149197,-0.0517148053698974,-0.5395196064752539,-0.06224047832400179,5.6807010340522295,-4.130803260640906,0
0.1547773914592575,-0.4693225235130701,6.208892495324408,-0.594344916307973,-3.0946507101384766,-10.382271763115515,2.020731535279005,0.6990808867441777,8.483060114115258,1.9816014026513504,1.359995270562447,-3.869206330308267,1.4984329245673063,1.744209822592061,-7.848698823627501,-4.936901169867872,3.7101526289424207,-1.002564849997556,2.595691620660185,-1.3772252470632675,0
1.1142711126227838,0.8962815310640138,-0.3389260342392437,0.5257275436187899,1.190117385770876,2.6245314233352657,-1.6630452854885955,-1.6020830094994443,-4.582612185047967,0.4167143492589161,2.334246897312939,0.01994687045045307,-3.2265898264370083,-0.06408287656884287,-1.8563336640964803,0.8652669340853957,-1.4372268022330685,1.0111190714443534,0.6355532720930481,-3.1093407883524558,1
-0.3166558358084581,1.1945218697798206,0.06595624156797142,-2.498632217947411,-1.011166744251953,3.1060074629227894,-1.9903443045082032,1.2068993489717312,-1.5078365467738857,-0.15165367203420396,-0.5625517736187333,2.98760355016727,2.0281353642899793,-1.1669881821406638,4.079866591285837,4.247987491904596,0.2519009380524254,1.0841610169548659,-2.463904597123964,-1.3162184263510655,1
0.7537179375846463,-0.6735911705288651,-1.686752220848574,1.3337569991144038,0.426576637916811,5.769333350584356,-2.5754000070652183,0.39750594509097736,-4.555712738741183,-0.38670454127544374,0.2075196377161215,1.5290359216965463,-2.0909054714581763,0.31932188607293716,1.234374416144503,3.0029388398455215,-0.5365798439882223,0.1535485542601713,-1.2186330411296884,-0.6290721356646771,1
-2.3468205203631465,0.08043859690728072,-0.4557219821560977,0.8209801720848668,0.13722524492571142,-2.8713085389536874,2.3653630272990958,0.8063601006208263,2.8709886097970103,0.5142795326684824,2.585790627217978,-2.842959835267796,1.512749652232693,-0.518867167953021,0.08749885433531232,-4.5720972335694645,-0.22985083843829734,-1.5660306160166126,-0.9151240248761217,3.6903139446515216,0
0.6596915703480661,0.8061997140429907,-2.4831496072233485,1.485927608381835,-0.6007335311936834,3.181902254587537,-1.150369366679044,-0.3442015976650044,-0.578398671627517,1.2704333556647733,0.6353644611714051,-0.4770869470439605,-1.1585640837567688,0.4898951064096436,-1.2706501358622664,0.5685909421062091,-0.1823066680701917,0.8866387211137388,1.6306030624082548,-1.7680935972143892,1
-1.8676783167364854,-0.8069590202382866,0.04694438654290234,1.185260649471798,-1.320855258238327,1.0292809056646017,0.17476728248837092,-1.1132566940209931,1.7711807366611307,-2.4933500484826845,-0.4309599067001535,-1.1792439939783799,1.6081120548718923,-1.372259452409794,1.306885818689111,-1.9581758926191017,1.6879734725799505,0.4539890643795448,-3.7490972182653515,4.600220314311448,0
0.1883844576640794,-0.6645077444197085,-2.650068554336513,-1.1973693727368848,2.471554682507139,-3.8949010978343335,0.3520699814177339,0.9702157422712177,1.6191305287777362,0.48412792003922966,-1.7593494887836287,-0.518372020591068,1.1580985480998955,0.5086505435474191,-1.2139422480886077,-1.3851187546526935,-0.23002969950904673,-1.2487746306749965,2.979481590853844,3.319041425669677,0
-0.33941981175695785,2.6776920862071645,1.8258174305776171,-2.789741516027748,-1.981322213499771,-4.641132283292225,3.136488988927421,0.8188063521069772,7.667946020341791,-1.2577039911128594,0.5903198457071825,1.6331010632412246,2.1949285831469227,1.1863432356827102,-0.9225861939211135,-1.6967553178037798,1.4935785090017728,1.0125637066960274,3.9952068288057037,-5.437112984302839,1
-5.2128639727919515,0.27036282806083567,-3.1764179428346697,0.462145359430552,-1.1289136622389857,-1.4470211771948263,0.6265291127796881,-1.225821768681723,5.8616170816079896,0.01579430105737277,1.9517231704036162,-3.512297456914604,2.6197851789160667,-0.5423499736103137,0.558527688426413,-6.970151665297368,0.7395775054906087,1.3897925797618274,-1.6272821184662714,5.11198720668142,0
5.582168317281894,1.7980570876888797,-1.0227082504757607,3.542437135912892,-0.6673510206706785,9.909683303991061,-3.8793779996258007,1.005326025666313,-12.677122832532273,0.7728340492664013,0.7766424893377897,-0.6040240000799288,-0.969047680088333,0.8573713651756364,1.3033144531525687,11.197059947832244,-2.3715841922746694,0.20351560371854796,-2.6969637906948254,-2.230546078904723,1
-1.272487783144983,-2.151908516559449,-4.070538733049835,-0.9470591783149018,0.2682551747892552,0.06528072518018968,0.5957471581678335,1.6154919438900808,4.176391049636297,-0.06302297737989031,-0.6197516566710809,0.3869956685478815,-0.8684709510944484,0.21588595803559726,2.823283309770912,-3.1446983784479583,-1.1981929860924858,-0.8945112216182736,1.7631779603786581,3.0856017195519074,0
2.15869556394402,-2.5741045576746266,0.0686773152886564,1.8426754239714929,1.6488596428544553,3.434986517404725,-2.644411386961739,-1.0331362400785684,-6.5877537354018525,-0.039904311589052395,1.3676605136511624,1.4038006638083584,-2.31081156543902,0.1596777618308206,0.15661549328659616,4.743938060875699,-0.6591670884404026,-0.4434864390182549,-0.8288866463093678,0.34414627179571383,1
1.2958590851458494,2.237561868279629,0.058651831034642,1.9763282316933233,0.48362761757440575,5.820699880025684,-1.5037796208623553,-1.9740078022656418,-5.8243902371601,-2.173351079895689,-1.8122947792484574,1.7728598906388071,-1.3477753191835127,0.7267305457153483,-0.6883239636645917,3.932360799482586,0.23517386091686376,-0.798472511187592,-0.9864536123943302,-4.019365892065078,1
1.5732727260158328,0.5921762932448575,-2.904364118832424,1.4615612383396333,-2.7644360662021175,5.356281004965449,0.657872565088023,-1.5296924370016545,1.5415250363455515,1.3047743340434088,-1.1727683201250934,1.443759433706885,2.356713542570705,0.9373459780957001,4.421147131048868,4.32089899388108,0.4363481891973202,0.04694216544975854,-0.1400138009392452,0.36896949387620404,1
1.0664021463151403,3.608620897986527,1.1907626629510362,2.1548491126122196,1.4692912117100108,4.528932227056369,-1.2860475532137743,0.05486328715614163,-6.404648862498383,-0.7950928146383525,0.8776128145279906,0.8021559287608974,-1.7493665941926506,-0.7537543405673636,-3.8796450970019603,1.6943146356521177,1.340789049622085,1.8018480256358902,-1.5029794370813703,-3.729571492686543,1
3.609474096346534,2.3976484381810916,-2.498931232390299,0.816243739689337,-3.0121903165190567,8.694270982282026,-0.8308667231232479,0.6969971029231489,-3.7963801824888725,0.7142374677317087,-0.22777127624396384,1.5480136673772789,0.048374972840594,-1.1218488443481371,5.183743266893491,7.812531381785009,-2.442436571696125,0.49910644197992277,-0.20516676502277398,-4.345146717207842,1
-3.009373640399187,-0.7006300613816434,1.556922476582314,-0.6766945839078994,-2.8263960799359955,-5.203673227515461,0.8183583463720707,-0.5345275899374476,8.353504840711707,0.7877296574335861,0.04337195668334984,-2.6866050263398735,0.22002589151351815,0.03373729493280132,-3.3808924026782345,-6.645948589904782,1.7618462070478227,0.3449338425226121,1.583500716548878,-0.8743655958590271,0
-2.104132774859223,0.39123617599786575,-3.7762242312398113,-0.46003033511863556,-0.680912034957524,-2.1756454981761295,1.522536348848619,0.40607158196005083,7.1201163044534175,-1.0532733006201687,-0.9398672200214812,-2.4100968587268885,2.3665703026888725,-1.6174897792415734,-0.314046798593929,-5.940879298652506,1.49763577238109,0.14435828822543298,0.5717329332726044,5.9359528834151565,0
-0.09113967266818113,-0.04691439377266082,-5.014884777314355,0.15361889107661308,-0.3057253869233761,4.514459995357728,-0.9582580450525717,0.06548485945721165,2.1311857436453097,-0.8968816214343724,0.5343765628400474,0.9012260796734894,1.4963954045373844,-0.07072889952100804,2.3839293021346255,-0.506427677324644,1.9669615786622152,0.2343596907289823,-1.6467709057101418,6.252319043146136,0
-0.5389256226408277,-1.066387789732619,1.950577564828681,-0.9817495063990787,2.6036229986560593,-1.3831908458677058,-2.7779247055644833,0.9922521257553025,-4.289417073686966,1.2007077511836866,-0.4247716341168265,1.3888263906806604,-1.1365544533759784,0.3863169679584866,-2.2562947307504944,1.2226887188912003,0.46587441130884455,0.8890417717343652,-0.6441710034010408,-0.8849438744364808,1
-0.05408790260780427,0.5439954423792038,-0.12096333843508733,2.3943153320731327,2.167775603805288,1.598126188651687,-0.7650275119480501,-0.4427715566861966,-2.66062624528189,-0.6123937847213143,0.038485528340927076,0.4818095575654772,-4.950457214702466,0.12319366136479747,-5.564678962142116,-2.372060081351846,0.15647830106028005,0.2618353205715371,2.966721921507866,-5.053952020103016,1
-0.8034102332086732,1.9098875443829642,-0.40206298149913755,2.961077797993082,2.1693872396880254,2.21282520303888,-0.3993318152355705,0.27908968505734144,-3.73549593900703,0.8402754540097592,-0.08537467997269305,0.32845069440578606,-0.4339445089646363,-0.775699349550235,-3.4372054684930298,-0.03737843903988503,1.3741439710754713,-0.7306095413814279,-0.04928437177796252,-1.6240386702953344,1
-0.4516871997396499,-0.3634825664463439,0.6063881822754162,-0.21608758925286808,0.29510792699893273,-6.589993742625068,1.8103301897887443,-0.6238365173627743,3.8681013192764095,0.633646964071388,-0.3888097854593733,-3.1079629728396734,1.83885456923618,0.23341546110730832,-3.0280074452979107,-3.3457928410462436,0.41863128834261215,0.348933827351114,2.1047816105705404,2.385266162354494,0
0.6748726206500653,-3.0894201428602104,-2.7277038025533145,-2.6674184430489007,2.499245598393496,-3.4160335270631657,1.0123188772442857,0.32568452521082647,2.5307494502159784,0.8658615583337871,-2.3440788973493767,1.6500587469496433,-1.4473660298457818,1.068687353658907,2.2644809998293485,-1.3692586895104961,-2.2287668439616173,1.6790247985038282,3.899588609995549,2.422660166749229,0
-0.48140396905929667,4.712516329916836,-1.5198641832956263,-0.4487264558719317,-1.5960281539039982,2.008408938780774,-1.490806816868595,1.402581417043068,2.964523683076224,0.34147673904707876,-1.1800090873473532,-0.7184792927831594,1.3697035336585544,-0.5175334889131944,-4.804070191870972,-2.504863123466753,3.932266144646251,1.0866608278509824,0.020718161658685008,-1.1574029721321053,1
-0.9874144866618534,1.9788990791163175,-0.19566248421429033,4.529345170031836,2.609677719376924,4.952234478115563,-0.23834866066156712,0.11237668162789474,-5.048245369934678,-1.76255218604164,0.29601205313814366,1.9457955796776187,-2.5012802011161415,0.2801411217288841,-3.876195806526181,-0.07084865805005662,1.7214465554730392,0.8093600720105012,0.11480752410182127,-4.1369476327958425,1
0.2881524589288156,-0.16695074410788657,-1.7259932191450171,1.9779509545408815,-0.29279310432411676,5.161195249346092,0.16471287209861585,-1.2986433949888831,-2.7995029517296848,-1.398826660161565,0.18341945902120274,2.7276515671368395,0.027057033305479594,-0.25097144402999827,4.326921241724217,4.974590700772853,-1.6814037418755687,1.7040464798219168,0.6303144513045278,-3.5060358730085124,1
2.0317013729440694,1.6987797936934796,-0.8658956215197,2.6254721442574414,0.6163271572401017,4.77843474398474,-2.2004554009984085,0.2774532576559205,-6.023182084733661,0.6819538813098218,-0.7284740158847517,-0.4822798570719913,-1.869439296051818,-0.8071133415620749,-2.822114910116801,3.134011854757919,-0.14453424560027872,1.1805262912317216,0.014650560528836176,-2.5785674456094814,1
-4.904034507031031,-0.0483707809021906,1.0795099091771763,2.364329828623379,5.773161677752887,-4.972275825668973,-0.9287510269494873,-1.3363713032768696,-0.16709864044292522,-0.24286282457205172,1.1470686485209218,-0.24267287972955076,-2.8678039044403807,0.2512094484418934,-10.999098044611909,-9.026263263526372,4.1770778517376135,-0.45346265036937033,2.0539975891759297,-0.4535838413252135,1
-0.925428600956637,-0.005363648558699086,1.819783720723643,0.04992466548919139,-2.3460891144722527,-4.344735295943486,0.8830610161278367,-1.0760066377147952,5.97217366030988,-0.3548545730742157,-0.006736156114102297,-2.542463318796738,1.2852364727924837,-1.025275430669701,-3.7046746575506684,-3.8279393282586547,2.38655031235944,-0.3867933378573258,0.9357981336092925,0.3456672231088597,0
-0.6411927205656667,-0.2331157120697882,0.5305831238225864,0.038629547440014456,-0.5111181068503232,-3.365169532139414,3.32000996692485,1.6321522438452944,5.8851253994541475,-1.5947124045428194,0.000875586240620727,-1.2837788491465785,-0.4510970697048753,0.6287543145278464,-1.4757684963666395,-5.79674616846805,1.1343098027223726,1.173229091293498,0.9776435955278868,2.1198523492026013,0
-0.6012206925689,-3.78529014087811,-0.7113284954743555,-2.9590036179621286,-1.9595360459439566,-3.1342664894264143,1.8385853192897832,0.8133710226294238,7.5956016761537795,0.7560477759808097,1.093313378668319,0.44030493244008984,-0.7738956271235704,-0.49737414965028837,4.403441125553862,-3.390957639421984,-1.3513914259984323,0.5879282679978648,1.3405679268487019,2.723912698030935,0
-2.8015559447603193,-3.138768419939961,0.619572566458231,-2.4696179359705397,-1.8948915052060347,-3.954254295687261,0.6937723609825858,-1.929808912891066,7.745872070045141,1.5524475479283126,2.1208409479491186,0.2833572575346368,-2.102521518949816,-1.6695269492947693,0.9708513205668793,-5.497774666641555,-0.6223986646448498,-0.6538487364791594,2.331242677986938,-1.5791287802418363,0
0.8828481007899194,-0.06884765197864884,-1.1199744543049706,2.5494566962318945,0.6569774016203642,2.605961251952145,0.11939505502450554,1.764739752441796,-3.355102996277501,-0.8069782666399364,1.6178267235679804,0.2459030623681434,-0.20342943076822484,-0.23801908044889125,0.7072413826315086,3.0440847158946642,-1.1226745397765205,-0.5885949845622744,0.7333862431009527,-1.292863708106825,1
-2.203112020113106,0.30086173512622044,0.04171715920200614,-0.27221697045495685,0.8860852535910041,-2.3900101080462846,1.436841017207317,-0.7081268640084478,3.4974836730604792,2.230818271811151,0.42355883701672115,1.0591062811944258,-1.2398436732522766,0.1361958628054981,-1.9605076828756904,-4.000954637392105,0.4374518429303787,1.716358498799454,2.9962656113514665,-3.2993721294926317,1
-1.1766207192892653,-2.2517783019787334,0.5646544572638816,0.949990150935939,2.3945326658445047,-1.3583451460650826,-0.10550939588745345,1.6407522582727576,-0.403272736995651,0.6641168537444525,-0.09622822848319072,1.6638643239328244,-3.0008497720375544,0.6102360060046633,-2.27675184485351,-2.0331512348116187,0.204299203809996,-0.8452490036570655,2.1902915123221156,-1.8538790714704412,1
-0.9411239727826518,-1.563813757594699,-1.9418573036755407,-1.5162749514631244,-1.1197957510814134,-3.975504977442236,-0.7140482105780275,-1.5534421847494064,6.510726107506877,0.5666249492410705,0.14933383976980114,-1.451668271013748,1.517116919623196,-1.2707687888295405,-1.781807903866604,-3.108544144419393,1.563762012792199,0.20934633589542911,2.470870872120003,2.9455971419876863,0
-0.8443877941933822,3.2030816760745084,-0.031680180273689684,2.680730172886621,3.1606069509906556,3.352611086185509,-3.2117842126805947,0.5827305583275634,-7.949881963089658,-0.3094710746994398,0.039933046556253286,-0.9981297503519024,-0.9843865240709198,0.01936732748731335,-6.018746220863342,0.04498421747912346,1.846035317151253,0.3529530848137524,-2.442009509029236,-0.6406134289651377,1
1.0823427266562133,-3.2932565980928086,-0.4199474056953045,-3.092319543692624,-0.8364654387619964,-3.647097992472671,1.2845924958401547,0.3751900169422932,5.398111892439599,-0.4359169334535281,1.3042551998259626,1.4912046849940166,-1.8362109603112267,-0.5209323602817835,2.573207306253563,-0.9010799262406787,-2.0953351914245015,-1.3899517473838237,4.310088042816689,-1.2246525535836903,0
-0.39144839696941447,1.5929978226868688,0.9568490139088466,-3.387720867925508,-0.35988629712628195,-5.232626121703338,-0.8599177526347872,0.22659212617799823,4.807510724328637,-0.772833460036299,-1.1463526088450813,-1.0642472463997232,-2.0602578700493357,0.8333894899614118,-6.125733233937967,-5.010416408787282,0.7841487638410167,-1.258368594304883,4.442694239843794,-4.5389894185623385,1
-1.9697580651572406,-1.0548453120849164,-0.8969755726295952,-2.2633542973076537,0.7518119971206272,-4.5541617894733655,0.4934713643739351,0.5633730417648825,3.891213249584381,-1.9889690677458423,1.9470448084720289,0.4336925556750646,-1.6127907853725134,0.03042368004247671,-0.5757337539541963,-3.074302193193608,-2.243094470420268,-2.267724568135045,5.265751859565054,-4.3986374187897965,0
2.4231752604136805,3.835332415354313,-2.7603378845965105,-0.5292106473300844,-3.465521719371826,6.701576526252051,-1.2490911440315977,0.4447222620741773,-0.6602696486271568,-0.9223240562677364,0.9678122108045354,0.47223250626528696,-0.5707389813757253,-1.4858332395471836,2.0013965949812653,4.040778237154153,-1.6616481910318186,-0.1090878971166739,1.4486634196672465,-6.029917836327855,1
-0.5689886573142724,-3.343210085901399,-0.6998344638221697,-0.399596058767002,1.9629157037080813,-0.14678351752587304,-2.933343448606399,0.7984770104452468,-2.3810413053283046,-0.5375840551879599,0.8805628943076674,0.9425185952995692,-1.5885530829720789,0.8245151560185962,-0.1932145281529445,0.5574158508157623,-0.154298142800259,0.5804197564673585,-0.2869215463435075,2.23971308646013,1
-0.2843767761872039,1.4907656256807855,-1.2140531647474895,-0.337490258335124,-0.8093631939567754,3.570257888609506,-1.0996677452084775,1.1840690584438738,-0.7379970072224611,-0.4272725817655366,0.6353518112991401,1.2485368829735144,2.3454400915871485,-1.8464216590525009,2.319644504794678,2.233173202566726,1.3766187350505756,0.32402343422206537,-2.7416865444371146,1.6431616318939166,1
-1.3761658219779576,-0.7258986044245207,2.3879416481992077,-0.2729209583846811,-2.815836034258516,-7.122634738157692,3.119876675887638,-2.1696480821845556,9.541313031367242,-1.4780690905925407,0.413481615879562,-4.414657986381949,2.647112099335743,0.2429439123508158,-3.1229784592831793,-7.440947611253648,3.28795712400746,1.1599624668414104,-0.9645907299863465,5.93052134580215,0
0.9166317098859111,-2.8385848171654633,-0.9165914795307143,3.417335736314276,3.307980342391331,2.7759825832479104,-2.7337077161239742,-1.4743508560246943,-8.161640192772545,-0.7659040109460482,1.1747976933816309,0.2723828052489048,-4.321996346755539,0.22735992012082787,-1.9750772502785179,2.952210048435762,-2.2978969255645767,0.06988799586940828,1.4478531768754892,-1.927160775241523,1
-4.408742028547457,-0.04399194034147891,0.10696864741683765,0.03401528162633727,-2.3399905519797395,-2.3544306312032157,2.623440758254853,-0.16589268284638348,8.506680761202292,0.5341281187946741,0.799910952490804,-2.1240454231048975,-0.5160323743092001,0.21541140273012366,-0.5312020980420391,-9.06605078961616,1.089756618814403,0.4434056875422199,-0.372606433572654,0.8439866155736144,0
1.1188685314040032,-0.5660213880763252,1.15093882925866,-0.13917828317130554,0.08856355039632124,-4.609860394987114,1.510885083585036,-0.48865539661173335,2.7963076482319558,-0.40349579406262814,-0.982166950484931,-1.2993417693913436,-0.08890782353034077,1.5040676045201982,-3.000563183701721,-1.6015849761663932,0.33743627834004863,0.5556268227948727,2.9872018477064,-0.3465351187981558,0
-1.9673924325396028,2.305412055790697,-0.8571453681090885,2.3216976251853643,0.28730846434592205,-2.822880863898137,1.7636303869460415,-0.6566145314461566,1.479766325613782,0.6127147311965667,-1.592103669637827,-4.403256036349736,4.050672055115753,0.8682292534995744,-2.802964380973353,-3.2845025406800423,1.4446889118469128,0.09251130898214224,-1.171393850206822,4.355578642739627,1
0.11073396235773725,-3.19793191084423,-3.0277618376824593,-2.177701010674159,-0.16037231178337286,2.8581977565426633,-1.434204876409414,-1.0357026778131113,1.0261980542325484,-1.26363406950157,-1.5330126672577307,2.9491219569759455,-0.5207340796557864,-1.474293055508531,6.021193386391245,1.7854691344419733,-1.1100257715775488,-0.8682807317999605,-0.7378399863625278,3.339851717740423,0
0.3625531607977224,1.835696829975577,-2.5822861062626847,2.262435109286127,0.4807521309432631,6.211391846657575,-3.0345609769007655,-0.5385026522226634,-4.004902887375901,0.5066873795191851,1.0214949864074392,0.12833292999495383,-2.267350170082789,-0.7290157224810525,-2.958029250263853,0.6992085018395022,0.9979116848560257,0.5116663001659018,-0.32953337906823,-1.7358170130304977,1
-0.37863850650098074,-0.8435145091352005,0.2255362559067009,0.43347811112356704,-1.905773413934625,1.3548768524514083,0.680447148468535,0.8433066744329553,4.058400875090649,0.20778184872621697,1.5016346186299734,0.45337811204168865,-0.9434173241200436,-0.20918043446703338,0.03930088536374191,-2.7457004539242047,2.0436670242077306,0.99997606893382,-0.9976408314389196,1.3330197640616583,0
-1.6987139520345267,-1.0036008754191743,0.9294956565698336,-0.5174698760092198,0.8489200722687849,-8.657162944206139,1.9476761732919343,1.9900295135191748,4.0591197068784,-0.20023333539002666,-0.628330834589551,-3.749585654124247,1.1460825437430895,1.6968898195806401,-3.326599471720267,-4.645839271052697,-0.9560636394730433,0.5805185455957046,3.2870528978318267,0.9381972642328437,0
-2.5815012510297533,-1.3567595052164398,0.6574226220160169,0.8798386411698824,4.571463738727339,-5.417156617275455,-2.17273878824457,-0.7615715270929277,0.8998635281050235,-0.7917242738890955,0.38802180529863045,-1.5414177063335435,-3.3697919825055527,1.3955415800780508,-11.141228877920563,-8.77163267028374,4.277312129959506,2.1927896822643738,1.656557931741807,2.9219450395621904,1
-3.0702767241675115,0.6482094527425905,-0.8150655145466582,-0.5857052100402191,1.455011814114413,-0.83415158355979,-0.2627567582196132,0.5448068412694402,3.758056091600271,0.2785636893603813,0.9314788266529853,0.7631382733744422,-3.0684039714973492,0.1000118741213807,-4.499307635419124,-7.611172103884094,2.2853641498312056,1.146672268128483,1.364425038914499,-1.0110960287914668,1
0.4607416942131404,1.9225322157952864,-2.3497983733597763,1.6893870431895193,-0.7681141878351172,7.250749638190294,-2.9364901092351126,0.3200775621770699,-3.667375078616811,-0.016875005724353236,0.5791629425114344,1.3939302877018795,-0.955342401465591,-0.5356480725277246,-0.1675691428287654,3.3015988628071185,0.6019735688387472,2.0358886435007544,-0.6363926566415521,-3.153453653238415,1
2.527303586850949,-1.2880870512276714,-2.85630415549379,-0.5009953700818204,1.1218552073666341,5.161111072188847,-0.20135653557874345,1.174995362251581,-1.0226793487404018,0.35486164465499803,0.39409310502821954,3.7644366081596505,-0.035251625229847594,0.3930042068581856,4.2089754375411506,2.597061558398318,1.4990284693249276,-1.0922781640311832,-2.386670341758969,6.150539305629143,0
0.3158268609259489,-1.5292910097049364,1.245043046281083,-2.5406386897719546,0.3775819195084619,1.164596133696884,-2.2800630533697595,-0.7297874874885265,-2.980103700758491,-0.16118523821931702,-1.338682741545504,3.0352900500692304,-0.9781865800966976,1.02919059020358,3.208452453108674,3.770120099916801,-1.312078888294508,1.6355541783488972,-1.039833488253857,-1.9944484634298847,1
-0.13721201461855814,-2.241789992557288,2.1185090053811955,-1.3609162733730678,-1.7061592537260313,-2.4461687334624393,1.613932836805986,-0.06970191911782275,5.546122059344249,0.3477606482268912,1.1935424710049374,0.8909295931997816,-1.750855289501007,0.886821712427383,0.3769322923062623,-3.2304800521506154,0.8093531424439782,0.25498473247773684,0.750041874964018,-0.2887489452071357,0
0.21252529454833735,1.3736792390605281,-0.8450666943843269,0.15298018723053386,0.14718793485275594,-0.030326584834020485,-1.7696007166293655,-1.125019066580641,-0.06839300723204102,-1.40300106702754,0.19932619610515928,0.0760327165094773,1.9575198033939152,-2.0679592873527577,-2.8719563067380753,1.4014045991394233,2.2610980696700995,0.8402168599640815,0.8095946290968645,-0.16547739922728338,0
-3.5444747821379794,-0.1528780080508917,-1.5086822970344689,0.058038093633868915,0.9343116465101118,-1.5353545030274334,1.260682507792133,0.45104363374589096,4.039812340274087,0.2948435631526776,-0.3821578620523226,1.2307677433758084,1.4083152103448169,1.3494466825380171,0.4140933872527374,-3.5047238545905195,1.2719559440771104,-0.12100720324288335,0.9942121876646753,0.6179579389853502,1
-0.958046239696396,-1.5095723672131682,-2.2124700699808453,0.1542338404242386,-2.65187812257393,3.7308188673732485,-0.9391285535870242,-0.672181636173488,5.362785496545399,-1.6099032013436871,0.5912147846166919,0.5623234041241434,-0.11256814963048056,1.2650142340716974,1.3405894439319024,-3.108710213361385,3.2762416046696474,-1.3496500299658434,-2.635669753793202,5.120317660754165,0
-2.606883975627648,0.6668303451762331,-0.13358605471632579,1.8230949533984313,2.509355750424994,-0.7406996034234654,-0.7905649481394317,-2.0742808203295895,-0.7655435133291949,0.18494676932607876,-0.06108352877975474,0.6704489242245251,-0.295604181627665,0.5945169111701049,-4.567387232902618,-2.4941400545590846,2.3255800558575395,0.6000653263523612,0.978628326501582,-1.3297568474811956,1
-1.953886210109575,-1.41316931225702,1.7027260051629292,0.9625999535035408,2.165078633373498,-2.4925485195455632,1.9000036596525043,-0.48535131078557103,0.33042304572930936,-0.7905992211312695,0.43813657214145746,2.6508886687605484,1.7188260758594816,0.08568111164060456,0.8630301683234083,0.2687648105175265,1.3271746944037426,-0.0986221043341575,0.039310188664737344,0.25156346145554553,1
-2.773466769598415,-0.47113978109389276,1.8832635032550267,-2.589545449846786,-0.2891505312490631,-12.498658463746398,3.217489309126223,0.43234696420778335,8.79373308359508,-0.27215437763923833,-0.8523681240420008,-3.937245734230882,1.6782018066593616,1.2333421804507967,-3.8443086293956856,-7.077546683740173,-1.0889943645228701,2.0515743218202203,5.581206076070983,-1.6373599347825043,0
2.288970004312252,-2.2045659175057857,-0.655629703208418,-2.441695661649498,0.16286260087150428,-1.8676781967051557,1.689509043698731,-0.15044774625148527,4.15022903545312,-1.6512538430900197,2.138282316458755,2.465715651631178,-2.001222304656051,0.1564220204206677,1.6336462235520217,-0.6845307784984495,-0.5776891719833814,-1.6632344792394895,3.405332590981481,0.22816478619294137,0
-1.5721258204048696,-0.8251473127233037,0.3947039503918095,-0.6754024300609075,-1.6916951397194528,-3.864297966269623,2.0161683551780083,-0.3071921093803557,8.906890130128197,-0.4777894040635778,-1.1136866219055395,-1.5985077262091578,0.29633372458882934,0.3021502374318582,-2.6631428492921523,-7.599887712395766,3.412135396597618,-0.03260376040084858,0.047346079753023296,4.286043272440446,0
-0.610502663128575,1.642388596139168,-0.9514014104828021,4.967956239337115,2.2382508003907438,3.678636563815712,-0.14563322136784285,-0.10909320827625384,-2.9407190173201245,-0.7025136898233378,-2.9421258106806167,0.49605088686632126,-1.6308288222278993,0.296290348483435,-5.568776432940824,-1.4397690533941307,3.0249982987671054,0.1696168067176415,0.4605085603563764,-1.3155901846084301,1
-0.8041940380106966,2.4449283882179094,0.014487269270458403,1.0583534487230373,0.6400434606949561,1.330467062548722,0.3109175971604412,-0.3958303766699278,0.7968846333499006,-0.15952204806612233,-0.8233695226135396,0.4871455604580901,-1.8478607431582832,-0.4586002861898597,-4.290369676809909,-3.526122817754592,2.1778265661506686,1.4846904025987575,0.7850575794976845,-2.5716534303472804,1
1.7334416564465902,0.8575186552710501,-0.2998248586572011,0.9396752995282318,0.1980441920641035,1.70660415846075,-1.849231019111795,-0.9684127137100002,-2.7381228347834865,0.2345824670753469,-1.0078465490671427,-0.5866710109926625,-0.8102431926694483,-0.5058456692529554,-2.909575952433036,1.7156542876766188,0.7100899451978907,0.3454238190404714,0.35776487138445223,-0.8162352789978464,1
-5.214774372368039,-1.6324085060419258,1.4089606285234744,-3.393080299325611,4.0918419170152625,-6.41158686682158,-3.483760043833348,0.716309850566015,2.5153305205889613,0.2673544374262525,1.0054503350780786,1.379472785624542,-1.6302054886936737,-0.3103239158053969,-6.7561456083342675,-7.922831683412253,3.849696891019615,1.269266272924928,0.20852236932600487,1.63473623333829,1
0.22180767895576636,-1.7754742984611795,2.176564783312924,-0.9456513875715415,1.7139093641543892,-3.515725168589818,-0.13373761636424464,1.0530192099399445,-0.548794538392584,-0.7544376098037611,-0.3988563971108943,0.9937722529195702,-3.003369547795657,0.49940348661769857,-2.415875153024647,-0.9414447200770938,-0.9563381422354289,-0.85034709797423,2.8667869537960167,-3.4758252552191915,1
-1.3051102815691522,0.978136914781002,0.02156196428986301,-0.80487865255939,-2.114316507272571,-2.2045269879604015,3.78923230124101,1.4286425440145551,9.008073207601184,-1.4817678489735828,1.1454669865593403,-0.9662467991489131,0.13448815897429434,0.45143876653347564,-0.6888060137830478,-7.497106711663687,2.2772933216620954,0.7142839761013748,0.1373168161472169,2.392077532001938,0
-3.9295822856069886,-0.21077394843695296,-4.444100899152981,-1.0600764531068283,-1.6434726095380459,1.1576722019657444,-0.5837459645088452,-1.087677694731258,6.54239126657744,1.3575882092768423,-2.410662694908141,-0.2592224849345841,0.13875858457799595,0.8865088020755251,1.716379859252623,-5.094346360795795,0.13879041763473787,0.9812158840733828,1.1325363196987928,0.8011964685342113,0
-5.090963362261693,3.4346293931579153,-3.30138546927665,5.044616291911574,2.6022118448945113,2.8901385732603435,1.4274401642270187,0.5905023187952785,4.066133463690918,-2.1956724413257467,0.713597488557311,0.10311472350256046,-3.098673269381571,0.014611180300383027,-8.976771372654682,-11.269392587058531,5.3674821011410225,-0.7804042777105111,1.918577594609437,-1.3751436284496308,1
-0.6432324534989932,2.065545710870188,-2.3171439072628193,-0.9323931866626545,-0.5935929287808543,1.9502818522501846,-3.123771252365647,0.36096088772505125,1.7603534664404175,0.5387771269189496,-1.0811393326732892,-0.9471148515842189,0.034806389195876974,-1.9608507978328928,-4.077104447797661,-2.9808972212750087,3.2630516504440443,1.3892851290935988,-0.9343978719589343,2.158543957602946,1
0.13321001782668918,-2.659068514993383,-2.726160945306056,-0.2540251551747674,1.5310699689243827,2.6552167161792797,0.36296943585019775,-0.051515334704473136,-0.91141308952922,-0.14695677543719574,0.8073904106539035,2.2259308474768105,-0.9488416247639528,-2.5274493700576737,5.108897237034519,0.7322348768895136,-1.456379865259039,-0.3610205176022864,-1.0542072598480838,4.209409196881741,0
-2.536559978132999,-2.222977560132156,2.3844695996960743,-0.5903711464287387,-2.166221503177872,-4.604211354349254,2.5926302328761412,0.30908361745445717,7.313445046245539,-0.020797830532211254,0.2737597054639536,-1.8093651288507617,-0.2602697558073066,0.4143620841787884,0.1572502509616471,-6.439239272806247,0.7898488634260532,1.124987106380164,-0.7090112428057043,2.114802591958901,0
1.1668294844972107,-2.8085935959672383,1.0351614023975169,-1.5298194891678785,-1.8552356318477248,-1.3389774188472834,-0.5241862432755118,-1.117455008894189,3.147311119148511,-0.90937524752908,1.1988468756167485,1.1859924804014503,-0.26938928733393075,0.6117426066644042,1.4239523513940888,1.307455526379865,0.3968808380394216,0.03959881805213766,0.9330449517624485,0.08038879538615994,0
-5.082861785456766,-2.615669283462111,-0.3329983955360073,1.1942533561879372,4.110913704788637,-7.306690805130422,0.6632135793032388,2.054322205562732,5.919581764675057,2.1524861327973177,0.28442374045197166,-0.0291586451317547,-0.5171236663807217,-0.4739381960231787,-7.400873386294387,-9.594796786757396,4.444085150529775,-0.009197164050925629,2.906588691001521,3.5689827245858505,1
-0.16794719895656696,-2.790763619936733,-3.719597577978165,-2.5564541181149134,0.2057195921779209,-4.255063475656985,-1.941479085292759,-0.26020750135894166,4.3801983257915635,-0.8028652402339286,-0.1964917000792602,-1.1782086156851705,2.273381513661141,0.03476901459326828,0.20250253138844163,-0.5416690500485829,0.004243742266209605,-0.014269177594557755,2.8676635184362,5.09435190863323,0
-1.043844139932006,3.793383519331919,-3.19345000444919,3.8225792831285004,-1.0944069863876367,6.341456846725897,1.7470898105307933,0.9961226602523151,1.601212353669755,0.9700677886825241,-0.40453174025159216,1.2087453064501332,1.6365665116061792,2.1146001779083368,-0.10863562861016125,-0.4004682869524514,2.689307414570286,2.192202440084336,-0.12543690829223308,-1.4565574998548017,1
-2.5742525851690363,-0.37141241971029865,0.804972108444294,-0.8466245382063362,-0.7875312686152406,-7.778795590834132,3.9168644881230987,0.5206047181610041,8.699556809233572,-0.020839552771237623,-0.8712458118145106,-3.200565801548712,0.3214205449921373,1.457223075065956,-2.5027312956271937,-8.321327603585296,0.009679599708867892,-0.028257753298239353,3.051694743188488,0.744091333207038,0
-0.12449864221289109,-1.82827150910238,3.775236512504235,0.12143888417628335,-0.9005613822881515,-6.992612289348826,4.8011590378592075,1.760831339937733,5.335245124081395,0.2951127670771424,1.2507081182691515,-2.7217084420662836,-0.4969043287613031,-1.206683053744219,-0.8519533997603249,-5.170289517260014,-0.6180039876005761,-1.176665157385487,0.8763443436175355,1.5268216825572374,0
2.527293483378168,-3.1503929621764257,2.686282356610824,-1.853329614048855,-1.2135201954921826,-1.2830341316156366,0.48671342581303123,-1.438074351490207,2.317007153461917,-1.3457491040495697,0.22931891678802221,2.3397561479207782,-0.7654469730765339,-1.70835896623914,1.9457656696684664,1.6315209840699405,1.1430457659106632,1.98268492160917,-0.6236914205362729,1.7896091590741383,0
2.082651526207811,-1.1487490331407277,0.17954547333941528,0.09306438951715013,1.2854452022595917,4.069812041777157,-4.082035095990577,-1.1585691575463308,-9.925859833936778,0.4253731067989882,-0.22905672214168965,1.1433443209627043,-1.3946177640592479,1.5123657973712692,2.583183927379353,8.108346421820608,-3.409967592046222,-1.1007221996634915,-1.3558952001912166,-2.5581429226288646,1
-4.390790187267786,-1.5714246392079985,2.0418429328766594,-1.612551685226149,-3.282794435611774,-8.968158859279617,2.981793775300976,0.689269669125307,11.89933187056958,-0.839289536708479,1.1366497063755456,-3.6419222950863936,-0.6594803015921185,2.338650940554561,-2.552768493548422,-9.65953671789339,-0.5107066422058915,2.1850269286444295,4.180792427559583,-3.131595474114446,0
2.3963067134748606,-1.660181717997115,-1.2688638178849905,1.7864858993251636,1.412694407124199,4.487447421979614,-5.505660924519646,-1.108121964109171,-8.45951728715903,1.4139851569978024,-0.6977305159963834,-0.7372164490734139,0.5369027920942533,-0.8614186380975557,-1.0718967071492713,6.007536608320942,1.186111148622718,1.2931917687021603,-3.993808533829559,5.63047160182466,1
2.2721831422271634,-0.08234788609609323,-2.095105427599303,0.22112176371250825,2.128442633695527,2.4721110230892758,0.35320102879820486,-1.096652445601016,-2.774295901037021,0.015579013809551462,-0.1815589215952325,1.8587214098965308,0.9619752610148407,0.24543272422378476,2.1607916535532934,2.8362563210345564,0.46307417632457887,0.12554527929976342,-1.1776734548444865,4.630232502167069,0
-4.49808506913051,-0.3538331313451535,-0.354974228452242,-1.226419394964237,-3.4859741875171695,-4.660692888450841,1.0237581653837031,0.6072039897442452,9.591793894671305,1.7580693607288245,0.12395793250589623,-3.414576635056565,1.5846503623697248,0.5606806600900509,-0.6858720390819337,-7.269198657214501,0.5709519909557428,-0.9448697722957545,1.0154765293380137,0.3150814563251775,0
0.5990688549415966,2.168768788956048,-1.6082721602591454,-0.1697955302066123,-0.4532075669511326,2.7392206936665184,-1.8789497446091619,-0.696286082911922,-2.9110261778923037,1.3723698309363015,0.22518922479702655,-0.5757219269116478,-0.2702900783359017,0.864958205837676,-0.1524739703673858,2.4044297012071594,-1.5753650204479712,-0.4953646267899452,0.77050562476203,-3.3168767441315326,1
-1.9075904383606876,-1.060769739594675,-0.5802766811519288,0.4691120468108064,3.76880488541566,-1.6343353241624818,-4.810720316888666,-1.1036692709671903,-3.433914599578513,-3.619537169968412,0.29387621185014656,-1.1402563366854226,-3.0648310265931187,0.8099330151167708,-8.033782712998956,-3.686456503248271,1.9918884820956297,-1.4626339528990246,0.727716068290657,0.907518108503054,1
3.1582683884351956,-2.316451377599911,-2.2686586385067304,-1.5188305186308058,0.6702279928882608,3.7696898391812197,1.7774031395837886,0.9241815910239345,-0.2321011944019141,1.9055526671437324,-0.23355154357638175,3.875914435597685,-0.44649882405035757,0.48963126469015217,7.584581986345647,3.1459634564560814,-1.160580358337673,0.7139129656588621,-1.5930323402541615,5.428453611642712,0
1.1854062377860952,-1.4657476254971014,0.7438167669752751,2.757583813830327,2.6303575197331646,3.9353116989019803,-2.8772432921170346,-1.0141980701800475,-8.495131833962427,0.33040111100578506,0.1561053524822054,1.8036381985732346,-2.097655124647508,-0.03741064817386257,-1.1554447927726574,4.825091006841025,0.0049364299997550765,0.6989758183447671,-1.4119532324841944,-1.0134798960604414,1
-3.577438259485854,-1.079070614069416,0.570905762701643,0.057426728282632844,2.7164955190657762,-4.523121301227056,-0.2891102839186679,0.62400913211282,3.7138423857943565,1.059638220644354,0.2684125798529064,0.9653613949723381,-0.23550367301291575,0.2922960126139994,-5.499339838457139,-6.095982843591781,3.961312230363344,-0.2516894907690534,1.3276054179085293,1.4687668318392182,1
-1.5998824745291738,0.2809529563790867,-0.7243821525440415,-0.30513103249099816,1.0275029841807441,2.1954144019187445,-2.114172747214172,-1.1964282051012067,-1.9389377696778571,0.4142344193015289,-1.0001675514487454,1.9647935336273739,-2.4708263832080255,1.8042551370778928,-0.7738610766830312,-0.11715383400841696,-0.593063450094135,0.03082420442756455,1.1928686190836715,-4.605224777053134,1
-0.9978248051643749,1.908078097555283,0.5678817371908629,2.864663965838533,2.3449315978322005,-0.37987122184993694,0.39950028175850827,-0.11782971759325418,-1.1392847666041575,-1.0667675546846611,0.037676204708587735,-0.09419202400301507,-1.641215188986975,0.2361841552978902,-6.675451642670779,-3.1035085553679465,2.4001866888576364,-0.5321615134814498,1.85549367659309,-2.800289319407805,1
-4.206881092781704,-1.202138569688202,-1.6696895800917062,-3.0981960365727943,-1.4826048409399406,-5.205663607896653,0.5996908786116055,0.9440421481490846,7.6176421002736,-0.25669502812438827,1.2424372865256907,-1.2842878162566203,0.632397783862368,1.054892412551747,1.7446386385895363,-5.082410244061585,-2.207255083241339,0.3261588639157633,3.4617717489851803,-1.8860687441957358,0
-3.023652639977098,2.5316505880380333,-0.8459505903261086,0.3954120648907382,-1.2924521543038647,-3.1803472210015453,0.10231316613822916,0.9064245874010424,5.603803412318439,0.20158396064036266,-1.006287753837945,-3.031474198605614,2.3306421087628815,1.1054124052149825,-5.05015163727136,-5.37565344685956,2.715677234371671,0.7793004727322356,1.4335018178571834,-0.27157347922080993,0
-1.3663281667579292,1.430516387146783,-1.2838916833462917,3.2664847048333234,2.577331908559418,3.664458222278412,-0.8041478682308858,0.07667120561471819,-6.110162967351268,-0.0958713062625303,0.8043685299379365,0.5979744536464682,-1.9827381775027424,-0.5812391970261442,-1.4662861036594037,1.192262405840138,-1.5239467853765933,-1.3969825943443908,0.9484713447019044,-4.588582782503274,1
-2.6210799120426955,-0.6306970143288457,-2.7219684333724503,-1.5907639638507614,-2.4855167421881577,-0.7453734187177568,-1.6109207254789142,0.9419029617610208,5.805651039932055,-1.2601726806541929,-0.3599684214241245,-0.7499571359439771,1.259101326830399,0.37831055964085886,0.8226064274672242,-2.127455479632586,0.15403146006371093,-0.6339934632565143,1.818269180223383,-0.5757906302378144,0
2.2186555050713492,-1.7536271462645474,-0.6262068467283606,-2.396833264863841,0.5796397062388661,-2.4221723945782743,-2.0081066960542318,-1.0393716059309797,0.5548118959134944,0.6061518715353611,0.0039834816240835865,1.7728061493113711,0.8099323352800591,-0.394124470557792,-0.4541907039582755,3.6493206626073658,0.3583227908525451,0.9384288575801846,3.094532542267209,-0.10995938045141151,0
-1.6247643368877194,-3.261939075891444,-1.3660472089422009,-2.4804651907710875,-1.3006041887578612,-0.7834909817341326,-0.35370492475665793,0.018490058947156017,5.693835535850215,2.9170327712086563,0.11389757199847944,1.735563577257804,-2.355397427359944,0.478846867832576,2.686171133021404,-3.076829264214178,-0.8837061201202756,-2.161361092625359,2.0063269925813545,-0.5692103181697755,0
-0.5934423379851392,-0.10076373621004497,-4.002396774563714,0.12924294424292493,0.20653842459776173,0.640899207907712,-0.8317381803318531,0.2010549873105696,1.3661113790123598,0.7262398732709644,-0.8952171441525554,-1.3091473417182187,3.2235216431125666,-0.9635914050207207,1.267317974796683,-0.13977468988790856,0.9430889738455304,-0.971717179276927,-1.004529427246113,6.396184344757015,0
1.137399220668339,0.9553830272260502,0.8785660717558266,1.9360507007769938,-2.7958182126295954,-0.810672784608343,1.201928689659369,1.3533549225882027,6.196381676798047,-0.38518762770383064,-2.5570382983204483,-2.784613467617537,2.884395379565243,-1.2930104157562536,-4.746917308823262,-3.895262855083916,6.484415378311095,1.3587077988441587,-2.77343783921434,7.282014270821611,0
-2.8074239389702926,-2.230528610318618,0.7800717156317662,-1.5610666778581574,-3.432598243573916,-1.6033395597511808,3.5637410915709546,-1.0603159900310417,9.653415423721002,-0.47357931981800644,-0.7178763595791292,0.5598774915654781,-3.7085900399331404,-0.12485241842666885,3.1965512186034633,-7.356142794168243,-1.6484513335946815,0.036066060382323344,2.08590822301311,-3.4788111867177567,0
-3.9746396813377824,-1.633310343322681,-0.7817353626490825,2.2194282449250027,3.185779691786756,-1.5316555928835835,-0.3748143503885777,0.22054890689522208,0.7118587021520563,1.8181588366757873,-0.976169018468538,1.6836063191002895,0.2828772590779105,0.6812343199949997,-2.8978725308355613,-3.099291484370918,2.6923598059436564,0.17830995631569363,0.9043069972724485,0.9722072233061502,1
-4.051317503774563,3.282849606468326,-4.461425728517716,1.6372552266032152,-0.04963404480469824,1.2305724651710463,0.8135339163828784,-1.3435007298245198,4.171801014491408,-1.9383910612622153,2.1577143044379676,-2.737462669743403,2.337399911552999,0.12696908007978747,-1.9815770702052022,-6.60612264156149,2.10193622345245,0.661728735021597,-0.8295220963201662,3.6681854250543515,0
0.5844251313012936,1.2260386466385553,0.25002813957984094,1.414185502141808,2.252157944389178,1.9085346038902509,-2.695324867767982,-0.07187652958566514,-4.920329774083089,-0.8129224823594956,-2.5617515620580185,0.05441973032305336,-3.654536904657033,-0.5876116834101616,-5.945904916327792,-0.45243475792502513,0.776518862862197,-0.1786064354098913,1.062275063318913,-3.444146764338272,1
2.8467271670864545,1.8235803766520144,0.09646424376252771,-2.307842262741259,-2.27136541560371,0.8369449779207839,-0.5619310293881985,-1.5937258559551035,-0.005530356739509438,-0.6933965369343416,-0.6780398631505739,0.4010583986153672,0.2133359261303529,0.6147984103600516,1.3786438682798061,4.025502634098734,-1.7404430591803097,-0.48653903455631425,2.0003728689452256,-4.548431165645863,1
-0.2867042486874275,1.9760493300318074,-0.5690501449413377,0.26970634499274126,1.3234519674025116,-0.3127854801445064,-3.706353516735871,0.05704168467895999,-1.1220287078543814,-0.22317224097286925,-0.42801925570870175,-1.534627544412425,-1.7849193682782412,1.0291608274696276,-8.59170361661949,-2.995904081153115,3.0431391696045553,-0.45102611861540615,1.2677617574707802,-1.1132594577140627,1
2.848295553759465,-3.3125711904526094,2.0160375056566053,-3.876122132708084,-1.5286511891168941,-4.2380023887842935,1.0447467584519095,-1.3556493032680186,5.301715992222249,0.8322695885742079,-1.072235953355306,2.5603505592466105,-2.1313312707158545,0.7067703870618957,1.5194149657744127,0.7944149747485695,-0.9426511072554609,-0.34554274141749064,4.263828316358815,-2.6947406751218232,0
1.6491186117017722,-0.5953873137069844,-0.629894889186352,-1.4624018984216152,-0.8881258581242922,-3.235042639696734,1.0631482942000803,-0.8967843857224138,5.504455907688384,-0.31609928405105125,1.608888093413138,-0.2387640683132467,1.1997727424663442,-0.2515792770268969,-1.4235418455600297,-1.4858845504102254,1.8986248307388462,-0.09022459790015883,2.2502101404354193,2.6910880876242644,0
-2.02994473101572,-1.6301859361970277,-1.003334828561526,-1.4663020433599216,-2.0375917804389214,-3.0687475332453147,5.589064868561433,-0.3579668887533979,9.50881991287318,0.685124338415306,-0.09738100591346759,-1.1431725093237974,-0.6284005522001166,0.8841243210313999,4.905579950714498,-7.593119771311613,-1.8932018846777143,0.2444479584974529,0.6166235920390378,3.2810934802813025,0
-3.6114247331766993,1.1789009841283913,-1.2179669558508155,2.426450473722756,-1.7408353142879034,0.7278377767982019,1.9208308326384143,0.4195504419139125,6.051431213114008,0.041562792633555036,-0.011212988182289848,-2.7828427198369963,0.7146767151990623,0.22894021516454757,-2.0870258035253366,-8.037198181784715,3.194580726711104,-0.8604962743954631,-2.460934544611564,4.212208013508083,0
-2.0483417001161905,-0.9325581547426554,-0.80447951593082,-0.4156609211517913,-2.382390822775183,-0.22651118901700307,0.2635305841889647,0.7212680802565271,5.914454668270116,0.12580995348529364,-1.1578824319165888,-0.9653956849984973,1.1274098813143407,2.022486906000581,0.8429380238546679,-3.989990354302535,2.024819649488139,0.10980735285693292,-1.701474912221953,3.7467550997345587,0
-1.9145131200727228,5.199058321685268,-0.12740679531800558,-0.357905547572809,-1.8219552240785826,-1.3382735821459708,4.2743548166222345,0.43373239402801883,8.264159237528494,0.030467406804004168,-0.14028650834818324,1.1964418032879385,1.2667947434877618,1.5807270423985165,-2.545803619444564,-5.013347888201406,2.393348776914628,1.3674390431630605,3.9809356509098714,-6.560857531398634,1
-0.4646204850572982,-1.953918947355733,0.7409776445502192,0.4136751866113659,2.546221183044959,-0.8620172108594814,-2.062582513605725,0.6282947190876064,-2.673435089007942,0.5973604797329994,0.08358736538447735,1.415335376527266,-3.7290760056017964,0.9521602235241249,-3.5374764833060715,-0.5798755018738192,-0.17618685402836876,-1.31649613930369,2.368638438438901,-3.2303942326655006,1
-2.060393871659742,-1.915774801498668,-2.016871598783984,-3.164633958454907,-3.001507790840778,-0.23961139762221498,1.2964559261272162,-2.334415589215141,9.178761529173002,0.5906652967043781,0.4560395883836946,1.583320414141905,-1.098087337667224,-0.4113654880221563,4.5072437788618664,-4.584574730474892,-0.5067734505759631,0.48344366827831825,1.4174555541860516,0.0959532644887251,0
2.6783958805119443,2.404984292018291,-1.2291558448605786,2.3109785922890866,-1.1291779101705746,5.647739555318917,0.3164063732432383,-0.18590069517566735,-3.8678113325910624,0.729832112840642,0.274003902442758,0.3236627138570375,-1.433126127432876,-0.7618042487351302,0.9000980977229295,4.342018980562096,-1.9934427236554113,1.9172103890413,1.3561590209551118,-5.260161508154366,1
1.7402282043023234,2.396775545524596,-4.167239690064477,3.9379462259072238,-1.1336801246333126,7.239001168614677,-1.1611389517512287,-1.9489636382185753,-2.5111270293717927,-0.7713972154433943,-0.23213125280232189,-0.989212508897354,-2.7667969054044024,0.38417588133766406,-2.2550102167764123,1.5520588637284707,-0.929044346737163,-1.5097989084835268,2.865043033463187,-4.7444836383285285,1
3.6292365720498534,1.4945973305399174,0.7838888044345582,-1.628588764365204,-2.004887335482687,0.2816722964459128,-0.6819355978186263,-1.000701436779549,-0.698932314444057,1.0689605809846687,0.22652154024166818,-0.2334376393163653,0.5344223916361108,-0.8668585821680357,0.05138753573454402,4.30915297621457,-0.8212215663129181,0.4151477329298358,1.3598251013165106,-2.8603887353849995,1
-3.7802582835989584,-2.465845854981957,0.881440372510272,1.1573650770664579,4.422361350757714,-0.8862260606126483,-1.7265852878316255,-0.9109581754432782,-2.6636128965306347,0.9546421221064131,-1.233817801774028,2.9930243714347524,-3.423308844950075,-0.4757959447086059,-3.2318636429999623,-2.9958494565565865,1.1104350388861162,1.7508410716500276,0.8096810701003144,-2.13806745872033,1
-1.1914870756962022,-4.883692607186149,1.7770858460495889,-2.8183269509089888,-4.121250102012819,-0.47465647130039706,1.0570000866166018,1.1510973454488218,8.62814435407013,0.6273523885443659,0.2813741339352519,2.2679965991345377,-3.41067215569364,0.06159585537267723,4.814859894485053,-3.9581183386403476,-0.22760361355959557,-0.24764213068230878,-0.2390626734314718,-0.41481431995827905,0
-2.023307994258155,-0.7956306222773762,-1.468871125025602,-0.8533959740373396,-2.014046814280988,-2.2914331218003223,-1.819215459598848,0.7686154376669616,4.991909043864001,0.2516506656796395,-0.1832411107353288,-1.89902630582687,2.4238295787235886,1.1111924114542773,-1.3216426024304286,-1.9984947429181252,1.726989785262957,0.3059200710474129,0.6022940009600197,2.0745772762633843,0
-1.1814654556546702,-0.21622325517118268,-2.146348023652955,-0.653024734850935,0.08202371322464164,3.3732154988542993,-2.815246283217598,1.3406662306033916,0.31625479154368213,1.1908885364487696,-0.3626619713560788,1.7413242994864908,-2.3188563683024954,-1.3966249658369505,-0.8231398333497424,-1.3065118014043726,0.9525143338449393,-1.0680638475628392,0.3201891005942554,-1.285230294713411,1
0.4437433449780266,-1.1890027965190266,-2.7965198129916264,-2.0337925735040483,-1.4124453624944013,4.076207596322823,-1.6899342488351785,1.5480743985441079,1.9817005864506327,1.3270797513934045,-0.45955431499411903,3.6282540635003153,-0.8886276129676192,-2.680611134073835,4.1965506135849235,2.318904105643596,-0.31755066346257244,1.0774938111461643,1.0231140069994518,-1.3523835283637349,0
1.845050043433331,0.857303472369512,-0.9263097851686273,1.5981754021405747,-0.023849615429099247,4.250032487881108,-1.4404879826261587,-0.8043501578320993,-4.837853305350029,-0.13028624928391652,1.5154796656876108,0.851169672161705,-1.318449297920449,0.7702665284831038,0.3675387228583852,4.797134359772219,-1.6720268895763761,1.3108827266886962,1.2099054419331496,-4.4219626339023455,1
1.1515656841589335,-1.383518193506271,-0.0531759441471209,-1.2031382486702675,0.3652620944237277,-2.5055090623702077,1.0532595813589465,-0.09417478472929892,1.7911249512609724,2.845877450289003,0.17256174399088403,0.5000278457430867,0.24266703970975656,1.0998832735534692,0.929266068742601,0.2770165339953284,-0.5242634657813372,-0.8284169304503102,1.6400924248854287,1.2071159601796198,0
-1.7664782189175803,0.15559648916398827,-3.6130949614260155,0.3973343631125348,-0.37170320419027464,-2.570511091453424,0.2200034817358184,-0.45337242062983774,4.732475848286067,0.34909800240550426,1.0524506316140432,-4.172225492147742,4.818449716444069,-0.50003867654928,-0.9128466107814197,-4.105578104562651,2.435775639960535,-1.3124236755267384,-1.859988290647056,10.066416407707047,0
-5.368868512035258,-1.7177557708770146,-0.9361337699647081,0.4140502524758596,-3.6759548558718835,-0.3995235617021578,-0.697109234935162,-1.3224044807028261,7.128823697994965,-0.5573723285120052,-0.12958961067404556,-2.775440607792401,0.8295399721680066,0.2617304381938836,0.9385205986364441,-6.3952900070348395,1.1702770984693907,-0.651686918691203,-2.2182349455941237,2.3861831216484006,0
-1.6919841241072393,-0.5887863671818483,-2.2910176513278886,-0.4637246285090727,-1.3839639627559062,0.15734485395292386,-0.31953579481841965,-0.992089680099622,5.069389113384041,0.9112746398340557,1.6186680462086267,-0.6829968844569642,1.3464277523464419,-0.16235110816511772,0.3766208891309661,-3.3630804088414195,2.0123976296920643,-0.2531399494603059,-0.8242291755404849,4.200467319483132,0
-3.1485364910584535,0.03833357820953598,-5.259667903979296,-0.05148827179432125,1.0765104843063196,-0.2299415202579441,-3.535239987869101,-1.1299648926666546,0.693663266769963,0.5109033790865827,-0.5178052653301162,-1.4466817530222227,2.828155466457912,-0.6268343208914771,-1.1630161591892947,-0.6051243759633551,0.44563870814564976,0.7208436021306857,1.4623749007590874,2.4974812200722307,0
-2.060865579089765,1.2357404536125236,-1.9888518725724176,3.361189813123217,0.8963503020432351,1.4092509690120276,1.2969550676778383,-0.4953032426034153,2.141477712266713,-0.1972900891200689,0.37788228228123144,0.5543710982591599,-1.5111330653805188,-2.524221680321121,-3.7260302680888615,-3.591177332979231,1.5190901387827898,0.2305980188939099,3.356569069753615,-3.6162597757201485,1
0.336345609786457,-1.6512568609556533,-0.571708900246328,-2.042519449446689,0.04632778190258935,-1.1443469516560423,-1.9596545170954056,-0.08599431564531318,-0.15377720342590864,2.259283720273219,0.0792769154367707,0.6138261794572709,-1.3540885783412608,0.8148253797881114,0.5792805559417599,1.3212288899602609,-1.8285634067594116,-1.0531385098995758,2.2783361045067334,-2.1603572078433766,1
-3.897325804151296,-0.14760876859224492,-0.2423168202149375,0.0855193067927309,-1.8031075079801901,-0.1283612144434248,2.36289950219817,-0.035295917188680345,6.290442307635484,-1.740411474056052,-0.9199078445739007,-0.2394891735817848,-1.8881282093776737,-1.468262686962047,1.1195668845427504,-6.917847833196554,-0.24435461599293617,1.4580597766491035,0.32770912065194485,-1.9073066336291633,0
-2.901039401567738,-2.6906965524350137,-2.2424751468683057,-1.1033068937034396,-2.7177065296283187,-1.0133023809508002,0.33696680556042924,-0.22282161418672475,9.283645500521887,0.030013842616624525,-0.5963999059798073,-1.1237333263082192,0.006093809273152395,-0.5986481381993365,1.3325664179498329,-6.869075499900353,1.8979641468205986,-1.330640153846021,-0.7298627663995825,5.408091513374424,0
-1.1097502193989472,-1.181268153533167,0.4691008569502655,-3.457054230288673,1.513655125438435,-4.696917059404031,-3.5418987112661213,-0.011758058393880949,-0.21293479751380734,0.5574705280918698,1.2932370523496068,-0.6123957428320577,-2.1260492647017175,-0.9507909185327753,-3.74603354318824,-1.8282917895825301,-1.1136710273672688,-1.6053830270598055,2.8801439448217296,-2.624442743936661,1
-3.849463035872869,1.5730647879184418,2.156903935109093,1.2125666515227762,-2.7745917987952256,-5.230137418668173,2.3060786050809527,-0.05315980572258217,8.393792294243244,-2.667629714606425,0.6689403187957681,-4.862091354970549,1.7923773896058939,0.8832590162275658,-5.504681055821201,-9.167617699970945,3.5084186304480474,2.1321856668063788,-0.7614130847510707,1.6007133184532645,0
1.2971800578949948,-1.793928587390221,-4.41552995032726,-1.406734832255455,2.2147605301636215,-1.5163946592865671,-1.1265327040130892,1.505321519972564,0.1709258417170002,1.290180638778603,-0.6921470503760725,0.6466553639490147,0.7786401721155923,-0.6208842391872638,1.0091138759042548,1.8801281419857123,-1.4099800031097784,0.09442737971475966,3.7509931721490855,2.8242947639143585,0
1.2682973664502295,-0.09403281593270563,0.201602819358917,0.11125161671015538,0.3607432475398066,1.9605192927056527,-3.2855665124297406,1.7859438482695904,-3.517736669306217,0.4569561821721156,0.534507548206712,0.5951574565752927,0.7981032142077555,2.15207335586206,-1.54507940458342,3.4570842700100153,1.9375424783526614,0.376202317860116,-1.8650155996710749,1.5552141868489087,1
-0.17228444502842766,-0.5111619575692625,2.152991266875712,0.16338497255610462,-0.03284093853214365,-6.41075253144084,1.3389626718128056,0.7703739290740633,2.936430820892228,0.9956243422557726,-2.363665540004127,-2.7208285115374347,0.7731676660222633,0.072073392136454,-4.123975210063374,-2.6243519146561405,0.5383075121846214,0.12897210781189702,2.376181278253057,-0.1601339222016716,0
-2.301138886149976,1.6322451379846499,-3.1120257019221444,0.8193424011967162,-0.1449942388896036,4.674613898588983,-0.9088581291596864,-0.1252776371125806,1.892954453674501,1.3741253925021604,-0.3234369531427366,1.8353697910663,-1.4140603069418645,1.0294399127439522,-0.7226789776326504,-2.871961976324629,1.7100936258767128,0.5803191772595504,0.41381859888249356,-1.8666050433581405,1
5.3964972406501746,0.013891324437095398,-1.1774441707194372,0.48930577784392987,-1.0848047153625449,7.051363014391014,-4.566411278366897,1.7481804580692595,-9.839094415739146,0.9037327842984106,1.003801889635533,-0.11697338331081475,-2.0997969692485423,1.3965915625222476,2.275129387176694,10.201310931218721,-3.8238255058019535,0.43641023868737466,-0.45712684046918617,-3.3112234171415684,1
-1.1285331224972959,-2.176035967838029,-1.2306589480624586,1.8649551099901156,1.7056298828098306,-1.3222967791867748,-0.744110923213238,0.6375801377818118,1.626507314966327,0.16948104742061337,-0.5028928587633323,0.45285639273949496,-1.7227349515410517,-2.2569653844766964,-4.031467590210158,-2.6527770809141797,1.7832199536743243,0.9579268653362378,2.9376109490459905,0.14696558443751206,1
-5.507141564613081,-0.2916962090967591,-2.8370733362885714,-0.7380269721186579,-0.11326069595826838,-3.0174567736694655,1.7903997856226168,-1.8999609181669426,5.993659731197275,0.4376556289082504,0.4877154261986817,-2.1858099703564857,0.13223828780946767,-0.3006440397359652,1.5485075212737178,-7.622583370623297,-2.0359706588473134,-1.3682492449810157,1.4869809175677096,0.5567313536426334,0
-2.9007283122545937,3.9605254473217633,-0.8488483877961841,1.359843642752649,1.086289286644677,-3.4466287317369604,3.159580419894243,-0.37491967205057475,5.903188818256656,0.803280035971742,1.1827590192195223,-1.5239090139144758,-0.7772541169021664,-0.4126901596808782,-7.197851830429711,-8.716179720710818,2.3324545887631123,-0.8478509736907655,4.359908137599752,-3.6382793207634982,1
1.5052731850415,-1.1587348515716684,-3.3408220113790223,-0.6611583222399238,1.2976796718226302,1.55328202105654,1.7428082345259783,0.9775821467761894,2.2687502040980987,0.25085625159639774,0.4142752175136015,1.6197736211461733,-0.1375828866746125,0.5096662090000231,2.882008415404095,-1.4336565037723665,0.6525817442741833,-0.5632976675458828,-0.38524459998880145,6.6087334759901815,0
4.9096939396990855,-2.2633472230553835,-0.5451807333266043,-0.520913823738459,-0.657837166445937,4.304839838900235,-4.913402720205077,1.0790857713471862,-8.650035449559448,0.6440685429949569,-1.7349756969458754,0.4083932647817189,-2.5570968954725704,2.4273733843796843,2.4937083106047,9.995967400902044,-4.369815572087591,2.7717896094916394,0.9557964116834698,-3.5470128119410327,1
-1.6519615424038538,-1.41260448951639,-1.9204383883962848,-0.4669953786097012,-2.7244642386824194,1.6426152320604843,0.9593049105449473,-0.1909858084779715,6.719700860118503,0.38135158115491613,0.056687477298438156,0.11165999142925931,-0.3882325257421435,0.04121277502800201,2.7218745554464556,-4.234374076788853,1.0873265068930769,-1.4933177252684207,-0.9890985778694716,3.0007979628628183,0
1.1605675148461656,0.9027249072402957,2.409793489250517,0.9931198449893923,1.9239529890025315,-2.760409638369812,1.4324261719915914,0.024021027749844527,-3.1104967335944944,1.2337872769596048,0.7294187242115334,-0.46615888081433776,-2.1185399787494794,-1.1937262442757581,-3.3334816442288626,0.41418196674641333,-1.8315077079748352,0.5098251816073188,3.1438738592703084,-5.361530177679675,1
-3.464005991630642,4.07841458927092,-2.053876067218615,3.962690655379955,1.1090895020875489,4.5576317045214925,1.8925040577856598,-1.4374872955071711,2.6937971168090953,-1.2216696022432145,0.3584569662278545,2.181669362711376,-3.0758894547449973,0.013830199723696996,-5.410910442644508,-6.521137945640153,3.307938324766119,-0.9970911242653454,2.722225930717598,-6.4627802418704015,1
-1.6972395692431945,-1.3786324109979067,2.711498624757726,-1.7164072918168187,3.358115171253484,-7.35932987499113,1.2944816484222115,1.4099046552689196,0.12711035891172545,-1.7756722535017238,1.0245044244477173,-0.11348576621679884,0.22627336643233353,0.6480780112135067,-1.8850792968210992,-2.938046387360145,-0.36084393353298894,0.5301512631836031,0.8598241970437751,1.1682774960707967,1
1.5309199811113159,-0.6427186309721968,-1.2789658592992248,1.810471880733738,1.1265567161248935,5.177806961658737,-2.6734644218899986,-1.7785352691945528,-7.48818124619407,-4.06460314373439,-0.11516540618663129,0.6759560902082496,-2.1796518316691866,-1.113889652964548,1.254880261880235,4.983622171212239,-2.324252159715268,-0.7602045787553829,-0.6245772665419782,-1.825780194614948,1
-0.44021349515552993,-0.3223854452864515,0.02654880613970778,-0.9448747483119181,-1.937177184789941,-0.27139806421469803,0.7902395515794979,-1.1466051963455226,5.161524727667006,-0.7078108009966816,0.869825681396013,0.6007333056436164,-0.7428335065985503,-0.432707627937086,-0.014711601557862447,-2.7599169503452146,1.229219230253794,-0.10690649009074292,0.8516103620815805,-0.6219713436063706,0
-1.0161006159144463,-1.3335809269748078,-3.0508883272021956,0.9628829813728387,-0.9020460159990578,5.93881392214722,-1.3676809192227795,0.5852508255422673,-1.6192381930877386,-0.1317048459346119,-0.33716055142808665,3.2884203117084922,2.5345330782838458,0.10543390613686206,7.013745932464007,5.757762117501657,-0.49839497296368074,-0.5303319007472351,-1.8402531649869858,0.7596864851248749,1
-0.23877094973033175,-0.12462208542799191,-2.1093729482949595,0.40606207086039453,-0.4268736357889502,4.379993850947403,-1.9247620764491908,0.2974486052239491,-2.839492660139131,0.5584845207792332,0.26026272991097116,2.0776576414456516,0.3196865252516834,1.168596592795489,3.5046950313022,4.755699093185771,-1.5945816069372436,-0.9706677673827739,0.38855515798743157,-3.070419101395004,1
0.19033845002191851,-0.8069926347784593,0.16020490345862692,-1.1328889833590186,-0.2188404458697244,3.419616005959457,0.054300511578074806,-0.5527147286079154,-2.7421743645142254,0.5484478486844262,1.232409097246681,3.767460752732836,0.30157040867873963,-0.4848399241688649,6.839094472163425,5.1671197432432034,-2.3222094797948474,0.15052320556869614,-1.3142881746028505,-2.339712865493226,1
1.2621985402899634,0.6285645663213484,-1.1983881110489272,-0.3848062385418493,-2.362406726794716,-1.8455146995276543,-0.04824489800749954,-0.21760223577931304,6.298697925066138,0.9810709238787138,-1.1059332245799558,-1.9108048389882752,2.5607273671913413,1.4502193738337088,-3.276362916570599,-2.082684902528827,3.8554351102258693,0.023082555702404917,0.7933849173116307,4.138922723921796,0
-1.3042823707143771,-1.432118996937684,0.032861289387407844,-2.3265469176461036,-2.375691550006513,0.5519089543636596,-1.2605476605872388,-0.27598214310674973,5.616617139191351,1.0785951161118734,0.07153816245060336,2.3246058367559854,-1.528228067901608,0.20490085797712446,0.6717463152401553,-2.2113575867697746,1.5878093040480044,1.4271502479634401,0.8227242485028965,-2.023555591728673,0
-2.958059217022682,-1.7440466982806782,-2.419335197836064,-1.2952080420335526,-2.0741863306533492,-0.9066016940516252,0.3025107439264381,-1.2848012501226194,7.395658299421653,-0.17255125751486772,0.05985296137968417,-0.7634223776989999,-0.19202028383881797,1.4567894510905068,1.7260354557739712,-5.430014087813906,0.27575765626108506,-1.3462761232318594,0.558752089905727,2.318329794442663,0
-2.5502488041623614,1.8036370622817846,1.7371536291266614,1.4547189293844534,0.09068453933644294,-9.280784079179506,2.8873940557294526,0.2228021017188606,4.821062153712651,2.428934738076904,-1.61417633496484,-6.327252463176066,3.7843175129299462,-0.12636599805613863,-6.555415272830231,-6.365713432484443,1.4419470360646984,2.5916947213095622,1.677886274750661,2.19518154327766,0
1.2008968597643184,0.5428600257160532,-3.224708713687015,3.3056725945381062,-0.27211869534647826,8.941553173360617,-3.003151864196739,1.1158472749366464,-6.23775029239345,-0.05542664775446476,0.2526563456989241,1.3814845950759211,-1.3104935380682137,1.411296865959639,1.5636755160290061,5.601583680242294,-0.7589030019782905,0.2661150248621453,-0.7878615857064906,-2.347668568739916,1
-5.677280353099397,0.2164264087424862,-0.22665011822617898,3.023950641480912,3.970595973324971,-3.6988864519484514,1.57350677610937,1.1411994149084022,5.0962823226397305,-1.9678301230925799,-0.9065072854978103,0.9622431795538328,-1.211283562456361,-1.113266268792409,-8.573336120718336,-10.423796961165452,5.743917285638023,-1.1165426433475378,2.1601865216970264,0.6641116718245961,1
0.05491448859668091,-0.4212632154577898,-2.304002988185749,-1.2819937131181594,-0.27517908341356434,4.228983973051199,-3.4180018992895587,-0.1319367148937541,-3.4126405670613447,0.3369938400965603,0.07538846923434823,1.073957833740421,-2.354398847458825,1.6980131615034877,2.469841978232372,2.7334398027348272,-2.7923142235366596,0.506465061928088,0.36278620506484477,-3.0809484060608274,1
-3.8253273457518944,-3.380543850765867,-2.6840156525885046,1.9171768627844679,2.823338163227148,-1.173083938699361,-1.8573160737219228,0.4829567337840797,2.525185606062076,0.23843984438833996,0.31291798890117156,0.5371772532934365,0.47212578708344743,-0.06297691981449226,-3.1881786777488057,-4.828257298086808,4.137042164227385,0.5341144682972696,-0.5254371722982207,6.855605097147279,1
-0.17285798652202433,1.0614611239471627,0.03366891024304697,2.8976604510427544,1.9686308549804201,3.001516371810188,-2.1297852191879763,0.5597480275899028,-6.232945995455604,-0.7249029262599724,0.03622057046526678,0.6731384824100648,-0.28020406845353707,-0.517622744420836,-2.697054468837505,3.1543050281277227,0.7317705939177397,-1.810416783357745,-0.41249230781681057,-2.49877504730605,1
-1.2170724690157453,-0.5049938437755765,-1.1839357710429101,-0.4888984975847849,-0.7120303325170736,1.6500035792865642,1.8696904261532283,-0.012836158405151399,4.410626094158747,-0.7634236328562302,-2.02628351136724,1.3688387972423957,-1.1222076912180763,1.095639338082413,2.31307325869351,-4.102533955438229,0.9363498613711327,0.2518803600928554,-1.078212876344076,2.3347392959039035,0
-2.628279618740982,0.8351782782001169,-2.728674144923917,-0.5353306051538795,0.05522584109875406,0.5199406388075675,1.434710193700197,1.9914127606138468,3.1923032846052175,0.6372180913553204,0.266085421067041,0.18884847180863396,0.6277915388637412,0.8119838526340167,2.4157726783197444,-3.2948447862614736,-0.7543273777318742,1.1221588504151059,0.3602081413883647,0.7108365315610184,0
1.9909412952900734,-1.6948302559793507,-4.098823319862351,-2.0909906930253284,1.427805534032659,-2.910120176420517,-2.471687805950589,-0.8345805774771595,1.490043749056729,-1.155089775168019,-0.9773832502346362,-0.17529972628492763,2.516963416404174,1.0888846209650607,-1.036310373785927,2.324344985672666,0.6893766237575571,-0.8993672798372561,3.381386478963467,4.865181956576966,0
-1.5523579182518707,1.1695858962310184,-1.5080599590087929,2.7779733453128896,1.0319848395993976,0.3286807740272613,1.154241212580527,-0.5556358881760158,1.2453765651156357,1.4648661065048172,0.7801577172566626,-0.1847516419668941,0.5915877216959868,0.31837245005863,-2.808708101117205,-2.2375867289459825,1.764018903266802,0.48527033434820427,1.55244325550706,-0.45683045790149446,1
1.8099137301795276,-0.0010514601827662506,-1.3850114795445456,0.9179175801667745,-1.8162613941017771,5.367167202220868,0.9155645952886653,-0.48640551982541314,-2.9240673967182977,0.16118492225185851,-1.0100864588595426,3.189720501499716,-0.33541863740933664,-0.5529049383707991,7.182453536284754,8.048879988305846,-4.548693187252862,0.28245048926523897,2.606144609474324,-7.7291392815234765,1
-2.089685763719309,-0.8787863747106026,0.2722979435945072,-0.3594332766784243,1.7193339310328237,-0.9457913769273065,0.793042135212821,0.8640580536141788,0.1985224086007429,-1.267788564261654,-0.5029710109066279,2.2770333048241422,-1.6943001655839698,2.2181609054442255,0.812844753247065,-1.415106347922867,-1.1187600581845676,-1.2050891663637544,1.778895818481178,-3.3194563468920495,1
-1.6901364215111696,0.685930629728304,0.24882658829334847,1.2240247629793637,1.6629985163844494,1.0146113297242554,-0.4339398676131661,-0.6139488594002418,-2.523069300719549,0.22087622608652624,0.6901337767224391,1.8427558481521567,1.5891644413619506,0.7067084702023088,0.022706240355255623,1.680057613294132,1.1801900081347723,-0.025441815478882114,-0.956201039287875,-0.8664503489460013,1
1.1601940484445743,-0.7325725344246902,3.9801904942909365,-0.13253812139487686,-2.760929341089911,-4.766557464042186,1.5850316340306336,0.203510360414917,6.514125135783413,0.7091371455113367,0.21809280646166604,-1.2630332916838192,-0.4342606336762178,-0.21030449499204273,-4.789170233093897,-3.232305385125725,3.170080539174106,1.3126881784496485,1.7610258555537217,-1.2209131007171046,0
2.681322119239489,-0.16746988574672272,1.2344618524812618,1.1231860572519101,0.8275756226127692,0.17536169124913611,-1.8315686446571837,0.46515399482691894,-5.618108205629729,0.8097357497947946,0.42434494386140187,-0.30334690098156636,-0.041145361978977335,0.058755387939084004,-1.7833327796561078,5.516230554657771,-0.8816053505975423,1.0679577442582933,0.9713879184739111,-2.3119944866037434,1
-4.631867367495664,1.9035146451821707,-1.248906002395678,-1.409064139521768,-0.28931817533055626,-1.8974202546673142,1.84710560120588,0.9267084730097143,7.843197144089681,-0.2177675245439617,-0.6249099624230801,2.3368163740847763,1.0880152890884531,0.8295492202251548,-0.7100053420128323,-5.785100167981556,2.2465855963354837,1.0077630756515632,2.6960826422823785,-3.4741192823171034,1
-1.5380368605091395,2.2052864028584787,-0.6839264390659716,-0.5036551254185362,0.8566873649897747,3.0618036179552997,-1.2708343877697759,1.4362013949052208,-1.0783534206132748,-1.149487636578482,-0.30736124134784987,1.9241339419745023,-2.9362961878142473,1.1885010140347059,-1.7874305091671976,-2.0778128135824887,0.2479347146565073,1.0366064138649516,0.6684086507566713,-4.858753593119712,1
-1.4714390185847617,0.36285729938798905,-0.4497047368820751,0.8841212491377735,-2.343049516191126,0.41318930947575233,1.614972357552356,0.41450272056286624,5.997634004249738,0.16455789062864684,0.26448040107313564,-1.3598383634195974,1.5409644830560953,0.22474211958217438,-0.3236713359704465,-4.707232229559127,3.2409192337873938,1.5514377658892888,-2.390825219388824,4.6024957131126065,0
-1.4495087822043238,-0.339367968563916,-4.702798028210094,-1.7535307305331533,-1.024828982711807,2.836991869700547,1.3495053866554443,0.4236457885331881,4.714488052843212,1.7317583831803514,0.17798937960330405,1.0001701581018094,1.0467778369883518,-1.6877048624258153,6.322763196700438,-2.477532632108791,-0.857401100499779,1.0771624764408045,-1.2036943188603633,4.885313474502876,0
-2.6248742298573458,1.46209179947772,-0.8189659913706967,2.67378275880162,2.6311419640525275,-2.706269580455524,0.43421753146156483,-0.9748304823479658,2.1579248899466146,0.16221150474248305,0.026911724141361133,-0.7237234433658934,-2.8787170592570943,-0.10186535164261648,-8.990599256554022,-6.550443189618337,2.080954778202102,0.23648694614658164,5.418544011886881,-4.913544970211263,1
-2.253119460912524,-0.5424815260716649,2.5459080374960994,-1.0022043089548252,-3.5987952029873442,-6.7050937433141895,4.215317820893312,-0.6470258002986565,12.156218916178931,-0.6982222323384965,1.6991455815232015,-2.745317757137781,-1.5515885190505279,0.3429562674553059,-3.2221603234844887,-9.96248316098006,1.2660688487385687,0.8638277286885493,3.0503076240218903,-1.846350177588,0
-0.7767468778527693,-3.2817129717368285,0.023582166867724075,-2.7313801183295583,-2.0428190500325267,-1.465433954095471,2.7597364289869963,-0.6356316158615979,8.217242009722854,-1.2253504365823,-1.2076663529019347,2.040394324724616,-3.1436575709572523,0.3802395957968297,4.13705885670183,-4.986927622591271,-1.0528069417105077,-1.193954222045233,1.636479425140989,0.01223497106487269,0
-0.3256385278689364,-1.5340092435728285,0.8569576301982638,-0.26756022719633965,-1.8709328834815793,-2.5828565316971366,0.4117601653609554,-0.13217027117084984,5.7691345980281765,-0.45882107267510414,-0.8906003988521356,-1.1366920592432912,-0.10539326892512246,1.0553709578623531,-2.245265878254994,-3.7620340817597198,2.458182901175587,-1.5808434575424193,0.35760168934604186,2.2679066892373263,0
-0.7887275222841792,-0.6306936079318001,1.2858880704057631,-0.8486974022020622,-0.5969748525075504,-8.572057645954505,-0.2664972445149092,0.772748337704709,6.176658926111614,-0.5321293773977546,-0.5435821435468099,-3.639890440028002,1.932618237601112,0.9276649113725367,-7.023390774975708,-4.360260745743704,2.643666391300397,-0.05080011843311441,3.475843057008456,1.287173258843403,0
-2.9580669788444176,4.656791967549163,-3.094167997975802,0.3886575488250466,-1.8106117660749426,1.534972019742859,1.4685822203123748,2.0515034709238975,8.69170586291345,1.5735429200497177,-1.522950449385224,0.3061942810922881,0.35533712755937485,-0.3005156804971317,-4.452460745231972,-7.421496640793637,4.246321051100517,1.4701027817186962,2.7043429259969436,-2.916568978097847,1
0.5846630695088266,0.6842761550408392,-0.3092752242661604,-1.1120225363296292,-0.5345020658987982,3.4395578942830918,-1.8030342611555688,-0.8770011627319106,-2.3551893447081667,-1.1668292849211088,1.3279711693079097,2.0677782183546056,-0.3774277850357775,-0.14192592360688056,2.1396554545485773,3.2799539149365082,-0.5378187519948454,-0.9022498754642679,-0.8586340010714919,-2.3597963413784235,1
-0.007919401235420898,-1.3810125228554033,-1.3261764827378362,2.007641667772976,1.449874253852221,3.45450454503562,-2.1349167956817485,-1.1470701456912535,-3.760903308278919,0.05507563831471145,-0.1240606779362897,1.790433434975699,-1.071362739659873,-1.571395594482974,-0.14693063953095428,2.6779498964194994,0.43678224800816673,0.9053230960752856,-0.068434008968694,-0.3415685470269984,1
-1.7548940818180727,3.03165280734778,0.017099763755133224,1.070967113132054,1.0731762031096772,1.9535180462248827,-0.5853678095610394,1.7381467583261392,-1.6018848168722621,-0.2646116022346786,0.4960210635212485,1.0387344759270059,0.1787463768461829,0.284621047537073,-2.7613364273197347,-0.8603695089366797,1.8277281043787414,0.9603501523569682,-0.363871721614506,-3.0551762302528607,1
-2.8082999107798754,-0.6261675187973339,-0.9483561255656927,-0.4105319371076715,-2.965617099098681,2.033004821739257,0.2906091207406508,-0.08138569428412104,7.168424920983823,0.8765405122923029,0.9996310435934835,0.37120315828725214,-0.3643066416877285,-3.4542548528409984,1.0943697610046605,-5.636495431632999,2.8677672191615775,-0.7414954274106673,-2.2636933601013007,2.6177179561799293,0
-1.7040202230255135,-1.738911385556321,-0.39853640307558214,-2.472914416272376,-0.8639333842982461,-3.627214076395344,-0.6867927171046173,-0.24363005571793026,5.137642605856829,0.6533143142145408,-0.4522708391935566,0.40829392557830224,-0.24655982888516492,-0.1895736954826558,-0.2137221536499999,-2.3729057852107216,-0.12478362448977343,1.7592166035624288,2.900293659228357,-1.5282502065927135,0
2.4353684498040495,2.115884277024601,-1.972417660847876,2.2483804386516795,-0.49598748945565285,7.415049864172331,-2.41237771151168,-0.04104785170187289,-7.677440113142289,-0.08645742057300403,-0.3847560032107115,0.44481559302302986,0.5415017020514479,-0.5553682568228798,2.158466258481695,7.736031248369047,-1.6851654412843795,0.862356164470016,-1.3036412407438196,-2.634049628127703,1
-0.46576170042471726,-1.0209565190544265,2.0032685423184553,-2.1654516536940074,-1.9012641470290232,-2.7030272104351765,2.2130171421764957,-0.4004872448671374,5.463689426336614,0.5551408106255694,-1.0830289045923183,1.174276639246378,-1.2795026242617784,-0.7467038962808958,1.6329766958621166,-2.4553888319990844,-0.6339372931631297,-0.5257449832680463,1.7450714500104794,-2.987106566384738,0
1.67944937752716,1.8691081759047123,-1.8816628242350568,4.007106782391136,-0.16569869250986258,6.387616311995869,-1.3505849846429998,1.9098748679089967,-4.968635607889206,-0.1438642738914198,0.8748468271196571,0.16572741748806052,0.014900281087127598,1.6593293931145676,-1.1268546374612516,4.436686574550814,0.6441637152665627,1.1780256831922882,-0.27610578116824014,-1.9604909187924988,1
-1.3031357527831529,0.6806424313958583,-3.241655025217554,1.4978873429458535,-0.29959726738116266,5.141848527000629,-0.6463633952882597,-2.0643909640288443,-0.5457044870742132,0.20461822559046108,-1.0303076505733457,2.175690043098773,-1.610197705471783,0.6597224693877705,1.8464339036767348,1.158872558700711,-1.3080954301930878,-1.3262027893636903,2.2547077762380727,-5.101888118957098,1
0.6016712811307603,0.09524467622421362,1.4513622725003514,3.2121070838960035,3.3362353705839585,-0.277992314931095,0.5612618602413921,-1.4515181184283728,-5.676621907913334,-0.7001329529499091,2.0187249129722367,0.1373704055364694,-2.8828163274183174,0.3222408808824085,-3.949007596030425,0.7036267973543628,-1.0358757205525515,-0.9315981435288059,2.1466565211741826,-4.001706223952877,1
-3.4346031624325253,3.981084134954881,-1.494296230724328,1.179132204560898,0.6722789166214214,3.838070583554292,0.7020379518994784,0.20238122708930897,-0.18656224884273806,-0.7858821230749682,0.7870334719498473,2.1750271843483304,1.667129761883125,1.1197004005736249,0.530755776016116,-1.1568855048621143,1.6187776801574922,-1.4885939779624031,-1.1868981108912926,-2.8927494271341225,1
-4.824342115809611,-1.2351687426048858,-2.6402713428018134,-2.233419454509436,-1.494876918408011,-6.76294650586454,-2.1147865320860344,0.09955759759996681,7.9074057671928255,0.12528546327868995,0.7017053967895513,-3.6971569935286146,2.6023007060311825,-1.4426356710131807,-2.6272132112828435,-5.499371396229471,0.17803769103972134,-0.8601003213280649,3.5506432439553492,0.7243702785200389,0
-0.09702101871017788,2.7966393752136827,-0.5631682401575955,1.4887817604422227,-0.3503097988071191,2.899284681050776,0.5400117396940325,0.004370251582966527,0.45798320177905866,-1.6593624592297702,0.231107168513459,1.0046209594977251,-0.28047192668488896,-1.4235351409702315,-2.1273001124951096,-0.6309053250041319,1.8749646431383615,0.8473363253542434,0.624547666570855,-2.9604787252842555,1
-0.9745567266199584,-3.6977407753104767,0.27902573560712707,0.630017471623579,3.7147648181949187,2.4283836539102244,-4.305382771839048,-0.06242813747513088,-9.502348532164671,-0.5602026923402286,0.20627640584490153,2.963607688458815,-1.60330209538199,-0.8804073025864007,2.5182584578495244,5.950984821146751,-2.276853811343007,0.6783182731341613,-1.6491006254062113,-0.8386126253048164,1
0.6071810766968799,1.647787445067917,-3.8099031978031315,1.3714053413429512,1.4050603340130154,4.127849349970572,-1.8261393691591479,-0.105708080975688,-2.864454492798911,-0.5193413108811302,1.3549896343416075,0.6049986606659463,2.215902765651423,0.007282987050419192,-0.27184697913896544,2.570480740918661,1.774796735868508,-0.20819273278073774,-1.1059544667986847,3.4964616280349743,0
0.6881893583884011,3.487367864954604,1.4696306329952737,2.2265852594637376,0.3102559217392025,1.6076891839368326,0.8350601258396511,-0.1680809844048159,-1.8383342098757423,0.5333647089351805,-0.8986224302507531,0.823311862292866,1.282725301359436,-0.7197588447268848,-3.359944141239964,1.5472206156743151,2.6123019896594304,2.01062063320819,-0.08468604756578191,-3.123083553701256,1
-1.0037001481159686,-3.0928285644463163,-4.846405408472716,-1.9605631548371412,0.12734150901251773,2.1130751139463295,-2.3383396127080163,1.2784108952618878,0.5105316417843433,0.07907026820882807,-1.4095488804076082,1.3401356298144387,1.2819746251365591,0.7000726963262405,6.327113303200973,2.2383402425111982,-2.0046382069050788,-0.6445147191595499,-0.4136377998282008,4.552509437752382,0
-1.7253593252359467,1.3352169751134346,1.643744786931163,1.6021092755103978,0.47141215980021567,-8.924699641467512,3.014321120898636,0.31259223015353105,4.7374514338296025,0.3532230675468552,-0.8954583137194013,-6.146788310598854,4.03971880850789,0.3695131163164241,-6.551792449381323,-6.409518481265007,2.499887254802575,-0.755416300249058,0.5066025067849649,5.18556521906763,0
-4.6221135449287205,-2.0731045241710007,-2.0534625948041842,-2.7995504321676474,-0.9218688291229826,-3.0495837084951116,1.1774289359816459,0.8285030798200165,6.689401300188901,1.8311470752546317,-0.05282173952757766,-0.11514658492175289,-1.060632812114719,0.6696844893165048,4.055551644776331,-5.738362836600461,-3.1060988512705805,1.0051591066900896,2.2668593345444554,-1.2799201370869784,0
-1.8304587429979131,-2.5319536654488433,1.7814960660209407,-2.573141223802419,-1.9890178134852157,-7.5811250093505915,2.3370097832861276,0.23954772086923148,9.515467393801465,0.13126887117150568,-0.018707495277022007,-1.6038147676100003,-0.7961092432699899,0.6653567876449542,-1.068176487912415,-6.715865548945744,-0.02889903389927706,-0.6986969352588083,3.068894609855114,-0.09437936983469507,0
-2.6225420189997815,-3.221084776156766,-1.3032339254252254,1.2205022505627567,2.677872043099377,-1.5359240758014538,0.48594131588949385,-1.5680607594522489,0.3160222942362163,0.8365348805804116,-0.1707120012565216,1.051520125798163,-1.7667893046081946,-0.9426029620135037,0.4269383264175087,-2.576917559071255,-1.0097658115734465,-1.2172438936271344,1.7963293004897205,0.6676407824298343,1
-4.222276318283287,-0.5801872696430976,-2.359175054149783,2.0395639980807587,3.4986853903602633,-0.6281499677532302,-2.944480924906107,-0.3620005389905039,-0.10731516513570227,0.48561258014951975,0.20776587899190344,-0.18449975422417597,-1.5231669936919756,0.027822885627764096,-6.765985757271115,-5.503616679357324,3.135034348237511,-1.922314187472833,1.25915061020139,1.0476893270418273,1
1.9016979148260444,1.1131499678793566,2.312969204982732,-2.749212934054815,-0.08552091906385939,-0.14279009163207423,-2.233828413110997,-0.022162684630854367,-4.729950061390011,-2.2166655160135096,1.0155948097511047,1.0884296667821047,1.1721042072573629,-0.13018518848216945,1.4623091335343585,5.8878775641871774,-1.3806893488477672,1.3684080185586749,-1.1314434296640574,-2.7947917164119915,1
-1.2923126330218646,0.4389455408661021,-3.5213064658637094,0.9900143533645688,0.7434550205787571,1.650160534040474,-1.3244881304857778,-0.7619866461208319,1.1424329302933003,0.008114698472211069,-0.07877182941689992,-1.5247856805037612,-1.8228740568803259,0.07819513169342533,-2.9994824195355294,-4.311337536969866,0.7332885557708686,-0.8788145790381195,0.9093891466030143,1.7375956977929408,1
-1.2620952020135485,3.8435865864459666,-3.4539301465147307,1.954190460652888,-1.5821473893618492,7.322492165647072,-0.6022540342475715,-0.8668191285941451,-0.13947123568654068,0.27270840729127993,-1.2749591283821455,1.9360340371771754,0.8133972604712412,1.526312495686149,1.1730000995099044,1.7543441099643509,0.8633895511996883,1.721103239138698,0.4462284456121272,-4.8585714061975205,1
1.563179150152301,-1.1907292454221972,0.8857842644241467,-1.1899710796688434,1.0740631981391342,-5.136673283997106,2.1060174554216795,-0.4417467234969245,2.452395366832503,-0.82091315817284,-0.80317994579797,-0.5500383032781021,0.9943943407385452,1.1585434512677808,-0.8020348597388769,-1.032022395882239,0.27584997113051357,-0.37701328298679065,1.6034432677663846,3.1849750455217163,0
-0.919586994109947,-0.07619068732503143,2.1949665691297744,-4.862073320853931,-0.07545641308628015,-7.670751860924742,-0.7405362164017338,-0.2496496656607904,5.929858214166522,0.0870546368075889,1.2231052939763496,0.746263005474775,-0.627431039544595,0.18917808231135325,-4.237938871341691,-3.507897268682248,0.9738992188747355,0.13374294128699207,4.680999440504258,-4.388635185994244,1
0.06438334999158013,-1.9901819600628958,-0.2387148691253811,-1.7838319424337825,-1.338611961094264,-2.468122678239311,2.630079932067098,-0.09582708075830544,6.347857953721507,-0.5484228891280898,-1.7973349779332692,0.141794693542459,0.043089522592520524,-0.05475155588077412,2.7336415124405216,-3.372452907373392,0.06063394043416004,-1.6750808004617643,0.31556787315425033,3.6109363417056657,0
0.5065210272817651,0.9727643251508404,-0.6581287920372569,0.05437120077975055,0.02061505946411779,-1.3052316003068212,-0.026422036994040776,-2.0354794285511777,1.9397766768480644,1.083441303347885,0.5778322886399249,-1.1980263167166534,-2.4983132906007235,0.1896473970119882,-4.462171963287229,-3.0646715535767446,0.035695630720674054,-0.4381515056207866,3.648824169517799,-3.1224949908087094,1
-2.676177267553345,2.0780428322965587,-3.451223693325206,0.213266988817169,0.047163205852828294,-4.313984103418275,1.6722583221484733,-0.37391414605521067,6.270232850404345,-1.0629427301831689,0.33984738896533107,-4.019656033908422,3.7665134767329853,0.527289918837327,-2.9748908078054512,-6.131600823178606,1.5607349381230162,-0.06802289070487834,1.6498898796732977,4.623380658139916,0
1.9845995073805052,-1.5460409174887038,-1.0636534108164084,-1.9312425719199364,1.9580282347705602,-4.689209282352282,0.7314310009606025,-0.15985786583573805,1.0072198097581155,-0.3976508141954396,0.05914358169179254,-0.24360035118853274,2.088458143802482,0.7185965232500373,0.36508682848789686,1.0281606048275844,-0.28523092675949635,0.7347096675729954,1.7962074218499393,4.961776566713409,0
-3.6662075609112,0.3268085885998755,1.39508931600931,0.4371127722502095,-3.526964595750477,-6.523794486617595,2.592749539438442,-0.0960912191687334,10.63238658800522,-1.5623231616000273,-0.6383385688598876,-5.221497934661171,2.388254707594259,0.27527852910081746,-4.1293166874861855,-9.208550103107516,2.9226176690520482,-0.42914949366660404,0.13436941543610992,2.832213054287328,0
-2.4867325392051365,-1.1595725718867071,0.2732509484140109,0.3560376110972661,2.0499778509585425,2.9755969695683695,-1.0049592388241535,1.7896989895963833,-3.8562825342905005,0.8997203730295341,0.005836832034040919,4.313160784874155,-0.27738495436669797,-0.9687747384090089,3.6794999123829917,2.7329129848428058,-0.4862457573509269,-0.7466614364206963,-1.6153128132915857,-2.2332332770298446,1
-0.7066300052289707,0.7096082355277005,-4.756767945293377,-2.117893139027287,0.35248413922594124,1.0654176564263684,0.9139300995486409,-0.006538543668862031,2.8631378182549145,0.26870545294687354,0.3028952625429311,1.175557798254714,1.6050901045285069,-0.514932362981204,4.524115979356621,-0.4772307441167481,-1.556521078853552,1.0227605566412248,1.3753745274133364,2.12918134326248,0
0.32511899211780815,-0.23328133402245643,0.49801594627041545,-0.2988546043762408,-1.047298997083231,-3.3558936910070445,3.116415171358083,-0.5541359462103228,6.433302299961502,0.48982495484649824,-0.1817093920268027,-1.333519923183014,1.0826299325076172,0.0757886878538678,-1.1612696995165992,-4.686293436199052,2.3071806388498572,-0.09660848485687168,-0.01950486241885041,4.555727007625663,0
1.1930241744315,0.6191269742100328,-1.014230013798118,0.45354792905167424,-1.0998325401625788,3.588583632599755,-0.8580006536310375,1.3160913602427415,-0.34850526247715524,0.5899172328436647,0.6428079888429726,2.009850199036306,-0.7314156184423032,-0.1106491484308348,0.5940999343713016,2.825429797714457,0.246311580064416,0.664686050262168,1.3956268156755487,-3.5657003728358423,1
-1.0107599892998067,-0.7956734446351273,1.5275872636310972,0.6621615242729799,-2.138830045135179,0.39064114310825826,1.212764904005165,-0.6537544925778764,2.7580057459317975,1.4729032456651778,-1.1199391370046168,-0.39775179472685357,0.44595910150219087,-0.3307312207982786,1.502411532212242,-1.6000959264368826,1.0126286395254531,1.6426665178563478,-2.3080847565647655,1.3172065357362097,0
1.901769085896513,-0.472699261739247,-1.7143783843766358,-0.511853144057252,0.6633409115375213,1.603882719779206,-0.8865422257172357,-1.2809774344385265,-0.6184984469247223,-0.6996416220674734,-1.1150848070752997,1.5361645543146214,0.9069920520890086,-1.1656832736504297,0.8975520921392027,2.421536493401739,1.1832247821323953,-0.33322598736240233,-0.2655164223638744,3.152174257253535,0
-3.954255210625451,-1.2301995439954194,-2.0872410214013,-1.9114157021017364,-0.9701435542010537,-1.0028804726004446,2.0880628244148918,-0.7762764839679763,5.587089630875726,0.23656889341322374,-1.231041982815341,0.04189975113680777,-1.018514349118938,-0.41504630860954944,4.966893408629605,-5.320245125727062,-2.9333794527907875,0.35087053459271467,0.7935171569976397,-0.3285693047494488,0
0.8808975011401741,1.6100467278679162,1.3704447501650885,-2.1610349434167295,-0.8149150798430089,-3.2319553941820676,-0.14315148162672964,0.9968162895388207,1.6033814697847864,0.012349689985716507,1.2060858873997573,-0.4349035836741628,2.182226716049599,0.32000702692797417,-1.4907938771915332,1.053863839998817,0.7430461671744759,-0.18424597885404745,1.1182876461707933,-1.3462515595776219,1
-4.115216166809668,2.314319334372195,0.1265952981793096,2.0599543082623493,2.4097340685262836,-1.9746097869115429,1.5084185578963363,-1.9748950310693996,3.6132070285796147,1.8338038593637813,-0.27348423330496235,0.9849560352222618,0.08554175327333324,-0.6876846207632886,-6.522218275002847,-6.945757869233956,4.621355498470812,2.1208329953340357,1.493599470970008,-1.4349280715835264,1
2.3125483504744873,-1.4883966722404187,-2.1009942185763597,-0.8256941046092664,0.12648558879081495,2.288367770632179,-1.9499128792985057,-1.5791816761710757,1.161103711775587,1.0182382110986368,-0.17245076202828996,2.368526416463588,0.7561531078750036,0.6236970675579746,0.14504334716510361,1.9909884057203657,3.266903306502156,-0.7079529306359024,-0.6913495109489562,5.145698864577689,0
2.3395823134309914,-2.2601827990337897,2.75529979317435,-1.9995023479241938,-0.3895444852105878,-4.67786063552679,0.6693416788583658,-0.4774915968411002,3.878567715168772,-0.5242816096582952,-0.01916049758164179,1.0802737145931582,-1.0478373480067817,0.8165690239710347,-2.3317612258442773,-0.6753284558470813,1.6903383412805888,-0.04797993391856003,2.3470843274554865,0.14367925109431373,0
0.39179504264955556,-2.6180020812448666,0.4970661272714474,1.702119874873091,2.4228451286827783,2.026442421716984,-2.6287743270481654,-0.111927250405041,-7.132863207142565,-1.5861688669408667,-1.8420827576087893,1.9660700535861781,-1.239408945756432,-0.8182319835023398,0.8225214495356095,5.280434205444545,-1.291728959867158,0.32193644418963757,-0.35737632495245886,-1.362107082632906,1
-0.9619599120100752,1.818405456081445,-2.09990536266863,-0.005011674914337294,1.1986161056714335,-0.8419870975430006,-0.8695319762000375,0.740520153299995,-0.16591453713973714,-0.9588961614478968,-0.18553050234646426,-0.526017035839202,1.948611791771333,-0.6365572097261013,-1.9959755381626842,-0.00333134450995539,0.5822728408497795,-1.4283644272500728,1.6083392262566312,-0.25981979995078675,0
0.6942329929521742,-1.28035530031838,-1.9831320622831803,-0.52548532557096,-0.8351682530575077,1.5763464708427444,-4.039098693077305,-0.36567533472660846,-0.1751698596277292,0.9027438555188002,-0.8887103506067264,0.7801857585538565,1.7920034599114705,-0.015365447646741267,-0.4613325195532491,3.6789075823672617,1.944870070736231,0.05327871056486983,0.11562843210549778,1.7272516322621627,0
-2.6325065916158223,-0.19247468967090453,0.6056853646751599,-0.06059952241972666,-1.3417663423358808,-6.636507504913309,2.581349518959465,0.2099792807577828,7.886499362022093,1.128832746943447,-1.7517559167898828,-3.7919400170866178,1.5509236352426248,0.05083852660983912,-3.1781457252067584,-7.216844997335335,1.2714261248966885,-1.1244034957402724,1.6494129299833,2.136322909004046,0
0.44143732132062374,-1.6283914224352618,-0.1912325128733099,-3.346390947125027,-0.5896137284623684,1.385921963068626,-2.971293974428698,-1.0033440637460869,-2.186775696047636,-0.7433592616256149,1.5952280459034476,2.699581081688711,0.6783795319544501,0.5155156340150927,5.05295984844289,5.387123815039033,-1.8996978973815273,0.14926551039329786,-0.8464130207189757,-1.1565007160416347,1
-4.027308413350694,-1.886319248141972,3.5912435561774156,-0.8321254014918003,-1.3273916724956827,-10.18678256168521,5.247815619864517,-0.7502886691740386,9.453869589129893,-2.3586788086803407,0.11907656822460898,-4.497163430314444,0.21923689383702905,-1.3316043186119952,-1.3090078489225034,-10.46853522963231,-0.6133728687417273,-0.7594181829134177,0.7065454554739992,2.2646208028831905,0
0.5152094690627433,2.542673093189035,-0.6228817057217777,0.5300947671701508,-0.8869575624710906,3.012709374037464,-0.19502812804847414,1.1278099799572492,-0.02262711028551363,0.1102446321191789,-0.9365367870263103,1.4380306744576932,-1.407097503425475,-1.3819773746726571,-1.4425277176573483,0.8860619147710469,0.16259130800163135,-1.2318587110719776,2.382858855791777,-6.241207249735363,1
-2.129454745971622,2.8525170802237048,1.0548199450671103,-0.2867870023946555,1.8857440849892426,-4.281367352563788,0.5199839906498507,-1.4818523031090187,5.4448988575479875,-0.5846505953032183,-1.8512385761517283,-0.8974749261794888,-3.2957957071018154,1.4211790967971158,-11.162466393437988,-10.63459896485563,4.830792071618019,-1.0078551986814441,3.117183792706122,-2.086438697569773,1
0.6669915404070814,1.163943118805664,-2.0787602870076975,0.6107083159701003,0.8438201795917908,-0.7162333369247192,2.7741679862822632,-0.4671406983178905,1.4113114435579412,-0.0774827743318861,-0.8067704520025192,-1.3729203274252924,2.6260771915503307,0.5614444608599518,1.2419877666880146,-1.281916268057349,0.33332158385386884,0.13285868266724815,-0.7845256277443071,5.69375928442739,0
-1.7456612399034028,2.6801125350825337,-1.1522989114532713,1.645678732034963,-0.06276935217700086,0.4131086582615816,1.4658528173502259,0.2060869845050001,4.056300967880182,1.3232269477749123,-0.6148279504490115,0.48283244518222695,-0.0788813122046661,0.7352414442896228,-4.063388910794569,-4.132452906662988,2.838614923124042,-0.7004041846681613,2.4330401589217274,-2.8581081484219832,1
-1.2945435737561142,1.6540212179002083,-1.220596203778079,4.014015094040202,2.385179274396842,3.0014811283061578,0.1362046777927357,0.5521186852449957,-5.187778778549313,0.5878038540094718,-1.7171401030675408,0.1882106083822499,0.06511177336893037,0.6705989393347973,-1.3664866408351006,1.494899772503734,-0.38158058460269695,-0.8800899873211465,0.2784095901399509,-2.4546820406982746,1
-3.3463377342754246,-1.5193503211000312,-2.732130679008308,-1.1914749667489013,-1.6810395194409788,0.8040549197526504,1.617057442281696,-0.7255411589750427,6.886904652959503,0.5071657592155541,-0.48214261100469924,0.2066030133655472,-0.7332664044021706,0.7565319009867107,4.247079223231979,-5.90880944637336,-0.5302315701438785,-0.8361951381595797,-0.6654172537910354,2.8139484826089505,0
-2.708031832492533,-2.474147492257778,-1.3110752469460398,-0.18192477933632756,1.358262274156679,1.9632703646888763,-1.8848275738944178,0.02737247869320873,-0.6046250862897766,1.1822403898584486,0.31097634501422283,3.033160614601738,-0.45872311757171813,0.9837917519532065,2.5123277152327255,0.1935258801527153,0.493014814042223,-1.3066080266531346,-1.11229070968067,0.9408478870331701,1
-1.023589123809117,0.6418145254519737,0.5390135554737301,-0.694687599161568,1.7702580553646794,-3.759058301361148,-2.4800968112542723,-1.0563434720992264,1.1486100348752735,0.6200049889007526,0.8803754230545769,-1.5383356770626462,-2.333616582152583,-0.8772495699787377,-8.682937131718196,-5.165439491823728,2.558990070971371,0.740300328761527,2.4480681617929445,-1.1426099556356666,1
-2.0153598340106,-0.8091114459628899,-2.525814582826546,-2.2470148464291695,-1.0499693602496165,-1.1576896023006953,-2.480804330819085,0.5923584078044751,5.782198896481075,0.5189150428456454,0.34329769092415446,0.5587311699791845,1.7076692670402223,0.6542295064967376,-1.1188584453694888,-2.555995271597764,2.9680382966936616,-0.6617313742720755,0.7790946468196454,2.674059749443073,1
-1.8956172270099136,-2.5120747992829306,-0.9705250195508,-1.2496172860251935,-1.9671698060175147,0.9004081268451071,0.12198038030872305,0.15231979320455766,4.936264185879911,2.2114035759302024,-0.7808145970829122,1.1197547749866525,-0.9590574569672496,0.9056459033037962,3.5769009611933256,-2.713501053361981,0.002969824131490273,-0.07833789137611492,-0.7497575186198424,1.4853785018959056,0
-0.5176029870563041,-1.6887587400865858,-2.3969900408683857,-1.9470215406824982,-2.4222050671130297,1.4361286541273344,2.7754129546235093,0.43462240858194356,8.634869987229088,-1.1048695867855087,-0.5874320142889945,1.3164190401624218,-0.47823283637336367,0.08770349772433118,4.9923608387722735,-5.132276691832349,1.0810907820715612,0.6656499905839105,-1.360760822797442,5.733042742833903,0
0.17959519383008082,-2.9712555264984557,2.6670963091102813,-0.933774481127374,3.942687341648222,-4.221772152262064,-3.8847228876378876,-1.24198535994816,-3.817316892701396,-0.6935685095180287,-0.3112221186347788,0.07558119332412372,-4.448728813908521,-1.1457382830520515,-7.385646918785449,-2.213777067208863,1.2428442098694445,1.3279905881839518,1.193755642096739,-0.008163336485846913,1
-0.6311500759304607,-1.5019336375275754,-3.4502572745688314,-2.197329798156909,-0.38763179877723675,0.8262981063598287,1.7149003900364617,-0.09683190004017382,4.625862679703407,3.0675021115866503,1.0055588470061783,1.7046013914274496,-0.979745865907387,0.18009153881108567,5.294209964627478,-2.308354365967377,-1.9769591714910002,0.09330264256756057,1.4000199645131388,1.8234592872737474,0
2.5825234652315583,1.263402017244171,-2.787152943164817,2.5695833686662284,-1.1758975007898043,9.719520498646432,-2.174768439529566,0.06846306437172907,-6.888596796167175,0.5726153920568272,0.9907995001253634,1.1578067927945719,-1.8394937263698756,0.4534284892223496,3.389532023103296,6.758323004008236,-2.4484618394077255,-0.12028871150379637,-0.9486986770060335,-3.5574654150227465,1
2.596724445099749,-3.083694584130951,-2.6109640074550584,1.3314548624126945,0.9514417956041711,3.344436276424905,-4.815488500165664,1.1966177360048202,-5.279776104665728,1.7517962170705998,0.564301351141907,-0.5729553567632149,-4.668410176862726,0.8226153699736483,-2.3677630197484265,3.144537795220339,-1.98467553577332,-1.1286963336068758,2.5410082986064975,-1.2291288596032188,1
-1.7987873750675325,0.9583525319731043,-2.9262853174339973,-2.8936823304368557,-1.9295201127713397,6.035316399277435,-2.4869930081184966,0.7482806471485979,0.761419017576405,-0.7082363191646834,0.460344804825644,3.490364658667146,-0.3896609265795867,0.40086101146682657,5.748611350291043,1.7075032066955276,-1.115424493902364,0.48050023313565854,-1.1986383224006396,-3.022541906447776,1
2.780630330228539,-0.7818043782416573,-2.695791693507598,-1.839698090302697,-4.024189717476892,5.641368371003433,-1.3245364592885882,-0.6795143155756067,-1.660135019376472,0.008521072738391776,0.251331260458493,2.3875763099033973,2.9056498659779733,-0.013662923339917733,10.670210297919857,10.872829091988535,-4.377308209713162,0.6249536980641566,0.12841287321705197,-2.7999497161957376,1
1.6759084874460901,2.028519676084093,0.3881493929558404,3.0218676458348126,1.415664120514934,1.5239041296987523,-0.9281763346132845,0.45064293672396416,-6.07649802575846,-1.0300758824810878,0.6948161429230939,-1.078884945143013,0.7346477120074435,1.2760988288178194,-3.3703394532583397,3.9318025275899773,0.21341994108576223,0.4546889519536365,0.2929378931538319,-1.9668697836403646,1
-5.096106100238977,0.37828349939772865,-1.3793747529675735,0.05467759726253585,-1.4257477294475818,-5.760431554232185,2.265013852311001,-0.674487174380772,8.174555714628074,-1.0280817598431713,0.26881119718204194,-4.786236133616375,1.4530737466756563,-1.1752801165962552,-1.942430800991272,-9.013230230047958,-0.3847568990103416,-0.4899899488812818,1.7856367081513347,1.248877356216526,0
-1.5019901188244407,-0.5043233874495396,-0.9270759140249474,-1.1253307098318062,-0.5024345910228009,-5.460044695461941,1.7080855031153912,0.32145878589092547,7.009811971842403,0.9194424164250404,-1.1376446042692772,-2.297476478345488,1.0443934820273857,1.106092522853374,-2.1992586205805393,-5.689063906469701,0.9024988568122849,1.375054491164709,2.444675590931861,2.553136880292121,0
1.240390058962088,-2.8602405019319264,-1.4944038430912154,-2.1042369917978583,0.2688465261772659,-5.283273501387513,1.0774993543575995,1.986410576273252,6.018649627646323,-2.172729523202664,0.3692995140377083,-0.6721147014869981,0.31477853150619156,1.3290720969940957,-0.6636285525629118,-2.8171432984552798,0.5456839540154816,-1.640093755709837,3.14637303955446,4.824567422267355,0
-2.8028721266909606,0.9744060992052481,3.1290698367842458,0.03000218833425783,-2.0262984125559007,-9.145231761116662,-0.941958833748544,0.35321918183079504,5.7829528373247605,1.0926185912568263,-2.337727140527021,-5.000387280535077,3.0517317709749276,0.060787683319983375,-8.643432266307432,-4.18859618135019,2.7482504357640547,0.4005029568627704,3.1845647040652665,-2.9537698772539023,0
0.8751961615873232,4.661561429008546,1.1603096810074889,-0.8252129389117246,-0.0540356331582591,-0.7392053240660481,-0.596770948078641,-0.5838027669199817,1.9124778419248738,-0.6862827822133699,1.0551271715811792,-1.183343474446641,-3.484955335257437,0.5081792890523279,-9.24449194937965,-5.556458517926201,2.7818386322490603,-0.07192559294852517,2.6511071145385188,-5.180146306605209,1
0.3062270837330068,1.4016148748372965,-1.6751928697989018,-0.42437115615955984,0.32061296759231217,-2.771919290677819,1.8300117127862543,0.29402495961091474,4.055235350998567,-0.5935903593905646,-1.5335006108119764,-1.669956374813053,3.174833491395752,1.2505572465103996,-1.5219422337891728,-2.8036032334375647,2.2630316188765356,0.6718763164925986,0.10124506562770985,5.657530720686306,0
0.03009671192837915,2.145220220709371,-3.4839649003084947,-0.7315105781338543,0.8541106811336545,0.40809440043423373,-0.8993813325446536,-0.6339666256300026,-0.09908745701212418,0.892377134884908,0.20045003912884646,-0.20279134094447226,3.713722224064133,-1.277949885321198,0.29008059351320464,1.700920521259212,0.7728591838955432,-2.078969564967517,0.42530608638155437,2.6767063719690927,0
1.3621120365662336,-1.5175003660073003,-0.48211022688345634,-2.484364810989949,-0.9785952105163769,1.6464406309323671,-1.7075235794914936,0.9996770969070387,-3.7384825458255597,0.10486503307861315,1.0673798415062998,2.018680295271996,0.830438744714467,0.4985301921556723,7.207490490495481,7.862270116945834,-4.716496397038032,0.9651341243644521,0.5382556855365468,-3.4392803463239576,1
-1.3128392440767889,-2.6828280917575746,-1.7704060832839823,-0.6332153990069114,0.017225156259724206,0.5048515336408301,0.8204306482299264,0.844853590025043,1.351387235270287,-0.16023078346551933,-2.2601188298694206,2.3805555574739854,0.20765102432106808,1.7014237404403703,5.851494985389661,1.659479940169248,-2.4982177308484834,1.184061614408482,1.331754945680324,-0.6540931007438094,1
-1.5885117199036998,-0.13469380463770675,-1.2773276428761036,-0.28083509743018986,-0.9808872307625294,-0.34863161687971866,1.6464759059413179,-1.207604507566461,3.935508624844323,1.3831571691334672,0.35049977179139785,-0.4193306338792678,0.5227777395925061,0.8621113790337348,1.9346722752890733,-2.9247974345720644,-0.2636881820461485,-0.684281536425708,0.04896197117564982,1.300879098628146,0
-2.152846633035523,3.324686637662431,-0.6172456782601637,3.8535399895503026,2.2565997140282663,0.06520132278998342,3.13222925178232,0.49487120020162356,2.8127970012899355,0.23170061977835565,-0.020998256334276225,-0.5381378598784687,-5.289195802092135,-0.3990068502286412,-8.897580708270416,-9.502405304677762,1.9902517274210683,0.2645406157361685,4.70891540011118,-6.003111878353137,1
-0.3112877107814474,-1.8317558673171581,-0.5418534400230982,0.5634038795667091,1.78447140290134,2.196032178508778,-3.6137353567789425,0.9374027104720325,-4.403964684961398,1.3471592934086047,0.3411796290033564,1.5389770483872858,-0.5337793239287376,0.6300931581315045,-0.5317234116068497,2.6759268660972975,0.9426476263918633,1.7176476866808064,-1.4984677154863324,1.419130454990194,1
-1.0869000453400828,0.5548733390852287,-1.8897661489097577,-0.23580338065190398,-0.27023327309641454,1.8998532896315072,-1.3423017985526067,-0.71005905662051,1.212185133109777,-0.2856085173890448,-0.010901197099380455,1.4770831100046684,0.807485550625767,-0.5495377985779493,0.13354680639399286,0.3240658583301755,1.3377283979570667,-0.036902840728767206,0.4576323931866452,-0.6347705377314422,1
-0.6888594020677293,-3.6523677854464944,0.02103942783415913,-3.2594882473657787,1.033617748457377,-3.539043593719661,-3.751860495673494,0.6189276135952376,-0.08435151959042779,1.3705086531082344,-0.37600315706297405,0.9930566701551593,-1.2512046010099658,-0.7482709979740649,-0.24513491292981252,0.9447212122958789,-1.1934706200783867,-0.5941201885449019,2.1366117043419055,-0.6828599571369188,1
-0.7959591287710317,0.7729037689965601,0.8673759104976528,-2.2373654907638407,0.193417442099295,-3.5893541158149738,0.08223316562458383,-0.5236746880555153,4.609905254434205,0.3255604071093235,0.22003100406939308,0.7116778335607016,-2.7493877909778126,-1.1366876164461543,-4.730127042946265,-4.873238212687418,1.0594620602492748,0.5979135073989382,4.154764065585564,-4.6780075188569805,1
-1.5101161078014433,-0.95893055473533,-1.888194753553225,2.9846938763391853,0.7238131243827743,3.553394813488224,0.6595760643681232,-0.5639164696142108,-0.9036662825570347,-1.3867758626915752,-0.8274972855463505,1.8505827937547277,1.6083084279615962,-0.5430364949296431,2.8279791852993403,1.5704406752619509,1.0272016269898039,1.441954153562435,-1.4774310112395435,2.138779420876567,1
-1.0348667832106226,0.6809921173971882,-2.4368703380762455,-1.13137174349805,0.5906154542732525,-4.582619301426134,1.5030188105256923,1.6796372334212621,4.303677716422829,0.1212606623491845,0.8315426650725335,-2.158448539795007,2.445383210452853,-0.926924086099608,-0.876666728043757,-3.0806374706062103,-0.3653623648382751,1.4890910161111548,2.7270011396708274,2.499883428038021,0
0.7534617227386515,-0.8632099849915984,3.8718939630892493,0.23756502518940303,-0.3009841924924156,-10.467645488715162,5.925683061432877,-0.6667847639617395,8.569920346453635,1.0000374458259134,-0.2427288682128304,-4.57747126154984,0.8534863636482688,0.5177279086900803,-5.513916407776382,-8.65308563188192,2.521382076691729,-1.0142150087968282,1.3919710890989059,5.758699781147171,0
-8.600169818800941,0.9710061424463707,-0.586673685653044,2.9180988249032493,4.535451678882321,-6.7621028992051055,3.6255954040191964,-1.6309532132923052,10.4678359456997,0.6992476221520606,-1.0481502997801369,0.8225565907015923,-1.323064222104768,1.5172310250102452,-11.046008673659255,-16.601327149860385,7.292845581925536,-0.778582645746157,4.051200279893285,0.1750617246206993,1
0.38425324517841686,-0.04270157405555908,-4.12187377520714,0.8513743282571122,1.6380094897973796,3.3193069892079103,-1.3228999273525808,-1.8266194934838311,-1.184322353642129,-2.078528943200621,-0.4201229772718935,0.4815390427376123,2.1571023484033858,-0.5993444805665006,0.8765160606082784,0.7100430835672051,2.234958752474407,2.2823423382265653,-2.384240957531272,7.699160667035003,0
1.946864040862874,0.10331869422287099,-1.0813109287665825,-3.791193019574357,-1.264607303126273,1.1675615767853629,-3.6279391638797893,-1.4401211290794125,-3.08889602871358,-1.5786201484291058,-0.4239476620747896,0.09168787945745371,-0.2795797832266853,0.963870518999406,3.0698187768091625,5.285370776678129,-3.6482714210769167,-0.04620147110896543,0.8355793631799039,-2.978384355876746,1
0.0965855211052572,-1.997710963398913,-1.9208870160651756,-1.6083347469794873,0.18964888030297133,3.3028437457820488,-0.23761802281353517,-1.9274824275340938,-0.89839064311953,-0.43172068208941927,0.8655587656739854,3.407919777692867,-1.7872185097533169,-0.4588990877908779,6.311624066633364,2.4897385523196336,-2.9429955179888188,0.42663069004219983,0.36129647086237016,-1.277024513396391,0
-1.6425838738978071,-1.4453454154359853,-1.8582672338401034,-0.43659097210144365,-0.5085613097095749,0.07181309625099844,0.4672949742962038,2.008669008239167,3.069515248024225,0.33704869084474515,0.6817831818346294,-0.23498510446833032,0.617306577724801,0.16222461337815983,2.58844052833646,-2.334555135969311,-0.08028992708081728,-1.0391461303604195,-0.9298340570090402,3.6312728558307157,0
-2.697416210991064,-0.2949858909807246,-1.5427433606033345,-0.6303282379562152,-1.4086573914107337,-2.112230236920176,1.3724693279710047,1.9975000931796743,6.0631619889571855,-0.7440398410318515,-2.1906029164011374,-1.553531834936872,1.0553763540680519,-1.5778064052596468,0.7701539072967853,-4.827622928465519,0.18341189704206484,-0.08697609762672419,0.5760332989713264,1.835760842286828,0
1.9777378872387306,3.0019345492294915,1.0904814736100361,0.7715363533806808,0.20216793896494423,1.2988298088158712,0.3779660567696701,0.8936480961224382,-2.611688109034734,-0.48959488244877264,0.9779352082870972,-0.0550918929601486,-3.4586834912633204,1.529668274287631,-3.8769662260165263,0.37595786707847223,-1.285324455708954,0.5050626662835506,3.2289431439411107,-7.785080687190631,1
-2.2989507042476545,2.4284392610526435,-2.657115815352113,0.3572215261359684,0.8604619725960926,2.9651927374547906,-1.5350700152014438,1.282847553046021,0.6362907460377717,-0.3317477920999383,-0.01749734565510574,-0.0900912861774329,-3.6477496054749707,-0.013288947872645994,-4.111802009688729,-5.422412483856798,0.6813971138611901,0.8236922388427681,1.4838472877471967,-3.271545811318525,1
-1.1114361683920007,0.01260222533259625,-1.332009351727438,-0.8370632344154051,0.025113238172159047,-5.63341323401279,0.7363872142461568,-1.4267123057666307,5.9075874502769326,-0.45257996994319016,-1.2748056152728766,-3.1391077109911665,3.3083073605775875,0.6207117531051783,-3.282955936170471,-4.736366350638976,2.5931855789837686,0.24443534797901806,0.738968500099969,6.284359232447742,0
1.1093017094361008,0.18876525257121268,-0.10293597562771972,3.3282157715367173,2.4121355343700985,4.163134090825544,-1.411628515120332,0.7723360402943095,-8.554597832236679,-1.2334839099201262,-2.7634441636088,0.036717738567934366,-1.0554746748638786,0.45844040185329793,-0.4512876172691828,3.9756009783004553,-0.9143451073095092,-0.7777821637043991,-2.0459593460420074,0.11174820830210884,1
-3.4760295161262214,-1.4389617088554638,0.5028453466021301,0.884848265175909,4.879681866076603,-3.962790930859923,-0.7140776333465993,1.7590046180128887,-1.5466687362011737,0.16260534505003804,-0.2826092674912256,-0.005559784732999673,-3.577315052845943,-1.8527095348652787,-5.822465596471592,-6.018408412383064,0.34833010863396763,0.5194888741480125,2.1137213318075836,-0.970285737191717,1
-4.856032026616471,1.2843211250913138,0.9147688694985945,-0.7755923008346073,3.185772204309081,-7.701955292886813,1.680455547638169,1.0777374176922063,7.356203742745915,-0.12245281353774572,0.9520165453293079,-0.528671074664073,-3.8318720529813746,-0.1814742023560683,-10.33894392942764,-13.129285876170377,3.094205695389628,0.32870639862509166,5.4481099580992405,-3.8147465290218934,1
-0.9698652280138952,0.2570073460523292,-3.0259336766010145,0.6783564401807531,1.3810783594439238,-0.9240962798826962,-2.6377763364836477,0.46309693066377544,-1.2468834645054672,0.0758229309804383,0.6558839906913896,-1.4651705259924803,2.922376862508968,-1.7690877320358567,-2.25374293517778,1.341183958499545,0.9123481174212172,-0.9445767199209086,1.0582139328171567,2.4382713470023964,0
0.9415205582892809,2.3810896444444474,-1.3863348952057803,0.33211634506334936,-1.091381159704895,1.715794198422245,-0.3628337783791322,1.3417202887201152,-0.8209340992035786,0.3133631511417689,0.2902750174592024,-0.743562172104844,0.12286800081508187,0.7308322351949248,-0.5037150664155592,1.9389191472384015,-1.3430654583882007,0.07801307445558936,2.1671693607798055,-4.191786484440736,1
