transaction_amount,merchant_category,transaction_hour,transaction_day_of_week,account_age_days,previous_transactions_24h,avg_transaction_amount,account_balance,location_risk_score,distance_from_home,distance_from_last_transaction,velocity_1h,velocity_24h,unusual_time,weekend_transaction,merchant_risk_score,ip_risk_score,device_risk_score,fraud_probability,target
-0.13189598772484593,-0.3575296594175763,0.9533305151377256,1.0123222176577205,-0.4543169996713562,0.5541420119224684,-1.9532716361577456,-0.3193314673538817,2.3647193781166864,0.3748540358375527,-0.8735697589897004,-0.9979504794924884,0.43128439823829373,-0.5949057135506131,1.600391689947671,-0.9966971470720632,-1.1504147278637764,0.11406923488516073,0.08000294639622206,0
-0.14165864382614793,-0.5403905736041437,0.809717711194228,0.005437179207630557,1.5286077931874105,-0.015377013691579365,1.4851698392325718,1.36499652885787,0.04994727496417182,0.46479141931504886,-0.2815132390376532,0.009063122417187087,-0.02155516312068755,-0.5949057135506131,-0.6248470335613264,0.13519298126380377,0.5379065014888934,0.3818195413943922,-0.33501123291505464,0
-0.13611716260090306,1.4710794824480968,-0.05195911246675751,1.5157647368827654,-1.0290778091956363,-0.015377013691579365,1.9742569233413083,-0.2481138349633341,-0.11268399088744979,-0.7140998509872927,-0.49616930690230165,0.009063122417187087,-0.02155516312068755,-0.5949057135506131,1.600391689947671,0.8300923341777666,-1.417731598721973,-0.28346337887884837,-1.438984279892431,0
-0.13924810928648726,-0.9061124019772783,0.9533305151377256,0.5088796984326754,-0.7551084899890628,1.123661037536516,0.35735504880355407,-0.046917187464069976,-0.3810748324954871,-0.733732391991112,-0.8039336211103805,-0.9979504794924884,-0.47439472447966885,-0.5949057135506131,-0.6248470335613264,-0.4977841911963641,-0.3320830455968592,0.8411058916810782,-0.4013853920290672,0
-0.1218516408426135,1.4710794824480968,0.09165369147674007,1.5157647368827654,0.1530135890592999,-0.5848960393056271,0.19973165792136915,-1.1049876884316003,0.04039443420690865,-0.8922393969286191,0.05976538286965539,0.009063122417187087,-0.47439472447966885,-0.5949057135506131,1.600391689947671,-0.3933343078494071,0.020941735256190853,0.4112208365311174,-0.6134200579918204,0
-0.09352135805736665,-0.3575296594175763,1.3841689269682185,-0.49800534001741437,0.16259293588470458,-0.5848960393056271,0.039434675863816944,-1.5549570701001942,1.9679862749851984,0.8670895961765328,-0.1680805091415163,1.0160767243268625,-1.3800738471976315,-0.5949057135506131,-0.6248470335613264,-0.30474029110225986,-0.9331870125595335,0.08475331555627329,-0.7986758501187581,0
-0.1362162717083181,-0.17466874523100903,-0.7700231321842455,1.0123222176577205,-1.3863874457832306,-0.5848960393056271,0.631839199279486,-0.8807306042880314,-1.3430107046690654,-0.9627672688078145,-0.9563486390303723,0.009063122417187087,1.3369635209562563,-0.5949057135506131,1.600391689947671,1.902121426687154,-1.1224809720917301,-1.3839519309110713,-0.8199390946860546,0
-0.07054247534147233,0.1910530831421256,-0.9136359361277431,0.5088796984326754,-0.8039631587986267,1.123661037536516,-0.9436170939715969,0.013482297993406531,-0.018182481688778774,0.320663962181424,-0.9853444974388583,1.0160767243268625,0.43128439823829373,1.680938638211487,-0.6248470335613264,0.7438571171090707,0.299521524765935,-0.3422309126249344,1.5221220170830607,0
-0.14184360943746618,-1.4546951445369802,-0.1955719164102551,-1.5048903784675043,1.3322311832666147,-0.5848960393056271,-1.5270682084819633,0.29499530225843057,1.4025097264612825,0.4037290371718863,-0.06673075270436954,-0.9979504794924884,-0.02155516312068755,-0.5949057135506131,-0.6248470335613264,1.864112825851907,-1.3161519763363687,0.10885456052353293,-1.4691181365719117,0
-0.14023513232888185,1.653940396634664,-0.05195911246675751,0.005437179207630557,-0.8576075010208928,0.5541420119224684,1.9046077051732726,0.012054489471572907,1.1176285470038978,1.066230494392243,-0.8800599469086575,1.0160767243268625,-0.9272342858386502,-0.5949057135506131,-0.6248470335613264,-1.6036291398388456,-0.2823790811310993,-1.0809215893105248,0.224139668561736,0
-0.14020186629648065,-0.5403905736041437,0.5224921033072328,-1.5048903784675043,-0.6209976344333974,-0.015377013691579365,-0.8049217189479956,-1.4018303347361887,-0.5635500001504863,0.7969467968168752,-0.8633126809335107,1.0160767243268625,1.7898030823152375,-0.5949057135506131,-0.6248470335613264,0.4302597317522472,1.9284267801720287,-1.331548066887523,-0.06148273686602226,0
-0.1368292730973198,0.3739139973286929,0.37887929936373527,-1.0014478592424594,-0.5826802471317788,1.123661037536516,0.4748233703788029,-1.5713448296107912,0.3619052248743739,-0.5720117469045817,-0.5094070591237442,2.023090326236538,-1.8329134085566128,-0.5949057135506131,-0.6248470335613264,1.2207501329236627,-0.6916179892732789,3.519935956333078,-0.15283286408051225,0
-0.07034947782974314,-1.2718342303504129,-0.6264103282407478,-1.0014478592424594,1.6933725585843709,-0.015377013691579365,-1.1054437307611116,-0.4599273327228563,-0.879973683743321,1.509851971507473,-0.5190613043924819,1.0160767243268625,-0.9272342858386502,-0.5949057135506131,-0.6248470335613264,0.6560457279283597,-0.683702889428432,-0.9794140967273577,0.1433288139596683,0
-0.11713198544863762,0.1910530831421256,-1.3444743479582357,0.5088796984326754,-1.6028806840373762,-0.5848960393056271,1.634352069130281,0.09968364570750768,0.06067862374563189,-0.2611564839208195,-0.4247800397494135,1.0160767243268625,0.43128439823829373,1.680938638211487,-0.6248470335613264,1.0809542158157128,-0.3928305972466916,2.0720864454642056,0.8264401714798607,0
-0.13977786401580317,0.7396358257018275,0.09165369147674007,1.5157647368827654,1.6042846331081073,-0.5848960393056271,1.8829054480073115,0.1608384155250193,-1.0320907162209465,-0.5752146726650706,0.3636585233669006,-0.9979504794924884,-0.9272342858386502,-0.5949057135506131,1.600391689947671,-0.47322517348165133,-0.7529045453720715,-1.119503680575307,0.6045773042705201,0
-0.008373127920839824,-0.5403905736041437,-1.3444743479582357,-1.5048903784675043,-1.719748715307313,1.123661037536516,-1.2549017962438866,0.7426260014102133,1.2832087830065966,-0.5562392391450697,-0.31989306364663966,-0.9979504794924884,0.43128439823829373,1.680938638211487,-0.6248470335613264,0.5806322791309737,-0.5867265294622958,-0.3193339988804807,-0.8203890497413916,0
-0.05229965363618684,1.1053576540749621,1.2405561230247208,1.5157647368827654,1.107116532869605,-0.015377013691579365,-0.24301494294949288,-0.36521856968480687,-0.9099462912380722,-0.6739204004682491,1.4361712394343609,-0.9979504794924884,0.43128439823829373,-0.5949057135506131,1.600391689947671,0.8249743274107617,0.21551028636185393,0.9659080771375826,-0.12285006438675777,0
-0.11713884788556223,-1.2718342303504129,0.09165369147674007,-1.5048903784675043,-1.6115020961802402,-1.1544150649196747,-0.31047011609190234,0.6919262428498301,-1.069991987858637,-0.3288321833637909,-0.4952908628306351,0.009063122417187087,-0.02155516312068755,-0.5949057135506131,-0.6248470335613264,0.577673448283671,2.868690624746157,-0.3410357660615673,-0.11742915790103961,0
-0.13628428668499148,-1.6375560587235474,-1.2008615440147383,-0.49800534001741437,1.17896163406014,-0.5848960393056271,-0.6790639194049787,0.12171403629278647,-1.5147110004831614,-0.5217888029039462,-0.6769632194194715,1.0160767243268625,1.3369635209562563,1.680938638211487,-0.6248470335613264,0.6272532940244975,-0.8832110038178272,-1.0408271732764984,0.8200954711495427,0
-0.08495012279048922,-0.9061124019772783,1.2405561230247208,0.5088796984326754,1.180877503425221,-0.5848960393056271,-2.085240375849146,-0.14680246211926465,-1.3239216278592698,-0.6706317391597587,-0.2283736327521705,-0.9979504794924884,0.43128439823829373,-0.5949057135506131,-0.6248470335613264,-0.5966398445171887,0.9516256786304683,0.5285427752754093,0.32404097963976614,0
-0.1413157817299844,1.653940396634664,0.5224921033072328,-0.49800534001741437,-0.23782376141721062,-0.015377013691579365,2.3757909497331284,-0.9571563049389531,0.9848630318653665,1.1258137514443909,0.04686721930689984,0.009063122417187087,0.8841239595972751,-0.5949057135506131,-0.6248470335613264,-0.8923635107987333,3.2997516302426604,0.3647745971018426,-1.1328840434339165,0
-0.08681992449730559,-1.0889733161638455,-0.7700231321842455,0.005437179207630557,1.6933725585843709,-1.1544150649196747,0.2818135009778906,1.6857101101251322,-0.6859560438395489,-0.6097152672013106,0.5703268452120633,-0.9979504794924884,-0.02155516312068755,-0.5949057135506131,-0.6248470335613264,0.3943007881305976,-1.6461110681713282,-1.098207892589217,-1.3849523866371083,0
-0.14049132287799854,-0.17466874523100903,0.23526649542023767,1.5157647368827654,1.0812522964410125,0.5541420119224684,-0.00780802189394884,2.0915009995154,-0.1955431922915431,1.5283479992601061,-0.8926982184669614,-0.9979504794924884,-0.02155516312068755,-0.5949057135506131,1.600391689947671,1.1533333017965335,-0.5438871895200635,0.11527088216103983,-0.5428894552159295,0
-0.12023809314659431,0.5567749115152602,-0.7700231321842455,0.5088796984326754,0.14056043818627384,3.401737139992707,0.7692212404899915,0.29720897669505103,-0.3873690250474676,-0.9581607921412161,0.08341146413424205,0.009063122417187087,0.43128439823829373,-0.5949057135506131,-0.6248470335613264,0.8300334362677756,-1.4709040697083597,0.31807162500273733,0.6036059884115035,0
-0.1336519360520295,1.653940396634664,1.2405561230247208,-0.49800534001741437,0.5131970296945155,-0.5848960393056271,0.6821989443828869,0.12030814825237877,-0.03983980745711892,-0.9618532097592606,-0.9593120587264673,0.009063122417187087,-0.9272342858386502,-0.5949057135506131,-0.6248470335613264,-0.6106404527705697,-0.9124219074440644,0.9859212962193428,0.6745260013960706,0
-0.08677102377500652,-0.5403905736041437,-0.48279752429725026,-1.5048903784675043,0.4873327932659229,-1.1544150649196747,0.7463678932201081,1.515571754475534,-0.32844917898936826,-0.9521118190233101,-0.9696738944129898,1.0160767243268625,0.8841239595972751,-0.5949057135506131,-0.6248470335613264,0.10981482007752733,-1.0557606269266093,-0.45424892401823974,-0.6097552507102529,0
-0.12189626801193529,-0.5403905736041437,-0.48279752429725026,0.005437179207630557,-0.20429604752829428,5.679813242448897,-0.05562454132263257,-1.5536207017568904,0.4250154157060711,-0.8403953795754406,-0.5792648290450962,-0.9979504794924884,0.43128439823829373,-0.5949057135506131,-0.6248470335613264,0.6078182647926327,1.6954750517966126,-0.9609398631170845,-0.4421025265180233,0
-0.12746878852559998,1.4710794824480968,0.23526649542023767,1.0123222176577205,0.15971913183708317,-0.5848960393056271,0.0156271161326175,-1.0130673753947874,-0.39310793119277676,-0.38953381900069334,-0.4876869277404665,1.0160767243268625,-0.47439472447966885,-0.5949057135506131,1.600391689947671,0.6782145465600432,1.5428423868254502,-0.6532968087192769,0.04907630517654014,0
-0.001553582826312811,-0.17466874523100903,0.37887929936373527,1.0123222176577205,0.29957759548799134,0.5541420119224684,-0.5660176189229862,0.09293535387863969,-1.0566105695155026,-0.695983298651023,0.4088393890076194,-0.9979504794924884,-0.02155516312068755,-0.5949057135506131,1.600391689947671,1.1648999430942788,0.006553812592528128,0.9608707915986825,-0.6494569606618285,0
-0.13715891931854104,0.3739139973286929,-1.4880871519017334,-1.0014478592424594,1.4893324712032514,-0.015377013691579365,-0.016453253791823403,1.552746030386077,0.942149952823921,0.47285709044298024,0.9559878667396713,-0.9979504794924884,1.3369635209562563,1.680938638211487,-0.6248470335613264,-0.3063134265676769,0.8853280746600243,1.394712125671269,-0.09692396561379744,0
-0.0817407879742444,-1.6375560587235474,-1.3444743479582357,-0.49800534001741437,-1.5262459094341387,2.2626990887646112,-0.7580442404870403,-0.9626210983821656,-1.2624541606142992,-0.19977075419576526,0.043274709179837646,2.023090326236538,0.8841239595972751,1.680938638211487,-0.6248470335613264,1.7453490304819408,1.0702168311690032,-0.6554213446670827,0.8625533733099716,0
-0.1340628909727064,1.2882185682615295,1.5277817309117159,0.5088796984326754,-0.08551214689327638,-0.015377013691579365,-0.019150759484681448,1.6485917897322309,1.3751965115621754,0.12407111711600301,-0.6011721112058499,0.009063122417187087,0.43128439823829373,-0.5949057135506131,-0.6248470335613264,0.20329933111035942,-1.043999386296855,1.206181278606457,-0.5245664597117122,0
-0.13868539425056944,-0.5403905736041437,-1.0572487400712407,1.5157647368827654,0.7862084142185486,1.123661037536516,-0.38864085325789693,2.2608898087574545,1.4664071022076348,1.9682333938452719,-0.4666884771117561,-0.9979504794924884,0.8841239595972751,1.680938638211487,1.600391689947671,-0.19621453239961226,-0.9589659028915422,-0.6509722854366213,1.6412684503663613,0
-0.07166167747681576,0.9224967398883949,0.23526649542023767,-0.49800534001741437,1.5755465926318934,-0.5848960393056271,-0.3676218152436205,0.9949858550261004,-1.1369601860412395,-0.015731910540900382,1.7761722014176893,1.0160767243268625,-0.47439472447966885,-0.5949057135506131,-0.6248470335613264,0.05827756431351748,0.25450653274864793,0.9510535610126827,-0.3659613525459288,0
-0.1413586835788235,-0.17466874523100903,1.2405561230247208,0.005437179207630557,1.4749634509651444,-0.015377013691579365,-0.4446768021444131,0.7190927836688642,-1.3306238413108036,0.6310440288219415,-0.7460074580480089,-0.9979504794924884,1.7898030823152375,-0.5949057135506131,-0.6248470335613264,0.3174002093984806,1.048206164164723,1.8340003990492146,-0.44568829128585186,0
-0.13313775048142196,0.9224967398883949,-0.7700231321842455,1.5157647368827654,0.24689118794826567,0.5541420119224684,0.810668992892635,0.690023232593498,0.8104953148116041,0.42552120687759115,-0.6165436168740387,0.009063122417187087,0.43128439823829373,-0.5949057135506131,1.600391689947671,-0.36360280436733866,2.729589385037516,0.6141042970714815,-1.1576471637727161,0
1.4179088168838894,-0.17466874523100903,-0.48279752429725026,-1.5048903784675043,0.7641759165201178,1.6931800631505638,1.3853245284154947,2.1094056593640995,-0.90249529760524,0.04883346131226679,0.9750376631763509,1.0160767243268625,-0.9272342858386502,-0.5949057135506131,-0.6248470335613264,-0.5072714512872352,-0.9934575925732974,-0.6473115663971426,0.8943744777988679,0
-0.12876273075929914,0.1910530831421256,0.5224921033072328,-1.0014478592424594,-0.8077948975287885,2.2626990887646112,-1.098207041548024,0.6693748598312776,2.1346709068160967,3.704824668343036,-0.692272519615209,-0.9979504794924884,-0.02155516312068755,-0.5949057135506131,-0.6248470335613264,1.3892605021750788,0.43652728163378335,0.25939808822109867,-0.23170678560636274,0
-0.14078638526033532,0.9224967398883949,0.9533305151377256,-1.0014478592424594,0.9222351391392949,0.5541420119224684,-0.3308430748719154,-1.4811120408801723,-0.8499414143812548,3.4857602060471287,5.54875766119968,-0.9979504794924884,-0.02155516312068755,-0.5949057135506131,-0.6248470335613264,-0.10882383079315895,-0.484181676289302,1.5674864807920776,0.3500577932176088,0
-0.07943625833862447,0.5567749115152602,-1.631699955845231,-0.49800534001741437,0.7565124390597942,0.5541420119224684,-1.6661460662313199,0.802108175599657,0.12857947350983306,-0.6039529058718657,-0.8877830628888269,-0.9979504794924884,0.8841239595972751,1.680938638211487,-0.6248470335613264,-0.5461873047828455,-0.6751918219710975,1.0120046629337205,0.053123739915476385,0
-0.009150575435971985,-1.2718342303504129,-1.0572487400712407,1.0123222176577205,0.6386864731073166,1.6931800631505638,-0.22268155105509616,0.8923690125212358,-1.4479468171322527,-0.5048183016500396,-0.6230541486106911,0.009063122417187087,1.3369635209562563,1.680938638211487,1.600391689947671,-0.6964351602012115,0.44197984163181675,-0.9165258396843244,0.33545004722319594,0
-0.13988041073121965,-1.0889733161638455,1.0969433190812232,0.5088796984326754,0.24210151453556333,1.123661037536516,-0.5943732012469091,-0.39672761045574123,-0.6212063557211344,-0.5637917481046095,0.6319831819630195,1.0160767243268625,-0.02155516312068755,-0.5949057135506131,-0.6248470335613264,-1.0098762524346392,-1.3123168444986881,-0.9323970116989406,-0.24914298057610262,0
-0.1384948041595836,-0.17466874523100903,0.9533305151377256,0.005437179207630557,-0.15256757467110907,-0.015377013691579365,-2.251168381246721,-1.0863921949761552,0.5320264179876851,-0.8586125836239059,0.8842439427275253,1.0160767243268625,0.43128439823829373,-0.5949057135506131,-0.6248470335613264,0.4569577121106188,-0.310495511160757,-1.5366877846245308,-0.8967930352584431,0
-0.13755770736555115,0.3739139973286929,0.809717711194228,-1.0014478592424594,0.22390075556729447,-0.015377013691579365,0.7206781683496774,0.06093629973024587,-1.0082260712986069,-0.0148239714532181,0.11551542374479756,0.009063122417187087,-0.47439472447966885,-0.5949057135506131,-0.6248470335613264,-0.4296632201481617,-1.173000101868494,0.6104393694437398,-0.9567693478534816,0
0.27396685659403297,0.5567749115152602,-0.05195911246675751,-1.5048903784675043,0.5093652909643537,-1.7239340905337224,0.8989898587385942,-2.0205294100693214,1.6031586917303073,-0.06143229282291872,-0.8119055464295328,0.009063122417187087,-1.3800738471976315,-0.5949057135506131,-0.6248470335613264,1.5415841878928467,0.6111465841914097,-0.4677171133142535,-1.0210623294410053,0
-0.13463031576798556,-1.2718342303504129,-0.6264103282407478,-0.49800534001741437,0.015070994773472656,1.6931800631505638,-0.23537381084621756,-1.1485484059135855,-1.3256332548497156,-0.925538285301506,-0.7909608231593557,0.009063122417187087,-0.9272342858386502,-0.5949057135506131,-0.6248470335613264,-0.7864846816051096,-0.9236699296233474,-0.3799791979516829,-1.314783376784714,0
1.2452132741690782,-0.7232514877907109,1.6713945348552135,0.5088796984326754,-1.547320472450029,-0.5848960393056271,0.4499772058675716,0.1997257992073124,-0.13502478914934798,-0.7529121536070186,-0.3793766431775198,1.0160767243268625,-0.9272342858386502,-0.5949057135506131,-0.6248470335613264,0.15523969691990389,-1.177508699388992,1.0348939588648776,1.7155254305209364,0
-0.14121145344345015,1.2882185682615295,0.809717711194228,1.5157647368827654,-1.6364083979262924,-0.015377013691579365,0.043245295847139896,-1.491930672534924,-0.030700971182901004,0.05491589525621281,0.00029120594307954523,-0.9979504794924884,-0.47439472447966885,-0.5949057135506131,1.600391689947671,0.05962441024623251,-1.026355347945468,-0.3636745611105974,-0.6713148254568072,0
-0.1350867246608908,0.7396358257018275,1.6713945348552135,1.0123222176577205,-1.0788904126877406,0.5541420119224684,-0.6878399977892583,-1.0420222127696652,-0.9306576880474663,-0.9016719542686088,-0.7565551761884268,2.023090326236538,0.8841239595972751,-0.5949057135506131,1.600391689947671,0.8735172246714753,-1.0095027432236245,-1.1382900349050582,-0.9064308946778743,0
-0.13147009475908264,-1.0889733161638455,-1.0572487400712407,1.0123222176577205,1.4912483405683323,-1.1544150649196747,-0.24689534320207,1.5510503273766763,0.6323053595335032,-0.8979683287842274,0.555216991941682,1.0160767243268625,-0.47439472447966885,1.680938638211487,1.600391689947671,-0.30020351216285435,1.086327697583893,-0.23623965741137334,0.13540433309185512,0
-0.07960903824780798,-1.2718342303504129,1.0969433190812232,0.5088796984326754,-0.9275367328463469,-0.015377013691579365,0.7163850158361275,0.19561045189077836,-0.28291306525497323,-0.947503271250786,-0.704722457916433,-0.9979504794924884,0.43128439823829373,-0.5949057135506131,-0.6248470335613264,1.0445007412892564,0.04423371518331807,0.48762343638851224,-1.0674830329129825,0
-0.039201659878579785,0.5567749115152602,0.5224921033072328,1.5157647368827654,0.19516271509108046,-0.5848960393056271,1.7731850427413653,1.1238723595587896,-0.30541333174055313,-0.5795926227203676,0.30059087773384546,2.023090326236538,-0.9272342858386502,-0.5949057135506131,1.600391689947671,-0.22675153418891947,-0.3203872094075484,-0.502968728862596,-1.3654843649065378,0
-0.09413400350972727,0.7396358257018275,-1.0572487400712407,1.5157647368827654,-0.24644517356007484,-1.1544150649196747,-0.21849481637610108,0.3099879425790108,0.570164168804526,-0.9411263153054386,2.6797786795318497,-0.9979504794924884,0.43128439823829373,1.680938638211487,1.600391689947671,0.35767393593951335,0.5176769324578214,-0.780578475265425,0.8574804095787466,0
-0.08548261191511013,0.3739139973286929,1.5277817309117159,-1.5048903784675043,-0.7024220824493371,-0.5848960393056271,-2.0993802539438042,0.7071901889939547,1.7697985656662534,0.5127461816243212,-0.5645344974711068,0.009063122417187087,0.43128439823829373,-0.5949057135506131,-0.6248470335613264,-0.22747982860715127,1.0247204897436861,-0.9526192997095424,-0.5183080220597263,0
-0.06826694127175165,0.3739139973286929,0.6661049072507305,-1.0014478592424594,1.428982586203202,-0.015377013691579365,-0.5619611202337796,-0.4724110122051013,-0.8586567513517157,0.37711521945144194,-0.5322330426885592,-0.9979504794924884,-0.47439472447966885,-0.5949057135506131,-0.6248470335613264,2.0188109519845066,1.4158833605018104,-0.24694037372069674,-0.4106418500264568,0
0.1342602434004703,-1.0889733161638455,0.37887929936373527,1.0123222176577205,0.4346463857261972,1.123661037536516,1.7014612146561228,0.49428375953514686,0.388424074243261,-0.25159287112873835,1.4188186781839929,0.009063122417187087,0.43128439823829373,-0.5949057135506131,1.600391689947671,-0.7892353198921206,0.6796506244724794,-1.072895139173468,-0.5302706603054846,0
-0.14039821841484096,0.008192168955558287,1.0969433190812232,-0.49800534001741437,-1.3432803850689095,-1.1544150649196747,-1.4439544940079798,-1.9438466160363954,1.7540102180620596,1.4032983434912079,-0.15775417646300943,-0.9979504794924884,-0.9272342858386502,-0.5949057135506131,-0.6248470335613264,-1.1983142053889817,-1.1947413194701637,-0.6388615468428192,1.4336289430028055,0
-0.09834159208443218,0.9224967398883949,-0.1955719164102551,0.5088796984326754,0.9385200287424829,-1.1544150649196747,1.2214956417014102,0.9961090202469896,-0.2388412912575488,-0.9271586662277193,-0.8661599140010753,1.0160767243268625,-0.47439472447966885,-0.5949057135506131,-0.6248470335613264,-0.05063161970863302,0.04736020941321786,-1.299011554852302,-0.7161083914689358,0
-0.1388858226969424,0.9224967398883949,1.0969433190812232,0.5088796984326754,-0.3393648377665001,-0.5848960393056271,0.5299043577937456,0.4274416223690806,-0.7058833975947925,-0.8059825859218489,-0.4855532760669511,-0.9979504794924884,-0.47439472447966885,-0.5949057135506131,-0.6248470335613264,-0.3050100079486877,-0.887453261817806,-0.6194109088578053,-0.8222898207128362,0
-0.02255960999882137,-0.3575296594175763,-1.631699955845231,-1.5048903784675043,-0.7292442535604702,0.5541420119224684,0.40328335559460254,0.934383483250207,-0.24128933454114462,-0.375546404777077,1.303201903128313,-0.9979504794924884,-1.3800738471976315,1.680938638211487,-0.6248470335613264,1.8111146899414423,0.5634700658376691,-0.46033056021419383,0.5788661432256624,0
-0.13452418614597397,0.7396358257018275,-1.3444743479582357,1.5157647368827654,0.30819900763085556,2.832218114378659,-0.5401199565828633,0.24875560695048785,2.9554367887715705,-0.7363788825544422,4.18980913331012,-0.9979504794924884,-0.02155516312068755,1.680938638211487,1.600391689947671,-0.7150450440789416,0.8621851855115225,-0.8097812136934247,1.7238185127636094,0
-0.10503283546820713,1.2882185682615295,1.0969433190812232,-1.0014478592424594,1.5535140949334627,1.123661037536516,-0.019658040761699684,2.0165608599641374,0.08059644563922215,-0.6397181276918105,0.00978095866115007,1.0160767243268625,-0.9272342858386502,-0.5949057135506131,-0.6248470335613264,-1.120751051143157,-0.8186050211514879,-0.06809383906753233,-0.9234783498244845,0
-0.13303467982925601,-0.9061124019772783,-1.0572487400712407,0.5088796984326754,0.5218184418373797,-1.7239340905337224,1.393594379378714,0.2726948085659492,-1.3431459428034898,-0.6197514571011292,-0.9732472685981017,-0.9979504794924884,-1.3800738471976315,1.680938638211487,-0.6248470335613264,0.5075552174826187,0.5598926829689181,0.4360637804025604,0.7901687636215042,0
0.2193835196317709,1.653940396634664,0.6661049072507305,0.5088796984326754,0.8130305853296816,-0.015377013691579365,1.3779795598034703,0.055629279196289814,-1.5681734330804988,0.6687611519923057,-0.9604023548505087,0.009063122417187087,-0.02155516312068755,-0.5949057135506131,-0.6248470335613264,-0.2645577754644037,0.4988253660076644,0.8387338005547709,-0.6771524905693261,0
-0.14197775255705197,0.5567749115152602,-1.0572487400712407,-1.5048903784675043,-0.6439880668143686,-0.5848960393056271,-1.438803091920556,0.32578924220128447,-0.9267298328168095,1.2262393729851964,0.11038389177367412,-0.9979504794924884,1.7898030823152375,1.680938638211487,-0.6248470335613264,-0.33218500571055626,-0.4387769662784528,-0.6158303059775182,1.530978013520035,0
-0.09463453374084528,0.008192168955558287,-0.05195911246675751,0.005437179207630557,0.8494321032662194,-0.015377013691579365,-0.5976380962088262,-0.4174411052746674,0.35726438200762806,1.8847423381210235,0.3991175300576307,0.009063122417187087,0.43128439823829373,-0.5949057135506131,-0.6248470335613264,-0.7182065057011103,0.5733747484460628,1.2414221828044125,1.6975271343264375,0
-0.1030776748257309,-0.5403905736041437,1.0969433190812232,-1.5048903784675043,-0.314458536020448,0.5541420119224684,0.12742454120563612,0.26608858934054613,-0.8117173835802616,-0.4465337885253201,0.8947832024979601,-0.9979504794924884,-0.9272342858386502,-0.5949057135506131,-0.6248470335613264,-1.2160170439338143,0.28764699270851124,1.1195123573567138,-0.9639278492489922,0
-0.1394829776390367,-1.2718342303504129,0.09165369147674007,0.5088796984326754,-0.3815139637982807,-0.5848960393056271,0.08559035852489881,1.0573998351244132,1.15363776866167,-0.792321011849714,-0.8544244813372761,1.0160767243268625,1.3369635209562563,-0.5949057135506131,-0.6248470335613264,0.5099961335795378,0.17098194475312334,-0.1739215409625706,-0.05918540998650254,0
-0.13869931500168278,0.3739139973286929,-1.3444743479582357,0.005437179207630557,0.21048967001172791,0.5541420119224684,0.25376239400201334,-0.5560327489327436,-0.08184773776124532,-0.3907381111955125,0.16706805654650464,1.0160767243268625,-0.02155516312068755,1.680938638211487,-0.6248470335613264,-0.5970970496893714,-0.8389915493246894,1.1378639586138697,0.18312483255311057,0
-0.09703917973014799,0.7396358257018275,-1.2008615440147383,0.5088796984326754,-0.6526094789572329,-0.015377013691579365,-1.807119434106505,-0.8469718973329668,1.1003018968159688,0.007351227687828024,-0.2904387504376994,0.009063122417187087,1.7898030823152375,1.680938638211487,-0.6248470335613264,-0.33936719621918,-1.4027162150272878,-0.027253785574814057,0.5795784191670494,0
-0.11883685147153544,1.1053576540749621,0.37887929936373527,0.5088796984326754,1.1856671768379232,-1.1544150649196747,1.2679778367800432,-1.4355503763884163,-0.24287531358551015,0.3065214972065519,-0.5285617222797394,2.023090326236538,1.7898030823152375,-0.5949057135506131,-0.6248470335613264,1.087889135326567,2.2233857108450032,-0.20411525862433721,-0.6166236984490613,0
-0.1406521105541471,1.653940396634664,1.3841689269682185,1.0123222176577205,1.0869999045362553,-0.015377013691579365,0.5239267036996507,-0.5200510573882828,-0.8257218647007029,-0.5194708390305643,-0.7593970903833338,0.009063122417187087,0.43128439823829373,-0.5949057135506131,1.600391689947671,-0.7236370855520399,-0.7194112582176526,-1.2652112659598964,-0.7326210006833219,0
-0.06423967810018745,0.9224967398883949,-1.3444743479582357,0.5088796984326754,-0.7148752333223632,0.5541420119224684,-0.022750294976299223,1.1664360546452708,-0.574462891231239,-0.855915103040591,-0.9003608713129001,-0.9979504794924884,-0.02155516312068755,1.680938638211487,-0.6248470335613264,1.470097815790777,-0.6913700095313269,-0.8742558495286565,0.832218889474025,0
-0.1263706587923289,1.1053576540749621,1.6713945348552135,1.5157647368827654,1.020902411440963,-1.7239340905337224,-0.20989078533943403,-0.7821683719414678,-0.8928585937619262,-0.590130128912131,-0.2674432098571239,-0.9979504794924884,0.8841239595972751,-0.5949057135506131,1.600391689947671,-0.2709052119143082,-0.42532076904581917,-0.6322233704183063,-0.020418938280778096,0
-0.11255253776678835,-1.0889733161638455,0.9533305151377256,1.0123222176577205,1.412697696600014,-0.5848960393056271,-0.5959791461269889,-0.5872195277724452,-0.7271633266906548,-0.020435795590342882,-0.9658213215801782,1.0160767243268625,-0.02155516312068755,-0.5949057135506131,1.600391689947671,-0.4675750668735514,-0.054378775114342075,-0.4320819215599687,-1.0160281596488123,0
-0.06458474246475926,1.4710794824480968,1.0969433190812232,0.005437179207630557,1.5056173608064394,1.6931800631505638,-1.4636024579240288,0.47093877928035793,-0.7372740092212137,-0.891149482972854,-0.33493533504946094,0.009063122417187087,0.8841239595972751,-0.5949057135506131,-0.6248470335613264,-0.19181089887208427,1.006520865071273,0.817878109951123,-0.5740313109637792,0
-0.09301716299584417,-0.7232514877907109,-0.1955719164102551,1.0123222176577205,-0.618123830385776,-0.015377013691579365,1.7879962563203016,-1.952348083674514,0.4091431275794175,-0.6321722518415768,-0.9490467648513017,0.009063122417187087,0.43128439823829373,-0.5949057135506131,1.600391689947671,-0.24274484392632578,-0.0063783569908235456,-0.6500369096071391,-0.5486750215326196,0
-0.13468726343305215,0.7396358257018275,0.809717711194228,-1.0014478592424594,1.150223593583926,-0.015377013691579365,-0.6669029262669748,-0.12827869466530806,0.10362475363004836,0.3797700539053709,1.2132774127885888,1.0160767243268625,2.242642643674219,-0.5949057135506131,-0.6248470335613264,1.378288752144519,-0.12262186121452187,0.024640029711432223,-1.0006136665133971,0
-0.1084067022048899,-1.2718342303504129,0.9533305151377256,-1.5048903784675043,0.02369240691633686,1.123661037536516,0.5302072844718152,0.7582249731929309,0.29687424174514554,-0.6677466403170087,-0.2864776333627829,-0.9979504794924884,-0.47439472447966885,-0.5949057135506131,-0.6248470335613264,-0.02036182963573113,0.2959364179913039,0.9291502556848075,-1.7387744681431008,0
0.08878801715673879,0.3739139973286929,-0.3391847203537527,0.5088796984326754,-0.6142920916556142,-0.015377013691579365,-0.7697410541185863,-1.1017354392374972,-0.8997294654383041,-0.9162911579873307,0.2897848846427429,3.030103928146213,0.8841239595972751,-0.5949057135506131,-0.6248470335613264,-1.1173468361698868,1.9887808838775813,0.06422129458985854,0.5170346995775231,0
-0.08275951402800598,-0.5403905736041437,-0.9136359361277431,1.5157647368827654,0.43943605913889955,-0.015377013691579365,0.988044284408464,0.7025736331212282,1.9665859477783763,-0.8219984618065457,-0.9800096877106984,-0.9979504794924884,-0.47439472447966885,1.680938638211487,1.600391689947671,1.2322354355732743,0.22006990053333608,-0.2644089328159367,-0.3231126832262261,0
-0.13996994803494314,1.1053576540749621,-0.9136359361277431,-0.49800534001741437,1.1875830462030041,1.123661037536516,-0.5387992627818992,-1.176805143738129,1.9558169744334903,0.42495659607826536,-0.6510006474225685,-0.9979504794924884,1.3369635209562563,1.680938638211487,-0.6248470335613264,-0.12623609846372164,0.059297519889289774,-1.331474959289535,0.767960140744314,0
-0.14002984441501276,0.008192168955558287,1.6713945348552135,-1.5048903784675043,-0.28572049554423395,-0.015377013691579365,1.2370843133212353,1.781712865699705,-1.1171990355379708,1.734228759619123,0.39440866002442354,0.009063122417187087,-0.02155516312068755,-0.5949057135506131,-0.6248470335613264,0.4320935678634807,1.3183672229924792,0.06301436614751205,0.29447084365250253,0
0.5585380100270377,0.1910530831421256,-1.0572487400712407,-0.49800534001741437,0.9413938327901042,-0.015377013691579365,1.033685646474261,-0.8176684641789002,1.4889702463632672,-0.18436936617546182,-0.6136128530650351,-0.9979504794924884,-0.02155516312068755,1.680938638211487,-0.6248470335613264,-0.38006732502136653,1.4772201906755387,0.663046483385449,1.7658794339205155,0
0.0025803104142023124,0.9224967398883949,-1.631699955845231,0.5088796984326754,1.1569291363617094,-0.015377013691579365,1.6065515474689156,-1.5094108567133635,-1.4716341415444876,0.1464061623826412,-0.41885174683141563,0.009063122417187087,-1.3800738471976315,1.680938638211487,-0.6248470335613264,1.5892728776833425,-0.6381153911398013,0.4474913093052425,-0.2929299831941989,0
-0.11453388385160879,-0.3575296594175763,-0.7700231321842455,1.0123222176577205,0.5285239846151629,-1.1544150649196747,-1.3656937511337446,-0.7868936008378469,0.233863744948112,-0.84917646894291,0.8334851847593253,0.009063122417187087,-0.9272342858386502,-0.5949057135506131,1.600391689947671,-0.07137580978324048,0.21202196226644332,0.608718750063678,-0.7626305569742973,0
-0.10048854677279462,-0.7232514877907109,-1.2008615440147383,1.0123222176577205,0.18462543358313532,0.5541420119224684,-0.8760550430139156,0.40904302497075257,-0.29175283918781025,-0.9191887191000644,-0.4684245718235976,0.009063122417187087,1.3369635209562563,1.680938638211487,1.600391689947671,1.0540018575231251,-0.4658507488101571,0.3610678530149262,0.3589540805927614,0
-0.14002304412658056,0.1910530831421256,-1.631699955845231,0.005437179207630557,1.396412806996826,0.5541420119224684,-0.01664107971675549,0.37430189162491695,-0.5645824412389221,-0.792030363370675,1.647122775004097,-0.9979504794924884,-0.9272342858386502,1.680938638211487,-0.6248470335613264,-0.43868276508866916,0.12791563350850574,-0.8983670746794092,0.7345118006962558,0
-0.06775960931075613,-1.4546951445369802,-0.1955719164102551,0.5088796984326754,-0.3700187476077951,1.6931800631505638,-0.07305980162843569,-1.0035703266964509,0.28530869844569173,1.0375620050709238,-0.5455406334664172,0.009063122417187087,-1.3800738471976315,-0.5949057135506131,-0.6248470335613264,0.5619293280850195,-0.8046061849078049,-0.40387937672497887,0.18533541579497673,0
-0.14071280200118866,-1.4546951445369802,0.6661049072507305,1.5157647368827654,1.4778372550127659,-0.015377013691579365,0.019042867842748765,-0.5194469975566476,0.29569998862154306,0.012816161565323623,-0.9682507163205599,-0.9979504794924884,0.8841239595972751,-0.5949057135506131,1.600391689947671,-0.42524543952988497,-0.6689686892187572,2.4984838238743974,-0.5656573135396277,0
-0.11007079691478856,-0.7232514877907109,1.2405561230247208,1.5157647368827654,0.25838640413875125,0.5541420119224684,-0.34232117897510606,-0.6308973568220526,-0.8522252955329432,0.22436080513644469,-0.2253571919228438,1.0160767243268625,-0.02155516312068755,-0.5949057135506131,1.600391689947671,0.025845888523328586,0.016885898076122313,-0.5872275609279185,-1.290773625207074,0
-0.14137658451434076,0.7396358257018275,-1.2008615440147383,-1.0014478592424594,-0.7263704495128488,-0.5848960393056271,0.010279179366263625,-0.23147461100870217,-0.855134572702836,-0.21901057351078612,-0.6355624753013314,0.009063122417187087,0.8841239595972751,1.680938638211487,-0.6248470335613264,-0.13636949030529713,0.30710554148554636,-0.7249836155867181,0.9945895822168961,0
-0.14105583292124155,0.3739139973286929,-0.1955719164102551,1.0123222176577205,-0.9677699895130465,1.123661037536516,1.9202476843800247,0.7551271198314858,-0.11512964447288807,-0.499111528708558,-0.6159330738577516,1.0160767243268625,0.8841239595972751,-0.5949057135506131,1.600391689947671,0.4751706485787544,-0.5331667877388975,0.6439627469118173,-0.8238082620552549,0
0.7961556530104643,1.653940396634664,-0.9136359361277431,-1.5048903784675043,-0.12382953419489506,-1.7239340905337224,-0.33702048126656,1.1378582562149984,0.9267200846468886,-0.8375442476399504,0.03990838744447725,1.0160767243268625,-0.02155516312068755,1.680938638211487,-0.6248470335613264,1.006403893926234,-1.1614569779309254,1.1692077398901046,2.066757596014896,0
-0.14124492396913077,-1.4546951445369802,0.9533305151377256,1.0123222176577205,-0.3776822250681188,0.5541420119224684,-0.393798838683968,0.20196127291592095,0.27668562121023316,-0.8244227528838092,-0.46201621641908514,0.009063122417187087,-0.47439472447966885,-0.5949057135506131,1.600391689947671,0.24960508555383473,-0.2535344936371633,-0.054980677158432675,0.06583738275532415,0
-0.14148714676562943,-1.4546951445369802,-1.631699955845231,-1.0014478592424594,-0.8001314200684647,0.5541420119224684,0.7393125913612717,-1.0214807829720396,-1.1047199450241354,0.06915837431875933,-0.03262135943856929,0.009063122417187087,-0.02155516312068755,1.680938638211487,-0.6248470335613264,-0.7085697590398559,-0.20480640840522502,-1.4294457719926201,0.4118718940749395,0
-0.1383712407950152,1.4710794824480968,1.3841689269682185,-0.49800534001741437,1.6291909348541596,-1.1544150649196747,0.6495098411074708,-0.8761757330671021,0.001716505421304209,3.2347969065767592,0.29773632492496915,-0.9979504794924884,0.8841239595972751,-0.5949057135506131,-0.6248470335613264,-0.4389721255221501,-1.221577595272876,-0.1157468764283643,-0.28004846508073905,0
-0.14134555321110165,-0.3575296594175763,1.2405561230247208,1.5157647368827654,-1.2302440925291345,-0.5848960393056271,0.5820042382767634,0.7832851342808127,0.606883254062223,-0.15858411609928247,-0.7808333603571899,1.0160767243268625,-0.47439472447966885,-0.5949057135506131,1.600391689947671,-0.5828912989007232,-0.587429096407407,-0.3716166774050627,-0.6937144906146041,0
0.42952316335372137,-0.9061124019772783,0.23526649542023767,-0.49800534001741437,0.280418901837182,0.5541420119224684,-0.2278915608862085,0.7097464803319429,0.5387192698409973,-0.9291010380241559,-0.7667049787698548,0.009063122417187087,-0.02155516312068755,-0.5949057135506131,-0.6248470335613264,0.8166261728060812,-0.7145978483615419,-0.11741716681576579,1.5538648265915633,0
-0.13876095742085706,0.1910530831421256,-0.6264103282407478,-1.0014478592424594,0.45572094874208746,-0.5848960393056271,-0.4315343004712784,-0.3669022871411382,0.6098600801271814,-0.005248572257071088,-0.39129454192883145,-0.9979504794924884,0.43128439823829373,-0.5949057135506131,-0.6248470335613264,-0.5078548124287209,-1.5490701231455273,0.5801440643227181,-1.0261080402492258,0
-0.13940777007684477,0.008192168955558287,-1.4880871519017334,-0.49800534001741437,-1.3375327769736667,-0.015377013691579365,1.143913302180371,-1.2895865619655233,-0.5762618114410283,0.7418412907652995,-0.9636700592890922,0.009063122417187087,3.1483217663921814,1.680938638211487,-0.6248470335613264,-0.8474669482599604,1.7812920754417858,0.14152709240867242,1.8019293420675804,0
-0.013053759240501091,0.008192168955558287,-1.2008615440147383,-1.5048903784675043,0.904034380171026,-0.015377013691579365,1.6547610363689305,-0.4880175124025641,1.1994213797438866,-0.5023670248297865,-0.9085942085686525,0.009063122417187087,-0.02155516312068755,1.680938638211487,-0.6248470335613264,-0.6097187930464071,-1.5487895636537314,1.0506820164315094,0.898944162206952,0
-0.13497921272474886,-1.0889733161638455,1.6713945348552135,1.0123222176577205,1.585125939457298,-0.015377013691579365,-0.7078949938715582,-0.5048290186555862,-0.7689310665484451,-0.11338009173690912,-0.25070458837238224,1.0160767243268625,0.8841239595972751,-0.5949057135506131,1.600391689947671,0.16132948923108875,0.6548505097480122,0.9947439687524646,-0.08193898839574427,0
-0.1361187240670063,0.7396358257018275,1.6713945348552135,0.5088796984326754,0.6942466846946638,-0.015377013691579365,3.980330737410865,0.6953432215970573,2.438164977826114,0.15854879124217425,1.3677980409089499,0.009063122417187087,0.43128439823829373,-0.5949057135506131,-0.6248470335613264,-0.43191898691862357,0.5281049318303385,0.3972852890967026,0.0652808251241441,0
-0.13378052402088358,1.4710794824480968,-0.1955719164102551,-1.0014478592424594,0.832189278980491,1.6931800631505638,1.1937145798077577,0.5210141970404919,0.2280372498414322,5.937345061961581,0.7684715130840122,0.009063122417187087,-0.02155516312068755,-0.5949057135506131,-0.6248470335613264,1.0120368227276584,0.40903962368939245,1.040840749686604,-0.060641838893624005,0
-0.131330591247106,-0.3575296594175763,-0.1955719164102551,-0.49800534001741437,0.729690267948661,-0.015377013691579365,0.30355525740758793,0.30223837827787436,-0.9460575912318073,-0.17909397700066435,-0.97762902950944,1.0160767243268625,-0.02155516312068755,-0.5949057135506131,-0.6248470335613264,2.0212100199669374,-1.531209432436524,2.5290046457017326,-1.3654236416683432,0
-0.13013959653055895,-0.9061124019772783,0.809717711194228,-1.0014478592424594,-1.5798902516564048,-0.5848960393056271,0.36275324446898793,0.13583721945000232,2.6903265659624225,-0.06115798314942691,-0.8945699569172038,1.0160767243268625,-1.8329134085566128,-0.5949057135506131,-0.6248470335613264,-0.42819588314224094,0.1977416795936223,-1.1785366463104465,1.1733562746901685,0
-0.13847772073525316,-0.5403905736041437,-0.3391847203537527,1.5157647368827654,-0.5108351459412437,-1.1544150649196747,1.7156691844109473,0.029854762680284537,1.4272554412655558,-0.4423728163615226,-0.31303371621995324,0.009063122417187087,-0.02155516312068755,-0.5949057135506131,1.600391689947671,-0.8016283646119381,1.5403947103087037,0.2584803206268142,-1.140521694671421,0
-0.08693472854498341,0.5567749115152602,0.809717711194228,0.005437179207630557,0.6358126690596952,1.123661037536516,0.10080327983119865,-1.2855558976411658,-0.8292120001663684,2.3300608886821257,-0.78434847957195,-0.9979504794924884,-0.02155516312068755,-0.5949057135506131,-0.6248470335613264,-0.6669935782499907,1.078727473337949,0.27241232656278364,0.8097944283903383,0
-0.14090582128739276,1.653940396634664,-0.7700231321842455,-1.5048903784675043,1.0822102311235529,-0.5848960393056271,0.16673689035613679,2.1958454073332967,0.10621491931408843,-0.4168968416130103,1.215671337047422,0.009063122417187087,-0.9272342858386502,-0.5949057135506131,-0.6248470335613264,1.084679780761829,0.02098856832023438,-0.7993255439261774,-0.60370211489481,0
0.42037620517453894,1.2882185682615295,-0.7700231321842455,1.0123222176577205,-1.4927181955452224,-0.015377013691579365,-0.22545830750445991,-1.436072309202287,-0.0034019754004337836,-0.586490296535017,0.5261930681648055,-0.9979504794924884,-0.02155516312068755,-0.5949057135506131,1.600391689947671,0.36653686921267303,0.4048043568319086,-1.1164142662863512,0.9662344835890665,0
0.0035847664103031696,-1.6375560587235474,-1.631699955845231,0.005437179207630557,0.8724225356471906,0.5541420119224684,-0.08890388754433694,1.1920330933516572,-0.5280417191849134,-0.6496615725610813,-0.7924511154722554,-0.9979504794924884,0.43128439823829373,1.680938638211487,-0.6248470335613264,-1.2058103391951096,0.1757358177701824,-0.8314472222280952,0.17788795655422657,0
0.49734504392936896,-1.6375560587235474,0.09165369147674007,-1.0014478592424594,-0.21962300244894176,-0.5848960393056271,0.17301016990216905,-1.5396863169685064,1.760492711052347,-0.25801975370724567,-0.6013031485710827,1.0160767243268625,1.7898030823152375,-0.5949057135506131,-0.6248470335613264,1.4921474406741388,0.9361627278215281,2.7905155594962814,1.2308719868047262,0
-0.08465057000209637,0.7396358257018275,-1.2008615440147383,0.5088796984326754,-0.8125845709414908,-0.5848960393056271,-0.7447575969568674,-1.378136823771891,0.3556471030697151,-0.9098509391879046,-0.5160352492139108,-0.9979504794924884,1.3369635209562563,1.680938638211487,-0.6248470335613264,1.1541643988163388,0.6175935831453903,-1.295515103407908,1.0524906078393794,0
-0.13616369936627828,-0.9061124019772783,1.3841689269682185,0.5088796984326754,1.6703821262033995,-0.015377013691579365,1.370558293205829,0.5034390712682574,0.12054183421249712,2.671368652642146,1.4279149134752314,1.0160767243268625,-0.9272342858386502,-0.5949057135506131,-0.6248470335613264,-1.4900244877762854,-0.013425802520348742,-0.5365246129210198,0.6093889641033827,0
-0.12328073012935194,-1.0889733161638455,-1.631699955845231,0.005437179207630557,0.4059083452499832,-0.015377013691579365,-0.11849005998485725,-0.5662705427903135,0.710308436271555,-0.6184673868776888,-0.9602331349586762,1.0160767243268625,0.43128439823829373,1.680938638211487,-0.6248470335613264,-0.5822289866649597,1.7289374375832303,-0.1762927221397492,1.158944670034067,0
-0.131425157453772,0.008192168955558287,0.37887929936373527,-1.5048903784675043,0.38195997818647154,-1.7239340905337224,1.126203701214255,0.2319951862992953,1.0244095358098104,0.008436374970361564,-0.334290358831801,0.009063122417187087,-0.9272342858386502,-0.5949057135506131,-0.6248470335613264,-0.21777504235611825,0.24906905545208358,-0.6140650895010986,-0.6178745686971644,0
-0.1419525318414811,-0.7232514877907109,-0.3391847203537527,1.5157647368827654,1.498911818028656,-0.015377013691579365,-1.8172641711628494,0.4983410913592354,0.8317195654826726,-0.9514740718522522,-0.6892088252542256,-0.9979504794924884,0.43128439823829373,-0.5949057135506131,1.600391689947671,1.2997659916627138,2.3222281107877265,-1.2429830846287313,-0.039858595471793275,0
-0.14068566126353862,1.653940396634664,0.809717711194228,0.5088796984326754,0.07637881445606254,-0.5848960393056271,-1.1417455114065624,-0.4021587573790943,-0.08712679513225714,-0.3603379738292913,0.2039081950560469,0.009063122417187087,-1.3800738471976315,-0.5949057135506131,-0.6248470335613264,0.39937736317942346,-1.0664485436024536,-1.1039589303597817,-0.29617959636152474,0
-0.1400382148751071,1.1053576540749621,-0.1955719164102551,1.0123222176577205,-0.3757663557030379,-0.015377013691579365,-0.6574921587776907,0.1959963715411621,-0.8611478339505213,-0.5898692349704581,1.9850644087850966,0.009063122417187087,-0.02155516312068755,-0.5949057135506131,1.600391689947671,0.5623081004771058,1.7968786448596727,-1.2146249982106563,-0.18837809590432722,0
0.12645377792032078,-0.5403905736041437,-1.3444743479582357,1.0123222176577205,0.7718393939804415,-1.7239340905337224,-0.036495912831316424,-2.1937912667171697,0.958308603895573,-0.8885422823506345,-0.9794933124100426,-0.9979504794924884,-0.47439472447966885,1.680938638211487,1.600391689947671,-0.8708508176727389,1.1510093141409934,0.009017245143945184,0.3827130800302231,0
-0.14043715446165334,0.7396358257018275,-0.1955719164102551,-1.0014478592424594,1.4922062752508727,-0.5848960393056271,0.2205987592833923,0.05037220610405461,-0.1765775767785518,0.06924288855899646,-0.9295338556652383,-0.9979504794924884,-0.47439472447966885,-0.5949057135506131,-0.6248470335613264,0.5148787491730016,1.7540381224980988,-0.18405347939673078,-2.017566712811814,0
-0.041136647549421895,0.3739139973286929,-1.3444743479582357,-1.5048903784675043,-0.2933839730045577,-0.015377013691579365,0.031663382408204044,-1.2001732782983767,0.9276967015291924,1.335130558358886,0.13486240976833572,-0.9979504794924884,1.7898030823152375,1.680938638211487,-0.6248470335613264,-0.5051587288512738,-0.8347667230980411,-0.6438853242923256,2.420254447043709,0
0.07351246403407861,0.008192168955558287,-0.1955719164102551,-0.49800534001741437,0.9500152449329684,-0.015377013691579365,0.5855105945958804,0.7138180886666204,2.993255596484651,-0.5026317509402601,0.4118124269474153,0.009063122417187087,1.3369635209562563,-0.5949057135506131,-0.6248470335613264,-0.6350252925474574,0.4748479832255833,0.11634312593864134,1.5843424157959665,0
-0.03467009421531118,1.653940396634664,-0.1955719164102551,0.5088796984326754,1.2651757554887821,-1.1544150649196747,0.4860234865180964,1.217183324549645,-0.26549596581763774,0.09484550666639878,2.0105732524769673,0.009063122417187087,0.43128439823829373,-0.5949057135506131,-0.6248470335613264,0.8470902275634065,2.795378564803727,-0.7718408326192546,-0.5843297287845286,0
-0.0669738877615196,1.653940396634664,1.6713945348552135,-1.0014478592424594,-1.5300776481643006,-0.5848960393056271,1.2323447079737995,0.5850333598375776,1.1587053154821407,-0.4638967320189232,0.09255875401609873,3.030103928146213,0.43128439823829373,-0.5949057135506131,-0.6248470335613264,0.6857231348191913,0.15488841696801653,-1.6377166134827592,-0.7018837321050492,0
-0.13336742723084266,-0.3575296594175763,0.09165369147674007,0.5088796984326754,-0.936158144989211,-0.5848960393056271,0.3752706821162713,-0.5935670585283265,-1.080664651078614,1.446156939860196,1.228486559958928,0.009063122417187087,-0.02155516312068755,-0.5949057135506131,-0.6248470335613264,0.9754500148567089,2.2477117241884352,2.1350320427991707,0.12846457467643985,0
-0.13985686816123596,-1.6375560587235474,-0.7700231321842455,1.5157647368827654,0.8331472136630315,-0.5848960393056271,1.270749352046031,0.5036246043622967,-0.97264618540541,2.308189535451413,0.04978141643498807,1.0160767243268625,0.8841239595972751,-0.5949057135506131,1.600391689947671,-0.4047235649473102,-0.08958683549522858,0.44855951208191375,-0.325848323809359,0
-0.11819027886718482,-1.0889733161638455,0.5224921033072328,-1.0014478592424594,-0.519456558084108,0.5541420119224684,-0.43964765822149193,0.6497769795675683,0.7146309069441081,0.0713813183172188,-0.21307620304064387,0.009063122417187087,0.43128439823829373,-0.5949057135506131,-0.6248470335613264,1.5261046022589098,-0.13981964609558123,-0.5354890134005751,-0.18470919111382303,0
-0.10129897805249653,1.2882185682615295,-0.7700231321842455,1.5157647368827654,1.603326698425567,1.123661037536516,-0.08364870236277556,1.584817851117012,-0.45830391130398407,-0.9387014350840683,0.025346912855497825,-0.9979504794924884,-0.02155516312068755,-0.5949057135506131,1.600391689947671,-0.6637659207879805,-1.4505971036676661,1.996787826794124,-1.228395391988703,0
-0.13399427572424125,0.5567749115152602,1.6713945348552135,0.5088796984326754,-0.9447795571320753,0.5541420119224684,0.6413424221015841,-0.6270076987936114,-0.6743359251675937,-0.4309888722795943,-0.8965225953545304,2.023090326236538,0.43128439823829373,-0.5949057135506131,-0.6248470335613264,-1.1311616511699203,-1.3934399897197896,-0.7773427048152316,-1.8359537675645434,0
-0.03468694574445065,-1.6375560587235474,-0.7700231321842455,1.0123222176577205,-1.1440299711004924,-0.5848960393056271,-0.28631487618038287,-0.9063008370659297,-1.154554642476805,-0.44388788768549114,-0.10854568827998444,0.009063122417187087,0.43128439823829373,-0.5949057135506131,1.600391689947671,-0.5793207097183832,1.4693711347714142,-1.252557207364211,0.2266754066034732,0
-0.0837803836490232,1.4710794824480968,1.0969433190812232,-0.49800534001741437,-1.0338674826083387,1.123661037536516,0.4195477391615506,-0.89318412201981,-0.6990320414350328,-0.40894496948896014,0.6814424829914502,-0.9979504794924884,1.3369635209562563,-0.5949057135506131,-0.6248470335613264,2.1021569785378906,0.2715630888333361,-0.6344416743800205,-0.5741299939954092,0
-0.13687683224801261,-0.7232514877907109,0.809717711194228,-1.0014478592424594,-0.6842213234810682,0.5541420119224684,0.38788704297540133,-0.5601442041047843,-1.0141841283141575,-0.34230355180702027,0.8676396077881264,0.009063122417187087,0.8841239595972751,-0.5949057135506131,-0.6248470335613264,-0.9708895345704486,0.24524418469412756,-0.8594174371319429,-0.10244205111930438,0
-0.10972486363123982,0.7396358257018275,0.37887929936373527,-1.0014478592424594,0.5850421308850505,-0.015377013691579365,2.3402141275739137,0.7078567877896558,-0.8946890255722796,0.8852685012029254,-0.8769690030648359,1.0160767243268625,-0.02155516312068755,-0.5949057135506131,-0.6248470335613264,0.8650562696877264,1.069551169356114,1.6975330213966375,-0.9697717799557243,0
1.7773921257650556,-0.5403905736041437,0.6661049072507305,-0.49800534001741437,0.5706731106469435,1.123661037536516,0.3020168729389433,-1.2326380846954048,0.7980265997899224,-0.18893606370711594,-0.9171285381238291,1.0160767243268625,-0.02155516312068755,-0.5949057135506131,-0.6248470335613264,-0.6348613299649852,0.5230731446371752,-0.789556757322376,0.4578495376880657,0
-0.1360539067286481,-0.9061124019772783,-1.2008615440147383,0.005437179207630557,-0.8729344559415403,-0.015377013691579365,0.6455451954022925,2.13411303385932,0.8834324606979772,-0.5314759562529702,-0.2250634513400053,2.023090326236538,1.3369635209562563,1.680938638211487,-0.6248470335613264,-0.9700909260171238,-0.037227873935148766,-0.32463084005856085,-0.0970329443144363,0
-0.14193928844978498,0.1910530831421256,-0.7700231321842455,-0.49800534001741437,1.2766709716792677,-0.015377013691579365,2.0094476829201935,1.3537795147140805,0.6295801410248533,0.3576002047529561,1.4565862894931123,-0.9979504794924884,2.6954822050332004,-0.5949057135506131,-0.6248470335613264,1.8079127999176308,-0.8037274184396324,0.7381484506183715,1.0698701410246416,0
-0.11112782485492172,-1.0889733161638455,1.3841689269682185,1.0123222176577205,1.2469749965205132,0.5541420119224684,-1.1464612612860332,-0.4980697249424888,-1.2450721377344853,1.396603850655938,-0.8138536336323198,0.009063122417187087,-0.02155516312068755,-0.5949057135506131,1.600391689947671,-0.18592289639881665,-1.5041771035975837,-1.5524545954403572,0.4674724303494467,0
-0.13832668429817135,-1.4546951445369802,1.5277817309117159,1.0123222176577205,0.9816270894568039,1.123661037536516,0.5638357043437953,0.635114456690803,0.865428586418138,-0.8671987935778551,0.162956493522178,-0.9979504794924884,2.242642643674219,-0.5949057135506131,1.600391689947671,-0.006799643448736985,-0.318858859338915,-0.061954682563436926,-0.8003951450006962,0
-0.13568146197352002,-0.9061124019772783,0.5224921033072328,-0.49800534001741437,0.7373537454089848,-0.5848960393056271,0.6287640630387344,-0.6489443155187435,-0.48759703692893747,-0.3230965030727785,0.07898071450628423,1.0160767243268625,-0.9272342858386502,-0.5949057135506131,-0.6248470335613264,-1.2212249320029747,0.8370850945259891,-1.004272253895452,-0.07991936854785085,0
-0.13856149159665393,-0.5403905736041437,-0.9136359361277431,-0.49800534001741437,0.586000065567591,-1.1544150649196747,0.04135977470468224,2.541587283478644,0.7822207931217127,-0.8900648866629453,-0.514845028925339,0.009063122417187087,-0.47439472447966885,1.680938638211487,-0.6248470335613264,1.7198508875151488,-0.9426384955373532,-0.9076946709221703,0.7638580966446067,0
-0.13984593724407954,1.2882185682615295,1.3841689269682185,1.5157647368827654,1.4692158428699016,2.2626990887646112,1.699566730095849,-0.5983876786009521,-0.6537780533445947,0.8462381075135752,0.09167893075006775,-0.9979504794924884,-0.02155516312068755,-0.5949057135506131,1.600391689947671,-1.2592363812028542,-0.984237236885937,0.15527868083455487,-1.3435686720162492,0
-0.11854056887465886,1.2882185682615295,1.2405561230247208,-0.49800534001741437,-1.403630270068959,-1.1544150649196747,-1.7507464354336557,-1.167789531596029,-1.3906747593076785,-0.7349331902299849,0.0324904355047361,0.009063122417187087,-0.02155516312068755,-0.5949057135506131,-0.6248470335613264,0.12998321624703696,-0.009084743586866856,0.9611570748412973,-1.0827973028651248,0
-0.1267425852753653,1.2882185682615295,0.09165369147674007,-1.0014478592424594,1.32265183644121,-0.5848960393056271,0.3688776203379283,-0.5928577612904458,1.1137762743784128,-0.7990457955114384,-0.685601940894585,0.009063122417187087,0.43128439823829373,-0.5949057135506131,-0.6248470335613264,-1.3512185823372973,1.2985695278487053,-0.4211580340790015,-1.777346954429763,0
-0.12054892819645702,-0.17466874523100903,-1.0572487400712407,-1.5048903784675043,-1.0894276941956857,-0.015377013691579365,-0.5605856191397229,1.4712096067325968,0.4883249387209865,-0.7039123267008437,-0.2672713424166345,0.009063122417187087,-0.47439472447966885,1.680938638211487,-0.6248470335613264,-0.15684471728878302,-1.4285094865696248,-0.6888774153911382,-0.46486843001802675,0
-0.08681619352661715,0.1910530831421256,0.9533305151377256,0.005437179207630557,-1.6843051320533158,-1.1544150649196747,0.2609475454378207,-1.9331487713486721,-0.6352543160676342,-0.06920941883871615,1.4172615594694562,1.0160767243268625,0.8841239595972751,-0.5949057135506131,-0.6248470335613264,-1.0467994763114132,-0.7671131145817239,1.0099145554153588,-0.8282185762847064,0
-0.12918257322011,-0.7232514877907109,0.37887929936373527,0.005437179207630557,0.06967327167827927,-0.015377013691579365,-0.11747760451178502,-0.6462111969352059,0.8949911603635701,-0.5120563991888591,0.07193226309896388,1.0160767243268625,-0.9272342858386502,-0.5949057135506131,-0.6248470335613264,-0.28445562851973755,-0.2996921770872226,0.6951355386347392,-1.2762702295860524,0
-0.09940052232706317,0.3739139973286929,0.5224921033072328,-1.5048903784675043,-0.979265205703532,0.5541420119224684,-1.3211807745032158,0.1887387718846069,0.013720877852909362,1.3529644267714547,-0.6544654276837215,0.009063122417187087,2.6954822050332004,-0.5949057135506131,-0.6248470335613264,-1.0754578398601193,1.722266013550094,0.06461408810545229,3.095385448207044,1
-0.12899480073744876,-0.5403905736041437,-1.0572487400712407,1.0123222176577205,0.30340933421815325,-0.015377013691579365,1.2235102389702652,0.85039703187131,1.280381968045465,0.6436917161103897,-0.6255925443261371,-0.9979504794924884,-0.02155516312068755,1.680938638211487,1.600391689947671,0.268812180368416,-0.3758792012989343,0.36960452272559957,1.259514710465342,0
-0.13366518657537113,-0.7232514877907109,0.6661049072507305,-1.0014478592424594,-1.6220393776881854,-0.015377013691579365,1.3599158218998701,0.29707945452631584,1.9375911422038516,-0.8672054926380778,-0.1638263906186253,-0.9979504794924884,1.3369635209562563,-0.5949057135506131,-0.6248470335613264,-0.22649561003983243,-0.61508225333609,-0.14643837323248327,-0.7527652977787993,0
-0.10870422884367996,-1.4546951445369802,-1.3444743479582357,0.005437179207630557,-0.29913158109980054,-0.015377013691579365,0.7717848421487414,-0.6522278898106071,1.1212963340097688,-0.3275896918277205,-0.8850794421599614,-0.9979504794924884,-1.3800738471976315,1.680938638211487,-0.6248470335613264,0.43989199026967113,0.42262418978366484,0.2948514186797489,0.47001792740679055,0
-0.10635790401312475,-0.17466874523100903,-0.9136359361277431,-0.49800534001741437,-1.112418126576657,-0.5848960393056271,-0.7256061139789076,-0.1499007953083617,0.6598329594545702,0.7283604288039216,0.5014590066543791,1.0160767243268625,-0.9272342858386502,1.680938638211487,-0.6248470335613264,0.31995519781534487,-0.3978355816778747,0.9081755255394259,1.4358911318655916,0
-0.1397324750000616,-0.17466874523100903,0.809717711194228,0.005437179207630557,-0.7895941385605196,-0.015377013691579365,0.22049601855021797,-0.29633802029644224,0.6903179739863798,-0.23564255414057886,1.7499171987695277,-0.9979504794924884,1.3369635209562563,-0.5949057135506131,-0.6248470335613264,-0.7605638165858721,0.37618001980370663,2.0876037697896628,-0.528838414415372,0
-0.09823417992503831,1.4710794824480968,1.0969433190812232,0.005437179207630557,1.369590635885693,0.5541420119224684,-0.8698953607132722,1.175084845091439,-0.005092129009443662,-0.627214640304685,-0.00652815009718727,0.009063122417187087,-0.47439472447966885,-0.5949057135506131,-0.6248470335613264,-0.686051291682041,-0.30564152560394126,0.13669108618273568,-1.2452542038384395,0
-0.14044898366058217,-1.2718342303504129,1.3841689269682185,-1.0014478592424594,-0.028994000623388826,1.6931800631505638,-0.47838640574492997,-0.504370941140872,1.5557166040469654,-0.8030755817929404,0.69977160136979,1.0160767243268625,0.43128439823829373,-0.5949057135506131,-0.6248470335613264,1.3935070597155588,1.3739082294371119,1.0275303198419257,-0.7335334542042272,0
-0.131715218078323,0.5567749115152602,-0.3391847203537527,-1.5048903784675043,0.5103232256468941,-0.5848960393056271,0.5065724237553054,-1.7744053434165639,0.1279444759238502,0.7487522370249536,1.7853240564451922,-0.9979504794924884,-1.3800738471976315,-0.5949057135506131,-0.6248470335613264,0.08514073557146327,1.4323369785799163,-0.7108669605855222,-0.9098376866630391,0
-0.10180034791462926,-1.0889733161638455,0.37887929936373527,0.005437179207630557,0.6808355991390972,-1.1544150649196747,-0.07227969561830096,-0.20007167396425296,0.22827815555998898,-0.14475332490670956,-0.5396923844516788,1.0160767243268625,0.8841239595972751,-0.5949057135506131,-0.6248470335613264,-1.288615171030677,-0.6454499950051036,0.43002389326563806,-1.2994425395056657,0
0.5733738397521867,1.1053576540749621,-1.0572487400712407,-1.5048903784675043,0.3216100931864221,1.6931800631505638,-0.372904313402494,-1.4269348527587276,-1.0414402684974668,-0.8770675279367552,-0.23724464641761844,2.023090326236538,-1.3800738471976315,1.680938638211487,-0.6248470335613264,-0.18514618554444692,-0.8935259432451994,-0.5105076712608556,2.9441657118683855,1
-0.14186923712661503,0.3739139973286929,0.09165369147674007,-0.49800534001741437,0.4106980186626855,1.123661037536516,0.13144510690630506,-0.6290737585463207,-0.13331561410065643,-0.7830369825967073,0.3604198858207655,2.023090326236538,-0.47439472447966885,-0.5949057135506131,-0.6248470335613264,-0.35687580867754404,-0.48405994155271626,-0.8139930520988233,-0.6936516984762234,0
-0.0986803621793207,0.9224967398883949,1.2405561230247208,-1.5048903784675043,-0.8911352149098091,0.5541420119224684,0.3107982883051926,-0.6913911686748209,-1.3895666292062356,-0.08360793679240887,2.5465528310896524,0.009063122417187087,-0.9272342858386502,-0.5949057135506131,-0.6248470335613264,0.2232967175317095,0.33911841559165096,-0.5165675427205931,-0.39439621994531304,0
-0.12855249530903126,-0.9061124019772783,-1.0572487400712407,-0.49800534001741437,-0.19950637411559194,-1.1544150649196747,-1.722718384912336,-1.8871421696240065,0.8367096461747635,0.6332697366055292,0.5509403308615146,0.009063122417187087,1.3369635209562563,1.680938638211487,-0.6248470335613264,1.149611401543596,-1.0134980504088238,0.6045903779335532,0.37454591654765007,0
-0.1407464015780876,1.4710794824480968,-0.6264103282407478,0.5088796984326754,1.0381452357266914,1.123661037536516,-0.23010015264079625,-2.0923324324704002,1.0167600380259603,-0.05393758844820694,-0.2787183826451285,-0.9979504794924884,0.8841239595972751,-0.5949057135506131,-0.6248470335613264,-1.1392992148200989,-1.1256681766137586,-0.4684704111663002,0.3855196648179745,0
-0.13300469506900864,0.3739139973286929,-0.9136359361277431,-1.5048903784675043,0.251680861360968,-0.015377013691579365,-0.23577218166997946,0.0126122746319012,0.6772512327705477,-0.138700858088822,-0.8349512330493469,0.009063122417187087,-0.9272342858386502,1.680938638211487,-0.6248470335613264,-0.035418809962138656,-0.042024712970915146,-0.01773584755007721,0.9691705204420591,0
-0.13965933904340877,1.653940396634664,0.37887929936373527,-1.5048903784675043,-1.6038386187199165,0.5541420119224684,-0.721467434224807,-0.7044298987305458,-0.5201252396021234,-0.4857358207425336,-0.29703277330518535,-0.9979504794924884,-0.02155516312068755,-0.5949057135506131,-0.6248470335613264,-0.5360448823976255,0.8972961546503283,-1.096375883376124,0.19673722411468192,0
-0.1383681418499639,0.3739139973286929,1.2405561230247208,1.5157647368827654,-0.006003568242417617,-0.5848960393056271,-0.27745850756326507,0.0828459346543927,-0.10291448953310996,-0.44052268891832774,-0.6024234147553622,-0.9979504794924884,-0.02155516312068755,-0.5949057135506131,1.600391689947671,-1.1187217500993243,-0.7074626996922645,0.9036957715771748,-0.2884676881230846,0
0.06307411682809215,0.5567749115152602,0.23526649542023767,1.5157647368827654,0.41931943080554973,0.5541420119224684,-1.0334196643725289,0.029741783657800627,0.4545685138610391,-0.5626569503230061,-0.013674181108536567,-0.9979504794924884,-0.47439472447966885,-0.5949057135506131,1.600391689947671,-0.28015285610459695,0.8548571503399038,-0.5831420572156697,-0.3186566101648593,0
-0.14144151953249468,-0.5403905736041437,-1.631699955845231,0.5088796984326754,-0.546278729195241,0.5541420119224684,-0.240186412077836,-0.7403322875206856,-0.12941200315031026,0.19826308138098406,0.378963390005813,0.009063122417187087,-0.47439472447966885,1.680938638211487,-0.6248470335613264,-1.082563047493242,0.5009124955268793,0.03165904136183708,0.6086672935507714,0
-0.1398490095354474,0.7396358257018275,-0.3391847203537527,-1.0014478592424594,0.5313977886627844,-1.7239340905337224,1.791591698964528,-1.3720817490532433,0.08580237107092374,-0.8459272078047897,0.16990848136282893,-0.9979504794924884,0.43128439823829373,-0.5949057135506131,-0.6248470335613264,1.1787178172764416,0.03198434010262332,0.478176420073916,-0.513709571344821,0
-0.14137995764130434,1.2882185682615295,1.5277817309117159,-1.0014478592424594,-0.26464593252834373,0.5541420119224684,-0.7641245806684418,0.3096659476279674,-0.504923978093165,1.8513182597798161,4.617668988982093,2.023090326236538,-0.02155516312068755,-0.5949057135506131,-0.6248470335613264,2.6732402427331623,-0.19837812542699065,0.015338561953393282,0.5017667059538232,0
-0.12586104002393292,0.1910530831421256,-0.05195911246675751,-1.5048903784675043,0.454763014059547,-0.5848960393056271,-0.012283622941098655,-0.25351511596202997,-1.7601402425605264,-0.7538930640484932,-0.7807949930991719,-0.9979504794924884,1.3369635209562563,-0.5949057135506131,-0.6248470335613264,-1.3266115410635912,0.3868854593891873,-0.8859759372200763,0.41859054370400056,0
-0.13877870054447913,-0.17466874523100903,1.3841689269682185,1.0123222176577205,1.722110599060585,0.5541420119224684,0.8648375027884632,0.009438351955732345,0.39406304078476306,0.9249100611778911,-0.643930434750363,-0.9979504794924884,-0.47439472447966885,-0.5949057135506131,1.600391689947671,2.562303824887691,2.300381578675298,1.2916288031775534,-1.7682713235190297,0
-0.1319177917153774,0.7396358257018275,1.2405561230247208,0.5088796984326754,1.2881661878697532,-0.5848960393056271,-0.8631167742781473,-1.4246895043374048,1.390297998783006,2.3015893651806336,-0.25675958935715104,-0.9979504794924884,-0.02155516312068755,-0.5949057135506131,-0.6248470335613264,-1.3729096630957849,3.4022293986380188,-0.13775974874947985,0.6023957794421917,0
-0.12985134169415294,0.1910530831421256,-0.7700231321842455,-0.49800534001741437,-0.39779885340146864,1.123661037536516,-1.036529578114808,1.4436660144486886,-1.2289596570540795,-0.5804759321224126,-0.7010899409945868,-0.9979504794924884,-0.02155516312068755,-0.5949057135506131,-0.6248470335613264,-0.12701461053203258,-1.3147586015647137,0.22247858428980039,-0.5620704969142897,0
-0.13963796915495022,0.7396358257018275,-0.9136359361277431,-0.49800534001741437,1.0563459946949603,0.5541420119224684,-0.2827992219752781,-0.3965696723512672,-0.7406011076655578,1.3657814118409695,-0.9914198839928272,0.009063122417187087,0.8841239595972751,1.680938638211487,-0.6248470335613264,-0.7917135076607131,-0.9422580232953655,-0.9887408822276775,1.1336171989491968,0
-0.14186060886647317,-0.5403905736041437,1.6713945348552135,-1.0014478592424594,-0.7484029472112795,-1.1544150649196747,0.17743262660361178,-0.3376631208647761,0.6624280260118893,-0.08065346105134079,3.85863388519799,0.009063122417187087,-1.3800738471976315,-0.5949057135506131,-0.6248470335613264,-0.37822872229436316,0.09726995394726384,-0.8453066523635452,-0.7339419952318946,0
-0.08905317572377586,-1.0889733161638455,-1.2008615440147383,-1.5048903784675043,-1.1401982323703306,-0.015377013691579365,0.054943111275085,-0.36570230000504605,-0.7597404919290947,1.6743341611553304,0.5451418262007733,-0.9979504794924884,1.3369635209562563,1.680938638211487,-0.6248470335613264,0.5183249080757657,0.09307431797999065,0.1464808006835917,1.6741869142851369,0
-0.1317347474774569,0.3739139973286929,-0.1955719164102551,0.5088796984326754,1.5305236625524914,1.123661037536516,-0.12364799208175013,-0.3112241127778104,-0.5302223264597046,-0.15338785262200388,-0.6786729272802479,1.0160767243268625,1.7898030823152375,-0.5949057135506131,-0.6248470335613264,-0.49262313624560944,0.627344777684958,0.8656368568160465,-1.2686233885233549,0
-0.14173543074790945,0.008192168955558287,-0.7700231321842455,1.5157647368827654,-0.7962996813383029,0.5541420119224684,1.9564731959776458,1.4579207875396198,0.3989191538190872,-0.20577428603408437,-0.7143447153541549,-0.9979504794924884,0.8841239595972751,-0.5949057135506131,1.600391689947671,0.47733440386809445,0.06323904006097333,-1.30132327196317,-0.503740696160341,0
-0.12268210828912869,-0.3575296594175763,-1.3444743479582357,1.5157647368827654,-1.6555670915771017,0.5541420119224684,1.057728008257593,-0.7458897125748944,-1.443812911185788,-0.18582912161222773,1.9807973673203145,-0.9979504794924884,-0.47439472447966885,1.680938638211487,1.600391689947671,0.8325828763731058,-0.17768061609399477,0.7341100005039166,0.3921400718932727,0
-0.13847975142683513,-1.6375560587235474,0.9533305151377256,0.5088796984326754,-0.15065170530602814,-0.5848960393056271,0.6724964632175153,1.1648932820294777,1.872357839594974,2.1328848527742856,-0.7957633219958271,0.009063122417187087,0.43128439823829373,-0.5949057135506131,-0.6248470335613264,0.05175070808588513,-1.252334994435519,1.03723335563519,0.5456280364202046,0
-0.09213884906886285,-0.9061124019772783,-1.3444743479582357,1.0123222176577205,0.16642467461486643,0.5541420119224684,0.27774681585375127,-0.5113460096739106,-0.7555121136090432,-0.6917231041749508,-0.5026326981864475,2.023090326236538,1.3369635209562563,1.680938638211487,1.600391689947671,-0.2177061719956553,-1.1540667742959323,-0.6223741659452904,1.4360693403452793,0
-0.1090878238567429,0.7396358257018275,1.2405561230247208,0.5088796984326754,0.6750879910438544,1.6931800631505638,-0.6881190343940651,-1.8142580659547425,0.009210024453605593,-0.40195578205190297,-0.8108507810306517,0.009063122417187087,0.43128439823829373,-0.5949057135506131,-0.6248470335613264,-0.06345508060669505,1.103324261673197,-1.4325436813344783,-0.9283802910316005,0
-0.06157421413809515,-0.17466874523100903,0.809717711194228,0.5088796984326754,0.5821683268374291,-0.015377013691579365,-1.4333385929179752,1.5141283789808466,-0.3615668878268964,-0.07709303269589876,-0.17543501078233126,0.009063122417187087,0.43128439823829373,-0.5949057135506131,-0.6248470335613264,0.24377268966380383,-1.077279135810977,-0.8080941690998245,0.5392047728786755,0
-0.11806706960239838,0.1910530831421256,1.6713945348552135,-1.5048903784675043,-0.8030052241160861,1.6931800631505638,1.3794986265894733,-0.6992496472413474,0.8126842662540223,2.534005582267292,0.14881714474686286,0.009063122417187087,-0.9272342858386502,-0.5949057135506131,-0.6248470335613264,-0.26581294340848477,3.1783400526448897,0.31331047915066795,0.8888367197760707,0
-0.07927893246818782,0.9224967398883949,-0.7700231321842455,0.005437179207630557,0.08500022659892675,-1.1544150649196747,0.03737379077001704,2.1273914171849984,-0.0616020208181258,0.925852826116651,-0.84801761930365,-0.9979504794924884,0.43128439823829373,-0.5949057135506131,-0.6248470335613264,0.15895358288220926,-0.8892710709299082,-1.4501962786307137,-0.7005879195845368,0
-0.12268459765711741,0.7396358257018275,0.09165369147674007,1.0123222176577205,1.2632598861237012,-0.015377013691579365,-1.9770983794925212,0.18633199929555166,-0.9264616127413122,2.7458659465648054,-0.14581064753597453,-0.9979504794924884,0.43128439823829373,-0.5949057135506131,1.600391689947671,0.9199146277364777,2.1535140515002515,-1.3313076045319583,0.5208681960931422,0
-0.08084557193035789,0.5567749115152602,1.5277817309117159,-0.49800534001741437,0.21144760469426838,-0.015377013691579365,2.590993780427358,0.10097412790244732,-0.8027669551403711,1.8023180221434418,1.473858259503785,-0.9979504794924884,-0.9272342858386502,-0.5949057135506131,-0.6248470335613264,-0.5529428667150873,-1.1160768607233396,-1.406946956335713,0.5849820978406591,0
-0.11777158426843969,0.7396358257018275,1.0969433190812232,0.5088796984326754,1.6675083221557783,-0.5848960393056271,0.6579519634291265,-0.2371640925355746,0.778592499055308,2.0251803953858323,0.26203457950893994,-0.9979504794924884,1.7898030823152375,-0.5949057135506131,-0.6248470335613264,0.8641488606464296,0.10902832519626528,-0.8300684177880586,1.591149515855023,0
-0.1378036853559867,0.008192168955558287,0.23526649542023767,1.5157647368827654,0.07637881445606254,1.123661037536516,-1.6569739364163407,-0.4226557372214183,-0.0791088230304332,-0.9108042563999996,-0.21899559803617083,1.0160767243268625,0.43128439823829373,-0.5949057135506131,1.600391689947671,-1.5131238503709792,-0.3930354388328004,0.24518812672363155,-0.5860256925385827,0
-0.11346730234335142,0.3739139973286929,-1.2008615440147383,1.0123222176577205,-0.8259956564970573,1.123661037536516,2.1283161009829734,0.056346509940128804,0.12190938205610435,-0.32151010076860914,0.15597301163232874,0.009063122417187087,1.7898030823152375,1.680938638211487,1.600391689947671,-1.0786558516032252,1.6329110824723738,-1.4699576391843663,0.31825326393148434,0
0.016454628447061585,-0.5403905736041437,-1.4880871519017334,-1.5048903784675043,0.280418901837182,-0.5848960393056271,1.7304760480158148,-0.6209609877496278,3.1453169631187308,-0.6509490142221004,0.10623162355408908,1.0160767243268625,-0.9272342858386502,1.680938638211487,-0.6248470335613264,0.7344469551998046,-0.6860501260064201,1.3503737461187753,2.4918591284270795,1
-0.13701031566372335,-1.0889733161638455,0.9533305151377256,-1.5048903784675043,-0.9466954264971562,-0.015377013691579365,-0.17531476689040132,-0.18594679347168472,-0.290419411243002,-0.8061487722660736,-0.2130219436627968,-0.9979504794924884,-0.9272342858386502,-0.5949057135506131,-0.6248470335613264,0.5003363444694438,-0.08092749174255054,-0.35135487034264834,-0.6397513721267348,0
0.3223830914519435,-1.0889733161638455,-0.6264103282407478,-0.49800534001741437,0.26221814286891315,-0.5848960393056271,-0.41486681946415055,0.3401099147755309,1.6302429998870227,-0.36127186991954613,-0.41056791759628536,-0.9979504794924884,1.7898030823152375,-0.5949057135506131,-0.6248470335613264,1.0997070613889297,1.9461745813618692,-0.1295002294196763,-0.3219744868706049,0
-0.13931194799479585,1.4710794824480968,-0.9136359361277431,0.005437179207630557,-0.9620223814178037,0.5541420119224684,1.4567146501210704,-1.2601814119835792,-0.25524454037932715,0.7706701416950273,0.6246273204085955,-0.9979504794924884,-0.47439472447966885,1.680938638211487,-0.6248470335613264,1.329103702041756,-1.4266816005483849,-0.7205297771296484,0.7482819125788618,0
-0.13557506482713255,-1.6375560587235474,-1.631699955845231,1.5157647368827654,1.1712981565998164,-1.1544150649196747,0.7224422602553925,-0.35740372033509804,0.540093977930412,-0.8096294845299542,2.2958819196883344,1.0160767243268625,0.8841239595972751,1.680938638211487,1.600391689947671,-0.23487516865474897,-1.4648677401281416,-1.444270646969744,1.0291642832256296,0
-0.12872651685352465,-1.0889733161638455,-0.48279752429725026,0.5088796984326754,-0.0529423676869005,-1.1544150649196747,-0.1621367633591065,0.23402588396470286,-0.7453373921043449,1.3224717758613678,2.0440108189259063,0.009063122417187087,1.3369635209562563,-0.5949057135506131,-0.6248470335613264,-0.246126794581795,0.740253952970958,0.053546935718046036,0.09748448258876095,0
-0.1386968765648599,1.4710794824480968,-0.7700231321842455,1.5157647368827654,1.441435737076228,-1.7239340905337224,-0.4795316834695077,-0.2145114522774709,-0.5803488187985841,-0.7386414634220125,-0.8429289254623301,1.0160767243268625,1.3369635209562563,-0.5949057135506131,1.600391689947671,0.7292267058226073,-1.3418892950317072,-1.1944178614924346,-0.16766481015887313,0
-0.09783175256591632,0.7396358257018275,0.6661049072507305,-1.5048903784675043,1.5966211556477836,-1.1544150649196747,0.17421274302556908,-0.9552282110801078,1.0519459038170733,-0.5481085306323689,0.05702123249465556,0.009063122417187087,-0.02155516312068755,-0.5949057135506131,-0.6248470335613264,1.3434890061717704,0.2556002386166075,1.926538105637129,-2.029681610092909,0
-0.06861122576005274,-1.2718342303504129,-0.7700231321842455,-1.0014478592424594,0.3359791134245291,-1.1544150649196747,0.4976647079115301,-1.497232127313711,1.852578230171511,-0.6103323175173542,-0.5147109215468759,-0.9979504794924884,-1.8329134085566128,-0.5949057135506131,-0.6248470335613264,-0.5834448496974063,0.9254573224927172,-0.7419180372847844,-0.8015230200594624,0
0.2230463136773264,-0.7232514877907109,-0.1955719164102551,-1.0014478592424594,1.029523823583827,0.5541420119224684,1.6763868979085568,0.7244572875705775,-0.6346690313468879,2.1294418829502155,-0.5993503146108212,-0.9979504794924884,-0.47439472447966885,-0.5949057135506131,-0.6248470335613264,0.28373509079201853,-0.02565129854361779,1.3713722436386648,1.230255199681674,0
-0.09490988421685365,-1.6375560587235474,1.6713945348552135,1.0123222176577205,-1.543488733719867,1.123661037536516,-0.9834691469528127,0.26188406183576685,2.0600532236266518,-0.7056719910295279,-0.11823680252893505,0.009063122417187087,-0.02155516312068755,-0.5949057135506131,1.600391689947671,0.00021076778289863413,-1.3696628818151948,-0.5432532536459256,-0.4235673514803978,0
-0.1413707586125691,0.5567749115152602,-0.48279752429725026,1.5157647368827654,-0.8173742443541931,-0.015377013691579365,-0.1255522564808249,0.42387335334158793,-0.7300932678953608,-0.18623740427132937,0.5004524820495002,-0.9979504794924884,-0.02155516312068755,-0.5949057135506131,1.600391689947671,0.8368394824899016,-0.7945277401866843,-0.1213223216941255,-1.0483631018550112,0
1.4383158084691272,1.2882185682615295,1.5277817309117159,1.0123222176577205,0.39824486778965945,-1.1544150649196747,-0.7264164750815542,-0.2733411230401021,-0.9341899168966954,-0.05934750279824637,-0.8123538321103515,0.009063122417187087,-0.02155516312068755,-0.5949057135506131,1.600391689947671,2.1190224972450227,0.02361408041308865,0.26159644769851154,0.8742154944240367,0
-0.1412162014961796,0.7396358257018275,1.0969433190812232,-0.49800534001741437,0.5400192008056486,0.5541420119224684,-1.923047865525015,-2.542423246828394,0.26901250442866825,-0.09397453689383387,1.8326341111403732,1.0160767243268625,-0.02155516312068755,-0.5949057135506131,-0.6248470335613264,0.01319505835873163,-0.16657905139330698,1.497509397785605,-0.42774190479691154,0
0.1624193304637334,0.5567749115152602,-0.1955719164102551,1.0123222176577205,0.7325640719962825,1.123661037536516,-0.5383210600601325,-0.42151361303651325,-0.9544975437598832,-0.8361121941410826,-0.7861785936400639,2.023090326236538,-0.47439472447966885,-0.5949057135506131,1.600391689947671,0.2514763398541947,0.6210133950733243,-0.8609170600239711,-0.9298939980185488,0
-0.13913253729545363,1.2882185682615295,-1.4880871519017334,1.5157647368827654,-1.622997312370726,-0.5848960393056271,0.9278759626630984,-0.19902969943322746,-1.3320947189122065,-0.5454072063818322,-0.9235939231508256,-0.9979504794924884,0.8841239595972751,1.680938638211487,1.600391689947671,0.37390785718566716,1.3421263023111583,-0.25595560345505813,1.1022312612062184,0
-0.14161326712879596,1.1053576540749621,-1.0572487400712407,-0.49800534001741437,0.21911108215459213,-0.5848960393056271,0.848273253186424,-1.4114652028616703,-0.05879192941950296,-0.6244882727276028,-0.9375740831683275,0.009063122417187087,0.43128439823829373,1.680938638211487,-0.6248470335613264,-0.14679600022654854,-1.1772400395594458,3.599478863849716,0.6424007898556285,0
-0.10441001123453131,0.7396358257018275,1.3841689269682185,1.0123222176577205,-0.9150835819733207,0.5541420119224684,2.614555085719557,1.6477091921007248,1.1781963725899869,1.2501072323851057,0.38951461274274757,1.0160767243268625,0.8841239595972751,-0.5949057135506131,1.600391689947671,1.0655137990964985,-0.43730225394629424,-0.9156391912641403,0.32607924626485707,0
-0.07091027178092457,-1.2718342303504129,-0.05195911246675751,1.0123222176577205,-1.5463625377674886,-0.5848960393056271,1.5267430310582923,-1.716528903770253,0.10413351798005746,3.052568063160205,-0.9481973226268212,3.030103928146213,-0.02155516312068755,-0.5949057135506131,1.600391689947671,-0.24672495390635032,-1.5299024170909157,-1.0887001233793712,0.8332745233537695,0
-0.14044978010830017,-0.3575296594175763,-0.1955719164102551,-0.49800534001741437,1.373422374615855,2.2626990887646112,0.4594698372932429,-0.5536004998794084,-0.047064451539364796,-0.5503845602445515,-0.8448443769756896,0.009063122417187087,1.7898030823152375,-0.5949057135506131,-0.6248470335613264,-1.2116869195676734,-0.4127587869021975,0.008482461146949066,-0.17225235699111993,0
-0.14185852723512465,0.008192168955558287,-0.9136359361277431,-1.5048903784675043,-1.3260375607831811,-0.015377013691579365,-1.6158442169027356,0.9292281463041492,1.8982228289983625,2.745507441418089,-0.7817526272972257,-0.9979504794924884,-1.3800738471976315,1.680938638211487,-0.6248470335613264,0.06799495133629094,-0.721643174704236,-0.6168010074916968,1.5379365091140893,0
-0.13410385027123017,0.5567749115152602,-0.48279752429725026,1.5157647368827654,1.451973018584173,0.5541420119224684,-2.41992373475983,-0.9669965039004867,1.0759485803137117,-0.9024105617469999,-0.3918649497315927,3.030103928146213,-0.47439472447966885,-0.5949057135506131,1.600391689947671,-0.10074820750728002,0.7058465187185426,-1.528260652451531,-0.9284591776235963,0
-0.14113978888151416,-1.6375560587235474,-1.2008615440147383,1.0123222176577205,-0.2914681036394768,-0.015377013691579365,1.2860943132823546,0.3491024276296897,0.25143019777212455,1.6113017426719005,-0.7797422343155664,-0.9979504794924884,1.3369635209562563,1.680938638211487,1.600391689947671,2.0128412308033927,-0.011313981096141314,1.4316871850273325,1.8036484699275364,0
-0.0720677299334949,-1.2718342303504129,-1.0572487400712407,-1.0014478592424594,-1.096133236973469,-0.015377013691579365,-2.383345382896496,-1.3266649371639287,-0.44814089421054154,-0.8596561327044446,0.8032766514591474,0.009063122417187087,-0.02155516312068755,1.680938638211487,-0.6248470335613264,0.6575196650292937,-1.2958584500300514,1.0831231678304598,0.7955360445218161,0
1.9056616812787859,0.1910530831421256,1.6713945348552135,-1.5048903784675043,0.30628313826577463,-1.7239340905337224,2.327905679873565,0.9717127585793153,-0.16553361215898527,-0.4498220046132147,-0.626213488150231,-0.9979504794924884,-0.9272342858386502,-0.5949057135506131,-0.6248470335613264,-0.6633801715389898,0.939820874752637,-1.213787116265132,1.1769386827341135,0
-0.1294519627147743,-0.9061124019772783,1.3841689269682185,-1.5048903784675043,-1.2072536601481632,-0.015377013691579365,2.159392715358738,-0.8796042111459667,2.236114388644409,-0.3119610426943021,0.30573401962747765,-0.9979504794924884,-0.47439472447966885,-0.5949057135506131,-0.6248470335613264,-0.044276448153470704,-1.3759239077620327,-1.0687619284087595,-0.4743357358517132,0
-0.035342248014492476,-1.4546951445369802,0.09165369147674007,-1.0014478592424594,0.9222351391392949,1.123661037536516,-1.2829207945990222,-0.35270757478084097,0.433372761286039,-0.6385206161646438,-0.19732034396680584,0.009063122417187087,-0.47439472447966885,-0.5949057135506131,-0.6248470335613264,0.8992285519726751,-0.9663702968939712,1.8604569885553184,-0.9208787296656958,0
-0.09996373038881562,-1.0889733161638455,1.2405561230247208,1.0123222176577205,-0.05773204109960284,-0.5848960393056271,0.016058951897799937,2.1154036832222864,-1.1529569997259053,0.023459284511081258,-0.5103691765100727,0.009063122417187087,1.3369635209562563,-0.5949057135506131,1.600391689947671,-0.06490710583121508,-0.6520711414037688,-0.8478770919159826,-1.147442306837076,0
-0.13802633049112698,0.5567749115152602,0.9533305151377256,-0.49800534001741437,0.14056043818627384,-0.5848960393056271,-0.4880022249012731,0.04989115382787903,2.2336890379021948,-0.7191962511712192,-0.573211210688508,-0.9979504794924884,1.3369635209562563,-0.5949057135506131,-0.6248470335613264,-1.5342478999251854,-1.2194217572622335,-1.0277073252731928,-1.1812149473377918,0
-0.13454715670630046,0.9224967398883949,0.6661049072507305,1.5157647368827654,0.9576787223932922,-0.5848960393056271,-0.04451551267465488,0.09301434691691397,-1.2379380052092075,0.37580706601813213,-0.600462844169037,0.009063122417187087,1.3369635209562563,-0.5949057135506131,1.600391689947671,-0.8310118424658413,-1.0179695305422543,0.17558553284038528,-0.6459198006266726,0
-0.13915222448703268,0.008192168955558287,-0.1955719164102551,1.0123222176577205,-0.7982155507033838,0.5541420119224684,-1.3998987758341666,0.05830114140473197,0.041831294983261436,-0.46828964872995593,-0.6415339991057332,-0.9979504794924884,0.8841239595972751,-0.5949057135506131,1.600391689947671,0.6021340029174576,0.47289674117332037,0.9525812886882707,-0.38302826850279925,0
-0.12404743137378609,-1.6375560587235474,-0.6264103282407478,-1.5048903784675043,1.6770876689811829,-0.015377013691579365,-0.7508391697502086,0.5570159609500317,1.1576663359886104,-0.027991874676984736,-0.16732759053840016,0.009063122417187087,-0.47439472447966885,-0.5949057135506131,-0.6248470335613264,-1.94334909633664,1.131213046805337,1.3693951043984085,-0.6370941162922708,0
-0.11999814515664495,-1.0889733161638455,-0.9136359361277431,1.0123222176577205,0.4317725816785758,1.6931800631505638,0.09235659226640835,0.2611038323761623,-0.9519104719280137,-0.8308203189334532,1.5271153296938933,0.009063122417187087,-0.47439472447966885,1.680938638211487,1.600391689947671,-0.058862343538107695,-0.27624666153473576,0.1510198662370017,2.2244108847300006,0
0.4103086394469376,-1.4546951445369802,-0.6264103282407478,-1.5048903784675043,0.38674965159917385,0.5541420119224684,-0.46253872846044386,-0.42343738675275444,1.6638229722125681,-0.7092421230126665,-0.45292464079239847,-0.9979504794924884,-0.9272342858386502,-0.5949057135506131,-0.6248470335613264,2.2957938268928126,0.5997383145088752,0.7086451307801526,0.30198076989544187,0
0.028873883739903197,-1.6375560587235474,0.9533305151377256,1.5157647368827654,-0.778098922370034,-1.1544150649196747,-0.47631935978152123,-0.9271697733107346,-0.7663611496605793,0.9324237342620271,-0.38036536398697884,0.009063122417187087,0.8841239595972751,-0.5949057135506131,1.600391689947671,-1.0722984566144234,-0.30741301553110884,-0.6993647560911708,-0.14895264224061847,0
-0.12947319505584592,1.1053576540749621,-0.7700231321842455,-1.5048903784675043,-0.5692691615762122,-1.1544150649196747,1.4352313570592485,-0.16669772626831245,-0.8810147268384957,-0.5546026793292806,0.3900993956364873,-0.9979504794924884,0.8841239595972751,-0.5949057135506131,-0.6248470335613264,1.1033113333190987,-0.8001472479863734,-1.0621198879596963,-1.4787960798013633,0
-0.13353604627850613,0.3739139973286929,0.9533305151377256,1.5157647368827654,-0.7608560980843057,-0.5848960393056271,0.7002127674508719,-0.16843605694633415,-1.2240090825680137,-0.5301206916677331,1.939726234738252,0.009063122417187087,1.3369635209562563,-0.5949057135506131,1.600391689947671,-0.7914388262956581,1.0705066411910966,-1.3891098522981902,0.057723290042181505,0
-0.12283471209815329,-0.9061124019772783,1.3841689269682185,1.0123222176577205,0.2603022735038322,-0.5848960393056271,-0.21767585502274922,-1.2272365546144588,-0.11291154205446534,0.9152889152451041,-0.12145543842621474,0.009063122417187087,0.8841239595972751,-0.5949057135506131,1.600391689947671,-0.8500110952970543,-1.1249244628894597,0.43102922889270445,-0.13681470299911905,0
-0.07631973212471507,0.3739139973286929,-0.05195911246675751,0.5088796984326754,0.6271912569168311,1.123661037536516,-0.9649203374657179,-1.116153618324555,-1.5991411061812832,1.2578180996376178,-0.13988228718470283,-0.9979504794924884,-0.02155516312068755,-0.5949057135506131,-0.6248470335613264,-1.3426097977832254,1.3886534509465738,-0.15422554371985764,-0.07687817913645086,0
-0.002070165900747191,0.008192168955558287,0.23526649542023767,1.0123222176577205,-0.9198732553860232,0.5541420119224684,0.7372225321213829,0.2681632053842689,-0.699829096453962,-0.7441918528904421,-0.9771226970292506,-0.9979504794924884,-0.02155516312068755,-0.5949057135506131,1.600391689947671,-0.497429933251933,-0.7322632448084354,-0.44715380133944266,-0.20074372024671364,0
-0.08260951524468445,-0.3575296594175763,1.5277817309117159,1.0123222176577205,0.07925261850368394,1.6931800631505638,-0.5454590408478555,0.8193375910894569,1.3831765073330704,-0.6499256824393272,-0.5221017647767487,-0.9979504794924884,1.3369635209562563,-0.5949057135506131,1.600391689947671,-1.2414845712475389,-1.0463043149397158,-0.6261103160182158,-0.6442982221144409,0
-0.14072147675722854,1.1053576540749621,-0.3391847203537527,-1.0014478592424594,-1.137324428322709,0.5541420119224684,0.5120036166215834,-0.24786483536875023,0.1966647358172789,-0.24632824917320753,1.2719387071231574,2.023090326236538,0.43128439823829373,-0.5949057135506131,-0.6248470335613264,-0.18602866762861497,1.3165606415941904,1.9256844734169725,-0.9976114361590626,0
-0.1392190781432924,1.1053576540749621,-1.4880871519017334,0.005437179207630557,-0.5999230714175071,-0.015377013691579365,0.5665704572136602,-1.9243906373287336,-1.25405122602509,-0.5008565381227444,-0.2891290211577958,0.009063122417187087,-0.9272342858386502,1.680938638211487,-0.6248470335613264,-1.9246179633880396,-0.3025519635173795,-0.07200248396751585,0.20968226391119954,0
-0.13319915755581793,1.2882185682615295,1.6713945348552135,1.0123222176577205,1.517112576996925,1.123661037536516,1.08543194165041,0.17020782267263357,-1.3672927993283757,-0.7020051241801498,0.5609876608683344,1.0160767243268625,-1.3800738471976315,-0.5949057135506131,1.600391689947671,-0.9863532880562131,0.741183216019438,0.49370213640822397,0.16163260119967,0
-0.13933098599983212,-0.17466874523100903,-1.4880871519017334,-1.5048903784675043,1.4922062752508727,1.6931800631505638,1.655707229662682,-0.2355833768759105,0.9604816995378486,-0.9261302304211225,-0.39015566597413825,-0.9979504794924884,-0.02155516312068755,1.680938638211487,-0.6248470335613264,0.6499631076386124,-0.966332567245184,-0.00815772372101082,-0.39332139855519116,0
0.7518932990123796,-0.17466874523100903,0.809717711194228,-0.49800534001741437,-1.5885116637992691,-1.7239340905337224,0.03408542380299277,0.06191256306167606,-0.9329260751009435,-0.6196259008065697,-0.9335224766960177,0.009063122417187087,-0.47439472447966885,-0.5949057135506131,-0.6248470335613264,0.5399236500326008,-0.8793618028671699,-0.8679685103397977,0.8628105779754217,0
-0.12475267371468428,0.9224967398883949,0.37887929936373527,1.5157647368827654,0.8312313442979505,-1.1544150649196747,-0.23894407041701124,-1.3963889327241519,0.2713421836519687,-0.6975801770192563,0.21131461863207252,1.0160767243268625,0.43128439823829373,-0.5949057135506131,1.600391689947671,-1.4884062940684304,0.9708369505457844,-1.1531493017100902,-1.6235154401240506,0
-0.13352193343275148,-0.9061124019772783,-0.6264103282407478,1.5157647368827654,1.3609692237428288,1.123661037536516,1.101000871376861,-1.7470140224076336,-0.43043007893718177,-0.395798635876678,0.5865441553923917,0.009063122417187087,-0.02155516312068755,-0.5949057135506131,1.600391689947671,-1.2547101124917086,-1.32546495640514,-0.4637934471288552,-1.3329438041200052,0
-0.13796611974314754,-0.7232514877907109,-1.4880871519017334,-1.5048903784675043,0.8264416708852482,1.123661037536516,-0.9396611928007526,1.006727218571344,-1.5682085302172828,-0.6016030644692621,-0.8283734047112538,2.023090326236538,2.242642643674219,1.680938638211487,-0.6248470335613264,-1.2256308417268533,-0.7109922744086321,-0.5132225911668494,0.34211468287997127,0
-0.1410188809260524,-0.5403905736041437,0.9533305151377256,0.5088796984326754,-0.9725596629257488,-0.015377013691579365,1.8077571251744693,-0.293436553054576,2.3634619370489722,0.6610591605096039,0.3110126200626086,0.009063122417187087,1.3369635209562563,-0.5949057135506131,-0.6248470335613264,0.044215296919864575,-0.8992423399651854,2.088519628575375,-0.38240534184200864,0
-0.13102674042413456,-0.7232514877907109,0.6661049072507305,0.5088796984326754,0.35226400302771704,-1.1544150649196747,0.5968304656782014,1.2003954310663816,0.286440093604149,-0.5299464356689976,3.3815732514466648,-0.9979504794924884,2.242642643674219,-0.5949057135506131,-0.6248470335613264,-0.22302099361518257,-0.6731512114003337,2.22110371120123,-0.8630888463552907,0
-0.13564158743376342,-0.9061124019772783,0.37887929936373527,1.5157647368827654,-0.6420721974492877,0.5541420119224684,0.23575754609538302,0.719823292541195,-0.6476297621355541,-0.6977198857679247,0.4728387266395532,0.009063122417187087,-0.02155516312068755,-0.5949057135506131,1.600391689947671,1.5300248635895601,-0.5219420665421622,0.8088393553599854,-1.5205018803727064,0
-0.12948615474180392,-0.17466874523100903,0.09165369147674007,-0.49800534001741437,-0.357565596734769,2.2626990887646112,-0.04743808250678723,-1.086936112576357,1.1764380967562158,1.2998586752039976,0.22162689697450016,-0.9979504794924884,-1.3800738471976315,-0.5949057135506131,-0.6248470335613264,-0.1506192857688786,1.034947690296824,-0.0694544350999869,0.27200104404027886,0
0.836211011492218,0.5567749115152602,-0.9136359361277431,0.5088796984326754,-1.701547956339044,-0.5848960393056271,0.5101291161139584,1.3308889299124893,0.8665512174259922,0.48604841213969036,0.5132173792463842,1.0160767243268625,0.8841239595972751,1.680938638211487,-0.6248470335613264,-1.0678598823011032,2.6821065961685937,1.0613439108421192,1.6675774652006723,0
-0.02489902059008685,0.5567749115152602,-1.3444743479582357,-1.5048903784675043,-1.1689362728465444,1.123661037536516,-0.27801943748100755,0.29219599751920683,-0.29751894025767595,-0.6011665826910455,-0.20750630517028434,2.023090326236538,1.3369635209562563,1.680938638211487,-0.6248470335613264,-0.6378671378930256,-0.6692319421685619,2.017403989698552,-0.5018197691457242,0
-0.05081582601976933,-1.4546951445369802,1.6713945348552135,1.0123222176577205,1.4931642099334133,0.5541420119224684,0.10700089509168494,-1.6034064014627465,-0.006269133194045929,-0.617791213646159,-0.9064875803524174,-0.9979504794924884,-1.3800738471976315,-0.5949057135506131,1.600391689947671,-1.4980424131583892,0.23548349853138376,-1.0921531479788753,-2.06750338989525,0
1.0714900263970526,1.4710794824480968,0.6661049072507305,-0.49800534001741437,1.1291490305680358,-0.015377013691579365,0.39704648551254845,-0.1648382586379516,0.6961679415524965,-0.643223069192579,-0.42957479253980746,-0.9979504794924884,-0.02155516312068755,-0.5949057135506131,-0.6248470335613264,-0.6162937947064777,-0.9124100553741907,1.6792065172656612,0.809350214830181,0
-0.14056705964413624,-1.2718342303504129,1.6713945348552135,-0.49800534001741437,0.6386864731073166,-0.015377013691579365,0.767694791874792,1.7709485500569904,-0.7565184833895088,0.7352057687001434,-0.26135618493728396,0.009063122417187087,-0.9272342858386502,-0.5949057135506131,-0.6248470335613264,-0.7855466853445465,-0.2741248142622353,0.2805034813770072,-0.34518139371621875,0
-0.13867228789967664,-0.17466874523100903,-0.48279752429725026,-0.49800534001741437,-0.18705322324256587,0.5541420119224684,-0.46348572385008185,0.5042744691535456,-1.0987075130583905,-0.08251789391865101,-0.07754828657842652,1.0160767243268625,-0.9272342858386502,-0.5949057135506131,-0.6248470335613264,1.0708071434053903,1.0561114635126165,-0.9428613246124685,-0.6532656257241516,0
-0.09253125305097853,-0.9061124019772783,-1.631699955845231,0.5088796984326754,-0.21770713308386083,-0.015377013691579365,0.5797747348630323,-1.8108482233889538,0.42569956769376055,0.5964457552887953,-0.8224500068646862,-0.9979504794924884,-1.3800738471976315,1.680938638211487,-0.6248470335613264,-1.068417451083775,-0.6143400084172624,-1.1743630229728141,-0.4293445174227248,0
-0.031197470498496603,0.3739139973286929,0.9533305151377256,1.5157647368827654,-0.8940090189574306,-1.1544150649196747,0.9633775845753698,2.3422750379653863,-0.05613286428836698,-0.9063376543736896,1.1076964643424878,1.0160767243268625,0.43128439823829373,-0.5949057135506131,1.600391689947671,-1.067207799429678,0.021306489073253592,-1.2358862258552858,0.012012077918405072,0
-0.13716711015416572,-1.2718342303504129,1.6713945348552135,-0.49800534001741437,0.2574284694562108,-0.015377013691579365,0.07659287573298286,0.03317640931995712,1.3302439208118928,-0.8680008930111555,1.9466524624071089,1.0160767243268625,0.43128439823829373,-0.5949057135506131,-0.6248470335613264,0.5848031113703871,2.2893342917968704,-1.109069590489151,-0.4100977931000721,0
-0.130803982161793,-1.6375560587235474,-0.05195911246675751,-1.5048903784675043,-1.551152211180191,-0.5848960393056271,0.6032472366327345,-0.24920717709218235,-0.7684439199188607,-0.18475354605634792,-0.3367762733585161,4.037117530055889,3.1483217663921814,-0.5949057135506131,-0.6248470335613264,-0.3877540297923801,0.5205222607324291,-1.3036685018037584,0.7173854263603993,0
-0.0362569152746833,-1.4546951445369802,-0.48279752429725026,-0.49800534001741437,1.459636496044497,-1.1544150649196747,1.0477411356775805,-1.489847523175216,-1.273725875015277,-0.9494136246625797,-0.5132021588310368,1.0160767243268625,-0.02155516312068755,-0.5949057135506131,-0.6248470335613264,-0.9266513640738552,-0.6853970521192168,1.0595077419305634,-0.7807024217648542,0
-0.11398756049494069,-0.5403905736041437,-1.4880871519017334,0.005437179207630557,-0.28093082213153164,-0.5848960393056271,0.3980593240287838,0.921472915748676,1.5427933516279195,-0.4647479555428856,0.2356149520892205,0.009063122417187087,-0.47439472447966885,1.680938638211487,-0.6248470335613264,0.9511264890983332,0.8991598752150218,1.6040712409893747,0.9622419078930338,0
-0.07339447779698872,-0.17466874523100903,-0.7700231321842455,0.005437179207630557,-0.4361162407030873,-1.1544150649196747,-0.0271908666649009,-0.422646094833524,-1.5565650189402287,0.49446832580364275,1.3367548139760066,-0.9979504794924884,-0.02155516312068755,-0.5949057135506131,-0.6248470335613264,1.5651408616402458,1.2423194653943097,-0.3308660671399961,-1.1485782879277924,0
-0.13345786025470702,-1.0889733161638455,-0.6264103282407478,-0.49800534001741437,1.4950800792984942,-0.015377013691579365,-0.8644639881497119,0.8317682374575426,-0.7274328383523184,-0.2747688284983493,-0.772240764097421,-0.9979504794924884,-0.9272342858386502,-0.5949057135506131,-0.6248470335613264,1.8999800424794056,-0.3862624250057506,0.970177899133645,-0.21813682559478154,0
-0.04731925944408091,1.2882185682615295,0.9533305151377256,-1.5048903784675043,0.323525962551503,-0.015377013691579365,2.842282391181938,-1.2793616340086515,-0.6063328627621024,-0.2837706508619042,-0.7916199420785878,1.0160767243268625,-0.02155516312068755,-0.5949057135506131,-0.6248470335613264,-1.441425750289427,0.28213667298024475,1.5168447871219077,-0.17157785798412015,0
-0.11825117741837156,-0.9061124019772783,1.5277817309117159,0.005437179207630557,0.26988162032923685,0.5541420119224684,0.3285508491953503,0.17080452596634355,-0.882809961118181,-0.26946723619677077,0.4216056971041617,-0.9979504794924884,-0.47439472447966885,-0.5949057135506131,-0.6248470335613264,0.9506419060186247,-0.09415794488018268,0.6181880930693519,0.5242820697788656,0
-0.12844330698972353,1.1053576540749621,-0.6264103282407478,1.0123222176577205,0.7210688558057968,-0.5848960393056271,1.3832679902447056,1.1415685985193003,0.11739111098538017,-0.7548968530050517,-0.7894712798876264,0.009063122417187087,1.3369635209562563,-0.5949057135506131,1.600391689947671,-0.9974551936645635,0.1940016014596471,-0.19532063064213342,-0.575444376262909,0
-0.14032891250628537,-1.4546951445369802,1.5277817309117159,0.5088796984326754,-0.2981736464172601,-1.1544150649196747,2.4183762537871587,-1.2852743158264834,0.44849355735023044,-0.2162872351539898,0.6832346245789145,0.009063122417187087,-0.9272342858386502,-0.5949057135506131,-0.6248470335613264,2.8749002231042136,-0.2208332497410973,4.270829047112983,-1.9970405497816959,0
-0.13964109398995084,0.9224967398883949,1.5277817309117159,-1.5048903784675043,-0.517540688719027,-1.7239340905337224,0.22171510505335462,-0.09454854821334868,0.9649968030858824,0.7398071817992349,-0.6003182809499067,0.009063122417187087,-1.3800738471976315,-0.5949057135506131,-0.6248470335613264,-1.1654241082151986,-0.5209198682021684,0.8098646749775236,-0.8179882335184473,0
-0.14117994780176688,-1.6375560587235474,0.9533305151377256,-1.0014478592424594,-0.5568160107031861,-0.015377013691579365,-0.5209417533813967,-0.047849228569312736,-0.8415970916197546,0.24510622077612904,1.2313438158844945,-0.9979504794924884,0.8841239595972751,-0.5949057135506131,-0.6248470335613264,0.9032491658595996,-0.9637224948383244,1.8060380593787708,0.6849405455222658,0
-0.11364398533646862,0.9224967398883949,0.9533305151377256,0.005437179207630557,-1.114333995941738,0.5541420119224684,1.8374520272525678,1.7602321521605677,1.0569379608423424,-0.5843426355008701,-0.9928297902461268,0.009063122417187087,3.1483217663921814,-0.5949057135506131,-0.6248470335613264,-0.7374354946060833,-1.0631902955026056,0.5263122005102419,0.9241191049372034,0
0.0004657946962195789,-1.2718342303504129,-0.6264103282407478,-0.49800534001741437,-0.4476114568935729,-0.015377013691579365,0.7293583286518374,1.1585837039538858,-0.39781767168847476,-0.6857562791540657,-0.1327498554990155,-0.9979504794924884,-0.02155516312068755,-0.5949057135506131,-0.6248470335613264,-0.7589898865192786,-0.6835840693902988,-0.2424433111557749,-0.9310378117761007,0
-0.09878611489295572,1.4710794824480968,-0.1955719164102551,1.5157647368827654,-1.0894276941956857,-1.1544150649196747,0.31974504241326035,0.14557976772615025,-0.2128020103908781,0.33044738859380013,0.3748273763776736,-0.9979504794924884,-1.3800738471976315,-0.5949057135506131,1.600391689947671,-0.4361116191148385,1.8693601500014194,0.59589322250551,0.39910131866260323,0
-0.12059190979695607,-0.9061124019772783,0.6661049072507305,0.5088796984326754,-1.3883033151483115,1.6931800631505638,-0.12396929868506307,0.9992126486059835,0.07333571048608147,-0.4071691710972952,-0.2340995828060005,0.009063122417187087,-0.9272342858386502,-0.5949057135506131,-0.6248470335613264,0.8003885409510236,-1.0146460012567706,-0.2034141543009596,-1.4118729914936494,0
-0.12260281904766537,0.3739139973286929,-0.6264103282407478,1.5157647368827654,1.6464337591398879,1.6931800631505638,-0.11616175045550907,-0.02239770262440664,-1.1585199122143355,0.07669476259002017,-0.3032571448467594,0.009063122417187087,-0.02155516312068755,-0.5949057135506131,1.600391689947671,-0.3581018777599551,1.2788035062658853,-0.8426149058522826,-0.9497018558785849,0
-0.13360693463940912,-0.9061124019772783,0.809717711194228,0.5088796984326754,0.557262025091377,1.6931800631505638,-1.9062578925582554,0.245567980117738,-1.030287844264509,-0.8563666164003325,-0.5892473176625617,-0.9979504794924884,-0.9272342858386502,-0.5949057135506131,-0.6248470335613264,-1.9334617980120867,0.09912024156174214,-1.287934905379798,-0.1830616803444324,0
0.14003854726650325,-1.0889733161638455,-1.3444743479582357,-0.49800534001741437,-0.9016724964177543,-1.1544150649196747,-1.4054436826398655,-0.30764183617803753,2.242446895421849,-0.16409447068362998,-0.061235298874535056,0.009063122417187087,-0.47439472447966885,1.680938638211487,-0.6248470335613264,-1.1983351217441238,0.19006405543286284,0.4391880575469363,1.0549515348491965,0
-0.13629532100814962,0.3739139973286929,0.6661049072507305,0.5088796984326754,-1.360523209354638,0.5541420119224684,-0.38903074046655317,-0.19752296650755247,0.5341782384383488,0.3238589764024787,0.6118081244101213,-0.9979504794924884,0.43128439823829373,-0.5949057135506131,-0.6248470335613264,0.20124513439601474,-1.4910274702394817,-1.0689661074644912,0.13776262364814582,0
-0.13541822223888542,-0.7232514877907109,0.23526649542023767,1.0123222176577205,0.6319809303295334,-0.015377013691579365,-0.9390046087596915,0.0038759103961473825,-0.9944659048290952,-0.16661329120966786,0.24521804671753028,0.009063122417187087,-0.02155516312068755,-0.5949057135506131,1.600391689947671,0.21913172413048312,-0.31017419324081,-0.2697880522504266,-0.1807672461731213,0
-0.140616786293332,0.7396358257018275,0.6661049072507305,-1.0014478592424594,-0.29242603832201725,-1.1544150649196747,0.277562097956624,-0.07451370899579096,-0.2613759368854933,0.3868397807206943,-0.2668962759634991,0.009063122417187087,0.43128439823829373,-0.5949057135506131,-0.6248470335613264,-1.480993634377472,-0.33262711256060423,-0.4310232290215654,-1.059677890397553,0
-0.1374862122326499,-0.17466874523100903,1.2405561230247208,0.005437179207630557,-1.0616475884020122,-0.015377013691579365,1.0217794732056804,-0.3855944781957437,0.35949518100863387,0.0538583008618036,0.2042936680272845,-0.9979504794924884,-2.285752969915594,-0.5949057135506131,-0.6248470335613264,0.4084198391204118,0.05058797175659303,1.4610773461410864,-1.2241686548907034,0
-0.14089630186496874,-0.7232514877907109,0.9533305151377256,-1.0014478592424594,-0.5127510153063246,-0.5848960393056271,0.5848386081410074,1.4085856340450624,0.26068840444010805,-0.5104297934295958,1.0227395412048106,0.009063122417187087,0.43128439823829373,-0.5949057135506131,-0.6248470335613264,-1.1333781209079001,-1.4534267360064053,0.5415633855588277,-0.5781113511416334,0
-0.13272625878621402,0.7396358257018275,0.9533305151377256,0.005437179207630557,-1.2034219214180013,-0.015377013691579365,1.4438432824286922,0.5844032306623885,-0.19962459641660235,0.9603036047625583,0.18315451375134845,1.0160767243268625,-1.3800738471976315,-0.5949057135506131,-0.6248470335613264,0.2606310190106613,0.6224985440402213,-0.11718005652274874,-0.5004496831353451,0
-0.13901153142829886,-1.4546951445369802,-0.05195911246675751,0.005437179207630557,0.44230986318652094,0.5541420119224684,-0.14493189093631317,-1.423772083794642,1.8952922242953425,-0.08466592745082514,1.4562863357809943,-0.9979504794924884,-0.9272342858386502,-0.5949057135506131,-0.6248470335613264,-1.3721660387321346,0.583568880417592,0.9791064686647558,-1.5919074237335147,0
-0.1033341197785643,-0.17466874523100903,-0.9136359361277431,-1.5048903784675043,1.213447282631597,-1.7239340905337224,-1.4482856724479303,-1.0367322368857672,-0.09939199940584344,-0.010604573106185114,1.4125849240676456,0.009063122417187087,-0.02155516312068755,1.680938638211487,-0.6248470335613264,-1.089755288647426,1.2863300964360656,-0.22313718233778285,0.6928683462247683,0
0.03866426840129528,-0.9061124019772783,0.9533305151377256,1.5157647368827654,-0.4524011303062752,0.5541420119224684,-0.5691592281000807,0.6947875807420925,-0.8559063123934715,4.197565163517481,-0.20270641423767768,0.009063122417187087,-0.9272342858386502,-0.5949057135506131,1.600391689947671,-0.8834008687714349,0.715285465884507,0.8755695008996391,1.7123244070473278,0
-0.12177982887093358,1.2882185682615295,1.6713945348552135,1.0123222176577205,1.1847092421553829,-1.1544150649196747,-0.5595484421087208,0.5977483054643541,-1.5187897498031662,-0.6300824359631992,-0.9562193646220497,-0.9979504794924884,0.43128439823829373,-0.5949057135506131,1.600391689947671,-1.333550237335071,-0.4843048477151522,0.6546695458236234,-0.5482157667613711,0
-0.07063870950719423,0.7396358257018275,0.5224921033072328,-1.5048903784675043,-0.7120014292747417,1.6931800631505638,0.36821152173080457,0.036951653421046886,0.2809085552514308,-0.7926482175821633,-0.19329041872512842,1.0160767243268625,-1.3800738471976315,-0.5949057135506131,-0.6248470335613264,-1.3222064832616012,-0.683318532135801,-0.9750628959377556,-1.2037207463780797,0
-0.10290215109589891,-1.6375560587235474,-0.3391847203537527,-0.49800534001741437,-0.5405311210999982,0.5541420119224684,-0.40255662934617803,1.8182056850398352,-0.11946624931805319,0.12377839454235623,0.25515922304762045,1.0160767243268625,0.43128439823829373,-0.5949057135506131,-0.6248470335613264,0.3583149240647299,0.7986309734396402,-0.0033723661841400616,-0.860934084015559,0
-0.10785932860253171,0.3739139973286929,0.809717711194228,0.5088796984326754,-0.7982155507033838,-0.5848960393056271,1.9903490883958623,-0.9743207159567514,1.8762971994869289,-0.6029979246567483,-0.6763699285191972,0.009063122417187087,0.43128439823829373,-0.5949057135506131,-0.6248470335613264,-1.1503037983748616,-0.7521922404623027,-0.6190780972513387,-0.39824315620798,0
-0.1415480135552139,-0.9061124019772783,1.3841689269682185,0.5088796984326754,0.5179867031072178,1.123661037536516,-0.03612164039390556,-1.39062318092232,-0.08817662701961088,-0.8733777381651099,-0.5933309199449432,1.0160767243268625,-1.3800738471976315,-0.5949057135506131,-0.6248470335613264,-1.580425846633827,-1.017682755536644,-0.9897938101948734,-1.0064815618114729,0
-0.1280526733450474,-1.0889733161638455,0.9533305151377256,0.005437179207630557,1.4280246515206614,-1.1544150649196747,-0.260119018777278,0.7729317216959226,0.5803592928834607,-0.8251831592357461,-0.47372041800304865,1.0160767243268625,0.8841239595972751,-0.5949057135506131,-0.6248470335613264,0.9919845458587775,0.020174990777260617,-1.3732650760522183,-0.9293066662407606,0
-0.036510552997247064,0.1910530831421256,-0.7700231321842455,-1.5048903784675043,-1.2953836509418861,-0.5848960393056271,-0.7937252990320369,0.03336209336659923,-0.41534314426227775,-0.0620324667750104,-0.3880868850746662,1.0160767243268625,0.43128439823829373,-0.5949057135506131,-0.6248470335613264,-1.510347972499435,-1.415667612599848,-0.8489463343716424,-1.1853339364418904,0
-0.1415771673530708,-0.3575296594175763,1.0969433190812232,0.5088796984326754,-1.4658960244340893,-1.1544150649196747,-0.7146529726282956,-0.5364794258253004,0.6177134020445384,0.43598400447360175,-0.9093404085642409,0.009063122417187087,-0.9272342858386502,-0.5949057135506131,-0.6248470335613264,2.183827430270192,1.2124473556775186,1.8924139011892962,-0.06764927343397224,0
-0.1253855881552507,0.1910530831421256,-1.631699955845231,0.5088796984326754,1.5410609440604366,1.6931800631505638,-1.0628842445487683,-2.5767119803740233,-0.11869711789257607,1.662833459307061,-0.3001787108663673,-0.9979504794924884,0.43128439823829373,1.680938638211487,-0.6248470335613264,0.5213757535525151,-0.08417853153882415,0.4628825270852618,1.314206030847194,0
-0.10805500288471129,1.4710794824480968,0.23526649542023767,-0.49800534001741437,0.11373826707514076,-1.1544150649196747,0.33009148504173513,-0.7373883868248208,1.1306460426491098,-0.43681601522418834,-0.45314555606853674,2.023090326236538,-0.47439472447966885,-0.5949057135506131,-0.6248470335613264,-0.6452653681013474,-0.25469102755201656,0.013143492839183637,-1.084054229063729,0
-0.10073026900004499,-1.2718342303504129,-0.05195911246675751,1.5157647368827654,0.381002043503931,1.6931800631505638,-0.9633680755983214,0.985033746365831,-0.8513217708307921,-0.7741675308366803,3.6914974041474937,0.009063122417187087,0.43128439823829373,-0.5949057135506131,1.600391689947671,0.030144014637731805,-1.1004499340730793,0.33569335285144697,-0.36275975280276745,0
-0.13281125210697414,1.4710794824480968,-0.6264103282407478,-0.49800534001741437,-0.35852353141730947,0.5541420119224684,-1.604699553156295,0.1900274323296287,-1.1266687879871873,-0.2208056235234718,-0.32166719022205625,0.009063122417187087,-0.47439472447966885,-0.5949057135506131,-0.6248470335613264,-0.6293081620619255,-0.6607917249056292,-0.7356466730022758,-1.030803324549287,0
-0.1285950132774559,-0.17466874523100903,0.5224921033072328,-1.0014478592424594,-0.7723513142747912,-0.015377013691579365,-0.629678986363486,-1.3558577939374208,0.24332392635998917,-0.2482415426452005,-0.26282934091566484,0.009063122417187087,0.8841239595972751,-0.5949057135506131,-0.6248470335613264,0.44861916802274177,-0.749984068748059,-0.9537974100113839,-0.9961515825904504,0
-0.1017943409924331,-1.6375560587235474,0.5224921033072328,0.005437179207630557,1.3456422688221814,-0.015377013691579365,-1.6495511791696342,-0.4855165438634633,-0.23546543857707655,-0.9346163589841039,1.34202487555713,0.009063122417187087,-0.47439472447966885,-0.5949057135506131,-0.6248470335613264,-0.4816336646744,-1.1467976785468266,-0.08727998159399802,0.45814760205296,0
0.00571107838855176,1.653940396634664,1.0969433190812232,1.5157647368827654,-1.6507774181643995,-0.015377013691579365,-0.050258044147462204,0.10308380561384849,-1.1469459566996862,-0.6829480438674511,-0.00017948235848447774,-0.9979504794924884,0.8841239595972751,-0.5949057135506131,1.600391689947671,0.0864807241193327,0.4392412264247351,1.4740195151518518,-0.425008216936736,0
-0.1390139482556412,-0.7232514877907109,-0.9136359361277431,0.5088796984326754,-1.4438635267356585,0.5541420119224684,-1.281146873153368,2.0818824533043045,0.5542761177562037,0.03921766706998492,-0.9206683796876646,-0.9979504794924884,-0.02155516312068755,1.680938638211487,-0.6248470335613264,1.1238871048553178,-0.10007088625859019,0.17008396162745074,1.3657796270394482,0
-0.1417750448042523,-0.3575296594175763,-1.4880871519017334,1.5157647368827654,1.1780036993775995,1.123661037536516,0.4290162051427996,2.560942203095885,0.8810312850996967,-0.7536702500597015,0.24246412496462819,0.009063122417187087,-0.02155516312068755,1.680938638211487,1.600391689947671,0.2464052304193639,0.3828188611352196,-0.6010412234109744,0.00532409738902356,0
-0.13421461929494732,-0.5403905736041437,0.23526649542023767,-0.49800534001741437,-0.5568160107031861,1.123661037536516,0.9130282585089566,-1.809485803066532,-0.43656822302125264,-0.9603569635508084,0.1546792784272383,0.009063122417187087,0.43128439823829373,-0.5949057135506131,-0.6248470335613264,0.3762235834485328,-0.3611513263791773,-0.2928773210042556,-0.3464260583476156,0
-0.13727986999256558,-0.17466874523100903,0.37887929936373527,0.005437179207630557,-1.1976743133227585,-1.1544150649196747,-0.021288901935614557,1.4048265684485253,3.067711059868553,-0.26803727451491244,-0.8097066285478223,1.0160767243268625,-0.9272342858386502,-0.5949057135506131,-0.6248470335613264,-1.5325192635187042,0.41721758535228715,0.5492917490542477,1.5819388626874098,0
-0.11891652147612748,1.1053576540749621,-0.7700231321842455,1.0123222176577205,-0.4935923216555153,-1.1544150649196747,1.4377856343326463,0.597326154732809,-0.8318363094896859,-0.3338326901319187,-0.6805658714590734,-0.9979504794924884,0.43128439823829373,-0.5949057135506131,1.600391689947671,0.3297452921796252,-1.6305456155379792,-0.6552216707484917,0.316311312997198,0
-0.1378455325258283,0.7396358257018275,-0.9136359361277431,-0.49800534001741437,-0.9534009692749394,-0.5848960393056271,-1.1225289767602742,3.1182948533385977,0.8198187443512318,-0.4576044797955951,0.7896326158203524,-0.9979504794924884,0.43128439823829373,1.680938638211487,-0.6248470335613264,2.1154934263461653,-1.3698249760680703,0.4414226705554696,1.0125256165405405,0
0.09083441654357124,-1.6375560587235474,-0.7700231321842455,1.0123222176577205,-1.3250796261006406,-0.5848960393056271,0.7538876267299734,-0.417721325715322,-0.4424658425120116,-0.7399240464200586,0.1841140790691464,1.0160767243268625,-0.47439472447966885,-0.5949057135506131,1.600391689947671,-0.8353477838537938,0.6403082819934947,-0.618575238051095,-0.5285236322517844,0
-0.14037825541706134,1.653940396634664,0.23526649542023767,-0.49800534001741437,-0.8920931495923495,0.5541420119224684,-0.9969108023865972,0.9325550429508837,0.4835230098500206,0.05720105517629856,-0.08383447870449016,-0.9979504794924884,-0.47439472447966885,-0.5949057135506131,-0.6248470335613264,-0.2802655187330288,-1.1298310905932636,0.4337099086759405,-1.0832317353210335,0
8.237342910921555,0.7396358257018275,-0.48279752429725026,-0.49800534001741437,-0.9352002103066706,-0.015377013691579365,-1.2040285870653558,0.6996348179257504,1.850756650756292,0.26349257612708693,0.5621976076794394,-0.9979504794924884,0.8841239595972751,-0.5949057135506131,-0.6248470335613264,-0.3890437494235659,-0.1458481671976913,-1.3447863402696436,1.540810274718778,0
-0.105492151675119,0.9224967398883949,-0.7700231321842455,-0.49800534001741437,-1.4381159186404158,-1.1544150649196747,0.24296055763170926,-0.25859573476242564,-1.365010380612871,0.7938481086290592,-0.006222154890082747,-0.9979504794924884,-0.9272342858386502,-0.5949057135506131,-0.6248470335613264,1.6456965066761604,0.8317694357819592,0.5487307952970679,-0.4189336238649049,0
-0.12798719187742896,1.1053576540749621,-1.0572487400712407,-0.49800534001741437,-0.006961502924958085,-0.015377013691579365,1.0137317079086685,2.100759517030781,-0.7923022615550216,-0.7575602197843072,-0.018177323873556733,0.009063122417187087,-0.47439472447966885,1.680938638211487,-0.6248470335613264,-1.2955980017678355,-1.0865693352168346,0.3053938102436725,0.3696357978250321,0
-0.1330942573988656,0.5567749115152602,-0.05195911246675751,-1.0014478592424594,-1.1057125837988737,-0.5848960393056271,-1.0105841558182966,0.6038298834104374,0.5827828681417005,-0.6733084961611899,-0.18192711988088453,4.037117530055889,-0.9272342858386502,-0.5949057135506131,-0.6248470335613264,-0.8059311223865528,0.28796461906539333,1.0856287896315118,-0.2582359962010143,0
-0.14090576794919427,-0.7232514877907109,0.9533305151377256,0.005437179207630557,-1.03674128665596,-1.7239340905337224,-1.2058139871524514,-0.2948690864227142,-1.0269097293744367,-0.6014937975866225,-0.6522827993022003,1.0160767243268625,-0.9272342858386502,-0.5949057135506131,-0.6248470335613264,-0.11278009380908137,-1.0474483230440625,-1.2073770113897715,0.2856665389958573,0
-0.10399077124723251,-0.5403905736041437,-1.4880871519017334,-1.5048903784675043,1.3992866110444475,-0.015377013691579365,-0.8800712141963982,-0.7845097953725761,-0.7131721111668705,-0.8268678952398433,1.3871313554019167,-0.9979504794924884,-0.02155516312068755,1.680938638211487,-0.6248470335613264,-0.08319171576333213,-0.6280742240823421,-1.0533846721345677,0.9036803820620943,0
0.4466536208679018,0.7396358257018275,0.09165369147674007,-1.5048903784675043,1.3073248815205627,-0.015377013691579365,-2.101731069364039,-0.3347443187342813,1.2740222037539541,-0.12804598175047066,0.4590381241912202,-0.9979504794924884,0.43128439823829373,-0.5949057135506131,-0.6248470335613264,-0.7193196752649317,-1.0507753317134427,-0.639912208040543,0.3839917018199995,0
-0.14134906872486683,-0.7232514877907109,-1.2008615440147383,1.0123222176577205,-0.34128070713158104,3.9712561656067544,-0.2657112876106057,0.6740913232440058,0.7161962981239272,-0.7586917465246844,-0.018309919952276696,-0.9979504794924884,-0.02155516312068755,1.680938638211487,1.600391689947671,-0.7799460385190647,1.1813683982470289,0.5496946873727098,1.1356155814138322,0
-0.12127580275082343,-1.4546951445369802,-0.6264103282407478,-1.0014478592424594,1.2354797803300277,-1.1544150649196747,-0.09109682950014225,0.9403563207644501,-1.4350267880134289,0.6303526825384663,-0.5411741742449776,0.009063122417187087,0.43128439823829373,-0.5949057135506131,-0.6248470335613264,-1.0284530384697457,-0.1052850022783643,0.5686394423292269,-0.30273811510642445,0
-0.13999357634336762,0.008192168955558287,1.3841689269682185,1.5157647368827654,-1.545404603084948,-0.5848960393056271,-2.6669983441549676,-0.36368896416279456,1.5109636746851893,-0.6118743163327087,-0.8782705612041399,1.0160767243268625,0.8841239595972751,-0.5949057135506131,1.600391689947671,0.8779346489457474,-1.3155874663184592,-0.0575952861947241,0.008656683599540313,0
-0.13016565808191372,1.2882185682615295,0.6661049072507305,1.5157647368827654,0.8676328622344883,1.123661037536516,-0.6403563653428958,1.9850026212328544,-1.1568770669152204,-0.899542900026397,-0.5811312757586894,-0.9979504794924884,0.43128439823829373,-0.5949057135506131,1.600391689947671,-0.6609938040636807,0.47291178577427756,-1.2055839895833735,-1.082053106036556,0
-0.011514926448024378,1.653940396634664,-0.3391847203537527,-1.5048903784675043,1.0525142559647984,1.123661037536516,-1.2222135817044693,1.2249930175559567,-1.1274584858060965,-0.9148322004405055,-0.858978450817312,0.009063122417187087,-1.8329134085566128,-0.5949057135506131,-0.6248470335613264,-0.42519000882029195,-1.1354732246311712,0.9259232008889677,-0.4319705839445732,0
-0.04327777755786128,0.5567749115152602,-1.631699955845231,-1.5048903784675043,1.207699674536354,-1.1544150649196747,0.4062102021991878,0.021077928051669335,-0.35812673047019344,-0.08084791341102689,0.4735776980913055,-0.9979504794924884,-0.47439472447966885,1.680938638211487,-0.6248470335613264,2.0580405153212795,-0.3023254092345627,0.16609926643728015,1.4347476335859357,0
-0.13983774793306786,0.9224967398883949,-0.6264103282407478,-1.5048903784675043,-1.315500279275236,-0.5848960393056271,-0.3964630102391924,-0.3699064407546598,-0.4039069868755292,-0.2913693208911979,-0.04725587329179629,-0.9979504794924884,0.43128439823829373,-0.5949057135506131,-0.6248470335613264,-0.34346439920534116,-1.2881470432545596,-1.3776707325858932,0.31067920401686216,0
-0.13840009223017735,0.3739139973286929,-0.7700231321842455,-1.0014478592424594,0.4087821492976046,-0.015377013691579365,-1.58416800086032,0.26293311637781747,-0.9333334323745931,1.6524409971130327,-0.13808155351562498,0.009063122417187087,-0.47439472447966885,-0.5949057135506131,-0.6248470335613264,-0.5543907544715072,-0.2622724566271234,-0.8419854779869701,-0.7400945742143594,0
-0.1385115786806181,-0.7232514877907109,1.0969433190812232,1.0123222176577205,0.7641759165201178,-0.015377013691579365,-1.1649155846463486,0.13846226583342636,-0.4612383421607515,-0.08547419921155704,1.2683980440604057,1.0160767243268625,-1.8329134085566128,-0.5949057135506131,1.600391689947671,-0.7251172379350753,1.6484708460504907,-0.6317627205982687,-0.9435732017332712,0
-0.13778719707701606,0.3739139973286929,0.37887929936373527,-0.49800534001741437,-0.35373385800460716,1.123661037536516,0.36469517145179464,0.8123535117098362,1.9539893699076554,-0.7416488454711214,-0.5935484459600844,1.0160767243268625,-0.02155516312068755,-0.5949057135506131,-0.6248470335613264,-0.13306750274876195,-0.38658614816842785,-0.4007378219407056,-1.245206134552593,0
-0.1399376300726785,0.9224967398883949,-0.7700231321842455,-0.49800534001741437,-0.40067265744909003,-0.015377013691579365,0.004890561967827511,0.6790828647203698,-0.1217157872274874,2.047922598557566,-0.43103201770997746,1.0160767243268625,1.3369635209562563,-0.5949057135506131,-0.6248470335613264,-0.4277242144650229,-0.5684593222073681,-0.06774300330663573,0.07354288426143893,0
-0.054557051892032755,-0.7232514877907109,-0.48279752429725026,-1.0014478592424594,1.7211526643780444,-0.015377013691579365,-0.9425629065315261,-0.23396471305769143,0.8543757567311251,0.21549120022234644,1.117417472035284,0.009063122417187087,-0.02155516312068755,-0.5949057135506131,-0.6248470335613264,1.3450345589045372,0.28602462407471746,-0.6638134783453878,-0.7655371957360466,0
-0.12804232061713428,0.5567749115152602,0.9533305151377256,-0.49800534001741437,-1.0309936785607172,-0.015377013691579365,0.030651421790739652,0.09433540704782307,0.3132667852328505,-0.6505262027685002,-0.8141961625050856,0.009063122417187087,-0.9272342858386502,-0.5949057135506131,-0.6248470335613264,-0.11084161408332809,-0.05487882301326745,1.2462033835993482,-0.6745933407860147,0
-0.13974568017687586,-1.2718342303504129,0.6661049072507305,0.5088796984326754,-1.2829305000688602,1.123661037536516,-1.1267321292937915,-0.27773914698067953,0.3450671931896247,-0.3847955749980787,-0.7617862608668028,-0.9979504794924884,1.3369635209562563,-0.5949057135506131,-0.6248470335613264,0.5536109356028531,1.4648292156523919,1.9115727955532595,-1.3025096591772305,0
-0.13809549497668405,1.653940396634664,0.23526649542023767,-1.0014478592424594,1.0161127380282606,-0.015377013691579365,-1.192874132253802,-0.4166883275486435,-1.2837809726556808,0.3835693226455792,-0.590625858742289,-0.9979504794924884,-0.02155516312068755,-0.5949057135506131,-0.6248470335613264,-0.43757908236488047,-1.243719376564809,4.010159091391361,0.2291457457558559,0
-0.13677300278514723,0.008192168955558287,-1.3444743479582357,-1.0014478592424594,0.6473078852501809,-0.5848960393056271,0.66324452895013,0.316181333275116,0.13322354795209523,-0.4677176316482228,-0.26843052866842393,0.009063122417187087,-0.02155516312068755,1.680938638211487,-0.6248470335613264,1.013803012273344,-0.4288142336213254,-1.300775381463864,0.7943609476568345,0
-0.011142165231781867,0.008192168955558287,0.23526649542023767,0.5088796984326754,-1.6603567649898041,1.123661037536516,-0.2676770192875918,1.6915740835265294,0.319538213194452,-0.828088084402762,4.338017912171211,-0.9979504794924884,-0.47439472447966885,-0.5949057135506131,-0.6248470335613264,-0.8373790290909828,-1.3418879220916196,-1.5248683045448677,-0.8631586546938348,0
1.4130387446872767,-1.0889733161638455,0.809717711194228,0.5088796984326754,1.4040762844571497,0.5541420119224684,-0.4893151516659252,-0.07181926799442526,0.0688942281351594,0.009802696254842796,-0.8708630657315324,0.009063122417187087,-0.47439472447966885,-0.5949057135506131,-0.6248470335613264,0.8930889894935494,0.003446601512876208,0.6275704555006464,0.39700048992270165,0
-0.13500738150030764,-1.6375560587235474,-1.4880871519017334,1.5157647368827654,0.3216100931864221,1.123661037536516,-1.7116647738438922,-0.6482815813553559,0.9982261588311011,-0.17279776674125186,-0.573582885453722,1.0160767243268625,0.43128439823829373,1.680938638211487,1.600391689947671,-0.5282382506128009,-0.2813902492020981,0.050254159813811754,0.5757535284951925,0
-0.1383792409898496,0.5567749115152602,-0.3391847203537527,0.5088796984326754,-0.9648961854654251,-0.015377013691579365,0.2022782685733496,-1.2009465108684279,-1.297453472767978,-0.17027253033205667,2.0559450138784894,-0.9979504794924884,0.8841239595972751,-0.5949057135506131,-0.6248470335613264,-1.0307075574645461,0.8709106818780544,0.7415127651487734,-0.6374943185188232,0
-0.140479928693683,-1.2718342303504129,0.6661049072507305,-1.5048903784675043,0.09936924683703376,0.5541420119224684,-2.2931751937944824,0.09626326537600288,1.5609253147787565,0.8464634662382844,1.3734542260752545,1.0160767243268625,-0.47439472447966885,-0.5949057135506131,-0.6248470335613264,-0.10378895817972107,-0.6997631329783234,0.16921833647093754,0.1185699958274558,0
-0.13680172090170237,-0.9061124019772783,1.0969433190812232,-1.5048903784675043,-1.4745174365769536,0.5541420119224684,-0.8439862590037865,-0.8800059315165973,-0.7161031579824826,1.4880713306491933,2.306842490523193,-0.9979504794924884,1.7898030823152375,-0.5949057135506131,-0.6248470335613264,-0.22266897530250904,-1.2135599840000475,-0.002049532212500338,-0.6071898515505953,0
-0.1353250646150876,-1.0889733161638455,-0.48279752429725026,0.5088796984326754,0.22390075556729447,-1.1544150649196747,1.3957501448035943,-1.3499849066609304,-1.1599013021803684,-0.39280965257702094,0.0671482315908064,0.009063122417187087,-0.9272342858386502,-0.5949057135506131,-0.6248470335613264,-1.7700046547588197,-1.2139294919418864,-0.2630654548115117,-1.1199926567681917,0
-0.14169040085376686,-0.7232514877907109,-0.9136359361277431,1.5157647368827654,1.5784203966795147,-0.015377013691579365,-0.08459055471813993,0.26506653179437006,-1.4534692791717796,-0.8256746304179968,0.5532924447415964,1.0160767243268625,0.8841239595972751,1.680938638211487,1.600391689947671,-1.4794883177834108,0.2146670932616487,-0.4263230429907532,-0.4087122244356912,0
-0.13838879152211736,-1.6375560587235474,0.23526649542023767,0.5088796984326754,-0.9352002103066706,-1.1544150649196747,-1.2388738999257716,-1.394327258586808,-0.2855199192268954,-0.7449077967808185,0.39452271149826323,-0.9979504794924884,-1.3800738471976315,-0.5949057135506131,-0.6248470335613264,0.25763114018124755,0.2338054505203717,1.0775560299998292,-0.8241662450092543,0
-0.12782689730341984,-0.5403905736041437,-0.6264103282407478,1.5157647368827654,-1.6823892626882349,1.123661037536516,-0.2652579893583602,-0.5922522012299694,-1.6139547208623586,-0.19797006154675806,2.2536411694465213,-0.9979504794924884,-0.9272342858386502,-0.5949057135506131,1.600391689947671,0.5706535051083633,-1.5435722261026168,-0.11510076074358239,0.08030049207711776,0
-0.054059710075248756,-1.6375560587235474,0.809717711194228,-0.49800534001741437,0.8906232946154595,-0.5848960393056271,0.3018077861296235,-0.5888317383458846,-0.7459154637609604,-0.5251802267738088,-0.38251108459947347,-0.9979504794924884,0.8841239595972751,-0.5949057135506131,-0.6248470335613264,0.49494384478257797,-0.2530822008107886,-0.09920590869947775,-1.3290853024099045,0
1.1932406411037302,-0.7232514877907109,1.2405561230247208,-1.5048903784675043,-1.5444466684024076,-0.5848960393056271,-0.41302372535328163,0.19933154468110034,-1.2175051149362337,0.5202568478868126,0.42827859161061554,0.009063122417187087,-0.02155516312068755,-0.5949057135506131,-0.6248470335613264,1.4154938085950544,1.633721229313187,1.1569070728482531,2.3825009226658915,0
-0.056137241077294245,-0.7232514877907109,-0.6264103282407478,0.005437179207630557,0.7660917858851988,0.5541420119224684,0.6123755380916586,-0.4886530910372881,-0.8028450961777811,-0.703501239300637,-0.4378956399863451,0.009063122417187087,-0.47439472447966885,-0.5949057135506131,-0.6248470335613264,-0.018529114037451618,1.2665576424374878,1.1411417510423123,-0.1810053122732461,0
-0.11854149424109377,1.1053576540749621,-0.3391847203537527,1.0123222176577205,-1.1105022572115761,-1.1544150649196747,0.34917969699233775,0.027568075028269523,-0.467753718916863,0.05258935314450825,-0.3589911593875346,0.009063122417187087,-1.3800738471976315,-0.5949057135506131,1.600391689947671,-0.9200663363169931,-0.7052857788778549,-0.39918101052711913,0.18495420277138183,0
-0.13696448504035288,1.1053576540749621,-1.3444743479582357,0.5088796984326754,-1.3519017972117737,2.832218114378659,-0.8656350719496243,0.1156868769281866,1.9346537666512142,0.2400294960262459,0.98111026686185,-0.9979504794924884,-0.02155516312068755,1.680938638211487,-0.6248470335613264,-1.1703798930300837,-0.3307997844832348,-0.2094296489713014,1.3963645540310605,0
-0.13287518387802846,-1.6375560587235474,-0.1955719164102551,-0.49800534001741437,0.8714646009646502,-1.1544150649196747,2.221532276882159,-0.8865462644754577,0.23215696187589047,-0.19032281031226067,0.5289764667384931,0.009063122417187087,-0.47439472447966885,-0.5949057135506131,-0.6248470335613264,-1.7400040480524583,-0.22983521568216034,-1.4094725092372655,-0.4644893525289486,0
-0.13865351352381453,1.653940396634664,0.37887929936373527,1.5157647368827654,-0.9648961854654251,1.123661037536516,0.617029150022803,1.7492874829389418,-0.6791776643321579,-0.958263695183049,-0.9351768331751612,0.009063122417187087,-0.47439472447966885,-0.5949057135506131,1.600391689947671,1.7197936694279332,0.5244669051938667,-0.714514563198439,-0.733428344904936,0
0.07811967623170715,-1.2718342303504129,0.09165369147674007,-0.49800534001741437,0.78908221826617,-0.015377013691579365,0.5074008735510112,-0.5422864259153389,-1.0903982063008844,-0.7500361694904205,1.4125344410996166,0.009063122417187087,-0.02155516312068755,-0.5949057135506131,-0.6248470335613264,0.3573032513745324,0.33561377213651283,2.334038864731913,-0.7543141971403738,0
-0.13847838112765326,-1.6375560587235474,0.23526649542023767,-1.0014478592424594,-1.3614811440371783,1.6931800631505638,0.15036560787661052,-0.878838118894642,-0.9915234952372673,-0.6036069114906307,-0.4714818729896803,2.023090326236538,-1.3800738471976315,-0.5949057135506131,-0.6248470335613264,-1.067730653604755,0.05585935318259785,-1.0659999614897455,-0.8095334050538376,0
-0.13542862412206322,0.9224967398883949,-1.0572487400712407,-1.5048903784675043,0.024650341598877325,0.5541420119224684,0.044614250107646795,-0.1041748704725869,1.0457354794522262,0.8784776947715758,-0.9633782179234517,-0.9979504794924884,-0.02155516312068755,1.680938638211487,-0.6248470335613264,0.7345355982846308,1.2236052104251192,0.8749682497341675,0.34545637787833855,0
-0.13125768986031852,-1.2718342303504129,0.809717711194228,0.005437179207630557,-0.9553168386400204,-0.5848960393056271,-0.011220678975780137,-0.06425187820694611,-1.3168791517569747,0.32756449434580853,0.07717776155235426,0.009063122417187087,1.3369635209562563,-0.5949057135506131,-0.6248470335613264,0.3345620642750086,-0.4734071832058439,-0.6844338587242428,0.17991022378430285,0
1.3086716474439906,1.1053576540749621,0.5224921033072328,-1.0014478592424594,1.498911818028656,-1.1544150649196747,-2.3633287859964187,-2.5529005483174303,-0.5806016049278446,-0.5769873248958588,-0.5667158340194096,0.009063122417187087,-0.9272342858386502,-0.5949057135506131,-0.6248470335613264,-0.5173428618689208,0.17112189948121803,-0.5216693005590033,1.279729520804598,0
-0.017206596516356705,0.1910530831421256,1.0969433190812232,-1.0014478592424594,0.9825850241393443,-0.015377013691579365,-0.4176927290495787,0.41937793130916445,-0.22715262240237113,-0.6114081713970612,0.42206290300472965,0.009063122417187087,-1.8329134085566128,-0.5949057135506131,-0.6248470335613264,0.061577659823795435,1.5804738757350858,1.4756673233463315,-0.487177034814799,0
-0.09099152489309462,-0.17466874523100903,-1.4880871519017334,1.0123222176577205,0.09936924683703376,-0.015377013691579365,0.2453327461522574,-1.1246150966320432,-1.1416171884528126,-0.9245276052907578,-0.7175066540828167,0.009063122417187087,-0.47439472447966885,1.680938638211487,1.600391689947671,-0.8729554857062657,-0.39067177093937483,-0.1857530890189363,1.9392895894178557,0
-0.12919224237288002,1.4710794824480968,-0.3391847203537527,-1.0014478592424594,0.09745337747195282,0.5541420119224684,0.4980954627663422,0.32041567576980573,0.24756103259282114,1.6604342363838898,-0.5468983531807231,0.009063122417187087,1.3369635209562563,-0.5949057135506131,-0.6248470335613264,0.11301071455947354,0.4647923450067896,-1.2982769684627005,0.8216241355501792,0
-0.09170889855337994,-1.2718342303504129,-0.05195911246675751,-1.5048903784675043,-0.3633132048300118,1.6931800631505638,-0.1320648878963007,0.7426403701554297,-0.9527200794406457,-0.4389795567583015,0.8789564305316271,1.0160767243268625,-1.3800738471976315,-0.5949057135506131,-0.6248470335613264,-0.8489068115527529,1.8368579197539696,-0.7028198022864368,-0.1624630764910692,0
-0.13815033210446348,-1.4546951445369802,1.2405561230247208,1.5157647368827654,-1.6115020961802402,0.5541420119224684,1.0520177732351004,0.2622931607434588,1.1842275017444992,-0.9398465252966488,-0.5194428605682271,0.009063122417187087,0.43128439823829373,-0.5949057135506131,1.600391689947671,-0.889162865613186,-0.39052158654589836,-0.8360398061686635,-0.5243662969886274,0
-0.12899002010089736,0.7396358257018275,0.37887929936373527,1.5157647368827654,-1.2522765902275652,-0.015377013691579365,3.2270490748557994,-1.0068399170220146,-1.004337984339509,0.017930729264812536,-0.29449080163939534,1.0160767243268625,-0.47439472447966885,-0.5949057135506131,1.600391689947671,-0.430352721971278,-1.1612560731233823,-0.8935735971244319,-0.6126122069708786,0
-0.12958466098708535,0.008192168955558287,-0.9136359361277431,-1.0014478592424594,-0.7033800171318776,-1.1544150649196747,0.047740187763678534,0.9660471049700697,0.28554160329452727,-0.22992671407792642,-0.6661030129042077,0.009063122417187087,-1.8329134085566128,1.680938638211487,-0.6248470335613264,0.6902452513767178,-0.8615889060763837,-0.8304813565857231,0.5045697539976339,0
-0.10299205566018858,-0.9061124019772783,0.5224921033072328,0.005437179207630557,0.4748796423928968,1.6931800631505638,0.3214647742522812,0.6130917094032128,-1.1822451512720673,-0.19717698517357682,0.9474344058148251,-0.9979504794924884,0.43128439823829373,-0.5949057135506131,-0.6248470335613264,0.6252974071628536,-0.3723780896106992,-0.747173168958032,-0.7601433015838108,0
-0.14175646714275164,1.1053576540749621,0.09165369147674007,0.5088796984326754,0.08595816128146722,-1.1544150649196747,1.0194667741890544,1.7251853701195872,-0.6548406349391238,-0.4985639070212116,1.2168791646575148,1.0160767243268625,-0.02155516312068755,-0.5949057135506131,-0.6248470335613264,-0.9721345007843907,0.009729251074936697,0.8291522690054854,-0.4926164359765472,0
-0.14128405228111512,-0.7232514877907109,0.37887929936373527,0.005437179207630557,1.4912483405683323,-0.015377013691579365,-1.4485794442928768,-1.4707303263730005,-0.17504878844123437,0.24085032214096275,0.14142199466131095,0.009063122417187087,0.8841239595972751,-0.5949057135506131,-0.6248470335613264,1.6159915810284913,1.5127391054457013,-0.20045519587293004,-0.9144315527727854,0
-0.12697313225187917,-0.17466874523100903,1.5277817309117159,-1.0014478592424594,-1.4333262452277133,-1.1544150649196747,1.151910487545997,0.44453050270130184,-1.0024677133793116,-0.10669149364041937,-0.9831156129617006,0.009063122417187087,-0.02155516312068755,-0.5949057135506131,-0.6248470335613264,-0.05836591570549021,-1.0818531403196197,-0.338787915320223,-0.6764298711747925,0
-0.14174708664824556,1.4710794824480968,0.5224921033072328,1.5157647368827654,1.4816689937429277,-0.015377013691579365,1.0822096081674022,-3.787201333054765,-0.8217344500110294,-0.8533040665440891,-0.23978443070452518,0.009063122417187087,0.8841239595972751,-0.5949057135506131,1.600391689947671,0.8751189725997217,-0.2927569979028165,-0.29162454117297876,-0.948958493247488,0
-0.08088026409201189,0.9224967398883949,-1.631699955845231,0.005437179207630557,-0.04623682490911723,-0.015377013691579365,-1.018291330402971,-1.2560361028548233,-0.6149601122912549,0.18979209529662644,0.5330000379834124,1.0160767243268625,-0.47439472447966885,1.680938638211487,-0.6248470335613264,-0.31090490198728443,-0.8337895862996084,-1.161284687416695,-0.6675818231227894,0
-0.13496243375130804,-1.2718342303504129,-1.631699955845231,-1.0014478592424594,0.9327724206472401,1.123661037536516,-1.3681947030643338,-1.2583697635987023,1.2701139119338185,-0.6435240478553504,-0.8068659884557715,0.009063122417187087,-0.47439472447966885,1.680938638211487,-0.6248470335613264,-0.16917701813272323,-1.0961392554588356,0.23202049118356588,0.5975059121313736,0
0.5536105946839355,1.1053576540749621,-0.48279752429725026,0.005437179207630557,1.299661404060239,1.6931800631505638,-0.10097857076892583,-0.4950121254713252,-0.5791719656424781,2.4762704803368103,-0.98234434924546,-0.9979504794924884,-0.02155516312068755,-0.5949057135506131,-0.6248470335613264,-0.1961217423557381,-1.385630469515618,1.2378407246073662,2.5509753435486293,1
-0.14129120151189942,0.7396358257018275,-1.631699955845231,1.5157647368827654,-1.6124600308627808,1.123661037536516,0.5895801437363248,-0.5224127116525631,-1.1811716001008619,-0.18471558133327848,-0.46177125036856137,0.009063122417187087,-0.9272342858386502,1.680938638211487,1.600391689947671,1.1314646254576162,0.2140937217924721,-0.14204539957499576,-0.8175217959757108,0
-0.07977637245099173,1.1053576540749621,-0.48279752429725026,-1.0014478592424594,1.5353133359651938,-0.5848960393056271,0.7959939572531137,-1.2120140062236533,-1.093179468670056,-0.5357372155324641,0.8481678783902783,-0.9979504794924884,-0.47439472447966885,-0.5949057135506131,-0.6248470335613264,1.6398155922241044,0.42434015904923855,1.8600093909373292,-0.7105043481057182,0
-0.14194950670058726,1.2882185682615295,1.5277817309117159,0.5088796984326754,1.1243593571553334,2.2626990887646112,0.11551953171525917,1.0398439082400521,0.18275405340569184,-0.9147916829585244,-0.8962480422722543,-0.9979504794924884,-0.47439472447966885,-0.5949057135506131,-0.6248470335613264,1.2156223197670664,3.443848393943491,-0.3757030820744242,0.4936988175957593,0
-0.1293636059976541,0.008192168955558287,-1.3444743479582357,1.5157647368827654,0.9864167628695062,-0.5848960393056271,0.5257680265305559,1.4536431482886722,-0.5079776005322763,-0.5350789297998755,-0.7302669331492037,-0.9979504794924884,0.43128439823829373,1.680938638211487,1.600391689947671,-1.5334969745721891,-0.49039296860075493,-0.8783125505646661,0.5282541995394168,0
-0.04010293827760872,0.1910530831421256,0.37887929936373527,1.5157647368827654,0.5869580002501315,-0.015377013691579365,-0.19546626054007832,0.9416365521420521,-0.5805909162415956,-0.47166158786396717,-0.1346206041783618,1.0160767243268625,-0.47439472447966885,-0.5949057135506131,1.600391689947671,0.6748078936276644,0.7465781995926785,-0.31548555152389246,-1.468910894261094,0
-0.06900254911788917,-0.5403905736041437,1.0969433190812232,1.0123222176577205,0.6013270204882385,-0.5848960393056271,-0.8180338338772631,0.9879331432515149,-0.8900238454183864,-0.8262320313235717,-0.30909614564466714,-0.9979504794924884,-0.47439472447966885,-0.5949057135506131,1.600391689947671,0.1406125840174565,-0.8277728760190909,-0.9056785870935783,-0.6141877766768858,0
20.19640317375361,1.2882185682615295,-1.631699955845231,-0.49800534001741437,-1.4314103758626324,-0.015377013691579365,-0.5612581488390072,0.5209609511955331,-0.42779310204341414,0.16734531673882933,4.21373783295249,-0.9979504794924884,-0.9272342858386502,1.680938638211487,-0.6248470335613264,1.3519768457852999,-0.4306178269985986,-1.3796738600768146,2.7598639567796215,1
-0.10981196269287707,0.9224967398883949,1.6713945348552135,0.005437179207630557,-0.5740588349889145,-0.5848960393056271,-0.7007930757422958,-1.4181545895168959,0.4554206669975599,0.44537486425746814,0.4215478431173015,-0.9979504794924884,1.3369635209562563,-0.5949057135506131,-0.6248470335613264,0.9194996555823373,-0.32083592843259656,-1.0684277266487427,-0.04606383417268157,0
-0.12798455498921865,1.2882185682615295,1.5277817309117159,0.005437179207630557,0.1300231566783287,-0.5848960393056271,-0.3316862862169499,-0.4819511642414882,-0.4187421112035623,-0.26318250101455165,0.1273549333423893,0.009063122417187087,0.8841239595972751,-0.5949057135506131,-0.6248470335613264,-1.0928713117062923,-0.5872671420516131,0.010235623113147829,-0.8634194370255512,0
-0.081950200617386,1.653940396634664,-0.1955719164102551,0.005437179207630557,0.4873327932659229,1.123661037536516,1.1225797883536883,1.6160589985700875,-1.0982271291965653,-0.7416980153885397,-0.958368686242957,-0.9979504794924884,0.8841239595972751,-0.5949057135506131,-0.6248470335613264,-1.0995569517222545,1.5690456800118704,2.321820627164707,-0.31280208185192454,0
-0.14131450395181752,-0.3575296594175763,1.0969433190812232,1.5157647368827654,-0.9898024872114772,1.6931800631505638,-1.2477756828416513,0.848228928512916,0.713229686230128,0.19629596864095814,0.4454049785243574,0.009063122417187087,-0.47439472447966885,-0.5949057135506131,1.600391689947671,0.5438823452846525,0.5040089346016641,2.2552544601664657,0.737803298560847,0
-0.14142472368251968,-0.3575296594175763,-0.6264103282407478,1.5157647368827654,-0.7129593639572822,-1.7239340905337224,-0.1913889474605124,-0.5248428659174549,1.2080103300028158,0.29611350278258464,-0.03999338807526748,-0.9979504794924884,-0.9272342858386502,-0.5949057135506131,1.600391689947671,-1.0072736981201404,-0.2423351093473651,0.2585877677585742,0.5636164249084139,0
-0.11948251540201792,-1.6375560587235474,0.5224921033072328,1.5157647368827654,-1.639282201973914,-0.015377013691579365,-0.13396003541321197,-1.138398856784154,1.7192925386034419,-0.8992488359815749,-0.31889655461203076,-0.9979504794924884,0.43128439823829373,-0.5949057135506131,1.600391689947671,-0.07704565963685492,1.1775254357325626,0.30089465037750834,-0.34185575380145644,0
0.4938901763802407,0.9224967398883949,1.6713945348552135,1.0123222176577205,-1.4476952654658204,2.2626990887646112,-0.21980955952313735,0.7356506287695981,-0.43361166381746924,-0.680251317045408,-0.15843968708131562,-0.9979504794924884,0.43128439823829373,-0.5949057135506131,1.600391689947671,-1.3333249203882118,-0.6977518320902174,-0.5417289279631102,0.7853605463331302,0
-0.13710559782310391,0.7396358257018275,-0.48279752429725026,0.5088796984326754,-1.4601484163388465,-0.015377013691579365,0.7893844237702224,1.263121943324445,-0.9727464945465651,-0.45344878222652807,0.6962681820392115,0.009063122417187087,0.43128439823829373,-0.5949057135506131,-0.6248470335613264,-0.18867737349238267,-1.1111468200586019,0.5675118005021039,-0.7122811783939758,0
0.5444719502903536,0.3739139973286929,-0.48279752429725026,-1.5048903784675043,-0.3115847319728266,0.5541420119224684,0.3235437712700704,-1.9359288943851447,0.6562999213134418,-0.77562069904203,-0.7476734271360619,-0.9979504794924884,-0.02155516312068755,-0.5949057135506131,-0.6248470335613264,-1.2283114826576524,-0.009307668688021289,-0.6634433583366373,0.44525585536706913,0
-0.079923475422227,-1.0889733161638455,0.09165369147674007,0.005437179207630557,-0.8662289131637569,-1.1544150649196747,-0.008064774100158696,1.319921404087793,-0.8894347129023877,-0.5407181551655559,-0.04762300856198903,0.009063122417187087,0.43128439823829373,-0.5949057135506131,-0.6248470335613264,0.9886239520410576,-0.5177782090189428,-0.33137516057197375,0.5175042513408964,0
-0.10097042525339876,0.7396358257018275,1.2405561230247208,0.005437179207630557,-1.7130431725295299,-1.1544150649196747,-0.38167778011162634,-0.8770971719288586,0.7215362121536965,-0.24566440741902043,-0.991567880622735,0.009063122417187087,0.8841239595972751,-0.5949057135506131,-0.6248470335613264,-1.23963207552101,-1.119948987700078,-0.3053731185691282,-1.4801545182555476,0
-0.13848057336815017,-0.5403905736041437,1.2405561230247208,-1.5048903784675043,-0.8920931495923495,0.5541420119224684,-0.39291435672828884,-0.1708838291697037,-0.6579652754914121,-0.5111897200794276,-0.9672243642435912,2.023090326236538,0.43128439823829373,-0.5949057135506131,-0.6248470335613264,0.9954835521981608,-0.8523774376671631,0.363458896029384,-0.013449634898879882,0
-0.13883366856623597,-0.3575296594175763,-1.4880871519017334,1.5157647368827654,0.02081860286871546,1.6931800631505638,0.59950749682808,0.03385797345840373,-1.3389264968013672,-0.5482084477237887,0.16643020596303457,-0.9979504794924884,-0.9272342858386502,1.680938638211487,1.600391689947671,-0.17633663847626888,-0.8187757203803885,0.583825142251955,-0.36341669184661257,0
-0.14168355449828463,0.3739139973286929,-0.9136359361277431,-1.5048903784675043,-0.14107235848062347,0.5541420119224684,0.723188151226408,0.760006802103298,-0.6899647477957713,-0.2742487824595799,0.6268387673085993,-0.9979504794924884,0.8841239595972751,1.680938638211487,-0.6248470335613264,-1.209742538318423,1.2253024703500088,-1.000894930117878,0.22786499472362026,0
-0.09297446488510797,-0.3575296594175763,1.0969433190812232,-1.5048903784675043,0.37525443540868825,-0.015377013691579365,-0.6560415303233946,-0.8859536460827211,-0.5816788080251815,-0.6414069873709424,-0.8564810895659496,0.009063122417187087,-1.8329134085566128,-0.5949057135506131,-0.6248470335613264,-0.10449775778477756,1.044457209151491,-0.6774069625441798,-0.6488581840801868,0
-0.1405118641753728,-0.5403905736041437,-0.48279752429725026,-1.5048903784675043,-0.30583712387758377,-1.1544150649196747,0.29415362440970605,-1.1935867767467023,-0.9305140430033964,0.12185715464797331,-0.9601083855172075,-0.9979504794924884,-0.02155516312068755,-0.5949057135506131,-0.6248470335613264,-0.4111401987205452,0.43216274941022564,0.20516425951259293,-1.202578014828559,0
-0.07642467217502863,-0.3575296594175763,1.3841689269682185,-1.5048903784675043,0.8398527564408147,0.5541420119224684,-1.3944944298014426,-1.8046345656898783,-0.845153303457749,-0.8694323899020635,-0.8764870890214123,0.009063122417187087,-0.47439472447966885,-0.5949057135506131,-0.6248470335613264,0.4421830905647944,-0.7843020186838048,-1.0917737086410582,-0.3953624193338925,0
-0.0846926705024523,-0.7232514877907109,1.5277817309117159,-1.5048903784675043,0.18941510699583766,-0.5848960393056271,-0.5697064666351646,-0.14677230489668106,0.7365129714228399,0.8609092260254017,-0.7688245091486161,1.0160767243268625,0.43128439823829373,-0.5949057135506131,-0.6248470335613264,-0.12195624906766966,1.7190164330157678,-0.23907996723023436,-0.7327930997838369,0
-0.13709705625391175,0.008192168955558287,1.0969433190812232,0.005437179207630557,1.7106153828700992,1.123661037536516,-0.14025008774750816,-0.03920866962625225,0.18403479396092443,0.08813937797275218,-0.7282362695155169,2.023090326236538,-0.02155516312068755,-0.5949057135506131,-0.6248470335613264,-0.3824692817654533,-0.31001525894509774,-0.9579697334584955,-0.23100198675549077,0
-0.10784371306300206,0.1910530831421256,-0.9136359361277431,-1.0014478592424594,-0.22537061054418456,3.401737139992707,-0.984905323987375,-0.03091861558766333,0.27493718508481485,0.7712088133326727,-0.7783709236214774,-0.9979504794924884,-0.47439472447966885,1.680938638211487,-0.6248470335613264,-1.5847461482975396,-1.2088124295312515,-0.09298502826931404,-0.28562505489155476,0
-0.12102159754830652,0.3739139973286929,0.6661049072507305,1.0123222176577205,0.684667337869259,0.5541420119224684,1.356516052765431,0.2728082716135905,0.04335486757607381,-0.6263457453301848,-0.8186590010434115,-0.9979504794924884,0.8841239595972751,-0.5949057135506131,1.600391689947671,-0.5853264781499634,0.3574925233609988,0.3475113272208533,-0.644823293052351,0
0.16964787137104048,0.3739139973286929,1.5277817309117159,0.005437179207630557,0.1989944538212423,-1.1544150649196747,1.0136360423238928,-0.8310626782422997,-1.5428909103618726,-0.6585023426469262,-0.9795919915595276,0.009063122417187087,1.7898030823152375,-0.5949057135506131,-0.6248470335613264,-0.09276447984088333,-0.3633769962194511,-0.33422841566253203,-1.0859711714768645,0
-0.14034830992856387,1.2882185682615295,0.37887929936373527,-1.5048903784675043,0.42985671231349487,-0.5848960393056271,0.8067751803119019,-0.2609755404207144,0.31329628479746613,4.92677509563547,1.0342413749918251,-0.9979504794924884,1.3369635209562563,-0.5949057135506131,-0.6248470335613264,-0.20653079684167522,-0.24696066746157877,0.008132089185270383,1.7747534374483216,0
-0.13366957041061556,1.4710794824480968,-0.3391847203537527,1.5157647368827654,-1.5099610198309508,-0.015377013691579365,0.5682412489611304,0.7195465980212804,0.9590197843383047,-0.36395335515464977,-0.016596039146096583,0.009063122417187087,-0.02155516312068755,-0.5949057135506131,1.600391689947671,-0.7277833504928284,0.3195948022502068,-0.09682779897461252,-1.0066443745293805,0
0.0093485319117151,-0.9061124019772783,-0.6264103282407478,1.5157647368827654,-1.6555670915771017,1.123661037536516,-0.8104512312192109,-0.6393375684592214,1.1379247345616863,-0.09518431539199548,0.03699681342599863,0.009063122417187087,-0.02155516312068755,-0.5949057135506131,1.600391689947671,-0.9706214834150956,-0.8051549284129454,-1.4182153109532538,-1.6349713339094623,0
-0.09586063150516126,-1.2718342303504129,-0.05195911246675751,-1.5048903784675043,0.5371453967580272,-0.5848960393056271,0.5426024038301239,0.3466526174149962,-0.9987866504835524,0.6798780256948254,1.1947148316439837,0.009063122417187087,0.8841239595972751,-0.5949057135506131,-0.6248470335613264,0.004492627431694584,-0.6854436759951914,1.4427111926365754,-0.9952239070851034,0
0.1911415305961241,0.7396358257018275,-0.48279752429725026,0.005437179207630557,0.5237343112024606,-0.5848960393056271,-0.5129088522751334,-1.9200627289540697,1.7777541586264185,-0.503009044422966,-0.9880803552275536,0.009063122417187087,-0.9272342858386502,-0.5949057135506131,-0.6248470335613264,-0.5514216056217203,1.7360662283855222,0.42163953726946934,-0.583244301862108,0
-0.13923047709713998,-1.0889733161638455,1.2405561230247208,-0.49800534001741437,1.5832100700922171,-1.7239340905337224,0.6340954825972125,0.35088478175165333,-1.5361459862827802,-0.7623326223778748,0.7600877994052955,1.0160767243268625,-0.02155516312068755,-0.5949057135506131,-0.6248470335613264,1.525178751792781,0.36388303592176474,-0.12907511634860974,-0.0530769586175506,0
-0.10785588713347921,-0.9061124019772783,-1.3444743479582357,1.5157647368827654,0.7287323332661205,0.5541420119224684,1.4945184513681502,-1.1618998204506013,0.8061076301575105,-0.5708132269132432,0.11272767465154224,-0.9979504794924884,-0.47439472447966885,1.680938638211487,1.600391689947671,0.1344233352730464,-0.30871993180949897,1.3065886964693718,0.007484329130642482,0
-0.03323880390707228,0.9224967398883949,-0.05195911246675751,0.5088796984326754,1.5697989845366507,-1.7239340905337224,0.29695835280962224,-1.8568850544927256,-0.07371285823271458,-0.4869745893093207,-0.5060277256882378,-0.9979504794924884,-0.9272342858386502,-0.5949057135506131,-0.6248470335613264,0.15405097186585237,-0.8432059787890651,-0.35375144476332104,-1.6254703866867901,0
-0.08552151596123109,-0.9061124019772783,-1.3444743479582357,0.5088796984326754,-0.10083910181392385,-0.015377013691579365,-0.012187116921208269,0.46121235036159675,1.5621649549215706,-0.9585017670918625,0.03258551142573156,-0.9979504794924884,-0.02155516312068755,1.680938638211487,-0.6248470335613264,0.6052559305247921,-0.5809863228472009,-0.0532362273351151,0.9352007708317641,0
-0.1122212298884141,1.1053576540749621,-0.7700231321842455,0.5088796984326754,0.04380903524968666,-1.1544150649196747,-0.7054615373601392,0.9713420743451112,1.9204722050708585,0.9358432681735935,-0.585881130811936,1.0160767243268625,-0.02155516312068755,-0.5949057135506131,-0.6248470335613264,0.8888371150921741,1.136747058238715,-0.07191121764911158,-1.0759159203960524,0
-0.14136234033375147,0.5567749115152602,1.6713945348552135,1.5157647368827654,0.6559292973930451,-0.015377013691579365,-1.343366989253779,-1.5543415992540495,-0.6055823148796251,0.6561847157509606,0.04451905546676483,1.0160767243268625,1.3369635209562563,-0.5949057135506131,1.600391689947671,-1.964081859186459,-1.1103882585511307,-0.40831281032918415,-0.4323281084669403,0
-0.13644901705009138,0.3739139973286929,1.6713945348552135,0.005437179207630557,0.2871244446149653,0.5541420119224684,0.9710478262601965,0.29419445293551794,0.25037244663761665,0.07967418172912831,0.39082768882066843,2.023090326236538,0.43128439823829373,-0.5949057135506131,-0.6248470335613264,0.331377877315086,-0.5639381002945808,-0.8393301845193377,-0.7733525184854845,0
-0.1353823551583201,1.2882185682615295,0.9533305151377256,1.0123222176577205,0.8436844951709767,-0.015377013691579365,-0.7757327157335387,-0.5007790652847663,-1.2437821143942562,0.06041472409973403,-0.5831331091382496,-0.9979504794924884,0.43128439823829373,-0.5949057135506131,1.600391689947671,1.5727188554708722,-0.8127968041166487,-0.8231325039299929,0.31688543812108516,0
-0.11854424537861351,-1.2718342303504129,-1.3444743479582357,1.5157647368827654,1.4098238925523925,0.5541420119224684,-0.47886970957763936,-0.04305645694340346,1.0343573608035952,-0.692885056889355,-0.736061592210458,-0.9979504794924884,-0.47439472447966885,1.680938638211487,1.600391689947671,-0.24166251673483002,1.6169381431153704,-0.2081441675164959,0.17301310342204484,0
-0.1372926642888354,1.4710794824480968,0.5224921033072328,0.5088796984326754,1.2575122780284584,-0.5848960393056271,0.23777739596179526,-0.3626480406412658,-0.5266235168567893,-0.5877822229222661,-0.19624232782400539,-0.9979504794924884,-1.3800738471976315,-0.5949057135506131,-0.6248470335613264,1.5522742630159625,-0.5511186582516147,2.1053510170013072,-0.23686104423591667,0
-0.13856834517997763,-1.2718342303504129,1.3841689269682185,0.005437179207630557,-0.026120196575767425,-1.1544150649196747,0.4492293136564939,-0.3672972785648937,0.09462950420361571,0.7430823456555724,-0.7756707729013025,0.009063122417187087,-1.3800738471976315,-0.5949057135506131,-0.6248470335613264,-1.4144651028045558,-0.03834136657983242,0.2712048273339829,0.5351983668799604,0
0.6080677564356795,1.4710794824480968,1.5277817309117159,-1.5048903784675043,1.4960380139810345,-1.1544150649196747,-0.4700507990672859,-1.7460421132870696,-1.3725471178429067,2.0127001762132855,0.1845508268701687,-0.9979504794924884,-0.47439472447966885,-0.5949057135506131,-0.6248470335613264,0.5498156009693531,-0.140718897229066,-0.5860561608242962,2.1241635689909826,0
-0.0887350794664046,1.4710794824480968,0.09165369147674007,1.0123222176577205,0.26988162032923685,0.5541420119224684,-0.19075607672356654,0.9908098574970156,0.09744704416266439,-0.9088459761729635,0.3539774682061951,2.023090326236538,-0.02155516312068755,-0.5949057135506131,1.600391689947671,0.7899089852762947,-1.4029409245465425,-1.0343457246770238,-1.7814552339448932,0
-0.02973185347756448,1.1053576540749621,-0.9136359361277431,0.5088796984326754,0.14535011159897618,-0.5848960393056271,-0.6420152997035903,2.615562598138151,-0.10986527504819488,3.0595495515570477,0.3419677976896192,0.009063122417187087,1.7898030823152375,1.680938638211487,-0.6248470335613264,-0.3153923781295265,0.33535881968349646,1.541514893182569,1.9628828666398745,0
-0.12857903955867978,-1.6375560587235474,0.5224921033072328,-1.0014478592424594,-0.4476114568935729,0.5541420119224684,-0.09843553630461718,-0.3576920401730021,0.1559461551795991,-0.8634025935082507,2.058557999434473,0.009063122417187087,0.43128439823829373,-0.5949057135506131,-0.6248470335613264,-0.24197937119389942,0.25934341431424995,0.7631727840271818,-1.0157882455132063,0
-0.12063075499762868,0.1910530831421256,-0.48279752429725026,1.0123222176577205,-0.4801812360999488,-0.015377013691579365,-0.05786038774509847,-0.5256753891546267,-1.6204029711545225,-0.6926254257807465,-0.9227906838491453,1.0160767243268625,-0.47439472447966885,-0.5949057135506131,1.600391689947671,-0.16352399229789236,-0.3241099064146834,-0.6948253251396479,-0.7322684980750673,0
-0.14161668701306745,1.1053576540749621,0.23526649542023767,0.005437179207630557,-0.4035464614967114,2.2626990887646112,-0.07361293820136329,-0.9677825721794753,0.4724189062191917,-0.8651415791610648,-0.5775614927997176,0.009063122417187087,0.8841239595972751,-0.5949057135506131,-0.6248470335613264,-0.11588395850722953,0.027231266948958912,0.29591437413911753,-0.19371873106932214,0
-0.1364902209193433,1.2882185682615295,-1.631699955845231,-1.0014478592424594,-0.47251775863962503,-1.1544150649196747,-1.0894400575060037,-0.377643927840277,0.3440986382604657,-0.6300433400540191,-0.11463241566861757,2.023090326236538,0.43128439823829373,1.680938638211487,-0.6248470335613264,0.6815008464961194,-0.5622929428596974,0.143535489722579,0.4309507680057659,0
-0.09152052546809364,0.1910530831421256,1.2405561230247208,-1.5048903784675043,-0.34128070713158104,1.6931800631505638,1.0059074011606026,-0.12974836672588924,-0.5623104520857809,-0.9002056097703632,-0.9164405155338605,0.009063122417187087,1.3369635209562563,-0.5949057135506131,-0.6248470335613264,-1.2897467302625587,1.8032727288787216,-0.29043312471494115,-0.5718397848941765,0
-0.08429827960653025,-0.17466874523100903,1.0969433190812232,1.0123222176577205,0.8666749275519479,-0.015377013691579365,0.7632658353040735,-0.7624115378136181,-0.39526783966297985,0.8812341135988393,6.627978742382595,-0.9979504794924884,-0.9272342858386502,-0.5949057135506131,1.600391689947671,0.2877632060936349,3.1159701406331535,-1.304837637146425,0.9959975820678674,0
-0.1385309542362223,1.2882185682615295,0.09165369147674007,1.0123222176577205,0.11948587517038356,-0.015377013691579365,1.2658717355197884,0.6463942900135534,-0.962384950846803,0.1226284497951609,-0.3178677365602806,0.009063122417187087,1.3369635209562563,-0.5949057135506131,1.600391689947671,-0.10936724181133436,-0.7919772647303077,0.5494841790471774,-0.5712215667810256,0
-0.12477281456708737,-1.6375560587235474,0.23526649542023767,-1.0014478592424594,1.6493075631875094,-0.5848960393056271,0.5787104587334246,-0.2603523020129996,-1.4199575468172803,0.3870112913319585,1.3527141928107194,1.0160767243268625,-0.47439472447966885,-0.5949057135506131,-0.6248470335613264,0.8945853818979586,2.0619865339782186,1.110423612355189,-1.0387016403969191,0
-0.11882098610189298,-0.5403905736041437,-0.48279752429725026,0.005437179207630557,0.6176119100914264,-1.7239340905337224,0.8036432145572169,-0.292658325807382,-1.509581871389165,-0.8819484025347484,-0.38940443747648157,-0.9979504794924884,-0.02155516312068755,-0.5949057135506131,-0.6248470335613264,0.46921959335339014,0.4777683267011191,-0.33489660120949183,-1.0164517326251847,0
-0.13962243688134204,1.4710794824480968,-0.9136359361277431,-1.0014478592424594,-0.6209976344333974,-0.5848960393056271,-0.10439676776614412,-1.7000565782918484,1.0741602006365567,-0.8765333764701295,-0.8818021258901553,-0.9979504794924884,1.3369635209562563,1.680938638211487,-0.6248470335613264,0.6781266225321448,-0.6699986818686672,-0.8464484578413478,0.0002648572007583384,0
0.0561214224523028,-0.3575296594175763,0.6661049072507305,1.0123222176577205,-0.7819306611001959,0.5541420119224684,0.36319214818757545,-1.047483983345054,-0.9863153716566072,0.47303542548038674,1.428844021236093,0.009063122417187087,-1.3800738471976315,-0.5949057135506131,1.600391689947671,-0.4117984203458515,0.3478357814331147,-1.1422322484020822,-1.350492294864975,0
0.02426799644923626,-0.3575296594175763,-1.2008615440147383,-1.5048903784675043,0.5658834372342412,-0.5848960393056271,1.036045662048069,0.05507419855725605,-0.7180083289117246,-0.8670676974621826,-0.8301245435989196,1.0160767243268625,0.43128439823829373,1.680938638211487,-0.6248470335613264,0.8884478005430606,-1.5557997016211895,-1.0515752933603575,1.983371556728421,0
0.5295025972515451,1.1053576540749621,1.5277817309117159,-1.5048903784675043,0.21048967001172791,-1.1544150649196747,-0.32259542976503836,-0.5488278529757503,1.1920002116994273,-0.3285044630381484,0.43830366002531557,0.009063122417187087,0.43128439823829373,-0.5949057135506131,-0.6248470335613264,1.5018188013976632,0.8387149553716684,-0.4677753760000409,0.28286743165991085,0
-0.1403641099615722,0.3739139973286929,-0.6264103282407478,-0.49800534001741437,-0.38247189848082114,-0.015377013691579365,0.08917047983121495,-0.20436116849367603,2.276272193686983,-0.5974381003789099,-0.901873427029819,-0.9979504794924884,-0.02155516312068755,-0.5949057135506131,-0.6248470335613264,1.3802975683953087,-1.4131566370739457,1.1652678940733683,-0.5164605221566024,0
-0.04478319556237945,0.9224967398883949,1.2405561230247208,-0.49800534001741437,-1.5674371007833787,-0.5848960393056271,-0.9245640047119557,0.5758671474014653,-1.153992496660463,0.7109969745396849,-0.8032321954239299,0.009063122417187087,1.3369635209562563,-0.5949057135506131,-0.6248470335613264,1.940297469687402,1.2247630399051623,1.1551445614928906,0.5589390686231704,0
-0.13564704727975385,-1.2718342303504129,-0.6264103282407478,-1.5048903784675043,0.600369085805698,1.6931800631505638,0.33030633457640024,-0.16451489356639915,0.21296134475610468,-0.6408819335513439,-0.5130852438137027,0.009063122417187087,0.43128439823829373,-0.5949057135506131,-0.6248470335613264,1.0014646948215802,0.2760932444975239,-0.9879321675966473,-0.9250912295362872,0
-0.1402099991255299,0.1910530831421256,-0.1955719164102551,0.005437179207630557,-0.9313684715765087,0.5541420119224684,-0.2617335376336037,1.9406406429712142,-0.13459147102659708,0.5419163315515039,0.19400883524222676,0.009063122417187087,1.3369635209562563,-0.5949057135506131,-0.6248470335613264,0.09395582355630863,-1.0823669385917407,-0.02428419152557346,0.4589464166870805,0
0.24592888806601446,0.3739139973286929,1.0969433190812232,-1.0014478592424594,0.37238063136106686,-0.5848960393056271,-0.5023158653107749,-0.6711017810276473,-0.22181391781481835,3.0752759047227465,-0.9722763091724065,1.0160767243268625,1.7898030823152375,-0.5949057135506131,-0.6248470335613264,0.9057517619592375,2.2054800044062315,0.3692425175421309,0.09345199847915528,0
1.6035943909592114,0.5567749115152602,1.5277817309117159,0.5088796984326754,0.45859475278970885,-0.015377013691579365,0.5289517034642832,-0.7618558398486774,0.5938432860357116,-0.4557010202755332,-0.32840887343799136,-0.9979504794924884,-0.02155516312068755,-0.5949057135506131,-0.6248470335613264,0.1128581438896104,0.4857189184088207,-0.4932312554972335,0.2672260795477022,0
-0.048228664577820705,-0.7232514877907109,0.6661049072507305,0.005437179207630557,0.963426330488535,-0.015377013691579365,-0.10947615349396399,-0.34316290118758086,0.2243920936573686,0.6586971169702139,-0.9847646977868606,-0.9979504794924884,-0.47439472447966885,-0.5949057135506131,-0.6248470335613264,1.6736579265813534,-0.9381664536744808,1.5943332639847878,-0.16509715926936536,0
-0.1409566497660204,1.653940396634664,-0.3391847203537527,0.005437179207630557,-1.1746838809417874,0.5541420119224684,1.1539103349924227,0.10066327484416357,-0.842277725653081,1.4640730001353248,0.6628548597898546,0.009063122417187087,-1.3800738471976315,-0.5949057135506131,-0.6248470335613264,-1.3839539775670024,-0.7366376227501271,-0.26727090715314433,0.5847096713888673,0
0.1980378707252707,0.5567749115152602,0.6661049072507305,1.0123222176577205,0.06488359826557694,-0.5848960393056271,0.24210384547437483,0.2136564735579846,0.49166305546035427,-0.5497342627029707,-0.41595749534023063,0.009063122417187087,0.43128439823829373,-0.5949057135506131,1.600391689947671,-1.9702395508536215,-0.06665233029833752,-1.3106351403137746,-0.8031459776662015,0
-0.1380212148056053,-1.4546951445369802,-0.05195911246675751,-0.49800534001741437,-0.7139172986398227,2.2626990887646112,0.7037812271049284,-0.16176334572789422,0.06251759361237863,-0.06647573143965577,-0.30472760650611436,0.009063122417187087,-0.47439472447966885,-0.5949057135506131,-0.6248470335613264,2.3333979387454455,1.6784624048028027,0.32275125970733637,-0.6228200827893038,0
-0.13561120237896065,-0.17466874523100903,0.23526649542023767,0.005437179207630557,-1.5540260152278123,1.123661037536516,-1.3356682713366734,-1.3655309817655557,0.33779920544790865,0.986466248835817,-0.8637957718492778,1.0160767243268625,0.8841239595972751,-0.5949057135506131,-0.6248470335613264,-0.11911577316161433,-0.43825728788729273,0.3471332708029351,-0.7536104568283266,0
-0.0762322463326378,0.008192168955558287,-1.631699955845231,-1.0014478592424594,-1.471643632529332,2.832218114378659,0.3594945642392827,-1.7114753848593744,1.6408830866718083,-0.716897745110656,-0.2688168140216005,2.023090326236538,-0.47439472447966885,1.680938638211487,-0.6248470335613264,0.4993476572447182,1.848240978676496,-0.8255978502159391,0.571815731529743,0
-0.141111406633289,-1.2718342303504129,-1.3444743479582357,-1.0014478592424594,-0.18513735387748495,1.123661037536516,1.1446887036035263,1.0780286419557568,-0.29915486961893417,-0.5942365898079479,-0.33921341225176016,0.009063122417187087,0.43128439823829373,1.680938638211487,-0.6248470335613264,-0.21883824064485455,2.60022475451387,-0.9436967740164134,0.5334904262634002,0
-0.13651671984419692,-1.4546951445369802,-0.3391847203537527,-1.0014478592424594,-1.6756837199104515,0.5541420119224684,-1.0387219569614177,1.454878481207461,-1.2577588735496854,-0.5883641301890463,0.07411486684828697,0.009063122417187087,0.8841239595972751,-0.5949057135506131,-0.6248470335613264,0.8279201905109372,-0.5780371821208872,1.473742831400171,-1.1705062340405874,0
-0.1268792697525699,0.5567749115152602,1.2405561230247208,0.5088796984326754,0.7488489615994703,-0.5848960393056271,0.8105425633919927,-1.2544363334244835,0.05522045469572128,-0.8950216364597962,0.3630611886417129,-0.9979504794924884,0.43128439823829373,-0.5949057135506131,-0.6248470335613264,-0.11789223191815569,1.260181765388556,1.2866707875490162,-1.1384086014089143,0
-0.1364900358540784,-1.6375560587235474,-1.631699955845231,-1.5048903784675043,-0.7953417466557624,0.5541420119224684,0.08940862850652209,-0.00958575853744747,-0.40787913556867456,-0.8807419147440423,-0.4446748501902291,1.0160767243268625,-0.9272342858386502,1.680938638211487,-0.6248470335613264,-0.005672986100180864,-0.7839099726458917,-0.4478977096062151,0.4597759461081793,0
0.04756767044757889,1.1053576540749621,-0.05195911246675751,1.0123222176577205,-1.5990489453072143,-1.1544150649196747,0.5470446184899742,-0.26847105638456914,-0.14610096661209407,0.8026783901804367,-0.8742378794932057,-0.9979504794924884,0.8841239595972751,-0.5949057135506131,1.600391689947671,-0.5217969698674134,0.32327828021169636,1.877410641101845,-0.42589714536007744,0
-0.12729365786832153,-0.9061124019772783,-1.4880871519017334,1.5157647368827654,0.1913309763609186,-0.5848960393056271,-0.2603298244553781,-0.9944915291175924,2.3068521780582785,-0.16838690280197913,-0.6070469763740984,0.009063122417187087,1.7898030823152375,1.680938638211487,1.600391689947671,0.7192268895160763,-0.29558557962002985,-0.15001487984123862,0.6124552422659899,0
-0.1184468676701511,0.008192168955558287,0.09165369147674007,1.5157647368827654,-0.2636879978458032,1.6931800631505638,-0.008119351148536675,0.8942906914781394,0.9982076027282314,-0.6770804936957641,-0.9449826665367703,1.0160767243268625,1.3369635209562563,-0.5949057135506131,1.600391689947671,-0.3743148062043195,1.4368887057934285,-0.5796836662374933,-0.40817854832448436,0
0.0565445933686854,0.3739139973286929,-0.1955719164102551,-1.5048903784675043,-1.3375327769736667,-0.5848960393056271,0.16536507514000046,-1.3694523996481773,0.05067108798189308,-0.8332279024374454,0.7310087935734987,2.023090326236538,-0.9272342858386502,-0.5949057135506131,-0.6248470335613264,0.07983804183778491,0.3077559071397618,-0.25333964668432746,-1.808005038922654,0
-0.08934107927851179,0.5567749115152602,-0.48279752429725026,1.0123222176577205,-0.9409478184019134,-0.015377013691579365,1.2433588945995837,-0.26730164628289976,-0.19643825170233767,1.7062304409894193,-0.4832652719132082,3.030103928146213,-0.47439472447966885,-0.5949057135506131,1.600391689947671,0.7217030489322668,-0.371194013440059,-0.7398060666855416,-0.1713602133450321,0
-0.14068116629731742,1.2882185682615295,0.809717711194228,-1.5048903784675043,1.2316480415998656,-0.5848960393056271,-0.6978462079319363,-0.8333725111822904,-1.5027752393511775,-0.1672924872025091,0.013273592932068777,0.009063122417187087,4.054000889110145,-0.5949057135506131,-0.6248470335613264,0.699634720713687,-0.5179044116972483,0.2598108530490223,0.9227174093482524,0
-0.10840753631061323,0.7396358257018275,0.09165369147674007,0.5088796984326754,-0.032825739353550695,0.5541420119224684,-0.4088936647684162,1.0200045081090396,-1.4030616445974058,-0.6743918862792858,-0.8293168122554158,1.0160767243268625,-1.3800738471976315,-0.5949057135506131,-0.6248470335613264,0.6022842457530845,-0.6561295369580559,0.24982864886577605,-0.6505020840552833,0
-0.1350121289673265,0.7396358257018275,-0.7700231321842455,-0.49800534001741437,1.7086995135050183,-1.1544150649196747,0.04270070624475167,-1.2238948645768501,0.6741115088627603,0.40707855385319885,-0.6201987703504137,-0.9979504794924884,0.43128439823829373,-0.5949057135506131,-0.6248470335613264,-0.6440098111610786,2.0120627451724693,-1.0904159170824907,-0.6798877683972969,0
-0.13474359159976465,0.3739139973286929,-0.3391847203537527,1.0123222176577205,-1.4151254862594445,-1.1544150649196747,-0.4071416533220758,-0.5005211622540555,-0.5162762112024358,-0.46450559546175385,-0.2432081547711234,0.009063122417187087,-0.02155516312068755,-0.5949057135506131,1.600391689947671,-0.5452369857016024,-0.25261252823978786,4.087981004860969,-0.2665908245781731,0
-0.1417713180803936,-1.4546951445369802,-1.2008615440147383,0.005437179207630557,0.6444340812025595,-0.015377013691579365,0.40106077632376336,-0.2074371426954372,-1.4006622984413966,-0.4489219211505371,0.23949498213235368,0.009063122417187087,3.1483217663921814,1.680938638211487,-0.6248470335613264,-0.8462112875787249,-0.8037734785255143,-1.009881931839428,2.3378413751172706,0
-0.14105267038559915,0.5567749115152602,1.6713945348552135,-1.0014478592424594,0.6406023424723976,-0.5848960393056271,0.5934579494960787,-1.3311247849369945,-0.528461083612269,0.07568208576385363,-0.7087879874912619,-0.9979504794924884,-0.9272342858386502,-0.5949057135506131,-0.6248470335613264,-1.188639746074592,-0.34012186668785443,-1.3088454426668716,-1.0917541326886657,0
8.268319403465762,0.008192168955558287,1.2405561230247208,-1.5048903784675043,-0.1343668157028402,-1.1544150649196747,-0.42135436236285384,-0.032725371537574606,-0.5006373571016206,-0.9592776676806679,-0.4300244837669385,-0.9979504794924884,-0.9272342858386502,-0.5949057135506131,-0.6248470335613264,-0.6298327500260369,2.257121036661789,0.9581265890534248,0.8973253315519639,0
-0.13350890197617,1.2882185682615295,-1.4880871519017334,-1.0014478592424594,1.3149883589808864,3.401737139992707,0.5081224617329554,-1.1634698853873728,-1.3023492697758114,0.9658685777581668,0.43168875650801586,1.0160767243268625,-0.47439472447966885,1.680938638211487,-0.6248470335613264,0.7312325486181726,0.520574175338833,1.379792323529771,1.0909911831451207,0
-0.02911442624192337,-1.6375560587235474,-0.1955719164102551,0.5088796984326754,1.1914147849331662,-0.5848960393056271,-1.3843883785331212,2.176072096538946,-0.04811836017171539,0.4437252005942779,-0.4621286352700323,-0.9979504794924884,0.43128439823829373,-0.5949057135506131,-0.6248470335613264,-0.20185788114139855,-0.8967602439742998,-0.1707749397809436,-1.1719703733251416,0
2.9374634657834635,-0.3575296594175763,-0.3391847203537527,0.005437179207630557,-1.2082115948307037,-0.5848960393056271,1.5706523517867073,0.6752561314473057,1.4540738725804319,0.1642850067148792,1.5510219486091585,1.0160767243268625,0.43128439823829373,-0.5949057135506131,-0.6248470335613264,-1.7241032672779177,-0.8164192422120148,-0.6782272330973681,1.7701803647100514,0
-0.1412492818258089,0.008192168955558287,0.5224921033072328,0.005437179207630557,-1.0290778091956363,1.123661037536516,1.3929017379580642,-0.7014819954804795,-0.37043618343469287,-0.6222782891983247,0.16523440975759765,0.009063122417187087,0.43128439823829373,-0.5949057135506131,-0.6248470335613264,1.1923468016740124,2.448811600810086,0.33999060177601714,-0.0023432860445419235,0
-0.12149379258581712,0.9224967398883949,0.9533305151377256,-1.5048903784675043,-0.9773493363384511,0.5541420119224684,0.504636770661611,0.7031207607768802,0.37117399845098165,0.27947338811034994,0.17229491266903424,0.009063122417187087,0.43128439823829373,-0.5949057135506131,-0.6248470335613264,0.5444925754876512,0.17345909472321805,0.9662293184108686,-0.6763056845584454,0
-0.1311641542608137,1.4710794824480968,0.5224921033072328,-1.0014478592424594,0.7756711327106034,-0.5848960393056271,-0.39544120583909814,-0.09329755318771242,-0.20627334810857398,0.18835347054355533,-0.45357640082599876,-0.9979504794924884,-1.3800738471976315,-0.5949057135506131,-0.6248470335613264,0.10001467769487848,0.0819824689830693,0.09043317391449916,0.012934207707777043,0
-0.13751348982291423,-0.3575296594175763,0.37887929936373527,0.005437179207630557,0.6118643019961836,2.2626990887646112,-0.2467473260911247,-0.7324289052688926,-0.8935880036301804,2.1028053338889032,-0.5412050985977599,0.009063122417187087,-0.47439472447966885,-0.5949057135506131,-0.6248470335613264,-1.1121241981622019,0.38969526928302556,-0.6787405974884461,1.5416078220544636,0
-0.1385735168761189,-0.7232514877907109,-0.05195911246675751,-1.5048903784675043,0.6712562523136926,-1.1544150649196747,1.0172073000538,-1.713326801597561,0.3820970263207421,-0.12983023103006122,0.43790293033934574,0.009063122417187087,-0.02155516312068755,-0.5949057135506131,-0.6248470335613264,-0.7071619069732358,-0.11074739724882202,-0.20727292342121872,-0.664129178744459,0
-0.024226609828057345,-0.17466874523100903,-1.4880871519017334,1.0123222176577205,-1.7120852378469893,-0.015377013691579365,-1.400284872756759,-1.9559799912866072,-1.0466584741656502,1.0792445159674484,0.5160169625136837,0.009063122417187087,-0.47439472447966885,1.680938638211487,1.600391689947671,2.0479308806760046,-0.7575460079054241,-0.29895455581250185,0.5289924544454151,0
-0.050788315965013216,1.2882185682615295,0.5224921033072328,1.0123222176577205,1.3580954196952073,0.5541420119224684,-0.5827153561258751,-0.37827865449376974,0.12044556032147094,-0.9498271062912088,0.2790234780852269,1.0160767243268625,-0.02155516312068755,-0.5949057135506131,1.600391689947671,-0.5391517971447075,2.8588242052428114,-0.12667875833336045,-0.06548336112912595,0
0.04603461286329353,0.008192168955558287,0.09165369147674007,-0.49800534001741437,-1.299215389672048,-0.5848960393056271,-0.3528264262630588,0.26414618859691885,-1.24155814556545,-0.051463538596898145,0.9089739512527498,0.009063122417187087,-0.47439472447966885,-0.5949057135506131,-0.6248470335613264,0.07847090997458307,-0.060813770469967526,0.22271037698444177,0.5881323785746678,0
-0.11062508692009704,1.2882185682615295,-0.9136359361277431,1.0123222176577205,-0.20908572094099662,-0.5848960393056271,0.38736063475499966,0.45974916354969664,-0.23101485444712025,-0.9202045112077026,-0.5172974200577201,-0.9979504794924884,-0.47439472447966885,1.680938638211487,1.600391689947671,-0.45675394972930333,-0.20822747814328815,-1.5438745633120838,0.2646246213647289,0
0.07920633707967832,-0.7232514877907109,-0.1955719164102551,-0.49800534001741437,-0.37672429038557836,-1.1544150649196747,-0.408056277946151,-0.23604221148703078,-0.9068618705599715,-0.9399018423903465,-0.5558514866357478,-0.9979504794924884,-0.47439472447966885,-0.5949057135506131,-0.6248470335613264,-0.5226668187063165,0.7500392708769178,-0.4131837836400253,-1.0022947174001942,0
-0.05362209710788446,1.653940396634664,-0.48279752429725026,-0.49800534001741437,0.49020659731354427,0.5541420119224684,1.4008894925974713,0.15453505972599318,-0.30477141794249124,-0.4602500767763314,-0.5350705260123506,0.009063122417187087,-0.9272342858386502,-0.5949057135506131,-0.6248470335613264,-0.5304023753732412,-1.2939015859360927,-0.23428682485809088,-0.6564156535379781,0
-0.1239695993145275,0.008192168955558287,-0.3391847203537527,-1.5048903784675043,-0.04048921681387443,-0.015377013691579365,-0.32203702663333555,0.2450480419953205,-1.264134720534256,1.5852272580018423,-0.7249512415183944,1.0160767243268625,-0.02155516312068755,-0.5949057135506131,-0.6248470335613264,-1.3559490346510337,0.8219681305377541,0.46752861435392024,0.5670640577121571,0
-0.13851718956215475,0.5567749115152602,-1.4880871519017334,-1.0014478592424594,-0.25698245506802,-1.1544150649196747,-1.1732240935295688,-0.3677099208347028,-0.06072230819745155,-0.1426476517983856,-0.6883421737338692,0.009063122417187087,-0.47439472447966885,1.680938638211487,-0.6248470335613264,0.7177891417037485,-1.3776748202056854,-0.42859487331027274,0.27508340972092865,0
-0.11388089635610914,-1.4546951445369802,-1.2008615440147383,1.0123222176577205,0.4365622550912781,1.123661037536516,-0.013965662543892136,1.892029302679393,0.5951599431509347,-0.9499467303053205,0.380137993613184,0.009063122417187087,-2.285752969915594,1.680938638211487,1.600391689947671,0.6983465520802482,0.2651869214443654,0.677864316346614,0.6154585331814876,0
-0.13784518870621423,1.4710794824480968,0.5224921033072328,-1.5048903784675043,0.860927319456705,-0.5848960393056271,-0.22402469444787357,0.01160564283312959,0.02833215810530512,0.38657162673731826,-0.49028911136766923,0.009063122417187087,0.8841239595972751,-0.5949057135506131,-0.6248470335613264,0.12259481229317909,-1.0900554414881092,-0.9153958019449734,-0.19273434920156918,0
-0.06492597432267448,-0.9061124019772783,0.5224921033072328,0.5088796984326754,1.119569683742631,-0.5848960393056271,1.5696386198250822,0.1257496392258663,-1.0584136233483703,0.7347355243647196,1.3360530710020027,-0.9979504794924884,-0.02155516312068755,-0.5949057135506131,-0.6248470335613264,1.153310142282085,-0.288392076246137,-0.616413553346262,-0.5461722939208065,0
-0.1406267720600606,0.9224967398883949,-1.0572487400712407,-1.5048903784675043,-1.1334926895925472,-0.5848960393056271,-1.387715910757249,1.2491285579847333,-0.778367035274391,-0.8883444443417988,2.2372215576984305,-0.9979504794924884,-0.47439472447966885,1.680938638211487,-0.6248470335613264,-0.92319350215916,-0.0739663639646102,-0.5710167280544071,1.0701978254783187,0
-0.12594205452874666,-0.3575296594175763,-0.6264103282407478,0.5088796984326754,1.6866670158065875,-0.5848960393056271,0.18569604527161987,2.0707728336003197,-1.0865543976925518,0.09471612217730328,-0.6027216504557498,0.009063122417187087,0.8841239595972751,-0.5949057135506131,-0.6248470335613264,1.1373579112544459,-0.9877475267558836,2.790198109948618,-0.11685097696560741,0
-0.14075220666900223,-0.3575296594175763,1.0969433190812232,0.005437179207630557,-0.03761541276625303,-0.5848960393056271,-2.5274100958748376,0.5643629551792941,0.35869898816423773,-0.574188282947208,1.2991409510515584,2.023090326236538,-0.02155516312068755,-0.5949057135506131,-0.6248470335613264,-1.895784567238862,0.7255435399509749,-0.49107719156538066,-1.787578308991154,0
0.08032475704543679,-1.6375560587235474,1.3841689269682185,0.005437179207630557,-1.4965499342753843,2.832218114378659,-1.5933465756078335,1.2511309547967453,0.5019589337068093,-0.7828793751488106,-0.9366072552496049,0.009063122417187087,-0.02155516312068755,-0.5949057135506131,-0.6248470335613264,1.2740396714656048,2.923942615830978,0.012955025485635829,-0.9473571487230621,0
-0.07795970719041469,-0.5403905736041437,-0.05195911246675751,0.005437179207630557,1.1550132669966284,-0.015377013691579365,0.3744187884708912,-1.5733522155605457,-0.9500668700625948,-0.4067355032762399,0.7318974994919595,0.009063122417187087,-0.02155516312068755,-0.5949057135506131,-0.6248470335613264,-0.8314188739666755,2.263263879165934,0.1324006290909818,-0.23054929211029535,0
0.06976421420244137,-0.7232514877907109,1.2405561230247208,1.5157647368827654,0.629107126281912,-0.015377013691579365,1.2660779351778888,-0.7321881699707316,-0.07076680879629603,1.1673888369913543,-0.47844992949368154,1.0160767243268625,-0.9272342858386502,-0.5949057135506131,1.600391689947671,-0.46492697793295457,-0.04388317603433943,1.4620259785835639,0.6418270304497834,0
-0.13864163339961572,0.1910530831421256,-0.48279752429725026,0.5088796984326754,-0.2244126758616441,-0.015377013691579365,1.1915542577875724,-0.605102213389146,2.9807865561448987,-0.8238431400926688,-0.520707290307206,0.009063122417187087,-0.47439472447966885,-0.5949057135506131,-0.6248470335613264,-1.0990979211482546,1.3321770472733563,0.575177871123665,1.4520566713399834,0
-0.13514546776137917,0.3739139973286929,-0.7700231321842455,0.005437179207630557,1.6799614730288044,0.5541420119224684,1.9042256015024532,-0.6586430469019436,-0.16765852699552428,-0.2932270868578766,-0.8289169644182108,0.009063122417187087,-1.8329134085566128,-0.5949057135506131,-0.6248470335613264,-0.5105921525664238,-0.9108926461735117,1.0359254651625216,-2.162735424012554,0
-0.10179768337936844,1.2882185682615295,1.6713945348552135,-1.0014478592424594,-0.8135425056240313,-0.015377013691579365,0.6231994283663841,-0.4394794482240216,-1.0568112186894543,-0.7416828080492521,-0.55398118534102,-0.9979504794924884,0.43128439823829373,-0.5949057135506131,-0.6248470335613264,0.6266802330865585,-1.486275922741086,-0.2425858589958103,-1.130055724618834,0
-0.1361757754753096,-1.4546951445369802,0.9533305151377256,0.5088796984326754,-0.13819855443300205,-1.1544150649196747,-0.7567488804060511,-0.7415140717768192,-1.440393947018251,-0.5856659909630955,-0.31717565227518835,2.023090326236538,0.8841239595972751,-0.5949057135506131,-0.6248470335613264,1.658324677974534,1.6713587417028457,-1.4974917058255834,-0.3863364033412349,0
-0.12550896191095437,-1.6375560587235474,0.09165369147674007,0.5088796984326754,-1.717832845942232,-1.1544150649196747,1.0467269652391293,1.1057960057379717,0.46416170154101305,0.6303020232192366,-0.6788824630853038,0.009063122417187087,-0.9272342858386502,-0.5949057135506131,-0.6248470335613264,-0.16219501429824792,-1.5721862221193517,0.3491135013208271,-0.7680180510769389,0
-0.13312875491521844,-0.9061124019772783,1.3841689269682185,0.5088796984326754,0.586000065567591,-0.5848960393056271,0.22311006868492073,1.0522137510349205,-1.3046208004878903,-0.735322194415338,-0.17399103852095904,-0.9979504794924884,-0.02155516312068755,-0.5949057135506131,-0.6248470335613264,0.08397520586365118,0.8720663454384932,-1.222803810836311,-1.246434472816795,0
-0.03922741888097659,-0.3575296594175763,1.0969433190812232,1.0123222176577205,-1.1804314890370302,-0.5848960393056271,0.3766057749746522,-0.6509529263939108,-0.8982532040136587,-0.12875001727423,-0.2503528872299518,0.009063122417187087,-1.3800738471976315,-0.5949057135506131,1.600391689947671,0.7047529642183975,-0.5488918582411009,-0.8025297914488548,0.16736954266845472,0
0.05952291273642597,0.008192168955558287,-1.4880871519017334,-1.0014478592424594,1.410781827234933,1.6931800631505638,0.2512151686723222,-0.8219315939937045,-1.252564423929465,-0.6555089073905218,-0.6920969540363696,0.009063122417187087,-1.8329134085566128,1.680938638211487,-0.6248470335613264,-0.38028675671352546,0.42560779466090376,1.1703809068076751,0.11480556527580654,0
-0.06859475304511346,0.7396358257018275,-0.6264103282407478,-1.0014478592424594,-1.2197068110211893,-0.015377013691579365,0.3220522262964746,0.9430761655805012,-1.1800171406195799,-0.5061976661061904,2.3507134585570766,-0.9979504794924884,-0.02155516312068755,-0.5949057135506131,-0.6248470335613264,0.15396076316190394,-0.16778562263151237,2.602843328929986,0.5201349354732255,0
-0.10407010111213166,0.1910530831421256,1.2405561230247208,1.0123222176577205,-0.5002978644332986,-1.1544150649196747,1.437055730187533,0.02603075494865231,-0.23063981984923299,0.03530522766614405,-0.2036339671483014,-0.9979504794924884,1.7898030823152375,-0.5949057135506131,1.600391689947671,2.5532110795535328,-0.4316543420015757,1.5271476047454449,-1.2678916161611993,0
-0.11830649531258763,-0.17466874523100903,0.9533305151377256,-0.49800534001741437,1.5765045273144338,-0.5848960393056271,-0.7249693707126007,0.41443616937220795,-0.5132309138674629,-0.1689258376309727,1.1411769223084272,0.009063122417187087,-1.3800738471976315,-0.5949057135506131,-0.6248470335613264,-1.0677001085171725,-1.2874547126599938,-0.4995216852719603,-0.8806386430910518,0
-0.10302646702617536,-1.4546951445369802,-1.0572487400712407,-1.5048903784675043,0.7019101621549875,-0.015377013691579365,-0.5362626374670892,0.022339707222357036,1.40450142725948,-0.6447061912886785,1.381459916513276,2.023090326236538,1.3369635209562563,1.680938638211487,-0.6248470335613264,-0.8394974550134271,-0.5570505931104988,0.7450033507745748,0.32791407784643994,0
-0.12371547092483925,-0.17466874523100903,-0.9136359361277431,1.5157647368827654,-1.0290778091956363,1.6931800631505638,-0.4975744215610709,0.8369931560335663,0.3968232894666673,-0.29477121121718575,0.5348398626049095,2.023090326236538,0.43128439823829373,1.680938638211487,1.600391689947671,-0.49384212718197135,-0.15458317920722123,-1.1197670019407806,1.053705140343938,0
-0.016105729078455554,0.9224967398883949,0.9533305151377256,0.5088796984326754,1.3743803092983953,0.5541420119224684,0.7983497526699339,0.36434121975543293,-1.1475659639245415,0.680916284858185,1.6901061662044918,-0.9979504794924884,-0.47439472447966885,-0.5949057135506131,-0.6248470335613264,-1.5299590694774696,-0.16872765778656923,0.5181098562726766,-0.49253968750590466,0
-0.13218402584302652,-1.2718342303504129,-0.05195911246675751,0.5088796984326754,1.1444759854886832,-0.015377013691579365,0.01693067206886203,0.7278845102891489,1.6220054361966372,-0.5931423150777756,-0.06895503603154447,1.0160767243268625,-1.8329134085566128,-0.5949057135506131,-0.6248470335613264,0.23194490355005387,0.6524330796906069,-0.7240682822096328,-1.1888577847237611,0
-0.12081455568984567,-0.5403905736041437,-1.2008615440147383,-1.5048903784675043,1.371506505250774,0.5541420119224684,0.10525486459639963,0.27577877473774404,0.621771820562138,-0.8621474118806147,-0.008139977067760198,-0.9979504794924884,0.43128439823829373,1.680938638211487,-0.6248470335613264,0.7977315607629382,-1.1645732136265856,0.2450617241730574,1.4187921395795484,0
0.21157216540818147,0.7396358257018275,0.5224921033072328,1.0123222176577205,0.16259293588470458,-0.5848960393056271,1.2042896628520705,-1.1575359476313791,-0.00297535273586993,-0.9570857503823731,-0.20154741358327116,0.009063122417187087,-2.285752969915594,-0.5949057135506131,1.600391689947671,0.47745607222815545,0.7019459220199388,-0.6640497354601997,0.7797198002350266,0
-0.126728063044614,1.2882185682615295,0.5224921033072328,0.5088796984326754,0.45955268747224937,-1.1544150649196747,-1.2155544719452767,0.3095903436249838,1.4963682192425076,2.4594323579508424,-0.18950571021538062,2.023090326236538,-0.02155516312068755,-0.5949057135506131,-0.6248470335613264,2.7622461068040938,-0.8950960061398174,-0.7138135289041249,1.0829082426036796,0
-0.13095601051882802,-0.5403905736041437,-1.2008615440147383,-0.49800534001741437,-1.6977162176088822,-0.015377013691579365,-0.6186731456513774,-2.2794985885231807,-1.1210128247065896,0.05133623236463304,-0.15259028012537887,0.009063122417187087,-0.9272342858386502,1.680938638211487,-0.6248470335613264,-1.1001096876921597,-0.46109574112829865,0.8860385266644433,0.7482770998548987,0
-0.11784761781524049,1.653940396634664,-1.3444743479582357,-1.0014478592424594,-0.4361162407030873,-0.015377013691579365,-1.4474841355786952,-0.5678997491444477,-0.8700072693428591,2.8949738607251376,0.3445707206656844,0.009063122417187087,1.3369635209562563,1.680938638211487,-0.6248470335613264,0.19226405364917817,2.0176822280575895,-1.4467457466930274,2.2216579051350474,0
-0.14101394299907555,0.3739139973286929,-0.7700231321842455,0.5088796984326754,0.381002043503931,2.2626990887646112,-1.03744229181829,-1.808527146707081,0.4545089415931055,-0.5117006480662674,-0.6881381960937377,0.009063122417187087,1.3369635209562563,-0.5949057135506131,-0.6248470335613264,-1.0306402890619013,-0.5498884829649604,-0.9900329093904016,-1.653803073054008,0
-0.1201043251662841,1.1053576540749621,0.23526649542023767,-1.0014478592424594,-1.0664372618147147,1.123661037536516,-0.2180739193654735,-2.2244633766098194,0.8199097261113675,1.0864738891899415,-0.4734276529999162,0.009063122417187087,0.8841239595972751,-0.5949057135506131,-0.6248470335613264,0.5794601369263105,0.6222531071479483,0.0006905797842305947,1.551762318816479,0
0.3082111544455001,-1.2718342303504129,-1.3444743479582357,1.0123222176577205,0.4921224666786252,1.123661037536516,-1.2922332893294037,-1.5154417992981846,2.1704709575553918,-0.04976673443719992,-0.78031458064208,0.009063122417187087,-0.02155516312068755,1.680938638211487,1.600391689947671,0.37904398571654746,0.673525084685801,0.39434570000215924,0.9954995986014469,0
-0.06051241619756571,-1.6375560587235474,0.6661049072507305,-0.49800534001741437,-0.8528178276081905,1.6931800631505638,-0.7606101039672494,-1.516587013982649,2.83449712266211,-0.5264294584910968,5.384356868739206,-0.9979504794924884,-1.3800738471976315,-0.5949057135506131,-0.6248470335613264,-0.5783277407726429,-0.3133868055421308,-1.4644188994330685,0.6935230254005642,0
-0.13867997086666428,-0.9061124019772783,-1.631699955845231,-0.49800534001741437,0.6894570112819615,0.5541420119224684,0.13042349676105894,-0.41591595120312125,-0.35458924955672355,0.29393164957497686,-0.8347564180873642,-0.9979504794924884,-0.02155516312068755,1.680938638211487,-0.6248470335613264,0.7218345799306237,0.7926576073215651,-0.5545425592658219,-0.3526332142893284,0
-0.11911087770313016,0.1910530831421256,1.6713945348552135,0.005437179207630557,-1.0731428045924978,-0.015377013691579365,-1.596216157478251,0.5472770280565232,0.5755765963507044,0.48953909549042346,-0.7951818874141874,-0.9979504794924884,-0.02155516312068755,-0.5949057135506131,-0.6248470335613264,-0.7259083013672317,1.3267084177192427,-1.3135673765159108,-1.4894374419623886,0
-0.052466606607471086,-0.9061124019772783,-0.9136359361277431,0.005437179207630557,-1.6977162176088822,-0.015377013691579365,1.7022121193184643,-0.26399671135013686,1.5881533592333972,-0.41334916515668885,-0.428637260888614,0.009063122417187087,-0.9272342858386502,1.680938638211487,-0.6248470335613264,1.418577100819633,0.6771093656619693,-0.5340865845603815,1.06096329814067,0
-0.07742393423085937,-1.2718342303504129,0.23526649542023767,1.0123222176577205,1.3073248815205627,-1.1544150649196747,-1.2010638546901617,-0.27445655634478944,-0.8565127051503354,0.3793847674677708,-0.45195638372519076,1.0160767243268625,0.8841239595972751,-0.5949057135506131,1.600391689947671,-1.4807375970123855,-0.8596029757947959,-0.6193670307855224,-1.3544901714369182,0
-0.00018555500965165012,-0.3575296594175763,1.6713945348552135,-1.5048903784675043,-0.14681996657586627,-1.1544150649196747,0.845653117545747,-0.15084372355239126,-1.6482875856205048,1.058288361984907,0.16097101760920715,-0.9979504794924884,-0.47439472447966885,-0.5949057135506131,-0.6248470335613264,1.4031235314628343,0.13103573475863284,-0.5739157607491511,0.6165200834956873,0
1.6842634285369047,0.3739139973286929,-1.3444743479582357,-1.5048903784675043,0.7373537454089848,-1.1544150649196747,0.5668225928776103,1.4112342407011695,1.7617727790512765,-0.8918601294219078,0.6567223710738508,-0.9979504794924884,1.7898030823152375,1.680938638211487,-0.6248470335613264,0.4138275997907694,-0.8823011842190224,-0.46315050078374825,1.6357878643878567,0
-0.13054885254012988,1.2882185682615295,0.37887929936373527,-1.0014478592424594,0.586000065567591,-0.5848960393056271,0.8636536441270232,0.6487064417321331,-0.7849348133462212,-0.02241785380857755,0.5295855012283206,1.0160767243268625,-0.02155516312068755,-0.5949057135506131,-0.6248470335613264,-0.7557983646447943,-0.43984652641965777,-1.0762865137015285,0.675309499121397,0
-0.11307871776632517,-0.17466874523100903,-0.3391847203537527,-1.0014478592424594,-1.256108328957727,-0.5848960393056271,0.32080547018680194,-0.7940230891234545,-1.511844418793034,2.3142169977269553,-0.5976835190275374,1.0160767243268625,-0.9272342858386502,-0.5949057135506131,-0.6248470335613264,-1.5671772702966362,1.655374964128217,0.2591294708753215,1.22491028321206,0
-0.07962298790518109,0.1910530831421256,-0.9136359361277431,1.0123222176577205,-0.08838595094089778,-0.015377013691579365,1.5726015763523733,-0.17733616043129188,1.5643880756077075,0.42426145481280275,-0.6249437593190714,1.0160767243268625,0.8841239595972751,1.680938638211487,1.600391689947671,-0.02272726473399155,-0.2938676951980422,-0.4530316130921891,0.4574390979614074,0
-0.13121776071511349,0.1910530831421256,-1.2008615440147383,1.5157647368827654,0.9423517674726447,-0.5848960393056271,-1.124116148843619,-0.5434246279110874,-0.05929969894684426,0.16542848362078194,2.7671540220741075,-0.9979504794924884,-0.02155516312068755,1.680938638211487,1.600391689947671,-0.5517643308991826,-0.5149234612816279,1.0075465257046152,0.6998719971825801,0
-0.14048767904117085,0.008192168955558287,-1.4880871519017334,-1.5048903784675043,-0.4227051551475208,-0.015377013691579365,0.41299847299991527,-0.032696490291602556,-0.9470325160676506,0.9385703849174563,-0.28132143074224003,0.009063122417187087,-0.47439472447966885,1.680938638211487,-0.6248470335613264,-0.7227496125429211,3.1609184468185503,0.06800058601733086,0.5256959206865383,0
-0.12572296726260704,-0.9061124019772783,0.9533305151377256,-1.5048903784675043,-1.5674371007833787,2.2626990887646112,0.09718731137254441,1.22623510673436,0.5150349546192403,-0.00895142215665596,4.679473343913032,0.009063122417187087,-0.9272342858386502,-0.5949057135506131,-0.6248470335613264,0.07275134614062638,-1.0432573664598404,-0.6938329602297154,-0.5118283122974036,0
-0.13915076694374492,-0.9061124019772783,1.2405561230247208,-0.49800534001741437,-0.28284669149661257,0.5541420119224684,0.7211814999832975,-0.37981537931046183,-1.0995791728387254,-0.3802341860264834,-0.8912638749691991,-0.9979504794924884,1.7898030823152375,-0.5949057135506131,-0.6248470335613264,0.6380638226905467,-0.41166650258776866,-0.16230598058072646,-0.6965233500549968,0
-0.06199460766792012,-0.5403905736041437,1.5277817309117159,1.5157647368827654,-1.5339093868944624,-1.1544150649196747,-0.2746837498555761,-0.5090309666584035,-1.3706650498726,0.16426433875834295,2.093673332807442,1.0160767243268625,0.43128439823829373,-0.5949057135506131,1.600391689947671,0.5647294830399942,2.272098165776938,-0.8851817613080155,-0.9115269988145689,0
-0.12269811448180644,-0.3575296594175763,0.6661049072507305,1.0123222176577205,0.729690267948661,-0.015377013691579365,0.8466590380063844,0.9607584732550406,0.8433233247860273,3.6799130715010397,-0.10448988615109155,-0.9979504794924884,-0.9272342858386502,-0.5949057135506131,1.600391689947671,0.6170716575944918,-0.197647089890226,-1.4960015910804236,1.0936057473510086,0
-0.1263841007984765,-0.5403905736041437,1.6713945348552135,-0.49800534001741437,-0.677515780703285,1.6931800631505638,-0.9443132683973924,0.23196251077679933,1.297669003052203,1.2941487720919962,0.12588501171739652,0.009063122417187087,-0.9272342858386502,-0.5949057135506131,-0.6248470335613264,1.0142067742642786,-0.35232557303599005,-1.209387456578177,0.685647612985008,0
-0.12618094075375771,0.008192168955558287,0.09165369147674007,1.5157647368827654,1.4337722596159044,-0.015377013691579365,-1.1503673120968512,-0.07936334465415734,-1.5276927330847556,-0.8466184915521388,-0.9205725072332682,1.0160767243268625,0.43128439823829373,-0.5949057135506131,1.600391689947671,1.445484593847903,-0.8924812903479041,-1.2840668946698575,-1.2479059187554327,0
-0.13365146830366445,-1.4546951445369802,-1.631699955845231,1.0123222176577205,-0.9428636877669944,-0.015377013691579365,0.6743327084431533,0.6780999069570643,-0.6089987435853511,-0.3764535757880597,0.913293307270596,0.009063122417187087,1.7898030823152375,1.680938638211487,1.600391689947671,0.22893135421366873,-1.5316210116218276,-0.7970128585312352,0.6477344990621154,0
-0.12188449744830812,-0.5403905736041437,-1.4880871519017334,1.5157647368827654,-0.5165827540364866,2.2626990887646112,0.227467592091023,-0.10533029582557864,1.9004693282618772,-0.6706889882687687,0.48521214302571863,1.0160767243268625,-0.47439472447966885,1.680938638211487,1.600391689947671,2.0154370146452223,-0.3709933960799691,-1.5516729524057018,0.8835469473557465,0
-0.1353819990497632,-1.2718342303504129,0.809717711194228,-1.0014478592424594,1.5985370250128645,-1.7239340905337224,-0.21279207865612015,1.793223694341548,-1.213267929970024,1.4469578241247933,2.021943706291022,0.009063122417187087,-0.47439472447966885,-0.5949057135506131,-0.6248470335613264,0.5426026910044881,-0.5943370868606515,-0.2713092847896737,1.3284532182602364,0
-0.11991977569377783,0.7396358257018275,-0.1955719164102551,1.5157647368827654,0.8954129680281618,-0.015377013691579365,-0.2791621891296198,-1.3348345795486594,-1.2412589140820012,-0.8097020598314186,0.692025114323693,0.009063122417187087,1.3369635209562563,-0.5949057135506131,1.600391689947671,-1.0780836041103676,0.007949622419593703,-0.8622014205041995,0.1075505217885559,0
-0.13666343576557324,0.1910530831421256,-1.0572487400712407,-1.5048903784675043,0.10607478961481702,1.123661037536516,-0.5272147046825265,-0.4655519699664191,-0.029261400174708498,-0.7024303966268954,0.45471366434927657,0.009063122417187087,-0.02155516312068755,1.680938638211487,-0.6248470335613264,-1.4040735127286608,-0.640255500984145,-0.16209198315844284,0.797604333361846,0
-0.13983295574682925,0.008192168955558287,0.09165369147674007,1.5157647368827654,-0.7464870778461986,-0.5848960393056271,0.35887931049598304,-0.48826481506437897,-0.3194434068298817,0.21914508572138833,-0.925663912568665,0.009063122417187087,-0.47439472447966885,-0.5949057135506131,1.600391689947671,-1.2620751091052833,0.0986906492314285,-1.4454543223436256,-0.15175234065057136,0
-0.13678155250260104,-0.3575296594175763,-1.4880871519017334,0.5088796984326754,-0.9332843409415896,0.5541420119224684,0.10316319985040645,-0.08574897070304392,0.9199166237704978,-0.56430879701099,-0.10044371473933071,-0.9979504794924884,0.43128439823829373,1.680938638211487,-0.6248470335613264,-0.9199039862588162,-0.2259426580028838,0.15945981290460545,0.4241847313524856,0
-0.14151689454475508,1.1053576540749621,-1.0572487400712407,0.005437179207630557,0.13960250350373338,-0.5848960393056271,0.7385092233718681,-0.37266934778132615,-0.11927136907036516,-0.8394070050109841,-0.3726493710649637,-0.9979504794924884,0.8841239595972751,1.680938638211487,-0.6248470335613264,-1.464452087515158,0.6657399468203246,0.8419860188201395,-0.5286704888097554,0
-0.09091848076154278,0.008192168955558287,0.6661049072507305,-1.0014478592424594,1.125317291837874,-0.5848960393056271,0.7141837918650646,0.2346893516318264,-0.4747621795808359,1.0328627467963798,-0.03775712844421042,-0.9979504794924884,1.3369635209562563,-0.5949057135506131,-0.6248470335613264,-0.7574127265151189,0.5205426730605094,-0.6692598830987442,0.5908251186703624,0
-0.11756957179678522,0.008192168955558287,0.23526649542023767,-0.49800534001741437,-0.3135006013379075,0.5541420119224684,1.183505491564585,0.36510154296452174,-0.4694240904920358,-0.4033994070446415,2.253476534424469,0.009063122417187087,-0.9272342858386502,-0.5949057135506131,-0.6248470335613264,1.8863150857900433,1.720193933019139,1.2355313147171836,-2.08633397852988,0
-0.14175227734265725,0.008192168955558287,0.809717711194228,0.005437179207630557,-1.1909687705449752,0.5541420119224684,2.382792147346268,-0.5355021909911191,0.07002674665433273,-0.49051905084505465,2.399205096290548,0.009063122417187087,-0.9272342858386502,-0.5949057135506131,-0.6248470335613264,1.87168652821995,-0.769858017589973,-0.44554120363589533,-0.4875135099991389,0
0.10043187860892129,-1.6375560587235474,-0.48279752429725026,1.5157647368827654,1.4443095411238493,-1.1544150649196747,0.41326048287945955,0.19443323799471826,0.7353436093593033,-0.7239596635554619,0.8825913423368144,-0.9979504794924884,0.43128439823829373,-0.5949057135506131,1.600391689947671,0.7355627700242111,-0.687754024118179,-1.5732796251574086,-0.4492291856301697,0
0.007419078779706702,-1.0889733161638455,-1.4880871519017334,1.0123222176577205,1.6521813672351306,1.123661037536516,-1.283385556609154,-0.9874967618514372,0.5387691193225372,-0.6785063684377365,-0.17158180533484604,0.009063122417187087,-0.9272342858386502,1.680938638211487,1.600391689947671,-1.3548037335169982,-0.24202356144728895,-0.2597239662351418,0.8559101868642349,0
-0.13623883574606016,-1.6375560587235474,-1.0572487400712407,1.0123222176577205,-0.23686582673467016,-1.1544150649196747,-1.347734492427922,0.4256648974495324,-0.0025513044586317397,-0.833348719911131,-0.8238693749598872,2.023090326236538,-1.3800738471976315,1.680938638211487,1.600391689947671,0.7989785880604056,0.8513261381711418,-1.1675899827941774,-0.10964496331809769,0
-0.13189224114595172,-1.4546951445369802,-1.631699955845231,-0.49800534001741437,-0.03953128213133396,-0.015377013691579365,-0.34885960195931637,-0.11539132128891863,-0.0008769372876007985,1.2852603440143802,0.9258941989054142,-0.9979504794924884,-0.47439472447966885,1.680938638211487,-0.6248470335613264,-0.0731168983823188,0.3339618029719187,0.14789459202254074,1.1241490057256096,0
-0.14190638741912756,0.008192168955558287,1.3841689269682185,0.5088796984326754,1.0812522964410125,-0.5848960393056271,0.41438578406356963,0.20877191551790342,-0.3126798131107136,-0.1532451722911633,0.6111366608516855,1.0160767243268625,-0.02155516312068755,-0.5949057135506131,-0.6248470335613264,-0.4475938382366793,-0.2856078987521548,-0.7214807271567606,0.9095469086338074,0
-0.13713526632278472,0.9224967398883949,-0.7700231321842455,-1.5048903784675043,-1.6862210014183967,-0.015377013691579365,-1.028547460749084,-1.8641183923354283,0.5038217284830949,-0.6340009702776637,3.693139943625412,-0.9979504794924884,-0.9272342858386502,-0.5949057135506131,-0.6248470335613264,0.7933628265932202,-0.41381701604332843,1.1007974717078917,0.27097274660512416,0
-0.1403782082140028,1.4710794824480968,1.5277817309117159,-1.5048903784675043,-0.45335906498881573,0.5541420119224684,-1.4683445416369822,0.2247144374534658,-1.3470885898598073,-0.8625857470906353,-0.6116779157952491,0.009063122417187087,0.8841239595972751,-0.5949057135506131,-0.6248470335613264,-0.1019984754951084,1.6641200306374013,-0.47896502689418546,-0.20617162067075084,0
-0.13551990908575032,1.4710794824480968,1.6713945348552135,-1.5048903784675043,0.9806691547742634,1.123661037536516,1.6888256480345847,0.15129267359849927,-1.0294330508446021,-0.8921412079501989,0.6808364623227431,-0.9979504794924884,-0.47439472447966885,-0.5949057135506131,-0.6248470335613264,-0.3449043847351506,0.15162167441719712,-1.5070448810733155,-0.7164376918884308,0
-0.1401711920333711,-1.2718342303504129,1.5277817309117159,-1.5048903784675043,1.656971040647833,-0.015377013691579365,-0.5289876744174693,0.07344013670635324,-0.669960186456199,-0.5978817493713411,-0.10701844381064077,0.009063122417187087,-1.3800738471976315,-0.5949057135506131,-0.6248470335613264,-0.6796650060849012,-0.5862732894518307,-0.9608519291357785,-0.8763846943614433,0
-0.14031624753336286,-0.5403905736041437,1.2405561230247208,0.5088796984326754,1.2182369560442992,-0.015377013691579365,-0.9555653375773875,-1.105168227014116,-1.0121464038899715,-0.08715562824666719,0.01878928897304387,-0.9979504794924884,1.3369635209562563,-0.5949057135506131,-0.6248470335613264,-1.3692971336855178,-1.4186789789953342,-1.5829185924145843,-0.718467137165878,0
-0.14033096557196448,0.5567749115152602,1.0969433190812232,-1.5048903784675043,-0.3259537522109336,-0.015377013691579365,-1.2271640031512303,0.5900097227356406,0.3119518458195873,-0.3788196500060815,-0.14527228046355725,-0.9979504794924884,1.7898030823152375,-0.5949057135506131,-0.6248470335613264,0.28569400933857914,0.05402882117665673,0.10588887545439966,-1.0295328885461548,0
-0.14171012101967687,-1.4546951445369802,0.9533305151377256,0.005437179207630557,-0.3393648377665001,-0.015377013691579365,0.4495007859036274,1.3618496067761232,1.6639522750757494,-0.46906200320233693,2.7853704352916147,-0.9979504794924884,-0.02155516312068755,-0.5949057135506131,-0.6248470335613264,-0.6180213405172311,-0.8064907702451085,-1.0546826203991837,-0.24410811464259782,0
-0.08060818593653281,-1.0889733161638455,-0.1955719164102551,1.5157647368827654,1.5765045273144338,2.832218114378659,0.3037297149275045,-0.7861911420176576,0.30321077917520667,1.9527367597180696,-0.7733552381093499,0.009063122417187087,1.3369635209562563,-0.5949057135506131,1.600391689947671,1.0669354866773795,-0.6794311586274139,-0.3552154661488385,-0.026306503228156246,0
0.20750603673891052,0.3739139973286929,1.0969433190812232,-0.49800534001741437,-0.9629803161003442,-1.1544150649196747,0.4384346722485979,-0.22825519348585785,0.575737971270358,-0.40817580411795584,1.0054416419178038,0.009063122417187087,1.3369635209562563,-0.5949057135506131,-0.6248470335613264,0.06897702220493913,0.09197635581976253,0.20696252979676902,-1.8716753855334198,0
-0.07466467899437473,-1.0889733161638455,-1.2008615440147383,-1.5048903784675043,-0.28380462617915303,-0.015377013691579365,-1.097783499623793,-0.09120431458040304,-1.3129676916416435,-0.6829300319188111,-0.2841529492397211,-0.9979504794924884,2.242642643674219,1.680938638211487,-0.6248470335613264,0.017611542904442588,-0.14530717260048814,-1.1904245630260182,0.7278383708651666,0
-0.008018573396188411,1.2882185682615295,-0.7700231321842455,-1.5048903784675043,-1.6306607898310497,-0.015377013691579365,-0.3461848668954184,-1.1036269557732212,-1.090779007628321,0.7591954871253407,4.805252100783219,0.009063122417187087,0.43128439823829373,-0.5949057135506131,-0.6248470335613264,-0.7085545991297694,0.01267927667831144,1.2120947562371078,-0.6730527253338252,0
-0.14123531751749785,0.1910530831421256,1.0969433190812232,0.5088796984326754,0.8724225356471906,1.123661037536516,-0.7336802118652942,0.4582226991041471,-0.026264775052126474,0.20455339992874425,0.768327364675885,0.009063122417187087,0.43128439823829373,-0.5949057135506131,-0.6248470335613264,-0.08180319792744783,-1.2154726570167913,-0.5361261190158629,-0.4903393928974815,0
0.3755554279885335,0.5567749115152602,-1.0572487400712407,-1.0014478592424594,-0.6238714384810188,0.5541420119224684,2.0087958837661555,-0.35553411137618857,0.616686125688218,-0.8195183208989872,-0.37108519604153223,0.009063122417187087,-0.47439472447966885,1.680938638211487,-0.6248470335613264,0.933979756075646,1.1315187409865404,-1.3669440512470268,2.0654921275975613,0
-0.12541626291045807,0.5567749115152602,0.809717711194228,-1.0014478592424594,0.39153932501187616,-0.5848960393056271,0.6579580844713926,0.3499086731819956,-0.9392955784268653,-0.7672393890948449,-0.08566514614941374,-0.9979504794924884,-1.8329134085566128,-0.5949057135506131,-0.6248470335613264,-0.2719630117290589,-0.1903746012067717,1.5678382194591485,0.5846251614070351,0
-0.11200862051562901,-0.9061124019772783,0.5224921033072328,0.5088796984326754,0.8130305853296816,-0.015377013691579365,1.458287348375898,-1.9899853625936337,-0.20510582971227576,0.05861600033659261,-0.5931517117136746,1.0160767243268625,-0.02155516312068755,-0.5949057135506131,-0.6248470335613264,1.228996330633766,-0.9347602157932356,-0.014804473474928363,-0.20439584204165268,0
-0.12870429565533975,0.008192168955558287,-0.9136359361277431,1.5157647368827654,-0.8978407576875924,-1.1544150649196747,0.8836522242241528,-1.3332431682296515,1.7617580085475155,0.92084008059532,1.2126507388444006,-0.9979504794924884,0.43128439823829373,1.680938638211487,1.600391689947671,0.2889490093647881,0.2564315705436853,-0.33708548870467364,0.23747687163597622,0
0.08435753876496647,0.3739139973286929,-0.3391847203537527,-1.5048903784675043,-1.5463625377674886,-0.5848960393056271,-0.22101110967978246,0.31323127000526346,-0.39278698207909857,-0.6906006407507687,1.2597079278022547,-0.9979504794924884,-0.02155516312068755,-0.5949057135506131,-0.6248470335613264,2.5522264901330525,0.323737710499616,1.5027556758873477,-0.08642172079493766,0
1.9629188902646715,-1.2718342303504129,1.3841689269682185,0.5088796984326754,-0.8403646767351644,-0.015377013691579365,-1.635977876498263,-0.887100624879315,1.0822846681038165,-0.520643370160318,-0.36445182222112465,0.009063122417187087,-0.47439472447966885,-0.5949057135506131,-0.6248470335613264,0.6402503113645015,0.05182157648602763,1.3038910522569729,1.7348656114298322,0
-0.14076207274256633,-0.9061124019772783,0.23526649542023767,-0.49800534001741437,1.5765045273144338,3.401737139992707,0.40633562982637683,-1.8960961795648636,0.9193004390891767,0.9550427585964306,-0.21205925772135117,-0.9979504794924884,-0.02155516312068755,-0.5949057135506131,-0.6248470335613264,1.2312582884958743,0.16044440431350407,-0.09310809074966739,-0.48773497067831245,0
-0.14144603919276372,1.1053576540749621,-0.05195911246675751,0.005437179207630557,0.8973288373932428,-0.5848960393056271,1.9176536836426614,1.135204541384705,-1.1720822147279575,-0.7799180639899271,-0.9727852714197487,0.009063122417187087,0.43128439823829373,-0.5949057135506131,-0.6248470335613264,0.5223266797679181,-0.2776992006331825,0.016628932130753536,-1.1545008077538783,0
-0.10747311264887767,0.1910530831421256,-1.4880871519017334,-1.0014478592424594,0.7756711327106034,0.5541420119224684,0.6126956867242653,-1.5184763255102305,0.869792917349732,0.0915341598309005,-0.026421986543644728,0.009063122417187087,-0.47439472447966885,1.680938638211487,-0.6248470335613264,-1.3595756278217743,1.3449727100291147,-0.6127163638890142,-0.40584964579133753,0
-0.08774524315886766,0.1910530831421256,-1.3444743479582357,0.005437179207630557,-1.606712422767538,1.123661037536516,-1.0527234218568897,0.6906107371719276,-0.07235015266957233,-0.07354477769908131,-0.3267136852860031,2.023090326236538,-0.02155516312068755,1.680938638211487,-0.6248470335613264,-0.6001517236610131,-1.2256427941935675,-0.3514865830576102,1.2556222380542845,0
0.06858787631670303,-1.4546951445369802,0.6661049072507305,0.5088796984326754,1.428982586203202,-0.015377013691579365,-1.8632388646343678,-0.2713327169748626,-0.7985144880152053,-0.8196798833664822,-0.5297216657066491,-0.9979504794924884,0.43128439823829373,-0.5949057135506131,-0.6248470335613264,-0.47648941918269394,2.633499009371805,-0.2794030948745766,-0.6327021133587427,0
0.01677260090600616,-0.17466874523100903,-1.3444743479582357,0.005437179207630557,1.3772541133460168,0.5541420119224684,0.4460562228216644,0.11014403438911291,0.4858598747137494,-0.58908008379689,0.23527000580236274,0.009063122417187087,-0.02155516312068755,1.680938638211487,-0.6248470335613264,-1.1756382610514828,-0.6700640995436317,0.2813189637124277,-0.18177129443355222,0
-0.06951499165130265,-0.7232514877907109,-0.48279752429725026,0.5088796984326754,1.716362990965342,1.123661037536516,1.2971337690260867,0.6200793937043331,1.9400058663402624,-0.8309004749987946,0.35384696060133414,1.0160767243268625,1.7898030823152375,-0.5949057135506131,-0.6248470335613264,0.030182290641967303,-0.7996352553810664,0.5075070787910048,-0.3890888424668784,0
-0.1402601145285405,0.9224967398883949,1.6713945348552135,-1.0014478592424594,-0.8537757622907309,-0.5848960393056271,0.7637042135301589,-0.7326574256100674,-1.1958199739789346,-0.7726633234445645,-0.29852051763966037,1.0160767243268625,-0.9272342858386502,-0.5949057135506131,-0.6248470335613264,-0.1636309979848356,1.2374022215037364,0.1983061105176394,-0.7488092443455419,0
-0.13943362922614408,-1.0889733161638455,-1.2008615440147383,-0.49800534001741437,-1.2589821330053483,1.123661037536516,-0.5881189736003151,-0.297651667660738,-0.8319835231531014,0.3886467695834602,-0.9122313954436287,1.0160767243268625,0.43128439823829373,1.680938638211487,-0.6248470335613264,-0.6793143161420793,0.25161196297909505,-0.47611708817639664,2.3960877646723873,0
-0.09900435648474648,-0.5403905736041437,1.3841689269682185,1.5157647368827654,-0.7809727264176554,-0.015377013691579365,-0.2128959216733535,0.13331781040740417,-1.4758304280579593,-0.21750937030761347,0.7642706388015024,-0.9979504794924884,0.8841239595972751,-0.5949057135506131,1.600391689947671,0.7529886107368583,-0.8173632603755946,-0.8869273196810681,-0.6107387563799505,0
-0.1397644260532578,-1.0889733161638455,-0.6264103282407478,1.5157647368827654,1.4567626919968755,1.6931800631505638,0.3415920102677776,0.3884621590839047,0.6858112641656275,-0.8055555136255071,-0.36298603070198965,-0.9979504794924884,-0.47439472447966885,-0.5949057135506131,1.600391689947671,0.5640467421314054,-0.6384607746113531,-0.8174360879422211,-0.1896729217284584,0
-0.07411388383042813,-1.6375560587235474,-1.3444743479582357,0.5088796984326754,-0.0471947595916577,0.5541420119224684,-1.4734763367722645,-0.5584950704809167,0.9006698682040208,-0.803384299386112,-0.09187865858766275,0.009063122417187087,-0.02155516312068755,1.680938638211487,-0.6248470335613264,2.362360726134006,-1.3856665573610314,-0.7729678822217607,0.4967981546287354,0
-0.07232661433267039,-1.4546951445369802,-1.0572487400712407,0.005437179207630557,0.07446294509098161,-0.015377013691579365,-0.05375037942005143,1.1860707450485026,0.3196214751283303,-0.6864594224500243,-0.39560727849924476,0.009063122417187087,-0.9272342858386502,1.680938638211487,-0.6248470335613264,-0.21588590500567145,2.0009727624211977,0.6970818167023702,1.0134895274573092,0
-0.1351242542028209,-0.17466874523100903,1.6713945348552135,-1.5048903784675043,1.644517889774807,-0.5848960393056271,1.0791058634122397,1.1334477622900037,0.732487043918108,1.4251269530834008,-0.3978328148335089,-0.9979504794924884,-0.9272342858386502,-0.5949057135506131,-0.6248470335613264,-0.9188621974514295,0.2659301946927677,0.7198873710950648,1.0488417515398964,0
-0.12680239496615806,-1.6375560587235474,-0.9136359361277431,-1.5048903784675043,0.40782421461506413,-1.1544150649196747,0.511563375062477,0.6475076621978665,-1.1859477178791626,-0.6374326264017023,-0.8680785813028775,0.009063122417187087,2.242642643674219,1.680938638211487,-0.6248470335613264,-0.8736058697087354,-0.020343669294672427,0.5344678560896954,0.06956960128838627,0
-0.05956733242171364,0.3739139973286929,-1.4880871519017334,0.5088796984326754,0.803451238504277,-0.015377013691579365,-0.8764466802491164,-1.480773790110019,-0.46221976029962153,1.319449229807112,-0.5726820879668523,1.0160767243268625,2.6954822050332004,1.680938638211487,-0.6248470335613264,-0.672482778974412,-0.4295955898878033,-0.1872362552973158,3.1252088743077766,1
-0.008819906773737415,-0.9061124019772783,1.5277817309117159,-1.0014478592424594,1.0831681658060934,0.5541420119224684,0.08991340667331148,-2.148378268481458,-0.5665798103816715,-0.9367040427556448,-0.863151797085209,-0.9979504794924884,-0.47439472447966885,-0.5949057135506131,-0.6248470335613264,-1.0475922236604858,-1.168692354548959,-0.1709314424559845,-0.2658334001107188,0
0.5746980611409462,0.5567749115152602,0.09165369147674007,1.5157647368827654,-1.034825417290879,-1.7239340905337224,0.7223826530644621,-0.7507684615244148,-0.48214093136985886,-0.9550175091411565,-0.9104765173439217,0.009063122417187087,-0.9272342858386502,-0.5949057135506131,1.600391689947671,-0.26641323235315634,0.655030762068763,0.4922564706894754,0.49562985150853794,0
-0.134501813940199,0.9224967398883949,-0.7700231321842455,0.5088796984326754,-0.5443628598301601,-0.5848960393056271,-0.21881902582975984,-2.0165845592231015,-0.38930166432742797,-0.7036816372658036,-0.9393390306361223,0.009063122417187087,-0.02155516312068755,-0.5949057135506131,-0.6248470335613264,0.2644090198915212,2.4417512641999024,-0.571412846659486,-1.0178421114462568,0
0.26320666317849967,-0.17466874523100903,0.9533305151377256,1.0123222176577205,-1.401714400703878,0.5541420119224684,-0.729519961200962,0.24758789741198026,0.9716479913647611,-0.7964218862077643,-0.007447262547269753,-0.9979504794924884,-0.47439472447966885,-0.5949057135506131,1.600391689947671,0.8928953712087949,-0.9330308762244243,0.8851721873073415,-0.7543710893075213,0
-0.135239623316964,-0.9061124019772783,-0.1955719164102551,0.5088796984326754,1.675171799616102,0.5541420119224684,-0.7180105175643952,-1.4454115071883893,-0.4373310256818937,-0.6680026763751532,0.49190251100447707,-0.9979504794924884,1.3369635209562563,-0.5949057135506131,-0.6248470335613264,0.8572935044511394,0.4750953208105736,-0.806633447867491,-0.3455066502002296,0
-0.13262000453743839,-1.4546951445369802,0.6661049072507305,1.5157647368827654,0.10128511620211468,-0.5848960393056271,-0.5143566000666984,0.13624081653965453,0.9266303017585648,0.44793207401798574,0.5499674167636638,1.0160767243268625,1.3369635209562563,-0.5949057135506131,1.600391689947671,0.5576571372266879,0.11645406230745148,1.0705305882152227,-0.17898987752553835,0
-0.13698623534235183,-0.7232514877907109,1.6713945348552135,0.5088796984326754,1.3504319422348836,-1.1544150649196747,-2.0557670159019574,-1.3332655793847792,-0.8944732649131947,0.8209090123208028,-0.9667487573744337,0.009063122417187087,-1.8329134085566128,-0.5949057135506131,-0.6248470335613264,1.6065880191229993,-0.4615984751350006,0.11728323583164339,-0.9916731411845987,0
-0.13683696626440095,-1.2718342303504129,1.2405561230247208,-1.5048903784675043,-0.17651594173462073,-0.015377013691579365,0.10371099766620724,-0.12402809185786325,0.9831748412749053,-0.5513552537853771,-0.8407011810386509,1.0160767243268625,1.7898030823152375,-0.5949057135506131,-0.6248470335613264,-0.04200737889256783,2.700179113344876,-0.11565670188003298,-0.7992881641622778,0
-0.01832217787607869,-0.9061124019772783,0.09165369147674007,-1.0014478592424594,-1.5846799250691073,-1.1544150649196747,-0.4661680044893069,-1.4592136870563372,1.4793701734668687,0.8264341641986253,1.215065846621425,1.0160767243268625,-1.8329134085566128,-0.5949057135506131,-0.6248470335613264,0.5252878389338341,-1.3332884465747932,3.9134530689825278,0.08717739598608114,0
-0.14073779914162848,-0.3575296594175763,-0.05195911246675751,1.0123222176577205,0.04380903524968666,-0.5848960393056271,0.5051280822416256,-1.3433478395879812,1.9335164594305334,-0.773036931224462,0.6318123621010195,0.009063122417187087,-0.47439472447966885,-0.5949057135506131,1.600391689947671,2.6593066002644106,-0.24592170045096634,-1.2967831965423535,-0.2380541926085773,0
-0.1289022372291916,-1.0889733161638455,1.6713945348552135,-1.5048903784675043,1.5879997435049193,0.5541420119224684,0.4252720212083115,1.1882137663623014,-0.9033732550697275,-0.4471310409634989,-0.04292153871123267,0.009063122417187087,0.43128439823829373,-0.5949057135506131,-0.6248470335613264,0.18570767070837227,-0.6397552032098446,0.8203660242593875,-0.6208808784896201,0
-0.13445009711857,0.7396358257018275,0.809717711194228,1.5157647368827654,0.3446005255673933,-0.5848960393056271,-0.24259024584819025,-0.25355365605637714,1.028717511825002,0.6323762205717123,-0.6632885155169859,-0.9979504794924884,0.43128439823829373,-0.5949057135506131,1.600391689947671,-1.1580640213464926,-0.018158237650002056,1.5100246218058804,-0.7628238468256497,0
-0.12651568706234387,1.653940396634664,-1.2008615440147383,0.005437179207630557,0.7229847251708778,0.5541420119224684,-0.5975890192677712,-0.2559296103624003,0.04103416377442637,-0.3068987199752297,-0.36157992749808293,-0.9979504794924884,0.43128439823829373,1.680938638211487,-0.6248470335613264,0.5185071625230682,0.4483836188636499,-0.9948476386700648,1.178489248145855,0
-0.12147797421901822,1.1053576540749621,-1.631699955845231,-1.0014478592424594,-0.591301659274643,0.5541420119224684,0.794028899444608,0.01746360765046687,0.01914617345350269,3.496519362390738,-0.3840060789311084,0.009063122417187087,-0.9272342858386502,1.680938638211487,-0.6248470335613264,-0.18248201697081423,-0.1730413840069099,0.09971364028020607,3.1205909320426977,1
-0.14188017971883493,-0.5403905736041437,-1.631699955845231,0.005437179207630557,-1.1957584439576776,-0.5848960393056271,-0.21753987616095907,0.18014539717871933,-1.0638407247571784,-0.2629456792208757,-0.7532861399782049,0.009063122417187087,-1.3800738471976315,1.680938638211487,-0.6248470335613264,-0.4740567304155895,1.4278628623340142,0.31175779581327867,0.16529077542353818,0
-0.0549602835100765,-0.17466874523100903,-1.631699955845231,-1.5048903784675043,-0.6296190465762617,0.5541420119224684,0.30567446732361386,0.24116598437356068,-1.0312812473248558,0.48240013594750225,-0.37835606323114496,-0.9979504794924884,-0.02155516312068755,1.680938638211487,-0.6248470335613264,0.4120625198214491,1.1099984999695236,0.7119555716692655,1.1065828196424201,0
-0.13547966387324664,0.5567749115152602,0.5224921033072328,0.5088796984326754,-1.3825557070530687,-0.5848960393056271,-1.2670700121348564,-0.8781626189476537,0.8439044989710494,-0.5759171625409666,-0.38989299263108096,1.0160767243268625,-0.02155516312068755,-0.5949057135506131,-0.6248470335613264,-0.45499157032438353,0.9499867058683336,0.48584538875294053,-1.1978026011429643,0
-0.13613702312750559,-0.5403905736041437,-0.3391847203537527,1.0123222176577205,0.07350501040844114,-0.5848960393056271,-0.4904371989680385,1.4064772251663606,-0.6758182994691774,-0.4295538760774123,-0.7716310416814688,1.0160767243268625,-1.3800738471976315,-0.5949057135506131,1.600391689947671,-1.4523995833438776,-0.8878221609555002,-0.944341984736187,-0.6569502417082889,0
-0.07850593124364448,0.008192168955558287,-1.631699955845231,1.0123222176577205,0.7287323332661205,1.123661037536516,0.6339033879803385,0.15482320615768713,-1.3818855770654743,2.008376816290925,-0.5558379966501481,0.009063122417187087,0.8841239595972751,1.680938638211487,1.600391689947671,0.06967823014723888,-0.6023097014292303,-0.49022550097361406,2.1733905253148476,0
-0.13869387406478406,-1.2718342303504129,0.9533305151377256,-1.5048903784675043,-0.03665747808371256,0.5541420119224684,1.8553336232895594,0.3285673139080123,-0.568558361851467,0.13425974539672203,-0.03736112640077871,1.0160767243268625,-0.47439472447966885,-0.5949057135506131,-0.6248470335613264,-0.3692551114754048,-0.9230116959874104,-1.1994849130520786,-0.3408821694666969,0
-0.13697073064590742,1.1053576540749621,-0.1955719164102551,1.5157647368827654,1.205783805171273,-0.015377013691579365,-0.03973955539321023,-1.2255255339228148,-0.8453678433336165,-0.8434876254717647,-0.9766727914969681,1.0160767243268625,-0.9272342858386502,-0.5949057135506131,1.600391689947671,0.4936604605563685,-0.8253171850887424,1.2196189679928495,-0.09758723482500356,0
-0.11634583012976865,1.4710794824480968,1.2405561230247208,-0.49800534001741437,-0.0012138948297152822,-1.1544150649196747,0.6060147125724412,0.36711700802998554,-0.5538410665250785,-0.8572322489264177,-0.8928856890116187,-0.9979504794924884,0.43128439823829373,-0.5949057135506131,-0.6248470335613264,-0.5707194072953783,-1.3467536284003243,-0.4309076224780766,-1.01832431026831,0
-0.12837964479482356,-0.3575296594175763,-0.3391847203537527,1.5157647368827654,-0.661230891100097,0.5541420119224684,-0.6257761667914697,-1.4976017887410207,-0.2156573251623037,-0.7353374452737286,0.33731413913131675,2.023090326236538,1.3369635209562563,-0.5949057135506131,1.600391689947671,-0.27433935160256473,-1.0227165254920616,0.05618878552780763,-1.0963927839409602,0
-0.048038159727267715,0.9224967398883949,-1.0572487400712407,-1.0014478592424594,0.5955794123929956,-0.015377013691579365,-1.153729396053443,0.7807532859522667,-1.3257368750241494,1.197604460520523,0.6138958386681922,3.030103928146213,-0.47439472447966885,1.680938638211487,-0.6248470335613264,0.15394832653227106,-1.282075438855597,-0.45084350420828434,0.8878126024654888,0
-0.10870170417159566,1.653940396634664,-1.0572487400712407,0.005437179207630557,0.05243044739255087,1.123661037536516,0.9550712995227382,-0.12250085956796256,0.7069095323963377,-0.8936208174058234,-0.026932571737851903,0.009063122417187087,0.43128439823829373,1.680938638211487,-0.6248470335613264,0.7650940419399159,-0.4886191426665698,0.36573911665080533,0.04682196958905244,0
0.07634069244495685,0.7396358257018275,0.9533305151377256,1.0123222176577205,0.4729637730278159,-0.5848960393056271,0.21358530682736726,0.2859491230192263,-0.5489107708328769,-0.4450538125182699,-0.4112212896661318,-0.9979504794924884,-0.47439472447966885,-0.5949057135506131,1.600391689947671,-0.6631350151457429,-0.3080645960203892,0.03978612412199805,-0.6634276255985365,0
0.2903245113708515,0.5567749115152602,0.6661049072507305,1.0123222176577205,-0.035699543401172096,-0.5848960393056271,-0.44859271463622236,-0.24818765990258923,0.797979745684062,2.5201076586534334,1.0915043104651567,1.0160767243268625,-0.02155516312068755,-0.5949057135506131,1.600391689947671,0.13212831544696443,0.047884115797853434,0.1920284332563404,1.4271890812333625,0
-0.14177052663033166,1.2882185682615295,0.5224921033072328,0.5088796984326754,-1.2082115948307037,1.123661037536516,-0.8575605371955599,0.4238794810438562,1.2169172256918126,-0.9108988777237974,-0.9740449310950867,3.030103928146213,-0.02155516312068755,-0.5949057135506131,-0.6248470335613264,0.61984777530584,-1.1169522820170072,-1.1132708305515355,-0.9041452180443813,0
-0.10511085143857472,-1.6375560587235474,0.23526649542023767,0.5088796984326754,0.6032428898533194,-0.015377013691579365,-0.8137217722894806,-0.09802675695154349,-1.2571640818529606,0.27044626471908434,-0.854018014974944,-0.9979504794924884,3.1483217663921814,-0.5949057135506131,-0.6248470335613264,-0.2127296181514343,-1.1195494741143253,-1.095554970146228,1.5059314013343623,0
-0.11390867641461777,-0.7232514877907109,0.809717711194228,-1.5048903784675043,0.6999942927899065,1.123661037536516,-0.286910401973785,-0.6670450703498702,0.41893496849219763,-0.5981414190158401,-0.538353193065822,0.009063122417187087,0.8841239595972751,-0.5949057135506131,-0.6248470335613264,0.8054043060304119,0.23300761784048152,-0.6181681976314265,-1.6012052333125595,0
-0.13396584195408087,-0.3575296594175763,-0.05195911246675751,1.5157647368827654,-1.4496111348309013,-0.015377013691579365,0.3744227990081778,-0.3875718773490199,1.4109136764980996,-0.010493367616913916,-0.5618880976729063,-0.9979504794924884,-0.02155516312068755,-0.5949057135506131,1.600391689947671,-0.8827124047348995,0.5978471523857926,-0.8186180939541359,-0.24812721499404874,0
0.12185715146312297,0.1910530831421256,0.5224921033072328,0.5088796984326754,-0.27230940998866743,0.5541420119224684,-1.4974108152204544,2.0934175656452525,0.6463099489482208,-0.8099359886738651,0.9638574845150469,0.009063122417187087,-0.9272342858386502,-0.5949057135506131,-0.6248470335613264,-1.137528255958692,-0.6964589952770441,0.03276987522101498,-0.2713741903382977,0
-0.020662244693916216,-0.5403905736041437,1.2405561230247208,0.005437179207630557,0.9835429588218848,1.123661037536516,0.16291349644505082,0.4765129334107346,0.04453837536342286,-0.45338022681513696,-0.5687194285774898,-0.9979504794924884,0.8841239595972751,-0.5949057135506131,-0.6248470335613264,0.30485573630716273,-0.6906233999885113,-1.52380838908163,-0.6308171741320262,0
0.9145284995944876,-1.6375560587235474,-0.6264103282407478,0.5088796984326754,-0.6219555691159379,-0.5848960393056271,-0.6325055806874988,0.19943794553764801,3.075331698586718,-0.7410433777558604,0.792540665683299,-0.9979504794924884,-0.02155516312068755,-0.5949057135506131,-0.6248470335613264,-0.8930687236153966,-0.5460011012803949,-0.9295226508685099,3.6332242322267407,1
-0.10764002908232556,0.7396358257018275,1.6713945348552135,1.0123222176577205,-0.6420721974492877,-0.015377013691579365,0.28983678495614906,-0.14601284322603203,-0.06871254933302753,-0.6670044878185001,-0.9596393602266067,-0.9979504794924884,-0.9272342858386502,-0.5949057135506131,1.600391689947671,0.46971898274874097,-1.1556933992262568,0.4269466556268846,-0.627165973910184,0
-0.058460742407983324,-0.17466874523100903,0.23526649542023767,-0.49800534001741437,0.47871138112305867,-1.7239340905337224,0.3705384984896396,1.5256868156639964,-1.3889520136534346,-0.8648565807979288,-0.7697617548098822,1.0160767243268625,-1.3800738471976315,-0.5949057135506131,-0.6248470335613264,-1.583281823712206,-0.8390412911039741,-0.7589911037361481,-0.17035636459942374,0
-0.13586584165552662,-0.5403905736041437,1.3841689269682185,0.005437179207630557,1.4586785613619564,0.5541420119224684,-0.5192308726849436,1.0666560898834339,0.09982037234782942,1.3939755527315505,-0.21438311836005952,-0.9979504794924884,1.7898030823152375,-0.5949057135506131,-0.6248470335613264,-1.6369917757620391,-0.6817020817280348,0.8027829808427568,0.31115637581251054,0
0.01677206864713614,-0.7232514877907109,0.09165369147674007,-0.49800534001741437,-1.301131259037129,-0.5848960393056271,-0.42068492051787854,-0.9041561324002427,1.3887983908753154,-0.9584629090458158,0.7863213347187716,-0.9979504794924884,0.43128439823829373,-0.5949057135506131,-0.6248470335613264,-1.636841859329346,0.5640803378501217,-0.8748731937670803,-1.4716095569969485,0
-0.039070594307212,0.008192168955558287,-1.4880871519017334,0.5088796984326754,0.07350501040844114,-1.7239340905337224,-0.3794256997571008,1.6753405020286456,-0.4106331158732534,-0.41321711143890155,0.07495703240699096,-0.9979504794924884,-1.8329134085566128,1.680938638211487,-0.6248470335613264,-0.7969003957527865,-0.4998856301894551,-1.3914697137580705,0.3660124454313648,0
-0.13995892060413317,0.1910530831421256,-1.2008615440147383,0.5088796984326754,1.6167377839811334,-1.1544150649196747,-1.8683884229598802,1.6884691864855375,-1.1800871681537262,0.22004931382635978,0.5155548119004443,1.0160767243268625,1.3369635209562563,1.680938638211487,-0.6248470335613264,1.1934844887909954,-0.832004090815594,-1.0692772617895958,0.6880207478343255,0
-0.139808784554721,0.7396358257018275,-1.4880871519017334,0.005437179207630557,-0.32978549094109544,-1.1544150649196747,1.996029860418305,1.0816043172686007,1.9555169990812067,-0.547439366986661,2.271252927647685,0.009063122417187087,0.43128439823829373,1.680938638211487,-0.6248470335613264,1.0767557555317644,0.020709145039936056,0.010224684336215576,1.017417681906946,0
-0.03304805286133911,0.3739139973286929,-1.2008615440147383,0.005437179207630557,-1.5846799250691073,0.5541420119224684,0.5241002889437305,-0.08918339482747444,1.6036401499541735,0.01518880580997695,-0.9305693094332907,0.009063122417187087,-1.3800738471976315,1.680938638211487,-0.6248470335613264,-1.1855763361443747,0.6787643920480675,-0.02133259750703539,0.8255986883397425,0
0.13137382300248426,-1.2718342303504129,0.09165369147674007,1.0123222176577205,1.6291909348541596,1.123661037536516,1.9893772658116873,1.2516652413365803,0.6398898713568952,1.5512684421951575,-0.013632755341333323,-0.9979504794924884,-0.47439472447966885,-0.5949057135506131,1.600391689947671,0.17595682434648588,1.9193090308594458,-0.6494152663875793,0.5907615579212236,0
-0.11044276497618591,-0.7232514877907109,-1.0572487400712407,-0.49800534001741437,0.3675909579483645,-0.015377013691579365,1.5520790138076146,1.2798037965298652,0.45749429269207,1.9886901667618304,-0.9265945940721487,1.0160767243268625,2.242642643674219,1.680938638211487,-0.6248470335613264,-1.5617137619135815,1.6426624171949538,-1.5090825171022073,1.0158548807198524,0
-0.09149568760907661,-0.9061124019772783,-1.631699955845231,0.005437179207630557,0.5658834372342412,-1.1544150649196747,0.393596812721792,0.3142453718032204,0.02107706532780377,-0.9602951990808771,0.178649645617171,1.0160767243268625,-0.02155516312068755,1.680938638211487,-0.6248470335613264,1.3682540885194194,-0.8739212345953006,2.026733576072839,1.595427213714987,0
-0.06056165290114703,-0.5403905736041437,-0.1955719164102551,0.5088796984326754,0.4863748585833824,-0.5848960393056271,-1.3800860607087932,-0.6042376143359245,-1.392073595317879,-0.27136348300292296,-0.44401644114549726,-0.9979504794924884,1.7898030823152375,-0.5949057135506131,-0.6248470335613264,-0.16098853091960494,-1.4192080095537274,0.43148717271807646,-0.6588388984709376,0
-0.13211885222656175,-0.9061124019772783,0.37887929936373527,-0.49800534001741437,-0.5156248193539461,-0.5848960393056271,-0.5605095938481899,-0.04518179401597558,-0.27354695734475937,1.5019930595330562,-0.5865309089136963,-0.9979504794924884,0.43128439823829373,-0.5949057135506131,-0.6248470335613264,1.360243744289169,-0.24359679850103652,1.2768183257432282,1.0698928025267387,0
-0.11177398316842485,-0.3575296594175763,0.9533305151377256,1.0123222176577205,1.5343554012826532,0.5541420119224684,0.33983406824636775,1.041314571033906,0.021076433603409904,-0.8221696875833806,1.0082588608471224,0.009063122417187087,-0.02155516312068755,-0.5949057135506131,1.600391689947671,-1.2344867178313548,-0.7176955016812856,-0.6878368883298795,-1.3079978711480396,0
-0.13615457430661118,-0.7232514877907109,1.2405561230247208,-1.0014478592424594,-0.9352002103066706,-0.015377013691579365,-0.2702873714035262,-0.47101512575123283,2.980859068756877,-0.7956873675492661,-0.23984720659726785,1.0160767243268625,-1.3800738471976315,-0.5949057135506131,-0.6248470335613264,0.6458832581087708,-0.22471184242799172,-0.5389033439759903,2.391494733303067,0
-0.14181263051149556,-1.6375560587235474,-0.9136359361277431,1.0123222176577205,-0.1573572480838114,-0.5848960393056271,-1.2750765741990373,0.30555749985066755,-0.7383436869680549,0.15366072907838774,-0.2799845596581322,0.009063122417187087,-0.02155516312068755,1.680938638211487,1.600391689947671,1.982512474451968,-0.5580065317700137,-0.9080641867612226,0.20458696842026458,0
-0.14185321086843342,-1.4546951445369802,-0.7700231321842455,-1.0014478592424594,-1.6708940464977493,-0.015377013691579365,-0.551801111912742,-0.3003836222968801,-0.6678858904825977,-0.9438935934415339,-0.7159765903454495,-0.9979504794924884,-0.02155516312068755,-0.5949057135506131,-0.6248470335613264,-0.7220023335222134,-0.7653306261853127,1.1762220869320732,0.3221249778262222,0
-0.03995702689505071,-1.4546951445369802,1.6713945348552135,1.0123222176577205,1.308282816203103,-0.5848960393056271,-0.17652455795293587,1.8882315848617517,2.4833956095948913,-0.48222496121128283,-0.987104258295674,-0.9979504794924884,-0.47439472447966885,-0.5949057135506131,1.600391689947671,1.4145724905122636,-0.0722807772410428,-0.9796810856419353,-0.47112311457302736,0
-0.041042367379451716,1.1053576540749621,-0.6264103282407478,-1.0014478592424594,0.48829072794846334,-0.5848960393056271,-0.6442539126444522,1.976326091923541,-0.08061591150407543,1.4208813872355361,-0.8589904335063903,1.0160767243268625,0.8841239595972751,-0.5949057135506131,-0.6248470335613264,1.1012780672714113,0.8626322408500502,-1.2081804892265362,0.6773874591042844,0
-0.1269462267011785,0.3739139973286929,-1.0572487400712407,0.005437179207630557,-0.6037548101476691,0.5541420119224684,-1.8008361893202738,1.5123288074382562,-0.40628726280142696,0.18884421326344353,0.5945028157236106,1.0160767243268625,-0.47439472447966885,1.680938638211487,-0.6248470335613264,-0.2302055246099177,-1.3014247860333295,0.7660363596669584,1.0429240497883967,0
0.05614985957768511,-0.17466874523100903,0.5224921033072328,-1.5048903784675043,-1.0022556380845034,-0.5848960393056271,0.06568552933446163,-0.38898218163719156,1.041923167405026,-0.5851743094715095,-0.05898793487430964,2.023090326236538,-1.3800738471976315,-0.5949057135506131,-0.6248470335613264,-1.902604635259187,1.9466701251051763,0.9528024487717645,-0.6348169953500864,0
-0.11148053725390736,1.2882185682615295,-0.05195911246675751,-1.5048903784675043,1.6378123469970238,-0.015377013691579365,-1.7867012692086335,1.4248822727432933,-0.6484532687402454,0.3199865663913767,0.8779425858098217,0.009063122417187087,0.8841239595972751,-0.5949057135506131,-0.6248470335613264,-1.7943559461951168,-0.16336122386796337,-1.1209254291462682,0.2720265798445352,0
-0.1338974408617357,1.653940396634664,0.6661049072507305,0.005437179207630557,-0.6257873078460997,-0.015377013691579365,0.5233777233310596,0.7210096407155531,0.19031965975496773,-0.23563613981555992,-0.6584621008908107,-0.9979504794924884,0.8841239595972751,-0.5949057135506131,-0.6248470335613264,0.06471085588141613,1.5430053701559123,-1.3760169527655712,-0.2972958898084864,0
-0.09555914721323132,-0.7232514877907109,-1.3444743479582357,0.005437179207630557,-1.313584409910155,-1.1544150649196747,-0.6513627255607569,-2.104218121738383,0.4024309732336442,0.09271320765487447,-0.9146006646643231,0.009063122417187087,-0.02155516312068755,1.680938638211487,-0.6248470335613264,0.32808910562700494,-1.2243879789587069,-1.331051010874684,0.812182496947659,0
0.12480597312804897,0.3739139973286929,-0.1955719164102551,-1.5048903784675043,-0.07784866943295264,-0.015377013691579365,-0.39352825970128547,-0.354993543941552,0.9105612297831668,0.15302080997156306,0.5837932956587657,-0.9979504794924884,-0.47439472447966885,-0.5949057135506131,-0.6248470335613264,-0.5202413644113997,1.0151187098975136,-0.2873973617114104,-0.7934401288540242,0
-0.09802227997004585,0.1910530831421256,-0.48279752429725026,-1.0014478592424594,-1.0635634577670932,1.123661037536516,-1.3455802844738032,0.14731101301052346,0.9137735674401126,0.2829611566164921,0.46501906193626674,0.009063122417187087,-0.47439472447966885,-0.5949057135506131,-0.6248470335613264,0.9419462645396862,-0.33882524347760656,-0.5409927120494478,0.4702761058841493,0
-0.12841680798792607,-0.3575296594175763,1.0969433190812232,1.5157647368827654,1.7154050562828016,-0.015377013691579365,-0.5377227774844199,-0.7663825788696803,2.6862811465988794,0.25153176073245004,-0.6664310893685403,-0.9979504794924884,-0.47439472447966885,-0.5949057135506131,1.600391689947671,1.54022032318167,-0.28955686321236124,0.4945533485626474,1.9495183416502428,0
-0.14182836656122183,1.4710794824480968,-0.05195911246675751,-0.49800534001741437,1.4692158428699016,-0.5848960393056271,-0.2847267080718414,-1.6782484669692606,-1.2798627460813365,-0.7619259723811999,-0.27805942398216077,-0.9979504794924884,-1.3800738471976315,-0.5949057135506131,-0.6248470335613264,-1.2144244458017759,-1.1878759621816621,-0.7904529839147997,-1.2116390214643746,0
-0.13897246138114547,-1.6375560587235474,1.0969433190812232,0.5088796984326754,1.6991201666796136,-0.015377013691579365,-0.3056178236109574,2.7723562967171174,-0.08985894500754027,-0.7249492726903746,3.618234034928466,1.0160767243268625,0.43128439823829373,-0.5949057135506131,-0.6248470335613264,-0.588584103741239,-1.2939238044237473,-0.15734291728391644,0.033761327301308146,0
-0.07474862317748043,-1.6375560587235474,-1.2008615440147383,0.5088796984326754,-0.5778905737190764,-0.015377013691579365,-0.7285403701276815,-0.7165024584507507,0.43343612580408497,-0.5041361730440508,-0.9540485991432861,-0.9979504794924884,-0.9272342858386502,1.680938638211487,-0.6248470335613264,-0.23850114485695204,1.0714119464444398,1.7996410051023723,0.5245174405144367,0
-0.1355676047823744,-1.6375560587235474,-1.0572487400712407,0.005437179207630557,0.9979119790599917,1.123661037536516,-1.4714323992167297,-0.9051980753405693,0.08379830288856026,-0.4809212140785632,-0.5479839812165,0.009063122417187087,-0.02155516312068755,1.680938638211487,-0.6248470335613264,-0.7335317676935843,0.6193937711025226,-0.6706574714983925,0.2760626079370302,0
-0.1323052197113687,-1.4546951445369802,0.37887929936373527,1.0123222176577205,0.05530425144017227,-0.5848960393056271,-0.7351033054124173,1.29233042297223,0.9557706649512325,-0.652900901180963,-0.7540085838603283,2.023090326236538,0.43128439823829373,-0.5949057135506131,1.600391689947671,2.0199254731807086,-0.32872298608099804,-1.114191744773721,-0.10219150814531752,0
-0.1048790675762197,0.5567749115152602,-0.48279752429725026,1.5157647368827654,-1.3183740833228574,-0.015377013691579365,-1.5503848216072909,0.9765605044544046,0.133118912772843,-0.10846983544279269,-0.6021034286473567,-0.9979504794924884,-0.9272342858386502,-0.5949057135506131,1.600391689947671,-1.5688802957618808,-1.5191102872158098,-0.26419470978590465,1.3478999565451324,0
-0.13550872861401797,1.653940396634664,-0.48279752429725026,1.0123222176577205,1.0170706727108012,-1.1544150649196747,-1.3228166793474316,0.47497991190434835,2.2748465479370723,0.09884248303782216,0.5806419356117936,-0.9979504794924884,0.43128439823829373,-0.5949057135506131,1.600391689947671,-0.05701405580435936,-0.3947429137698922,0.1838034481539113,-0.32595979527978586,0
-0.13938693320754636,0.3739139973286929,0.09165369147674007,1.0123222176577205,1.2910399919173747,-1.7239340905337224,0.5145263248931722,0.3709696918298255,0.10285399929732263,-0.8824178943989147,-0.592508235273275,-0.9979504794924884,-0.47439472447966885,-0.5949057135506131,1.600391689947671,0.4640240385106834,-0.11300017262278346,-0.5848277337269205,-0.38691979302781254,0
-0.13733311773428047,-0.17466874523100903,-0.9136359361277431,0.005437179207630557,0.6204857141390479,-0.5848960393056271,0.953519260768574,-0.3090607408076809,-1.1785472584537633,1.4180221074177215,-0.985067780815352,1.0160767243268625,-0.47439472447966885,1.680938638211487,-0.6248470335613264,-0.5657958843616172,0.9411346653621417,0.5352064365264626,1.7454406086809864,0
-0.1404197867626377,-0.7232514877907109,-1.0572487400712407,-0.49800534001741437,1.205783805171273,-0.015377013691579365,-0.42377969906069257,0.5469209271105995,0.021630948366416998,1.6931806930743278,-0.7672051880279522,-0.9979504794924884,-0.47439472447966885,1.680938638211487,-0.6248470335613264,-0.9667450485023882,0.009887770418151533,1.35920287532275,2.0533988757987567,0
-0.12451418119978247,1.4710794824480968,0.09165369147674007,0.5088796984326754,1.1368125080283595,3.401737139992707,-1.9803209897678284,1.308529895491644,0.4520373836678294,-0.06229552996282999,-0.2902292857138449,0.009063122417187087,0.43128439823829373,-0.5949057135506131,-0.6248470335613264,-1.0686308437318668,-0.1303314656290343,-0.09930293371207118,-1.303052725727869,0
-0.13202093813121393,-1.0889733161638455,0.6661049072507305,0.005437179207630557,1.6952884279494518,-1.1544150649196747,-0.11585749920100573,-1.6927404582042587,-0.9190591029818955,-0.8021969955694149,-0.5904288041820773,4.037117530055889,0.8841239595972751,-0.5949057135506131,-0.6248470335613264,-1.1288197673881144,-0.038185290079917146,0.10430381592915544,-0.2619647717931148,0
0.1854640271050702,1.653940396634664,0.37887929936373527,-1.0014478592424594,-1.1756418156243278,-0.5848960393056271,0.07491767168275876,-0.27580735863492695,-0.652922405727339,-0.39479793097157906,0.6858540309946114,1.0160767243268625,-0.02155516312068755,-0.5949057135506131,-0.6248470335613264,-1.8239052362570967,-0.9906006804092945,0.15913675038677202,-1.12774517998176,0
-0.06338295720471064,1.2882185682615295,-1.4880871519017334,1.5157647368827654,-0.8240797871319764,1.123661037536516,-0.15954806787015274,-1.1306052906246047,-1.31079242042619,1.1531272310141603,1.9486788972298097,-0.9979504794924884,-0.9272342858386502,1.680938638211487,1.600391689947671,0.6926244254697563,-0.405034335571649,-0.6245684179042759,1.40855515054034,0
-0.14117055971583573,-1.0889733161638455,-0.9136359361277431,0.5088796984326754,-0.763729902131927,-0.5848960393056271,-0.7055823960453028,0.18063439962871114,0.17648175443120676,-0.35026985599284477,0.7905741814131783,0.009063122417187087,-0.47439472447966885,1.680938638211487,-0.6248470335613264,-0.60793110093971,-1.2656380233739208,0.3530856197149979,1.2849292816455864,0
-0.10456928243614508,-0.3575296594175763,-1.0572487400712407,0.005437179207630557,-0.9677699895130465,0.5541420119224684,-0.8846103432159386,1.7980514140081059,1.9546176963781372,-0.5829700202295329,-0.2938743674736599,-0.9979504794924884,-0.02155516312068755,1.680938638211487,-0.6248470335613264,0.097337212591168,0.5928371689137227,-0.3934598187202385,-0.023122001698875183,0
1.8609613791734254,0.008192168955558287,0.6661049072507305,-0.49800534001741437,-0.6162079610206951,-0.015377013691579365,0.7573443144112243,0.09299650754487057,0.9283376691301914,-0.6978873885991261,-0.663096419709832,0.009063122417187087,0.43128439823829373,-0.5949057135506131,-0.6248470335613264,0.46223647682503666,0.6933072721685875,0.35060834707398864,0.8532378640638654,0
-0.13548733411673827,0.008192168955558287,-0.1955719164102551,-1.5048903784675043,-1.2896360428466433,-0.5848960393056271,1.10947605271983,0.13422274229882583,-0.07452870253195279,-0.636261256422673,-0.40919194767651834,0.009063122417187087,-0.02155516312068755,-0.5949057135506131,-0.6248470335613264,-0.8993970619768105,1.3913854948629507,1.839901435315542,-0.1740602309763316,0
-0.14153000322574968,1.4710794824480968,-1.2008615440147383,-1.5048903784675043,-0.7598981634017652,-0.015377013691579365,1.7057141524606374,-1.6498435017376116,-0.3420692929356301,-0.3729106955776603,0.9242004242534314,-0.9979504794924884,-0.02155516312068755,1.680938638211487,-0.6248470335613264,0.757067015738316,1.4231576381195103,0.8599430721750069,0.7940612336856866,0
-0.1263809389680034,1.653940396634664,-0.05195911246675751,1.5157647368827654,-0.923704994116185,-1.1544150649196747,-0.8711965909139363,-1.0255435486016844,0.8569217052571408,0.5430766502973209,-0.6140558160664297,0.009063122417187087,0.8841239595972751,-0.5949057135506131,1.600391689947671,0.08160701915299562,-1.0225439991095826,-0.2429216168357811,-0.2695953111532451,0
-0.13361032055415722,0.008192168955558287,0.9533305151377256,-1.5048903784675043,-0.9620223814178037,-1.1544150649196747,0.34384051494409845,-1.2621767742521943,2.503827104313618,1.4486334336643187,-0.17461709996268823,0.009063122417187087,-1.3800738471976315,-0.5949057135506131,-0.6248470335613264,-0.158412841418037,-0.8687317921942742,0.7051855511583607,1.0060083651624039,0
-0.12471476123930568,0.008192168955558287,-0.6264103282407478,1.5157647368827654,-0.2703935406235865,1.6931800631505638,2.47269712760367,-0.6161350411654096,-0.6291397062559216,-0.7842446347572495,-0.31773967360324035,0.009063122417187087,-0.47439472447966885,-0.5949057135506131,1.600391689947671,0.2339929234507411,0.6779350004862135,-0.9807489839808099,-1.7321656041220994,0
-0.1265230870590882,1.4710794824480968,-1.3444743479582357,1.0123222176577205,-1.1459458404655734,0.5541420119224684,1.4801509711285206,0.3661321094830581,1.8499127397839472,0.18612928585876673,0.2865679189634222,-0.9979504794924884,0.43128439823829373,1.680938638211487,1.600391689947671,0.5659630232425633,-0.7397987038146233,0.0005997077374376603,0.31463042584707046,0
-0.08680927518505654,-0.7232514877907109,-1.0572487400712407,-1.5048903784675043,-0.006003568242417617,1.123661037536516,-0.019678699322909932,0.7027113508309633,-1.047015861985527,0.32768729575121397,0.2569859598764629,0.009063122417187087,-0.47439472447966885,1.680938638211487,-0.6248470335613264,0.06770053084774853,0.540144848684516,-1.3528305577063064,0.8424264455551751,0
-0.13988319331279828,-1.0889733161638455,0.6661049072507305,0.5088796984326754,-0.6066286141952905,-0.015377013691579365,0.5232885929435267,1.2345925235375075,-0.17035588476475594,-0.9007768248327611,3.1479793006657273,-0.9979504794924884,0.8841239595972751,-0.5949057135506131,-0.6248470335613264,-0.4027957837025072,-0.9941504906724313,-0.3074147856789342,-0.6997208513632249,0
-0.13919426152478573,0.5567749115152602,0.6661049072507305,1.5157647368827654,-1.1440299711004924,0.5541420119224684,0.6016959432043063,-0.36267582948112115,0.409186718543862,0.9002582950979027,-0.39415656945151994,0.009063122417187087,0.8841239595972751,-0.5949057135506131,1.600391689947671,-1.0180027595248418,0.5707009439260383,-0.4860079322862833,-0.6055433897037067,0
-0.12046618445083943,0.9224967398883949,1.2405561230247208,-0.49800534001741437,0.729690267948661,-1.1544150649196747,-0.1229571923298058,-0.5790127131671685,-1.0646459812598097,-0.2507290350968913,0.29527934497426944,-0.9979504794924884,-2.285752969915594,-0.5949057135506131,-0.6248470335613264,-1.0863539704237313,-1.1849292317626634,-1.0427626887038497,-0.37926667650811086,0
-0.13522743278511354,0.1910530831421256,0.5224921033072328,0.005437179207630557,-1.645987744751697,2.2626990887646112,-0.13143552920270304,0.6642161943520536,0.018396104017835476,2.8035240274474753,-0.3954053768896875,-0.9979504794924884,-0.9272342858386502,-0.5949057135506131,-0.6248470335613264,-0.8452496058536145,-0.06833679887289408,-0.5647385126324831,-0.1945216631196111,0
-0.11025358702166962,-1.6375560587235474,1.2405561230247208,-1.5048903784675043,-0.3786401597506593,-0.015377013691579365,-1.6190193414877814,-0.5165931948276158,0.2754627848959752,1.0970456879458141,0.9931729933493997,0.009063122417187087,-0.02155516312068755,-0.5949057135506131,-0.6248470335613264,-1.8059082192466245,-0.5382428643840912,0.058272311148281845,0.11441635456120733,0
0.11342478229518041,-1.4546951445369802,-0.1955719164102551,-1.0014478592424594,0.14056043818627384,-0.5848960393056271,-0.7523707273721493,-1.8063127505296708,-1.3390386285438862,-0.7464989482072975,0.8545213677258664,1.0160767243268625,-0.9272342858386502,-0.5949057135506131,-0.6248470335613264,-0.32699684406459817,0.017978154195350426,0.3934793968100588,-0.43130782571728304,0
-0.14109616560039445,0.5567749115152602,-0.48279752429725026,-1.0014478592424594,-0.5501104679254029,-0.015377013691579365,-0.054214364327477865,-0.5005729192602619,-1.438922440991807,0.2791112091230625,0.6242062019616119,1.0160767243268625,-0.9272342858386502,-0.5949057135506131,-0.6248470335613264,0.9855469211528773,-0.6318616324267634,1.6403635000658596,-0.6900898811386139,0
-0.14031382130717215,-1.6375560587235474,-0.7700231321842455,-1.0014478592424594,0.6425182118374785,-0.5848960393056271,-0.7459955261557863,0.4956722616437203,-0.4149537961189983,-0.7955360388868095,-0.1619126034565949,1.0160767243268625,-0.9272342858386502,-0.5949057135506131,-0.6248470335613264,0.6675231164911506,1.09249388853378,-0.7578725023819511,-0.8154341999548154,0
-0.12454389984974604,-0.3575296594175763,-1.0572487400712407,-0.49800534001741437,-0.9850128137987749,-0.5848960393056271,-0.06334886039546431,-0.3399963666754737,0.050697744658703345,-0.39234336260888414,-0.5663910289917766,-0.9979504794924884,-0.47439472447966885,1.680938638211487,-0.6248470335613264,0.28147464066143574,0.9804515451982426,-0.15977249043325895,-0.08361523807866149,0
-0.12789067899628195,0.1910530831421256,-0.6264103282407478,1.5157647368827654,-1.5703109048310002,2.2626990887646112,0.9559342154553003,1.1586228982053064,0.10256033043292061,-0.006676600163780351,-0.8385656733568116,-0.9979504794924884,-0.02155516312068755,-0.5949057135506131,1.600391689947671,0.14024737797704662,-0.9010249394095105,-0.5014504661588696,-0.5688750003006233,0
-0.12613553427860139,-1.2718342303504129,1.3841689269682185,1.0123222176577205,-0.488802648242813,-1.1544150649196747,1.3814889467046003,1.0240094969706905,0.5334954909631222,-0.8287816910172173,-0.6915677501885525,0.009063122417187087,0.43128439823829373,-0.5949057135506131,1.600391689947671,1.4546538000200255,1.8608285805721876,-0.9817234760867143,0.16619095967514497,0
-0.06454161333596588,0.5567749115152602,-1.631699955845231,1.0123222176577205,-0.19375876602034914,-0.015377013691579365,0.3807666138439721,-1.4649376886424343,-0.6805001923176699,-0.8583888612892832,-0.7746452629292142,0.009063122417187087,-0.02155516312068755,1.680938638211487,1.600391689947671,-0.18166167494469276,-0.31710993789805314,-0.13912551467359296,0.2818199243992708,0
-0.13792445928106592,0.1910530831421256,-0.3391847203537527,1.0123222176577205,-0.026120196575767425,-0.015377013691579365,-0.9533681013980956,-1.668639162918363,1.8272769154838697,1.497656581399735,1.6911755561132567,1.0160767243268625,-0.9272342858386502,-0.5949057135506131,1.600391689947671,-1.3833094545255098,-0.12339477257627134,0.8438642655697296,1.1216311177367306,0
-0.06694483045809281,0.5567749115152602,-0.6264103282407478,1.0123222176577205,-1.2177909416561083,-0.5848960393056271,-0.8705395604873248,0.34617036722656797,-0.7947434041040334,-0.25393091155367115,0.4527158687506032,0.009063122417187087,0.43128439823829373,-0.5949057135506131,1.600391689947671,-0.3923347599411479,0.6191871346447699,-0.6132197262732981,-0.6443332459185511,0
-0.13436140394696885,0.008192168955558287,-0.48279752429725026,-0.49800534001741437,1.6186536533462144,1.6931800631505638,0.2894877787145839,2.201597266048848,-0.996339367468711,-0.34031538471725264,-0.20599331297620882,-0.9979504794924884,3.1483217663921814,-0.5949057135506131,-0.6248470335613264,0.1213719147030191,0.5995053481261633,-1.2810231657465272,1.44929157754684,0
-0.10462794876407301,-1.2718342303504129,-1.3444743479582357,0.5088796984326754,-0.6420721974492877,-0.5848960393056271,-0.6638669975865925,0.8929199024676185,1.0823317264519992,-0.6287744669862825,0.6846368208076791,1.0160767243268625,-0.47439472447966885,1.680938638211487,-0.6248470335613264,-0.1214091240219826,-0.7507466436491387,0.14643675238745427,1.0413662792516656,0
-0.1325553241399809,-0.7232514877907109,0.23526649542023767,0.005437179207630557,-0.8020472894335456,-0.015377013691579365,0.1404296183761212,1.7365546886097183,-0.6574834807415291,2.347872195575683,-0.5453781760611087,2.023090326236538,0.43128439823829373,-0.5949057135506131,-0.6248470335613264,0.30236263886220527,-1.5722129349035219,1.4071955452212228,0.6291099652866072,0
-0.12439206525317807,-1.6375560587235474,1.0969433190812232,0.5088796984326754,0.11182239771005982,-0.015377013691579365,-0.1968055075772201,-1.2589124088829373,-0.6277798845539704,0.7982812033214797,-0.950344777310321,2.023090326236538,-0.47439472447966885,-0.5949057135506131,-0.6248470335613264,0.40421686771567206,-1.2297942093371663,-0.9473713014639116,-1.2248968197419627,0
-0.11233709314375273,-1.6375560587235474,-0.7700231321842455,1.5157647368827654,1.4356881289809853,-0.015377013691579365,0.1962409262285032,-0.5017154682888673,-0.7842377082990595,-0.9534247226900185,0.44033813933167937,-0.9979504794924884,-2.285752969915594,-0.5949057135506131,1.600391689947671,-0.3540845738267199,-1.2985758022583775,0.0924632063136636,0.17326186982749572,0
-0.08585968568287809,0.5567749115152602,-1.3444743479582357,-1.0014478592424594,-0.7388236003858749,-0.5848960393056271,-0.2742036240489289,-0.36024570444453846,-0.7705966264668217,-0.0561120498860569,0.24450861442123725,-0.9979504794924884,-0.02155516312068755,1.680938638211487,-0.6248470335613264,-1.628106703224655,-0.1418675888379769,-1.067869732510493,-0.5888466668843867,0
-0.12126810403977595,-1.2718342303504129,-0.7700231321842455,-0.49800534001741437,1.2488908658855942,3.401737139992707,1.0439073115460236,0.2585437632602135,-0.03803076502687643,-0.476424977497838,-0.48983212923655056,-0.9979504794924884,0.43128439823829373,-0.5949057135506131,-0.6248470335613264,1.648244893723997,-1.194743944570559,-0.9583506252212785,-0.017440000763133456,0
-0.13950171617563079,-0.7232514877907109,-1.4880871519017334,0.005437179207630557,-1.6613146996723447,-0.5848960393056271,-1.8684373400820227,-0.9068751412216305,2.47992161588962,-0.21891085194177143,-0.8278347619580082,-0.9979504794924884,0.43128439823829373,1.680938638211487,-0.6248470335613264,0.5633993502045511,1.4546519994435039,1.2233995564519458,0.7567114815149807,0
0.007320397590793743,-0.9061124019772783,-0.48279752429725026,-0.49800534001741437,0.8666749275519479,0.5541420119224684,0.8932425271818845,0.209150409407592,1.4712150790722032,0.8413805800876131,-0.4503634264466081,0.009063122417187087,-1.3800738471976315,-0.5949057135506131,-0.6248470335613264,1.4518685762177528,-0.1695188346873019,-0.5721680519006175,-0.8930057981131551,0
-0.04400625819182343,1.653940396634664,-0.6264103282407478,-0.49800534001741437,0.68658320723434,-0.015377013691579365,-2.3064178517724168,1.7547136332891062,-0.011955744295636717,1.3704666286265055,-0.76130772234862,-0.9979504794924884,-1.3800738471976315,-0.5949057135506131,-0.6248470335613264,0.2095615924721471,1.3706382478128758,-0.2582621473817537,0.4726347307442893,0
-0.12199610992251167,0.7396358257018275,-0.1955719164102551,-0.49800534001741437,0.8427265604884361,-1.1544150649196747,-1.7327118464107203,-0.32047988264093075,-1.2315101295603343,-0.65373776325012,0.4583806169782526,1.0160767243268625,1.3369635209562563,-0.5949057135506131,-0.6248470335613264,-0.3880250487647382,-0.2935975484828025,1.7481524070999293,0.12413142213114674,0
-0.015904299225969483,1.4710794824480968,1.6713945348552135,0.005437179207630557,-0.06539551855992658,-0.015377013691579365,-0.6300955488351982,0.42770645687326064,1.0383507309699178,2.2700447569656075,-0.6905660668410329,1.0160767243268625,-0.47439472447966885,-0.5949057135506131,-0.6248470335613264,-1.213779925466716,0.9393558261661855,1.203984335742408,0.7948673786297782,0
-0.08557591210114049,0.008192168955558287,1.0969433190812232,1.5157647368827654,-0.5453207945127005,-0.015377013691579365,-0.4266099240010879,-1.57462701185691,-0.9706592595310969,0.6357142702601793,0.09356207784420141,1.0160767243268625,-2.285752969915594,-0.5949057135506131,1.600391689947671,-0.4505094255052177,-0.5137909597902933,1.4814248837550665,-0.6334610413459908,0
0.6304753174249829,0.9224967398883949,-0.6264103282407478,1.5157647368827654,1.601410829060486,2.832218114378659,0.24385790042285546,0.8188254526823072,-0.11534225270728989,-0.9116644230063288,-0.24131840355835144,0.009063122417187087,-0.47439472447966885,-0.5949057135506131,1.600391689947671,0.2096220685952513,-0.29223845184017694,-0.06231741469632826,0.2712733016455661,0
-0.1295704285455738,-1.0889733161638455,0.37887929936373527,1.0123222176577205,-0.15256757467110907,-0.015377013691579365,-0.11303602575048534,-1.2749507552977222,0.4849417879324848,0.36425173564877045,-0.5785348472538553,-0.9979504794924884,-1.3800738471976315,-0.5949057135506131,1.600391689947671,-0.1348305185132876,0.8895969899910225,-0.2582492941887359,-1.352973159785195,0
-0.13879334029156973,1.1053576540749621,0.6661049072507305,1.5157647368827654,0.4806272504881396,0.5541420119224684,1.1879392732504306,-1.1591993356790338,-1.4055850035369954,-0.5264320160538452,0.6090419940605428,-0.9979504794924884,-0.47439472447966885,-0.5949057135506131,1.600391689947671,0.68916365149659,-1.1511680136995852,-1.2690746154768493,-0.40643008813673664,0
-0.14150410884340836,0.1910530831421256,0.09165369147674007,1.5157647368827654,0.3790861741388501,-1.1544150649196747,1.0906943814104098,0.6471059713314182,-1.0825064204725625,-0.9255319090614313,-0.9769798535612962,1.0160767243268625,-0.02155516312068755,-0.5949057135506131,1.600391689947671,-0.3621970890384719,-1.429818050383818,1.1497183733595104,-1.1498649129910785,0
-0.13987697030375995,-1.0889733161638455,1.5277817309117159,1.0123222176577205,1.6636765834256164,-0.015377013691579365,0.42678720014370497,0.12216198614993172,1.1293801639163359,0.5011083382419773,0.17934954714842843,1.0160767243268625,-0.02155516312068755,-0.5949057135506131,1.600391689947671,0.8342660527361686,-0.6170913791774975,2.237486496057785,0.18881400504974682,0
0.1388475619014584,0.7396358257018275,-0.7700231321842455,1.5157647368827654,-1.0271619398305554,-0.5848960393056271,0.9420746729314929,0.6924377201750952,2.188020230582102,0.4696141494771123,-0.7483052719822533,-0.9979504794924884,-1.3800738471976315,-0.5949057135506131,1.600391689947671,0.20768747926722206,-0.8408444489728891,0.5034242846669976,0.23971925749889314,0
-0.14194899581028184,-0.7232514877907109,-1.0572487400712407,0.005437179207630557,0.01986066818617499,1.123661037536516,1.9444831305797743,0.2580551026742315,0.8185853550560712,-0.4257042147803912,-0.4405353934561239,-0.9979504794924884,-0.02155516312068755,1.680938638211487,-0.6248470335613264,-0.5621447981631743,0.9807539042852061,0.72389743782039,0.5836306693026673,0
-0.13929403471074664,1.1053576540749621,0.23526649542023767,-0.49800534001741437,-0.0558161717345219,-0.015377013691579365,-0.5739066737449756,-0.19210593621496092,-0.20583452450337875,-0.6605786063898968,-0.9162060327563238,2.023090326236538,-1.3800738471976315,-0.5949057135506131,-0.6248470335613264,-0.948472784544847,0.9543620094247501,0.4923274990227024,-0.3208922081568533,0
-0.11965235354741835,0.3739139973286929,-1.631699955845231,0.5088796984326754,1.6952884279494518,-0.015377013691579365,1.374654768415117,0.08155208230224167,-1.4145066660591177,1.4365154723258504,-0.5220121435535015,0.009063122417187087,0.43128439823829373,1.680938638211487,-0.6248470335613264,-1.2571105054210372,-0.19865412777151484,0.0015215945261151454,0.7477197004762277,0
-0.10049911789031017,1.2882185682615295,1.3841689269682185,-1.5048903784675043,0.7622600471550369,-0.5848960393056271,-0.7985976430389539,-0.4129907913285282,-0.7498266158415988,1.4735292742172053,-0.904711992924745,0.009063122417187087,-0.02155516312068755,-0.5949057135506131,-0.6248470335613264,-1.1951281395581599,-0.47207826661351926,0.3362696179029595,0.8663427656568332,0
-0.1131617652814145,-0.9061124019772783,-0.7700231321842455,-1.5048903784675043,1.4395198677111471,0.5541420119224684,-0.049781897742897,-0.5580172722836385,1.254254082943791,-0.5963865625584222,-0.7369856082274165,0.009063122417187087,-0.47439472447966885,-0.5949057135506131,-0.6248470335613264,-0.52526853675436,-0.3200586300312886,-0.46321224792659627,-0.5362477710776669,0
-0.13453595089963907,0.1910530831421256,0.6661049072507305,1.5157647368827654,0.6990363581073661,1.123661037536516,-0.2870620909742738,0.04309280739582295,2.2555870042614394,-0.05996615638946188,-0.49965077224020005,0.009063122417187087,-0.9272342858386502,-0.5949057135506131,1.600391689947671,-1.8118808227261844,0.5687438313586201,-0.564671903628305,-0.07840709588861125,0
-0.13930790697228104,-1.6375560587235474,0.809717711194228,0.005437179207630557,-0.9064621698304566,-0.5848960393056271,0.38170507641678303,-1.0075943308863167,3.0086504861562275,-0.04541240331307221,-0.49645365794809165,-0.9979504794924884,-1.3800738471976315,-0.5949057135506131,-0.6248470335613264,1.4056082178081208,-0.5837272550044542,-1.2858323937958518,1.3885892916818086,0
-0.12165053989700286,0.1910530831421256,0.6661049072507305,-1.5048903784675043,0.7775870020756844,-0.015377013691579365,0.25791914526800636,-0.886778899571006,-0.208335455092295,-0.8602998667393426,0.37131958251526254,0.009063122417187087,-1.3800738471976315,-0.5949057135506131,-0.6248470335613264,0.06532378045770583,0.7669856754241021,-0.4962391187566266,-2.2833257730988863,0
-0.09477034951620296,1.4710794824480968,0.809717711194228,0.005437179207630557,-1.0060873768146652,3.401737139992707,0.3662973298902872,-1.0930624518080598,-0.8612385038008522,-0.8368437630324645,-0.9082589763095873,-0.9979504794924884,-0.02155516312068755,-0.5949057135506131,-0.6248470335613264,1.4910035500160748,-0.8443562747484207,-1.1987013531616395,0.3795336973980103,0
-0.04311141974180511,-0.3575296594175763,-1.631699955845231,1.5157647368827654,0.6980784234248256,-1.1544150649196747,0.4742574726605147,0.21031002609870783,-1.7154007168323242,0.5215345148783388,-0.9023416512281791,1.0160767243268625,1.3369635209562563,1.680938638211487,1.600391689947671,-0.740213957611964,0.8086440763427301,0.34227821280818377,1.4488257805709843,0
-0.1383934984181376,-1.4546951445369802,0.9533305151377256,1.0123222176577205,0.6511396239803428,-0.015377013691579365,0.5098875832357395,1.0629713269441505,-0.7094970908466134,1.6280099688126752,-0.37872770338404466,0.009063122417187087,-0.9272342858386502,-0.5949057135506131,1.600391689947671,-0.31345156601555796,-0.9481231029282178,-0.04608650283205511,0.7765676571827633,0
0.27891932982892587,-0.9061124019772783,-0.05195911246675751,1.5157647368827654,0.2047420619164851,-0.5848960393056271,1.018835404584332,0.5599369372404279,-0.3522463197848032,-0.5340718985314357,-0.7360412100782868,0.009063122417187087,-1.3800738471976315,-0.5949057135506131,1.600391689947671,-1.0726725460028388,0.6204027948482614,1.3521499446368803,0.5395141311841681,0
-0.13280439019515272,0.5567749115152602,-0.05195911246675751,1.5157647368827654,-0.09221768967105964,-0.5848960393056271,-0.3411902232268227,0.8036328205355994,-0.7095450728517363,1.8916431176953656,-0.6873919800377415,1.0160767243268625,0.8841239595972751,-0.5949057135506131,1.600391689947671,-1.415614927121615,1.0139205177475272,-0.5280070872148014,0.823553453114408,0
-0.13516457997851095,-1.4546951445369802,-1.3444743479582357,0.5088796984326754,-0.2541086510203986,-1.1544150649196747,-0.5435283002453443,0.13724648926148014,2.7225942497805873,1.5220306616965258,2.6509110226854546,-0.9979504794924884,-0.02155516312068755,1.680938638211487,-0.6248470335613264,0.16198486700001477,0.7889133750167437,-0.0375862874095241,3.7352980428878713,1
-0.1412763526945566,0.7396358257018275,-1.0572487400712407,-1.5048903784675043,1.0007857831076132,-0.5848960393056271,0.3017565198719886,1.1917262793684433,0.7694963339365705,-0.2205456342716731,0.5447740285252729,0.009063122417187087,1.7898030823152375,1.680938638211487,-0.6248470335613264,-0.16000703537760494,1.1094169031341137,-0.8523202019680937,0.3146378884745944,0
-0.12326178783781741,1.4710794824480968,-0.3391847203537527,1.5157647368827654,-0.18130561514732307,1.123661037536516,0.2638091249319307,-0.22212007642083523,-1.7032748810548786,0.5335654830235785,-0.7290649507388778,0.009063122417187087,1.7898030823152375,-0.5949057135506131,1.600391689947671,-0.8368300425310633,0.0039737695753960895,-1.5769320522597687,0.42254444131238544,0
0.01911996299975776,0.7396358257018275,-1.3444743479582357,0.5088796984326754,-0.48784471356027254,-0.5848960393056271,-0.7842633978196746,-0.7639081804467244,-0.7188918712828517,-0.29462569197066824,0.14432075719188941,0.009063122417187087,-0.02155516312068755,1.680938638211487,-0.6248470335613264,-0.0561782371003524,-1.2743066294959529,-0.8287276540960117,0.3064883652070796,0
-0.13871635752154568,-0.9061124019772783,-0.05195911246675751,-1.0014478592424594,1.2498488005681345,1.123661037536516,1.9396088064054093,1.3335352839618473,0.10308485915191637,0.016920493169760752,-0.09316019861050778,0.009063122417187087,-0.47439472447966885,-0.5949057135506131,-0.6248470335613264,0.2289905826325997,0.6291359087317631,0.4960060684209815,-1.1119147940961691,0
-0.12227092548641966,0.1910530831421256,0.809717711194228,-0.49800534001741437,1.1348966386632786,-1.1544150649196747,-0.12008440029381043,-0.6143511181904917,1.1459526742814472,-0.8523382976501057,-0.45707781620103005,-0.9979504794924884,-0.02155516312068755,-0.5949057135506131,-0.6248470335613264,0.51830726342676,-1.1564591013422107,2.7706765658053403,-1.1366921617292312,0
-0.1359261324075371,-0.7232514877907109,-0.48279752429725026,1.0123222176577205,0.41261388802776644,-1.1544150649196747,-0.40223952682589026,2.1668824000360623,1.873068375023338,-0.6251550837438339,-0.4787502011283924,-0.9979504794924884,2.242642643674219,-0.5949057135506131,1.600391689947671,-0.5348967780882596,-1.1731297998605639,0.11801389311352883,-0.5241970050828044,0
-0.13754956029279605,-0.17466874523100903,-0.05195911246675751,1.0123222176577205,-0.8336591339573811,-0.015377013691579365,-1.0155321379203615,0.8103052243261124,-1.5107428845516415,-0.23858597461773362,-0.6507290862915414,-0.9979504794924884,-0.02155516312068755,-0.5949057135506131,1.600391689947671,0.8766376948028379,-0.9226948184042522,-0.8246528960794764,-0.015512380279047581,0
-0.13164390530359102,1.653940396634664,1.2405561230247208,0.5088796984326754,1.531481597235032,-0.015377013691579365,0.15262645624421295,-0.49514304410612076,0.39308409150843504,1.0811316961716948,1.2256024582264218,-0.9979504794924884,0.43128439823829373,-0.5949057135506131,-0.6248470335613264,-0.38591035747132324,0.510002623982477,-0.7583458365138631,1.6349366810276096,0
-0.13063925414697738,0.008192168955558287,0.5224921033072328,0.005437179207630557,-0.5999230714175071,-0.015377013691579365,1.4092677797187738,1.824157041559414,-0.9571574239703938,1.2623718195307512,2.1407176263444283,-0.9979504794924884,-0.47439472447966885,-0.5949057135506131,-0.6248470335613264,-0.9236076810352195,1.0647307776339308,-0.9300891108781517,0.7000261794413349,0
0.8384874853354728,0.008192168955558287,-1.4880871519017334,0.5088796984326754,-1.1459458404655734,-1.1544150649196747,-0.07149130199201906,0.5445533562989059,0.671544983731555,-0.21535283005043973,-0.6242451765374267,2.023090326236538,-0.47439472447966885,1.680938638211487,-0.6248470335613264,0.726158571750626,-1.478329898079108,-0.42986689343875095,1.9924336471148048,0
-0.07799244927221906,-0.5403905736041437,1.3841689269682185,0.5088796984326754,-0.7129593639572822,-1.1544150649196747,-1.6798571969946108,0.7376817452751565,-1.1996498398707023,-0.9426857056696608,1.0267613017064767,0.009063122417187087,-0.02155516312068755,-0.5949057135506131,-0.6248470335613264,0.3773888961683277,-0.016939292631958865,0.46741380841844904,-0.9828731899418464,0
-0.1398695945201581,1.1053576540749621,-1.631699955845231,0.5088796984326754,-0.8930510842748901,-1.1544150649196747,0.742747025372866,-1.4587982937691388,0.5695101888018193,0.21575782186121117,-0.8876488961778887,-0.9979504794924884,0.43128439823829373,1.680938638211487,-0.6248470335613264,1.1461488159776416,0.7543336749545514,-0.13169305300334352,1.18365580336919,0
-0.1342016265232244,0.9224967398883949,-1.3444743479582357,-1.5048903784675043,0.815904389377303,-0.5848960393056271,1.6096442842407854,-0.004545161090748636,-1.4981640014020816,1.1510555672689733,-0.9569488729193351,0.009063122417187087,-0.9272342858386502,1.680938638211487,-0.6248470335613264,-0.9902181237870429,-0.9361364164862473,1.2392908683954829,2.5914888694426352,1
-0.13296921593798935,-1.2718342303504129,0.09165369147674007,1.0123222176577205,-0.2751832140362888,-1.1544150649196747,0.8277305324940334,0.600427710567983,-0.005768727618072573,-0.7603886463763376,-0.4335281526087533,0.009063122417187087,-0.9272342858386502,-0.5949057135506131,1.600391689947671,-0.5697658094939451,0.6751177623059723,0.6556800733013984,-1.346492519988704,0
-0.14094067887806844,1.1053576540749621,0.5224921033072328,-1.0014478592424594,-0.4265368938776826,-0.015377013691579365,0.9557285225266946,-0.9800081749903111,-1.165020953232372,0.28871736741008713,-0.6437564529952327,0.009063122417187087,-0.9272342858386502,-0.5949057135506131,-0.6248470335613264,-0.9430500219960113,-1.4532991150918961,0.7646578639374229,-1.0253200906970044,0
-0.10577624730531503,-1.4546951445369802,-1.4880871519017334,0.5088796984326754,-0.46677015054438226,1.6931800631505638,1.1407459684425225,-1.7934239026362089,0.49067832984791443,-0.4409616238582867,2.9234184491246338,1.0160767243268625,-0.9272342858386502,1.680938638211487,-0.6248470335613264,-0.41265873370515344,-0.4617208211617293,1.9723265752116965,0.34917210985225533,0
0.12298175715215982,1.2882185682615295,0.6661049072507305,-1.0014478592424594,-0.2732673446712079,1.6931800631505638,-2.343832873680055,0.05810187019763996,-0.6849666037270762,-0.8024775915092891,1.5643213888479106,-0.9979504794924884,-0.9272342858386502,-0.5949057135506131,-0.6248470335613264,0.4735523893455311,-0.8610982799446895,-0.8416315624585179,-0.3358448534802829,0
0.47356713460544425,-1.4546951445369802,-0.3391847203537527,0.5088796984326754,0.9509731796155089,0.5541420119224684,-0.3505644119670251,-1.079097962800396,-1.547928518048877,-0.6711451772129788,-0.3514807131708491,1.0160767243268625,1.3369635209562563,-0.5949057135506131,-0.6248470335613264,-0.7561744156343253,0.17883637212647516,0.43281423810516634,0.9420134457100517,0
-0.13760876143323522,-0.7232514877907109,1.6713945348552135,-1.0014478592424594,1.1760878300125186,-1.1544150649196747,0.6657019859091129,-0.4533047160679984,-0.8879345845324329,-0.6453722849323278,-0.7724711255162942,0.009063122417187087,-0.47439472447966885,-0.5949057135506131,-0.6248470335613264,1.5335199551216367,0.27611828132919214,0.7448760105422714,-0.4896147247597796,0
-0.06321175701644335,1.653940396634664,-0.9136359361277431,-0.49800534001741437,-1.4524849388785228,2.2626990887646112,-1.005025902006568,2.095622504056814,0.07450315042091152,-0.6307555671059933,-0.8871877570474277,-0.9979504794924884,-0.9272342858386502,1.680938638211487,-0.6248470335613264,0.2197625290286469,-1.1709399316972333,-0.8473035639039275,0.024834576439078437,0
-0.1364353242005304,0.3739139973286929,-1.4880871519017334,0.5088796984326754,-1.6651464384025065,-0.015377013691579365,-0.5666672220495693,-0.5063987297543671,1.161749916673972,-0.8708464619094116,-0.7607650441930108,0.009063122417187087,0.8841239595972751,1.680938638211487,-0.6248470335613264,0.9319208050270734,-0.7277644126266373,-0.3311836211304647,0.33083418408407317,0
-0.10595814636599857,-0.17466874523100903,0.9533305151377256,1.0123222176577205,-0.11425018736949039,-0.5848960393056271,0.5662150370612749,0.027259835313700537,-1.0683116643578137,-0.7651764783471351,-0.1382206290125819,1.0160767243268625,-0.9272342858386502,-0.5949057135506131,1.600391689947671,-1.5163828608477121,-1.0772481262308817,1.5888084211170936,-1.0191689181643224,0
-0.1402531825240404,1.2882185682615295,1.2405561230247208,1.0123222176577205,1.2699654289014843,-0.015377013691579365,-0.4036546745310043,-0.5892749863199949,2.094175454621509,-0.5857700457172665,-0.8503543973418356,1.0160767243268625,0.8841239595972751,-0.5949057135506131,1.600391689947671,0.4559670442812381,1.1316493764897304,0.7400982413555356,-0.41082257999931326,0
-0.12996824782283087,0.9224967398883949,-0.48279752429725026,1.5157647368827654,0.4633844262024112,-1.1544150649196747,0.5938684511204367,0.6367830535049769,1.4409075368694793,-0.7572179096014499,-0.8122362818473496,-0.9979504794924884,0.8841239595972751,-0.5949057135506131,1.600391689947671,1.8859924463121691,-0.7166518322328378,-0.2709217057037366,0.025446711609627772,0
0.023157488106502238,0.9224967398883949,-0.6264103282407478,1.5157647368827654,1.3255256404888316,-1.1544150649196747,-0.5406498383067292,-0.8174001640283521,1.3384705445994542,0.31382450659207917,1.0947430663053628,-0.9979504794924884,-0.9272342858386502,-0.5949057135506131,1.600391689947671,0.183956173826095,-0.8233091985661163,1.3996567041299453,-0.3008167331902998,0
-0.12652409159378228,0.008192168955558287,-0.1955719164102551,0.005437179207630557,1.46634203882228,-1.1544150649196747,-0.2828361187842403,0.5337400367593008,-1.4187065591183743,3.9026731442943405,1.5552150968872844,0.009063122417187087,0.43128439823829373,-0.5949057135506131,-0.6248470335613264,-0.7354422496391486,-0.1517482155308025,-1.388739021890684,0.41587063652299083,0
-0.04465948040382789,-1.4546951445369802,-0.9136359361277431,-0.49800534001741437,1.2584702127109988,0.5541420119224684,0.9366721275111026,-2.5448083806864474,0.46451982726506086,-0.8389651022552289,-0.8906462157014369,1.0160767243268625,0.8841239595972751,1.680938638211487,-0.6248470335613264,0.44844522542286486,0.597005712995786,-0.619473041162033,0.4635141236253261,0
-0.032309488336221506,-0.9061124019772783,0.09165369147674007,-1.0014478592424594,0.7431013535042276,-0.5848960393056271,-0.65361007850263,-2.7475573555105015,-0.4534642283775726,-0.33425330572744033,-0.12431953685546435,0.009063122417187087,-1.3800738471976315,-0.5949057135506131,-0.6248470335613264,0.5262755346001208,1.139798129113966,1.887592846660126,-0.14190028526236736,0
2.242443047672533,-0.5403905736041437,-1.4880871519017334,0.5088796984326754,-0.41887341641735887,2.832218114378659,-0.5841765189198511,-2.6084631972644563,0.6821312334900159,-0.9463610374203657,0.06916463424551615,0.009063122417187087,0.43128439823829373,1.680938638211487,-0.6248470335613264,-1.7686010334058404,1.1742815898269614,0.48568212290661883,2.9253772187134004,1
-0.1318351439562489,-1.4546951445369802,0.809717711194228,-1.5048903784675043,1.2555964086633775,1.123661037536516,-0.536280293271209,-0.1077889635298783,1.4724286485492966,0.8940199035970918,0.3005298873348925,0.009063122417187087,0.43128439823829373,-0.5949057135506131,-0.6248470335613264,1.7072198297005385,0.4349826578812609,-0.2032116042317929,-0.3608716028595262,0
-0.14159501894554913,0.5567749115152602,0.5224921033072328,0.5088796984326754,-0.5769326390365359,0.5541420119224684,-0.7423093724181274,-0.01425607548005839,0.7076016362859593,1.073471021483076,-0.7775367217053837,2.023090326236538,-1.3800738471976315,-0.5949057135506131,-0.6248470335613264,-0.7024701613011538,-1.3264014664036943,-0.8591831915960063,-0.09025516181362855,0
0.2204357962109934,0.7396358257018275,-0.05195911246675751,0.005437179207630557,-0.15544137871873046,-0.5848960393056271,1.1610016486656822,-0.009241992063619184,-1.568170297214932,-0.5362292635486192,-0.7016312420406985,1.0160767243268625,-0.47439472447966885,-0.5949057135506131,-0.6248470335613264,1.1733941431782047,-0.05720368479004292,0.2836712535038475,-0.740824132028614,0
-0.1116324404352808,1.2882185682615295,-1.4880871519017334,1.0123222176577205,1.6081163718382692,0.5541420119224684,0.17053298931131006,-0.7282296326826428,-0.4996469557512566,0.28855595118937977,-0.5017886111927928,1.0160767243268625,-0.47439472447966885,1.680938638211487,1.600391689947671,-0.07303968742733245,-1.0556234856458022,0.1742749835649202,1.891612985549565,0
-0.14102737130413465,-1.2718342303504129,-0.7700231321842455,-1.5048903784675043,0.06392566358303647,0.5541420119224684,0.9486586750882977,0.461285034469989,0.6001809032159299,-0.004489670522334457,-0.06009503370104262,0.009063122417187087,-0.02155516312068755,-0.5949057135506131,-0.6248470335613264,0.25970913180803784,0.03493310344993919,-0.2207890484626715,-0.24375782222820083,0
1.1054138273018428,-0.5403905736041437,-1.3444743479582357,0.005437179207630557,0.11086446302751936,0.5541420119224684,1.149621465506364,-0.325224847108939,-1.4645021093742354,1.8035358142799378,0.11234250655217005,0.009063122417187087,0.43128439823829373,1.680938638211487,-0.6248470335613264,1.0075699594717829,1.564901388040182,1.1351402806622235,4.552879667372686,1
-0.12321426431111296,0.3739139973286929,1.6713945348552135,-1.0014478592424594,0.22102695151967305,1.123661037536516,0.6392925371322734,-1.4428441816466082,0.47311975650859106,-0.2795107220322859,2.6169846753239283,0.009063122417187087,-2.285752969915594,-0.5949057135506131,-0.6248470335613264,-0.6836287926721424,-1.3499891755032931,2.2047078775661166,-1.8457880741988202,0
-0.13062525083856122,0.9224967398883949,0.5224921033072328,0.005437179207630557,-0.09317562435360012,-1.1544150649196747,-2.3932987628501916,-1.080077770297588,0.7996765847527616,-0.38850067593009796,0.3127808874805834,3.030103928146213,0.43128439823829373,-0.5949057135506131,-0.6248470335613264,-1.2675296056265402,-0.8034432717377146,-0.146979912227338,-0.6943629762154294,0
-0.14050902109152627,0.1910530831421256,1.5277817309117159,0.5088796984326754,0.2344380370752396,-0.015377013691579365,1.191071141704287,-0.10333821777236238,-0.5652220929339887,0.9164031773220864,-0.2591132033804205,0.009063122417187087,0.8841239595972751,-0.5949057135506131,-0.6248470335613264,0.5942474636292063,-0.8771779664031033,0.24317981841571062,-0.6372585380835938,0
-0.07286528120741434,-0.5403905736041437,0.6661049072507305,1.5157647368827654,0.44805747128176376,-0.015377013691579365,-1.0300696850166609,-1.1113336279459762,0.5719758118288987,-0.46291455257375197,1.3990173764644387,1.0160767243268625,1.3369635209562563,-0.5949057135506131,1.600391689947671,1.2212677634983118,0.2046801763247866,-0.12204320826872858,-0.8475810699781525,0
-0.07839443063048132,0.5567749115152602,-1.3444743479582357,0.5088796984326754,-0.1343668157028402,-0.015377013691579365,1.0691134282333952,-0.06366278328450438,-1.5276327901951692,0.47381188044803924,1.2006475013094149,0.009063122417187087,-0.47439472447966885,1.680938638211487,-0.6248470335613264,-1.1915273597038036,0.04634244361150587,2.05319677776375,0.5721534368945655,0
-0.13988761120747575,0.5567749115152602,0.6661049072507305,-0.49800534001741437,1.0505983865997175,-0.5848960393056271,-0.2674448379739682,-0.737130118345354,1.4003236540800172,0.5454402369267424,0.6118733727005892,0.009063122417187087,0.43128439823829373,-0.5949057135506131,-0.6248470335613264,-0.257968903883878,-0.932608657004446,-0.38943052583001936,-1.787308580430856,0
-0.04564537834180175,-0.7232514877907109,-1.4880871519017334,-1.0014478592424594,0.16834054397994738,0.5541420119224684,-1.274023448977955,0.9885183813653236,-0.6590347601253586,-0.5343314001003602,-0.21415166725211077,-0.9979504794924884,-0.02155516312068755,1.680938638211487,-0.6248470335613264,0.4238248738553861,-0.8756332839012813,-0.08803974816927483,0.37851315644964384,0
0.10042448445918109,-1.4546951445369802,1.2405561230247208,-1.5048903784675043,1.3810858520761786,-0.5848960393056271,-0.6595512724934348,0.14108667638542313,-0.8574348832296349,0.5925905862553089,0.08605271725069823,0.009063122417187087,0.8841239595972751,-0.5949057135506131,-0.6248470335613264,2.700653700481883,1.4120773188445368,0.640405665338807,-0.4415915779854514,0
-0.13774606867504632,1.653940396634664,0.9533305151377256,0.5088796984326754,1.6435599550922666,1.123661037536516,-0.577362316473359,0.15488861916123184,-0.6486542070311996,-0.20746126486723418,1.3501660380731524,1.0160767243268625,1.3369635209562563,-0.5949057135506131,-0.6248470335613264,-0.032893699930811586,-0.12341890253147991,1.8188337653366045,0.07717344604598549,0
-0.13574631580441568,-1.0889733161638455,1.5277817309117159,-0.49800534001741437,0.7095736396153113,0.5541420119224684,0.8499016830992583,-0.8810088734726644,0.6095895900783513,-0.896865105771695,-0.9797503106470237,2.023090326236538,3.1483217663921814,-0.5949057135506131,-0.6248470335613264,1.7085195333694618,0.19511130377790548,0.6493553107198552,1.1207737331355918,0
-0.12601892523404115,0.1910530831421256,0.23526649542023767,-0.49800534001741437,1.556387898981084,-1.1544150649196747,0.5529138788663198,0.7053650414513586,-0.11590828978760145,2.3585082449363535,0.8326388231806024,1.0160767243268625,-0.47439472447966885,-0.5949057135506131,-0.6248470335613264,-0.6971566009815452,0.0027145954973763144,0.6121779613697256,-1.1291784990855978,0
-0.09974637583292144,0.7396358257018275,-1.3444743479582357,0.5088796984326754,-1.5118768891960317,1.6931800631505638,-1.2065692294309962,-1.371673515792898,-0.544151960871433,0.7821656790647555,-0.21108585846918135,1.0160767243268625,-0.47439472447966885,1.680938638211487,-0.6248470335613264,0.16491922026980652,0.5729684092294488,0.7520836059411234,1.3259822315070946,0
-0.1140845768746148,1.1053576540749621,-1.4880871519017334,-1.5048903784675043,-0.5223303621317293,-0.015377013691579365,1.5039922995119768,-0.07597680603537206,-0.9612305040122139,-0.6390102006895957,-0.40686568773794207,-0.9979504794924884,-1.3800738471976315,1.680938638211487,-0.6248470335613264,1.1618535956774412,1.4736862587994413,0.2845476770982208,0.7206821234919862,0
-0.10152372805606238,0.3739139973286929,-1.2008615440147383,1.0123222176577205,0.41836149612300927,-1.7239340905337224,-0.9776819074042297,-0.5998112956176519,-1.097819204368801,0.6178966742888433,-0.30203927103118655,2.023090326236538,0.43128439823829373,1.680938638211487,1.600391689947671,-0.927229014532005,-0.1830236086625674,0.8035328564560409,1.3193795897112632,0
-0.11636351014680663,0.7396358257018275,-0.05195911246675751,-0.49800534001741437,0.9433097021551852,-1.1544150649196747,0.971389832524153,-0.24668523409809207,-0.8210378587133642,-0.6936583503871504,-0.7051116379757209,0.009063122417187087,-0.47439472447966885,-0.5949057135506131,-0.6248470335613264,0.1510607728293605,0.09927197923527772,-0.9384607732968246,-1.0332657546709494,0
-0.034557956601099935,-0.9061124019772783,0.6661049072507305,0.5088796984326754,0.29382998739274857,-0.5848960393056271,1.785126045126133,1.3734657728553477,1.1006119205172076,-0.6909805574739308,-0.19322266828579523,2.023090326236538,1.3369635209562563,-0.5949057135506131,-0.6248470335613264,-0.6084550285473125,0.11746964804328841,1.1509024141424804,-1.8933383519591218,0
-0.12696437914558897,1.653940396634664,1.3841689269682185,-0.49800534001741437,0.9222351391392949,-1.1544150649196747,0.8923843570554211,0.012874335490590591,-0.10224130421072304,-0.36679970488595304,1.2868353567655395,-0.9979504794924884,0.43128439823829373,-0.5949057135506131,-0.6248470335613264,-0.7897060834422402,-1.5461863935354534,0.10553090327148154,-0.7568090726519618,0
-0.12472700868021772,0.3739139973286929,-0.05195911246675751,1.5157647368827654,0.5457668089008914,-0.015377013691579365,1.4548087085951933,0.36045052654182314,-1.5238612054323573,0.7889279823430845,1.6812532139332201,-0.9979504794924884,-0.02155516312068755,-0.5949057135506131,1.600391689947671,0.17445062623406296,2.4249586717103564,1.3706012042439613,-0.8001597470484626,0
-0.130928347047966,0.9224967398883949,-0.6264103282407478,0.5088796984326754,-0.04048921681387443,-1.1544150649196747,0.3782187973257938,-1.3722766712612122,0.1269924397324015,-0.4306130168233534,-0.6727590612730185,1.0160767243268625,0.43128439823829373,-0.5949057135506131,-0.6248470335613264,-0.08540857714038624,-1.1262204972934347,-0.16313268490861585,-1.019512594815765,0
-0.1404516773321665,0.3739139973286929,-1.3444743479582357,0.5088796984326754,1.0544301253298793,-0.015377013691579365,-0.47270047077891886,0.13703099133289295,1.254551778357817,0.11736903033225773,0.17785083694258816,1.0160767243268625,0.8841239595972751,1.680938638211487,-0.6248470335613264,0.7922978614822733,-0.8617363889609134,-1.1351393270992114,0.38813252748513716,0
-0.1141198155677799,0.9224967398883949,-1.2008615440147383,0.005437179207630557,1.5305236625524914,-0.015377013691579365,-0.2780747280372029,0.48979476052158405,-0.6881905920707476,-0.7526804825052653,-0.7072905895934221,1.0160767243268625,-0.02155516312068755,1.680938638211487,-0.6248470335613264,-0.5275943172109272,-1.2807667952395958,-0.633399140524334,1.270220089069904,0
-0.11747150865325261,-1.2718342303504129,-1.4880871519017334,0.5088796984326754,-0.5951333980048048,-1.7239340905337224,-0.602239410761023,-0.8852148318868763,-1.0022152310492107,-0.6204535210803022,-0.5760500616210524,1.0160767243268625,-1.3800738471976315,1.680938638211487,-0.6248470335613264,-0.2709045732047166,-0.54864223760173,-1.4279877860804155,0.20125422706528184,0
-0.13796713164492658,0.3739139973286929,-0.3391847203537527,-1.5048903784675043,0.1214017445354645,-0.5848960393056271,0.4388126451458183,2.1098825911332355,1.7543288665828078,-0.776667109884874,-0.9898872015061786,1.0160767243268625,-1.8329134085566128,-0.5949057135506131,-0.6248470335613264,0.13187870667428844,-0.9102546730519547,-0.387464813458549,-0.3384599125295887,0
-0.1361135258173993,1.2882185682615295,-1.0572487400712407,-1.5048903784675043,0.5189446377897583,-0.5848960393056271,-0.08339851051651088,-0.4088312028298668,-1.2443094841600093,1.4052801988451114,-0.5816982221648259,-0.9979504794924884,0.8841239595972751,1.680938638211487,-0.6248470335613264,-0.8784749640426952,-0.3729254394386309,1.0518700013861233,1.907553190009592,0
-0.11537525930223107,0.008192168955558287,0.09165369147674007,-1.5048903784675043,-1.1239133427671426,3.9712561656067544,-0.2624589371714547,1.2789407046782448,0.08821310501923049,-0.22371385929113843,-0.37988238912903016,-0.9979504794924884,-0.47439472447966885,-0.5949057135506131,-0.6248470335613264,1.9220765535476563,-1.1113441534755928,0.8140484812597427,0.2136684741055254,0
-0.14041950795142388,0.7396358257018275,0.6661049072507305,0.005437179207630557,-0.8614392397510546,-0.015377013691579365,0.0697192933530789,-0.6502545880159692,0.11340436922138616,0.08908634504896885,1.785149023011693,0.009063122417187087,-1.3800738471976315,-0.5949057135506131,-0.6248470335613264,-0.2701598935443075,0.3439025462158052,0.021608836647324083,0.10134736822841889,0
-0.13186602392540117,-0.9061124019772783,-0.9136359361277431,0.005437179207630557,-1.6411980713389949,-1.1544150649196747,-0.7738057876411605,1.4421920534627286,0.11933666398744427,1.3155210341656063,-0.31618755993019876,1.0160767243268625,-0.47439472447966885,1.680938638211487,-0.6248470335613264,0.6279300978136736,1.559466197649555,-0.7223524262830615,1.641329654599167,0
-0.1413606460771454,0.008192168955558287,0.6661049072507305,-0.49800534001741437,1.5094490995366012,-0.5848960393056271,-0.41870941887700464,0.47699841246360547,-0.8247295373945921,-0.6391890333778903,-0.6646051393183322,0.009063122417187087,0.8841239595972751,-0.5949057135506131,-0.6248470335613264,-0.7016530973142754,0.6275836744170619,-0.6775672437498327,0.14112343416412845,0
0.021198723236957456,-1.6375560587235474,-0.7700231321842455,-1.0014478592424594,-1.4793071099896558,-0.5848960393056271,-1.3941879824574763,-1.1653120836882933,0.17428917768776694,-0.12592977480599576,-0.15486601061193647,-0.9979504794924884,0.43128439823829373,-0.5949057135506131,-0.6248470335613264,-1.930953430390037,-1.1680404340524464,0.9400527622078726,-0.5979062225918877,0
-0.12793796543388516,0.7396358257018275,-0.9136359361277431,0.5088796984326754,-0.48305504014757017,-0.015377013691579365,0.6021128075882705,0.3070171837513696,-1.3902431709598566,0.4712155018684635,0.7087504321683777,2.023090326236538,0.43128439823829373,1.680938638211487,-0.6248470335613264,-0.42417149909249924,-0.2893842740237588,0.5966128542062491,-0.4538643824164743,0
-0.12273134661015425,-0.17466874523100903,0.6661049072507305,0.005437179207630557,-0.5252041661793507,-0.015377013691579365,1.1382498446239242,-1.411387941563821,1.4441601119136775,-0.9128040051009734,0.3780967244285878,1.0160767243268625,-0.02155516312068755,-0.5949057135506131,-0.6248470335613264,1.0327325610275127,-0.9349344533276093,0.2658873480243758,-0.4355847647119373,0
-0.08238358349070064,0.7396358257018275,0.6661049072507305,1.0123222176577205,-1.6507774181643995,-1.1544150649196747,-0.3599695729765108,0.54364813274834,-0.5415597216348229,-0.8470952715899854,-0.24184864296721964,1.0160767243268625,1.7898030823152375,-0.5949057135506131,1.600391689947671,-0.1725208378821154,0.6544084320867383,-0.8079246989006282,-0.5257547087495811,0
-0.11780344061285764,-1.2718342303504129,-1.0572487400712407,0.5088796984326754,-1.5319935175293815,-0.5848960393056271,-0.6825406662735272,0.6659754558224074,1.2237996749881723,-0.31609639224287167,1.2675314468983274,1.0160767243268625,0.8841239595972751,1.680938638211487,-0.6248470335613264,1.111004264079319,-1.066380997452396,0.6589994057330966,0.39517794581441057,0
-0.14026149575055777,-0.5403905736041437,-1.631699955845231,1.0123222176577205,0.8293154749328696,1.6931800631505638,-0.42881602039795097,0.9336974794816063,-0.7864347723696058,1.2394574037492274,-0.5055133338384988,0.009063122417187087,0.43128439823829373,1.680938638211487,1.600391689947671,0.9932265049751823,0.6122627325297922,-0.34923917794970283,1.9235131113943156,0
-0.09363603629332916,-0.17466874523100903,-1.2008615440147383,-1.5048903784675043,1.44526747580639,-0.015377013691579365,-0.20416139321439852,-0.38105725006179203,-0.3172745711361783,-0.3241305827074329,-0.4420448638609068,-0.9979504794924884,-0.47439472447966885,1.680938638211487,-0.6248470335613264,2.640670321641289,-0.1414129613415558,0.35786745860318586,0.07111208069408148,0
-0.13682254925908194,0.1910530831421256,0.5224921033072328,1.0123222176577205,-0.64686187086199,0.5541420119224684,0.9074071114453566,-0.4756550912024797,0.05084434470072561,0.015931185796565755,-0.739098330748681,0.009063122417187087,-1.3800738471976315,-0.5949057135506131,1.600391689947671,-0.3290161565066108,0.7661634360844768,0.21681154522383758,-0.12161870824577982,0
-0.11234158102111971,-1.4546951445369802,1.2405561230247208,-0.49800534001741437,-0.6545253483223138,-0.5848960393056271,-0.32481966392131106,0.1315781153251969,0.15530779026670702,0.7613301819540419,1.0305652369493135,-0.9979504794924884,1.7898030823152375,-0.5949057135506131,-0.6248470335613264,1.3861859941818586,-0.17433651322225388,1.0244257137084536,0.22471770980520492,0
-0.14029358002441086,1.4710794824480968,-0.9136359361277431,1.5157647368827654,0.6453920158851,-0.015377013691579365,-0.24577137824168013,1.2898208790197714,-0.8832557834148508,-0.5351690992487523,-0.24852943542028133,-0.9979504794924884,0.8841239595972751,1.680938638211487,1.600391689947671,-0.5537138896322145,0.28595322635261305,-0.04232007719764216,0.17619620570515476,0
-0.05819964288979207,-1.6375560587235474,-1.3444743479582357,0.005437179207630557,0.36663302326582403,1.123661037536516,0.28470371347518186,0.6046856738174626,2.6322053346530234,0.8035496153568681,-0.8493147769697572,0.009063122417187087,1.3369635209562563,1.680938638211487,-0.6248470335613264,0.7800914356545116,0.4505442636266632,-1.5135887339706826,3.54988949990078,1
-0.1400403943056797,1.653940396634664,-0.48279752429725026,0.5088796984326754,-1.1497775791957352,-0.015377013691579365,0.6053174065735947,-0.2567827131539902,1.5184952556205744,-0.8820303627074331,3.1922005859079676,-0.9979504794924884,-0.02155516312068755,-0.5949057135506131,-0.6248470335613264,-0.7339267401090631,-0.3718651824897452,-0.47562217672621393,-1.2575471747567672,0
7.717523541108885,0.008192168955558287,-0.1955719164102551,0.005437179207630557,-1.416083420941985,-0.5848960393056271,1.4640347205673738,-1.0841739289814258,-1.5472029908755844,-0.28695540274405246,0.6829940895937443,0.009063122417187087,-1.3800738471976315,-0.5949057135506131,-0.6248470335613264,0.21048602388666648,-0.3204121572649216,0.6526165975712817,1.214136941726625,0
0.37742559403173354,1.653940396634664,-1.4880871519017334,1.0123222176577205,-1.155525187290978,-0.5848960393056271,-0.3167131757858711,1.9312774529704853,-1.3466524926590324,3.0984075218969824,-0.6110647026219601,-0.9979504794924884,-0.02155516312068755,1.680938638211487,1.600391689947671,-2.0453287861913445,0.5613629167086082,-0.6757997815734883,4.5475696029512855,1
-0.1402122345536806,-1.4546951445369802,0.9533305151377256,1.0123222176577205,-0.1343668157028402,-0.5848960393056271,-0.21792789463587464,-1.7196955757074879,-0.5651041614194096,0.7292401328955564,1.0479887078849472,0.009063122417187087,0.43128439823829373,-0.5949057135506131,1.600391689947671,1.1830513307752557,-1.533525419936739,-0.29202649479565707,-0.0889653568239269,0
-0.1357220381174383,-0.3575296594175763,-1.631699955845231,-1.5048903784675043,-0.019414653797984155,1.6931800631505638,-0.6061265848223228,0.0420746718760403,2.717883682413203,1.710117753194387,-0.2806684567436123,-0.9979504794924884,-1.3800738471976315,1.680938638211487,-0.6248470335613264,-0.4802083894955229,0.30847083345355747,0.42113831548667036,4.409586711772663,1
-0.13775620609846698,-0.17466874523100903,0.5224921033072328,0.5088796984326754,-0.16502072554413513,-0.5848960393056271,-0.19973094430390417,-0.024215914943990217,-0.5480942837263405,0.29203442697209125,-0.09384994676212423,-0.9979504794924884,0.43128439823829373,-0.5949057135506131,-0.6248470335613264,2.1604241496164174,-0.6854135398440652,1.0321800414054136,-0.9132872784664774,0
-0.11332672684185342,1.653940396634664,1.2405561230247208,-0.49800534001741437,-1.3451962544339904,0.5541420119224684,0.11561291454539104,-0.5605322909549453,-0.8276795410456166,0.7042610136403742,0.015030255115090962,0.009063122417187087,-0.47439472447966885,-0.5949057135506131,-0.6248470335613264,-0.3290883402936419,-0.9441672815788654,-0.9434024918438724,-0.20034400723453075,0
-0.11300966840428893,-1.2718342303504129,-1.631699955845231,-1.5048903784675043,-0.4619804771316799,0.5541420119224684,1.3057397185703163,-0.6468438423095157,1.7356724003510684,-0.9360183326062045,-0.29517189554803286,0.009063122417187087,-0.9272342858386502,1.680938638211487,-0.6248470335613264,0.033370285841861226,-0.6767168429460327,-0.7798801715440316,0.2543811177905635,0
-0.12346498858474583,-0.9061124019772783,-0.3391847203537527,-1.5048903784675043,-0.6123762222905332,-0.5848960393056271,-0.4161463382892575,0.013727550497695324,-0.829231247340637,-0.6387896018795681,-0.24447009330271396,1.0160767243268625,-0.02155516312068755,-0.5949057135506131,-0.6248470335613264,-0.5300945310480182,-0.7965117742990596,-1.0085755063423485,-0.4025223771514059,0
-0.06608927373266021,1.4710794824480968,-1.4880871519017334,-0.49800534001741437,-1.5703109048310002,-0.015377013691579365,-1.0937883268608881,-0.1534716471629,-0.7812534484225315,-0.6235036468409091,-0.24852664317096945,0.009063122417187087,-0.02155516312068755,1.680938638211487,-0.6248470335613264,-0.0125180282910491,0.12073215825378907,-0.8689850712488153,0.2622098162435421,0
-0.13592063355880676,1.2882185682615295,0.809717711194228,-1.0014478592424594,-1.3777660336403663,-0.5848960393056271,0.005751299696636316,0.3300656575787523,-0.5172237418567687,1.3341127565720488,-0.4230912362976471,-0.9979504794924884,1.3369635209562563,-0.5949057135506131,-0.6248470335613264,-0.2800784544675903,0.019835468523280275,1.5139030624155407,0.8013438216767598,0
0.9924539455990198,0.9224967398883949,-1.0572487400712407,1.5157647368827654,0.31298868104355787,-0.015377013691579365,-1.372581454242692,-1.5103125093798513,-1.0998554372659242,-0.3424933068157636,-0.3287573971713758,1.0160767243268625,-0.9272342858386502,1.680938638211487,1.600391689947671,-1.1337298786549617,-0.5077238303762287,0.04984739195181084,3.430897586611582,1
-0.14133121152029604,0.008192168955558287,0.6661049072507305,-1.5048903784675043,1.5745886579493529,-1.1544150649196747,-0.5266236288444962,0.3218780074613607,-0.5028913862122137,0.1775508883185298,0.8458493445141604,-0.9979504794924884,0.8841239595972751,-0.5949057135506131,-0.6248470335613264,2.6510231028852442,1.352418727220019,1.1260986177354604,-1.615347042740384,0
-0.1256072856723196,-0.9061124019772783,0.09165369147674007,1.5157647368827654,1.4941221446159536,-0.015377013691579365,1.341520317322317,0.9065521558960781,-1.455348496054834,0.79678707953191,2.0972895704686203,-0.9979504794924884,-1.3800738471976315,-0.5949057135506131,1.600391689947671,-0.7146893526269311,-1.020763069733895,0.2693436731263534,-0.629230601519394,0
-0.13745760832549703,0.008192168955558287,-1.2008615440147383,1.5157647368827654,1.7019939707272351,0.5541420119224684,0.3333906324751325,1.512484221685011,0.2054788883775984,-0.621516689733263,-0.13118977017461236,-0.9979504794924884,0.43128439823829373,1.680938638211487,1.600391689947671,0.9827611699295508,0.039174639275590374,-1.1287172620725634,0.6047203641955086,0
-0.1355590403791803,-0.7232514877907109,1.5277817309117159,-0.49800534001741437,0.2871244446149653,1.6931800631505638,0.7244535205074494,1.47875800659744,-0.7036877575111192,-0.9620779478902323,-0.5690708647296056,-0.9979504794924884,-0.02155516312068755,-0.5949057135506131,-0.6248470335613264,-0.8483085930245433,-0.18218908774172762,0.6045000256897971,-0.9417202517660546,0
-0.027385313381512105,1.653940396634664,1.3841689269682185,0.5088796984326754,-1.6996320869739632,-0.5848960393056271,0.4998435605657444,0.8089274204348159,0.40070171902160295,-0.9461131411244612,-0.8770698775167197,-0.9979504794924884,-0.47439472447966885,-0.5949057135506131,-0.6248470335613264,0.0688089408713855,-1.2637269656022143,-0.19055940549774283,-0.285141244910536,0
-0.13721474744107176,-1.6375560587235474,1.6713945348552135,-1.5048903784675043,0.8302734096154101,0.5541420119224684,0.1674324975175029,0.2588732380538437,-0.41755376648810544,-0.7208987928174562,-0.9528727635946656,-0.9979504794924884,-0.02155516312068755,-0.5949057135506131,-0.6248470335613264,0.13660683567895884,-0.2745649148822028,0.3235363625409374,-0.6059599866459039,0
-0.13851885673036268,-1.4546951445369802,-1.4880871519017334,0.5088796984326754,-0.36522907419509276,1.123661037536516,1.1453985934078663,-0.09804267683343959,0.31991645564701565,1.2271539535391078,-0.313443554099379,-0.9979504794924884,0.8841239595972751,1.680938638211487,-0.6248470335613264,1.167160347424134,-0.7667160750692276,0.0012696412958998616,1.7553538078566941,0
-0.049984815125830875,1.1053576540749621,0.809717711194228,-1.5048903784675043,-0.9696858588781274,-1.1544150649196747,-1.8914958151571761,-0.6317242441265358,0.25541498273728613,0.7476855114553034,-0.2243004012489517,-0.9979504794924884,1.3369635209562563,-0.5949057135506131,-0.6248470335613264,-1.3597296343527632,0.03927082702183261,0.38101207990829683,0.14970263011954368,0
-0.12154564041842429,0.008192168955558287,1.3841689269682185,-0.49800534001741437,0.13960250350373338,-0.015377013691579365,-1.0730019042899477,1.7614941093442897,-0.37758715682056637,-0.5417595606514539,-0.9232479397471158,-0.9979504794924884,0.43128439823829373,-0.5949057135506131,-0.6248470335613264,2.125773879900727,0.7331446014520617,0.9582282184873553,-1.1105136333909784,0
-0.12499048344351195,0.9224967398883949,0.809717711194228,1.0123222176577205,-1.1976743133227585,2.2626990887646112,0.44236856476949216,0.8336736613533958,0.03189004569335999,-0.8727320182544456,-0.7473158129638855,1.0160767243268625,-0.47439472447966885,-0.5949057135506131,1.600391689947671,-0.19872017321210583,0.9372420194697975,1.049309224405706,0.29618572875927457,0
-0.07011330723388226,-1.4546951445369802,1.5277817309117159,-0.49800534001741437,-0.4476114568935729,-1.1544150649196747,-0.6739467838606399,1.2858997263829681,1.192370568281542,-0.2574353476610587,0.30526583926792095,-0.9979504794924884,-0.47439472447966885,-0.5949057135506131,-0.6248470335613264,-0.4829321813649031,0.8094998384234738,-1.1637735086032288,-0.9391087423848289,0
-0.13470840199864023,0.7396358257018275,-0.05195911246675751,-1.5048903784675043,-0.4801812360999488,-0.015377013691579365,-0.5582542302987706,0.07722955758662664,1.4791633452354032,0.5380091435371224,-0.9513430410475275,-0.9979504794924884,-0.02155516312068755,-0.5949057135506131,-0.6248470335613264,-1.8108850523021194,0.5996660917505797,2.242429287477903,-1.2349221367504675,0
-0.13500783660473847,1.653940396634664,0.5224921033072328,1.5157647368827654,-1.4955919995928437,-0.5848960393056271,1.021193144225442,0.40412946805323063,-0.5437681998912346,0.5605345113699061,-0.036197069729685026,-0.9979504794924884,0.8841239595972751,-0.5949057135506131,1.600391689947671,-0.7623201592619729,0.05983971788307679,3.989935784422031,-0.803731230803203,0
0.029324630098030557,-0.5403905736041437,-0.9136359361277431,-1.5048903784675043,-0.2684776712585056,0.5541420119224684,0.27177261263809893,0.11963346791687289,-0.9481722456193883,-0.9672247100356003,-0.45690160488334686,-0.9979504794924884,3.1483217663921814,1.680938638211487,-0.6248470335613264,-0.3470334767554607,1.438730455421498,-0.13690073281392984,3.2788588306006026,1
-0.13806364052879733,0.1910530831421256,0.23526649542023767,-1.0014478592424594,-1.6718519811802897,-0.015377013691579365,0.8917573182687231,-0.6960895701182793,-0.223286823471105,0.9325477858677704,-0.3250849996121534,-0.9979504794924884,2.242642643674219,-0.5949057135506131,-0.6248470335613264,0.3730720634274707,-0.47323991881714755,2.1954975187748906,-0.5459135293346717,0
-0.12617134951642273,0.3739139973286929,0.809717711194228,0.005437179207630557,1.4443095411238493,-0.5848960393056271,-2.1150846734132,1.3480282583096581,0.011568743369912496,-0.8820788144689167,1.0852535232902316,-0.9979504794924884,-0.9272342858386502,-0.5949057135506131,-0.6248470335613264,-0.39188837809806754,0.8869064747488961,-0.37214480338970146,-0.2556601928544437,0
-0.10053323425010892,0.9224967398883949,0.37887929936373527,1.0123222176577205,-0.18513735387748495,-0.5848960393056271,-0.1466882202549023,0.4203381961610307,1.8165720314864302,-0.483033386800959,-0.6422972576247027,-0.9979504794924884,1.3369635209562563,-0.5949057135506131,1.600391689947671,-0.7586042627381314,-0.7915568165815302,0.9519081852379793,-0.7511788447758102,0
1.3543200469079957,1.4710794824480968,0.09165369147674007,1.0123222176577205,0.6932887500121233,1.6931800631505638,1.032141929793379,0.9118872638068865,-1.5458771330258503,-0.4538794421105496,0.12831614274285974,-0.9979504794924884,-0.47439472447966885,-0.5949057135506131,1.600391689947671,1.9399831180673575,-0.059412421217939125,-1.419249741064573,1.5363994759282855,0
-0.141046124823526,-1.0889733161638455,0.9533305151377256,-1.5048903784675043,0.2679657509641559,1.123661037536516,0.774320475315989,-0.07431345691529895,-0.48701209415100677,0.5651708282029844,0.7374007955834091,0.009063122417187087,-0.47439472447966885,-0.5949057135506131,-0.6248470335613264,1.8124785397420924,-0.6626515517922708,-0.32660237414764925,0.39172227206893995,0
-0.12712246558798584,1.1053576540749621,0.9533305151377256,-0.49800534001741437,1.6675083221557783,-1.1544150649196747,1.6898086742185308,-1.6111942171559375,-0.06981617153815968,0.1834225795492337,0.9663174905699395,-0.9979504794924884,-0.9272342858386502,-0.5949057135506131,-0.6248470335613264,-0.22512038970879933,-0.660134190491065,1.5921531631472692,0.34796484047013565,0
-0.1416239949393702,0.5567749115152602,0.6661049072507305,-1.5048903784675043,1.5621355070763268,-1.1544150649196747,-1.6805409295177869,0.09133433164484471,-0.056541703898466134,-0.8862798975962786,0.02333581183536339,-0.9979504794924884,-0.02155516312068755,-0.5949057135506131,-0.6248470335613264,-0.2477489131450301,-0.6907025667204032,2.7538737645994447,-0.5244668733522162,0
-0.12345541881354719,1.2882185682615295,-1.3444743479582357,1.0123222176577205,0.5304398539802438,2.2626990887646112,-0.38369359608543324,-0.5617943104985512,0.7373751850063739,1.776902512575038,1.0586264263894432,-0.9979504794924884,-0.9272342858386502,1.680938638211487,1.600391689947671,-0.9995578911796485,-0.4251481571778389,0.7579678240462058,1.857198849719525,0
-0.13390379924343723,1.4710794824480968,1.2405561230247208,1.0123222176577205,1.2460170618379727,2.2626990887646112,-1.4108304011185258,-0.8967439690924813,0.04007359627273842,-0.6763566183515145,0.6279425717767503,2.023090326236538,-0.02155516312068755,-0.5949057135506131,1.600391689947671,-0.8115552256834883,0.9165994328459577,-0.4258058018040665,-0.9208677189047195,0
-0.12677393808420204,-0.17466874523100903,0.6661049072507305,-1.0014478592424594,1.3628850931079097,-1.7239340905337224,-1.5094394987783555,0.006643157158642333,-1.049182114995133,-0.22711686662097919,0.7199776840076898,-0.9979504794924884,-1.3800738471976315,-0.5949057135506131,-0.6248470335613264,-0.9169268374101541,-0.7931641936478757,-0.7457372015586928,-0.08026674694403169,0
-0.033239994427814744,-1.6375560587235474,0.23526649542023767,1.0123222176577205,-1.5636053620532169,-1.1544150649196747,-0.3297189584858876,1.4991728002017153,-0.7732646763585737,-0.5187868457549335,0.5988042065749556,1.0160767243268625,0.8841239595972751,-0.5949057135506131,1.600391689947671,-0.48978947510939097,0.08895954865537693,-0.4113883703076079,-0.5679227170164212,0
0.24292444970471808,-0.9061124019772783,0.5224921033072328,1.0123222176577205,-0.6152500263381546,1.6931800631505638,-0.41021653255909635,-0.01732722776417346,1.2977337656705001,-0.6434592637606577,0.2706524246765541,-0.9979504794924884,1.7898030823152375,-0.5949057135506131,1.600391689947671,-0.4943066149274859,0.42407225686806765,0.3065790714569746,0.2944248358861436,0
0.5595564281139548,-1.4546951445369802,1.0969433190812232,-0.49800534001741437,-0.4734756933221655,0.5541420119224684,0.4226070501629405,-0.7065187002684886,0.07789225555929039,-0.09881375844976026,1.792779521185992,0.009063122417187087,-1.3800738471976315,-0.5949057135506131,-0.6248470335613264,0.09449175439074475,1.9992285355293908,0.7094300273532457,1.2294625769107348,0
-0.14132410495228834,1.653940396634664,0.5224921033072328,1.0123222176577205,0.34939019898009566,-0.015377013691579365,0.1532900219543478,0.8489156071849138,-1.2235499007905488,0.1526528688550713,-0.16445560997435663,-0.9979504794924884,-0.47439472447966885,-0.5949057135506131,1.600391689947671,0.09807156691787655,-1.1923395523762947,-0.6450411281297584,0.34925798422635534,0
-0.14164225668968833,0.3739139973286929,0.09165369147674007,-1.0014478592424594,-0.7311601229255511,-0.5848960393056271,-0.9878244845980642,2.0522366183210154,0.7941886852766082,-0.15586294877180254,-0.6918930405536822,-0.9979504794924884,-0.02155516312068755,-0.5949057135506131,-0.6248470335613264,-1.1564597500280456,1.9103776747083756,0.651010140213282,-0.9079355119403126,0
-0.13855163231970744,-1.0889733161638455,1.0969433190812232,-1.5048903784675043,0.3599274804880408,1.123661037536516,1.1366971297286668,-0.15202342590617993,0.394515619207477,-0.2068571468011056,-0.9578926339778949,-0.9979504794924884,-1.3800738471976315,-0.5949057135506131,-0.6248470335613264,1.7240447375608812,-0.528260544222889,2.2838413038321637,-1.5414784992977284,0
-0.12399952595005277,-0.7232514877907109,0.5224921033072328,1.5157647368827654,-1.506129281100789,1.6931800631505638,-0.16455268150099556,0.8027750562700262,-1.26298118020971,1.4666174904757412,-0.5389146512242312,-0.9979504794924884,1.3369635209562563,-0.5949057135506131,1.600391689947671,-0.8050535799443389,0.5195649481483211,-1.3365901776830986,0.4359889753177607,0
-0.13654604368950937,-1.6375560587235474,1.5277817309117159,1.0123222176577205,0.9155295963615117,0.5541420119224684,-0.6243704295509025,-0.5223654566043806,-1.2921288128023065,6.023841379011821,0.017046054889828657,0.009063122417187087,-0.02155516312068755,-0.5949057135506131,1.600391689947671,-0.21925522653280594,-0.4571856392691695,-1.1963203951767154,0.6320745651114532,0
-0.12624603175879182,-0.3575296594175763,-0.05195911246675751,0.005437179207630557,-1.202463986735461,0.5541420119224684,-0.5910135160267198,-1.453302364256008,0.3518712549953035,-0.878621729559864,0.5876161315206264,-0.9979504794924884,-1.3800738471976315,-0.5949057135506131,-0.6248470335613264,0.35055097306644717,-0.7714477766537212,1.0397262492835897,-0.43688610608367956,0
-0.14109474543910702,1.653940396634664,-1.4880871519017334,0.5088796984326754,-0.34990211927444526,0.5541420119224684,0.19805566718162285,-1.1875085411714486,0.6225651499966698,0.5097726516747091,-0.012075560811193568,-0.9979504794924884,-2.285752969915594,1.680938638211487,-0.6248470335613264,-0.9942900829766115,1.551664415360666,-8.290226404134033e-05,1.5678668851904003,0
-0.07735679915291692,-1.0889733161638455,0.6661049072507305,-1.5048903784675043,-1.2062957254656228,0.5541420119224684,2.2208925474780625,-0.8765140405148141,-0.3677401952047805,0.5793919194698356,-0.957308191519924,0.009063122417187087,-0.47439472447966885,-0.5949057135506131,-0.6248470335613264,-0.5242543013104384,-0.373388942653766,0.0971773900929997,0.5900757345955189,0
-0.11733675537619916,0.5567749115152602,-1.0572487400712407,0.5088796984326754,1.0237762154885843,-0.015377013691579365,2.2334204206616786,1.4548563235624108,-0.8262984373628912,3.417812964741224,-0.6160966007065543,-0.9979504794924884,-0.02155516312068755,1.680938638211487,-0.6248470335613264,-0.31389847147109234,0.36197786030263696,-0.2792746465047073,1.8903161884803403,0
-0.14052015557397568,0.1910530831421256,-0.7700231321842455,0.005437179207630557,-0.9907604218940177,1.123661037536516,-0.0012840561410802196,0.09866608427633355,-0.320454166724791,-0.6750798744499601,3.262835173562176,1.0160767243268625,-0.47439472447966885,-0.5949057135506131,-0.6248470335613264,-0.11292645154267578,1.814285478689147,-0.9044964803218036,-0.035071332813880765,0
-0.13806892095903436,-0.17466874523100903,0.6661049072507305,0.005437179207630557,0.16355087056724504,2.832218114378659,-0.8035680658504253,-1.0136812067282848,2.5848528159020803,-0.789468356583086,-0.6680805715624321,0.009063122417187087,0.8841239595972751,-0.5949057135506131,-0.6248470335613264,2.0897713629197465,-0.9495111109818221,1.1669439642012633,0.6963491195480932,0
-0.11158899654889806,0.9224967398883949,-0.7700231321842455,1.5157647368827654,0.4039924758849023,0.5541420119224684,-0.055509378496354456,0.8193718298307371,0.3438556848022867,-0.9099104555748552,-0.5833787140379226,2.023090326236538,-1.3800738471976315,-0.5949057135506131,1.600391689947671,-0.2400517504749811,-0.6915661048257431,0.6166363830371651,-1.144624748512448,0
-0.14130673823784232,0.1910530831421256,-1.631699955845231,-1.0014478592424594,0.09745337747195282,-0.5848960393056271,1.0027119560528828,-0.17771995877415356,0.5938077482736484,-0.7311309900103542,0.5748893118077838,-0.9979504794924884,-0.02155516312068755,1.680938638211487,-0.6248470335613264,-0.33428800193896174,-0.7802800312141052,-1.357804641888652,-0.3845418609576988,0
-0.13908028397805283,0.3739139973286929,1.2405561230247208,-0.49800534001741437,1.412697696600014,2.2626990887646112,0.1116370428970848,-0.49303817438402475,-1.316799741901179,-0.03020744505230133,-0.9895622403702673,0.009063122417187087,0.8841239595972751,-0.5949057135506131,-0.6248470335613264,0.539023110575746,-0.8625357138135652,-1.307702355570024,0.14119899957188112,0
-0.13542721161546403,-0.9061124019772783,0.23526649542023767,0.5088796984326754,0.40782421461506413,-1.1544150649196747,-0.11327477157506084,0.7722448313932158,0.2701089730500695,-0.004713322603198085,1.442000039703102,0.009063122417187087,-1.8329134085566128,-0.5949057135506131,-0.6248470335613264,0.40669675038622594,-0.0514252968018572,-0.06515291558421742,-1.2298558022688801,0
-0.07566601855158211,1.653940396634664,1.2405561230247208,-0.49800534001741437,-0.15831518276635187,-1.1544150649196747,-2.7446083867086117,0.08749197460075231,0.39120627958006,0.6809004178532055,-0.6200040268343785,0.009063122417187087,-0.47439472447966885,-0.5949057135506131,-0.6248470335613264,-0.2539340138503695,-0.8132248595103467,0.5769265101588196,0.002612909310735462,0
-0.1414405771529131,0.1910530831421256,-1.631699955845231,1.5157647368827654,0.5610937638215389,0.5541420119224684,-0.6118908291116609,-2.069952345888983,-0.7815222109607793,-0.14851758560662917,-0.8531392057921339,1.0160767243268625,-1.3800738471976315,1.680938638211487,1.600391689947671,0.23899851620445492,0.8835738719068864,-1.0055998864923636,0.5555088621637833,0
-0.11933702932029208,0.7396358257018275,1.0969433190812232,-1.0014478592424594,-0.6238714384810188,0.5541420119224684,-1.8579565145283357,-1.7994941796174833,-0.7300589070082524,2.0414249201041046,1.809175786523194,-0.9979504794924884,-0.02155516312068755,-0.5949057135506131,-0.6248470335613264,2.7720590898400412,0.10289187179538399,-0.9803280962255976,1.0025412396218227,0
0.23332155355265616,0.7396358257018275,0.5224921033072328,1.5157647368827654,1.3753382439809358,-0.015377013691579365,-0.2246734913469311,-2.0023257786966293,-0.6426275907907464,-0.3294896551236046,-0.984312120596408,1.0160767243268625,0.8841239595972751,-0.5949057135506131,1.600391689947671,1.657711612875354,1.348945950068478,0.020491048150211952,-1.3219225441965285,0
-0.12633594793591565,0.008192168955558287,-0.9136359361277431,1.0123222176577205,1.0601777334251221,-0.5848960393056271,-0.5140092453726424,0.2964422211697549,0.7822714613202884,-0.7571755398130032,-0.12401705870891468,1.0160767243268625,-1.3800738471976315,1.680938638211487,1.600391689947671,0.45528756438793444,1.7322668451335865,0.5637763937193312,0.8527605907926497,0
-0.13418616360383917,0.1910530831421256,-0.9136359361277431,-0.49800534001741437,0.42985671231349487,-0.5848960393056271,-1.3386522726772045,-0.3506740893244088,-0.9302763340299917,-0.6490127932066552,0.472551232561334,0.009063122417187087,-0.02155516312068755,1.680938638211487,-0.6248470335613264,0.4112815778469493,-0.5424927544854595,0.31622935488936504,1.4073504577082145,0
-0.07113765422808802,0.008192168955558287,-0.3391847203537527,0.005437179207630557,-1.112418126576657,1.6931800631505638,1.355160020468192,0.760493120387646,-0.29570690562131186,0.5017691483350234,-0.26247165758974184,0.009063122417187087,0.43128439823829373,-0.5949057135506131,-0.6248470335613264,-0.8291317385929999,-1.5700614473839767,-0.8417652893435793,-0.28937712994277776,0
0.35392356454061386,-0.3575296594175763,-0.3391847203537527,-1.5048903784675043,-1.5339093868944624,-0.015377013691579365,0.2650353081663864,-0.6329476341560007,-0.5116013759078998,-0.7040769267345512,1.1215406679410844,1.0160767243268625,-0.02155516312068755,-0.5949057135506131,-0.6248470335613264,-0.39668652677977934,1.1308819390358762,-1.045616680527283,0.8007568309290718,0
-0.12998102332012568,-1.4546951445369802,1.2405561230247208,-1.0014478592424594,-0.6420721974492877,1.6931800631505638,-0.6343016574704434,0.4400824870127893,0.08647210137727238,0.20647829378970262,-0.7471219605403653,-0.9979504794924884,-1.3800738471976315,-0.5949057135506131,-0.6248470335613264,-0.7873452478976563,1.648894781338018,0.6515104954286872,-1.2533190189397503,0
-0.08230263373769472,0.5567749115152602,-0.7700231321842455,0.005437179207630557,-1.1957584439576776,-0.015377013691579365,0.8280728536108241,0.22191948974575462,0.31188029624331876,-0.060638920685356944,-0.5451106396547037,-0.9979504794924884,1.3369635209562563,-0.5949057135506131,-0.6248470335613264,0.44993932798026404,0.6105137538179777,-0.6828144586749059,-0.8305350145778603,0
0.15518024135648292,-1.2718342303504129,-0.3391847203537527,0.005437179207630557,-0.907420104512997,-0.5848960393056271,-0.5580908296745282,1.7627915201973472,0.8231995676776422,0.21697299998301994,-0.6571888191148092,-0.9979504794924884,-0.47439472447966885,-0.5949057135506131,-0.6248470335613264,-0.8122657207122557,-0.646378101463758,2.5591934704047556,-0.8891864409005308,0
-0.12967015501108678,-1.6375560587235474,0.23526649542023767,-1.5048903784675043,-0.6890109968937705,-1.1544150649196747,0.2094905478855236,-0.15996237818901404,2.259392479948907,0.38442658046423317,-0.519885118122341,1.0160767243268625,-0.47439472447966885,-0.5949057135506131,-0.6248470335613264,-0.7422438690323401,0.23007656343484956,-0.8707154924981259,-0.16787709577476806,0
-0.14153262318048437,-1.4546951445369802,-0.3391847203537527,0.5088796984326754,-0.11233431800440945,-0.015377013691579365,-1.358601943803177,-0.3519114284103683,-1.7291370339478827,1.9879652064709668,0.2510029696969731,-0.9979504794924884,-1.3800738471976315,-0.5949057135506131,-0.6248470335613264,-0.041265243018215825,0.3427944777520345,-0.004572114029660959,0.6905802051222011,0
-0.13339896925940256,-1.4546951445369802,0.23526649542023767,0.5088796984326754,0.9557628530282113,0.5541420119224684,-1.489284379345151,0.39841213901264266,-0.5564600322546099,-0.9228644980033617,-0.11962518940554921,1.0160767243268625,-0.02155516312068755,-0.5949057135506131,-0.6248470335613264,-0.7123266700463236,-0.8238209347796427,1.057404534890353,-0.7241624384744211,0
-0.10497101038390998,0.9224967398883949,0.5224921033072328,1.0123222176577205,0.18845717231329717,-0.5848960393056271,-0.7558612674633846,-1.1256332703151033,-0.3433255673840331,-0.7572866512709354,0.3449395777848073,0.009063122417187087,-1.3800738471976315,-0.5949057135506131,1.600391689947671,-1.5825353806652278,-0.2708770107690843,-1.3166094604630663,-0.8850000479122025,0
-0.13931487811364418,-0.17466874523100903,0.809717711194228,1.0123222176577205,1.6330226735843214,1.6931800631505638,-0.4282914520430755,1.0052764599527633,-0.1450933478857116,-0.08391336332698153,0.6915240657599447,0.009063122417187087,-0.47439472447966885,-0.5949057135506131,1.600391689947671,-0.8069659011553526,0.5695105029948514,0.9914555733678407,-0.6999465423530072,0
2.1933066592644272,-1.0889733161638455,1.6713945348552135,0.5088796984326754,1.3360629219967766,-0.5848960393056271,2.8301445631190387,-2.1051050512374667,-0.21231732173466597,0.18835028837093548,0.5002598811499036,0.009063122417187087,0.8841239595972751,-0.5949057135506131,-0.6248470335613264,-0.2310665932072139,-0.4320829858034533,-1.2733970789345743,1.3362381942104669,0
-0.12338722994512105,-0.7232514877907109,-0.3391847203537527,1.0123222176577205,0.557262025091377,-0.015377013691579365,-0.19273381115897092,-1.0351406320766767,-1.70236843252829,1.3909019993647662,-0.9778320231282264,-0.9979504794924884,0.8841239595972751,-0.5949057135506131,1.600391689947671,0.5134511375316333,-0.3184832508289625,0.6237051942750684,0.5494809632494376,0
1.3641401903409647,0.3739139973286929,1.0969433190812232,-1.0014478592424594,-0.6315349159413426,-1.7239340905337224,-0.24925867127171997,-0.9571254037163701,1.6343296359132053,0.4476176753258929,0.9034441489220196,0.009063122417187087,2.6954822050332004,-0.5949057135506131,-0.6248470335613264,0.5468224510804698,-0.09039676841056651,0.7168881801609472,3.7315344146597442,1
-0.12550836435063495,-0.7232514877907109,1.2405561230247208,-1.5048903784675043,-0.9332843409415896,-1.7239340905337224,0.33277691811106375,-0.6541806419182473,-1.606716980360144,0.038156983845652914,-0.7059417010834457,-0.9979504794924884,-0.47439472447966885,-0.5949057135506131,-0.6248470335613264,1.618176814833979,-1.3329579863291212,-0.8621812286659545,0.4905786090064788,0
1.2868422784350468,1.1053576540749621,1.3841689269682185,0.5088796984326754,0.41931943080554973,-1.1544150649196747,1.4216573106855734,0.9037859096269878,-0.7075514479520303,-0.8085381681625081,-0.460239777189738,0.009063122417187087,-0.02155516312068755,-0.5949057135506131,-0.6248470335613264,-1.0432841347344917,-0.5345964302605601,-0.3542627505111629,0.7295389416238677,0
-0.09577440109387883,-1.4546951445369802,-0.6264103282407478,-0.49800534001741437,0.5505564823135937,-1.7239340905337224,1.5148402971419574,-0.25180532896398916,0.5410157071322231,-0.48961053918368763,-0.5136013308731234,0.009063122417187087,-0.02155516312068755,-0.5949057135506131,-0.6248470335613264,-0.0449981577471866,-1.4763124198419284,-0.14851893125342439,-0.5653630077880828,0
-0.13567159173820337,0.5567749115152602,1.5277817309117159,1.5157647368827654,-0.7991734853859243,-1.7239340905337224,-1.2777633197689797,-0.33776125288106024,0.31291090238014824,-0.8168229245056752,-0.441985451154974,0.009063122417187087,-1.3800738471976315,-0.5949057135506131,1.600391689947671,-0.5359552682745993,-1.0706328801082352,3.2315338059699728,-0.39322587744939536,0
-0.10461166782716719,-1.0889733161638455,0.23526649542023767,1.0123222176577205,1.1052006635045242,0.5541420119224684,-0.20252083280646793,-0.3012566959282581,-1.0726042964297837,-0.7219536801948555,2.763589019844116,0.009063122417187087,-0.9272342858386502,-0.5949057135506131,1.600391689947671,-1.3468943998205711,-0.9023964721811707,1.9231344465012412,1.0015838010903437,0
-0.019323508654662862,-0.17466874523100903,-0.6264103282407478,0.5088796984326754,-0.29913158109980054,-0.015377013691579365,-2.797271485015602,0.24952256709962622,0.5493766809725487,-0.5722686904686892,0.21578199217687632,1.0160767243268625,-0.47439472447966885,-0.5949057135506131,-0.6248470335613264,0.9502446890947935,0.5875794693742726,-0.3598742315888633,-0.8818235643263885,0
1.1484215470609211,0.1910530831421256,-0.7700231321842455,1.5157647368827654,-1.6105441614976999,1.123661037536516,-0.5869075079101689,-0.7200175078906209,-1.430231095718668,0.7140864052487423,1.5381383314898052,-0.9979504794924884,0.43128439823829373,-0.5949057135506131,1.600391689947671,0.6649329549391249,-0.8522344115211811,-0.16271555187032796,1.306719832167602,0
-0.1304921412018681,1.653940396634664,-1.4880871519017334,-1.0014478592424594,-0.9323264062590492,-0.5848960393056271,-0.5780628255770323,-1.270382212883037,-0.7275529127991781,-0.13799733005853707,-0.5043646539423838,-0.9979504794924884,-0.02155516312068755,1.680938638211487,-0.6248470335613264,-1.199646038675466,-0.775046102814452,-0.5432846759106498,0.10471339692726674,0
-0.12645478762745266,0.7396358257018275,-1.2008615440147383,-0.49800534001741437,-0.10275497117900478,1.123661037536516,-1.3349963038123271,-0.8908492745996248,-1.0132747392367742,-0.12646783168512774,0.9873846468124574,-0.9979504794924884,0.8841239595972751,1.680938638211487,-0.6248470335613264,-0.5218983727721866,1.3225137499265716,0.5738926653676557,-0.48248360960506226,0
-0.13766255130095595,-0.7232514877907109,-1.631699955845231,-1.0014478592424594,-0.09892323244884292,2.832218114378659,0.6078196966655516,-0.7639803079831877,1.4979709726533719,1.2911898316984087,1.6194749170804608,0.009063122417187087,-0.02155516312068755,1.680938638211487,-0.6248470335613264,-0.13756985649522588,0.3830141717362541,-0.772163549466369,2.2036668718317007,0
-0.10982350733718589,0.008192168955558287,-0.7700231321842455,-1.0014478592424594,-1.6718519811802897,-0.5848960393056271,-1.2652233259715047,0.25382163409471814,1.783354976089374,2.3861144244576167,-0.27931117839004194,0.009063122417187087,1.3369635209562563,-0.5949057135506131,-0.6248470335613264,0.9660577813965561,-0.23960366605106376,-0.22621344027340065,-0.15110124659640695,0
-0.03908414938756453,-1.6375560587235474,0.5224921033072328,-1.0014478592424594,-1.48792852213252,1.6931800631505638,1.6463584419026775,-0.9736732214790763,-0.4681549765757011,-0.19476512068637647,-0.11387377335734566,-0.9979504794924884,-0.02155516312068755,-0.5949057135506131,-0.6248470335613264,-0.9347682620633678,-0.18892318436156239,-1.0779406359800388,-0.2917685000444415,0
-0.13991532243925558,0.1910530831421256,-1.631699955845231,1.0123222176577205,-0.6104603529254523,-0.015377013691579365,1.1421103449601422,0.1912730707241008,1.302478014700869,-0.06216152682460186,0.11304316534362384,1.0160767243268625,-0.02155516312068755,1.680938638211487,1.600391689947671,1.1206554963487767,-0.670383889321397,-0.7827801629316035,0.36154752774431936,0
-0.12693099339403932,0.1910530831421256,1.6713945348552135,0.005437179207630557,1.6617607140605355,0.5541420119224684,-0.35689401809543625,1.6284875248449513,-1.356586229051429,-0.7403085799906125,-0.42718323793545704,3.030103928146213,0.43128439823829373,-0.5949057135506131,-0.6248470335613264,-1.0082708726579817,0.7240268877819106,-1.2460714445620746,-0.9041759869037037,0
-0.1348440712308921,0.008192168955558287,-0.05195911246675751,0.005437179207630557,0.2861665099324248,1.123661037536516,0.5946662932633079,-1.9986053680181695,-1.053383072287486,-0.8671336757478478,0.19822978966296595,-0.9979504794924884,-0.9272342858386502,-0.5949057135506131,-0.6248470335613264,-0.145294479833007,-0.7090406542045166,0.67037633522223,-0.44894674659266376,0
-0.13326427772058055,-1.2718342303504129,-0.05195911246675751,0.5088796984326754,-1.2446131127672415,-0.5848960393056271,-0.9175804419261074,-0.6629638849211503,-1.1368604811714136,-0.6254175509722781,1.716688900398044,-0.9979504794924884,0.8841239595972751,-0.5949057135506131,-0.6248470335613264,0.6890696863950873,0.9453585818022417,-0.42492020261556995,-0.10992015304174553,0
-0.07913932331355657,-0.9061124019772783,0.6661049072507305,1.5157647368827654,1.5659672458064886,-1.1544150649196747,-0.39818650882749745,0.40093031970032,-0.046688388611533446,-0.9129059110829376,-0.7234523196622944,1.0160767243268625,1.3369635209562563,-0.5949057135506131,1.600391689947671,1.1715347247528531,0.5080516458913826,-0.2796593844552133,-0.5022973634164422,0
-0.08460434302135404,1.4710794824480968,0.23526649542023767,-1.0014478592424594,0.39345519437695714,-0.015377013691579365,2.1201923078401066,1.8931471212950866,0.10479089387809956,-0.34119810302131925,-0.7486532290550071,0.009063122417187087,-0.02155516312068755,-0.5949057135506131,-0.6248470335613264,-0.27483490849213865,-0.8692275455517499,-0.27443990428912635,-1.2744541119025472,0
-0.13923220589313753,-1.6375560587235474,1.6713945348552135,0.005437179207630557,1.5257339891397892,0.5541420119224684,-0.8721444309428912,1.254104241013044,0.09275006044837972,-0.8411558161913554,0.631186810667499,0.009063122417187087,-0.02155516312068755,-0.5949057135506131,-0.6248470335613264,1.913623721981419,-0.1365252002258417,0.5499702230466345,-1.1394147146182048,0
-0.11405382636505557,0.008192168955558287,0.809717711194228,-0.49800534001741437,1.1435180508061429,0.5541420119224684,-0.16202474901722042,-0.461526990600063,0.2510142681964886,-0.9259568367543322,-0.36110588727827675,-0.9979504794924884,-0.9272342858386502,-0.5949057135506131,-0.6248470335613264,-1.012436226107127,2.8524988230463992,1.3072337214846599,-0.17446503333385321,0
-0.14133269785009736,-0.5403905736041437,-0.48279752429725026,1.5157647368827654,-1.0233302011003935,1.6931800631505638,0.6344234102380129,-0.5590164134390917,1.7354633673073712,1.0999345321225968,0.30665071376847247,0.009063122417187087,1.3369635209562563,-0.5949057135506131,1.600391689947671,0.6365795842824568,0.2787804109056713,-0.7393327311093488,0.7628167189314623,0
-0.13608793486294632,0.9224967398883949,-1.631699955845231,-1.0014478592424594,0.059135990170334135,-0.5848960393056271,-1.2146854285275455,-0.4527769487999503,0.008928449902240867,-0.3669171120064494,0.21770697073789635,-0.9979504794924884,-1.3800738471976315,1.680938638211487,-0.6248470335613264,0.9042873987325167,0.8206669491845685,-0.05832131477012372,0.40482666082650276,0
-0.1242673632072317,1.2882185682615295,1.5277817309117159,-1.5048903784675043,1.633980608266862,-0.5848960393056271,-2.616111968317114,-2.02752067258637,-0.24041278568379795,0.32330170309855016,0.6845591961192333,0.009063122417187087,0.8841239595972751,-0.5949057135506131,-0.6248470335613264,2.230517602806311,1.8536159371176084,1.4475709699594148,-0.48453856505034393,0
-0.13002718997759405,1.4710794824480968,0.37887929936373527,0.5088796984326754,-0.6449460014969091,1.123661037536516,-1.3212185230034141,-1.2729377762539758,-1.324605909867852,0.1627578889982185,-0.797052029179938,0.009063122417187087,-0.47439472447966885,-0.5949057135506131,-0.6248470335613264,0.10616507015393427,1.2444343840434786,0.7494393065650881,0.43959135579757486,0
-0.13851905356921687,1.1053576540749621,-0.05195911246675751,1.5157647368827654,-0.12287159951235459,-0.5848960393056271,0.22885820543646224,0.23981070643906832,0.16248197124303884,-0.3471234983707472,1.2763709129009648,0.009063122417187087,0.8841239595972751,-0.5949057135506131,1.600391689947671,-1.811089206722824,1.9856082364660645,-0.10382231896347921,-1.2572502518003381,0
-0.13709139339234164,-0.3575296594175763,1.5277817309117159,-1.0014478592424594,-1.6823892626882349,-0.5848960393056271,1.133578425975204,-0.7011844818923291,-0.5753462382401696,-0.6127327427743956,-0.4916166537439832,0.009063122417187087,-0.47439472447966885,-0.5949057135506131,-0.6248470335613264,-0.6083647778706854,1.2859269204054717,3.215272537008612,-0.9720981896379567,0
-0.14151429616688488,1.653940396634664,-0.3391847203537527,1.5157647368827654,1.443351606441309,-0.5848960393056271,0.5497754204248894,-1.9805911081311265,2.2572658915061923,-0.7522640765191114,-0.19521831814152843,0.009063122417187087,-0.47439472447966885,-0.5949057135506131,1.600391689947671,0.06163681511464983,-0.6871280106025176,0.8889178686240603,0.5845020275981075,0
0.026806067776386444,-1.6375560587235474,0.37887929936373527,1.0123222176577205,-0.44856939157611336,0.5541420119224684,-0.32037570874333166,-0.8407309603725994,-1.1309497313236407,-0.9377831048923523,-0.8762112498672808,1.0160767243268625,-0.9272342858386502,-0.5949057135506131,1.600391689947671,-0.7875579482765344,1.242726306371961,0.936554838015689,-1.2321868502244502,0
-0.0802741153738755,0.9224967398883949,-0.7700231321842455,1.0123222176577205,1.207699674536354,-1.1544150649196747,0.533279364243871,-2.9426431598349945,0.3709175784546342,0.4451210309867841,-0.8852421441145384,-0.9979504794924884,1.7898030823152375,-0.5949057135506131,1.600391689947671,-0.6370904944773816,-0.83219864043472,-0.9430446742300777,-1.8173259604164165,0
-0.07583924299381228,-1.2718342303504129,0.809717711194228,0.005437179207630557,1.0716729496156077,-1.1544150649196747,-0.6056901130037561,-1.6771366021495109,-1.012970124394735,0.17234291697201656,-0.9572949207233437,-0.9979504794924884,-0.02155516312068755,-0.5949057135506131,-0.6248470335613264,0.21387762924541906,0.01811273325090673,-0.8760670671765883,-1.0075909244641215,0
-0.14154259255757656,0.008192168955558287,-1.3444743479582357,-1.5048903784675043,-0.3757663557030379,-1.7239340905337224,0.05046685444299312,0.3484902895634954,1.1205563597971915,-0.0016374445344743934,0.6888122311883724,0.009063122417187087,0.43128439823829373,1.680938638211487,-0.6248470335613264,-0.27144627256395454,-1.4328773922784652,0.7735277805855818,-0.11710556887519391,0
-0.12192558703677348,0.008192168955558287,-0.7700231321842455,0.005437179207630557,0.3350211787419886,-0.015377013691579365,-1.8378949086229457,0.5375326263707727,1.2647635782611268,-0.4448589776921423,-0.06099506049502312,1.0160767243268625,-0.47439472447966885,-0.5949057135506131,-0.6248470335613264,-1.5059029953857224,2.131948915154898,0.33789108600615897,-0.061078857041670306,0
-0.13748719402175524,0.1910530831421256,-0.05195911246675751,0.5088796984326754,0.9222351391392949,-1.1544150649196747,-1.5178858747290063,0.9609280928169406,-1.0147787928035692,-0.9213253397041031,2.988268316127603,0.009063122417187087,0.8841239595972751,-0.5949057135506131,-0.6248470335613264,0.10818325589893805,-0.7889896163846566,-0.08113136214791383,-0.7644696978747176,0
-0.13581243049540512,0.5567749115152602,-1.2008615440147383,-0.49800534001741437,1.5602196377112458,-1.1544150649196747,0.7713409024899569,1.295068526486336,-0.08093556863386969,-0.8553302832443208,-0.8209599687230761,0.009063122417187087,-0.02155516312068755,1.680938638211487,-0.6248470335613264,2.3848228711605994,3.7798091908760285,-0.7027415865708058,1.3325823758948554,0
-0.12208075137864109,-0.7232514877907109,-1.2008615440147383,-1.5048903784675043,0.1415183728688143,0.5541420119224684,0.2535526239516762,2.7761028724238455,-0.012166145794649875,7.874065880995927,2.260283601899828,-0.9979504794924884,0.8841239595972751,1.680938638211487,-0.6248470335613264,2.41613368508038,0.32912861469130134,-0.9725544919834503,0.9101875400882026,0
-0.14147471437785566,0.5567749115152602,0.6661049072507305,-0.49800534001741437,-1.3844715764181497,-0.5848960393056271,0.8943184750902058,-0.010644290240674665,1.971034994874463,-0.5634894554883723,-0.5830039094480284,-0.9979504794924884,-0.47439472447966885,-0.5949057135506131,-0.6248470335613264,0.03482084144117608,-0.9032504452548491,-0.5589538915929539,-0.36043684268540666,0
-0.14074862993933965,-0.9061124019772783,1.0969433190812232,-1.0014478592424594,0.06488359826557694,-1.1544150649196747,0.03555323501590651,-0.07287125329947326,0.3128250792814951,2.7517877025387394,1.3018067873377765,-0.9979504794924884,-0.02155516312068755,-0.5949057135506131,-0.6248470335613264,-1.1540987639953286,0.4079056380357879,0.05650852665829634,0.920893074439074,0
0.03245601857116462,0.9224967398883949,-0.3391847203537527,-1.5048903784675043,0.21815314747205167,-1.1544150649196747,2.3403225551651996,0.12123845852967748,0.14028341134017336,-0.0873671463295826,-0.764120152618298,-0.9979504794924884,-0.02155516312068755,-0.5949057135506131,-0.6248470335613264,0.7463231357469332,-1.3648023032155026,-0.91269105450693,-0.8286522919546387,0
-0.13830553553910016,-1.2718342303504129,1.2405561230247208,1.5157647368827654,-1.4582325469737656,1.123661037536516,0.25650802245835147,-0.27593427869002646,-0.8672457144757701,2.086419282978221,-0.3613226778565881,0.009063122417187087,-0.02155516312068755,-0.5949057135506131,1.600391689947671,-0.5506769092978656,0.541417496414351,0.3471416148321203,0.7947545407463042,0
-0.10984274269479925,-1.4546951445369802,0.809717711194228,-1.0014478592424594,-1.2331178965767557,-1.1544150649196747,-0.03551213372948188,1.0874192949250243,0.03225920050922413,-0.8763987921388975,2.013433603609619,0.009063122417187087,0.8841239595972751,-0.5949057135506131,-0.6248470335613264,-0.4522552715882157,-1.2884694516460966,0.5218447784853975,-0.4401407431607421,0
-0.08261365598836955,-0.5403905736041437,-0.3391847203537527,0.005437179207630557,-0.41408374300465656,1.123661037536516,1.8092892955359998,-0.4863830968086338,0.7005784508521066,-0.6839340906190808,3.732553381814509,-0.9979504794924884,0.8841239595972751,-0.5949057135506131,-0.6248470335613264,-1.5735127398469537,1.3510686388237978,0.7121732343286997,-0.3236801901541967,0
-0.10959601988541585,-1.6375560587235474,-0.05195911246675751,-0.49800534001741437,0.934688290012321,-0.5848960393056271,0.6694155773527759,0.8833016040276445,-0.8383511344156518,-0.7977290127197777,0.6326918037369372,1.0160767243268625,-0.47439472447966885,-0.5949057135506131,-0.6248470335613264,-0.16207155651830352,0.5843202299584066,-0.3132950215686766,0.20483099438305472,0
1.5957234024032023,0.008192168955558287,-0.6264103282407478,0.5088796984326754,-0.7742671836398721,-1.1544150649196747,0.8730721417371823,-0.6180792316061458,-0.6410799605843911,-0.21200908192470957,0.503838286408556,0.009063122417187087,1.7898030823152375,-0.5949057135506131,-0.6248470335613264,-0.11073494714958992,-0.11667888755604168,-1.271460668184032,0.5923230660149996,0
-0.13648861988798114,-1.4546951445369802,-0.7700231321842455,1.0123222176577205,1.1712981565998164,1.6931800631505638,0.4600428004646679,0.4506483529471204,-0.19563143007288555,-0.10344017022797669,2.1395293143412277,0.009063122417187087,1.3369635209562563,-0.5949057135506131,1.600391689947671,2.036171589417815,0.33485562094824084,0.9913306619288352,-0.3814986942038673,0
-0.09507847804590655,-1.2718342303504129,-1.2008615440147383,-0.49800534001741437,1.0707150149330673,1.6931800631505638,1.8617634846600124,-0.07186339027292178,-1.4599518857944416,-0.8870653940114755,-0.9719276491985033,-0.9979504794924884,-0.47439472447966885,1.680938638211487,-0.6248470335613264,1.3244953386797502,1.527975780479209,-1.3324747605106637,0.4459556987493255,0
-0.13604803248158034,-0.7232514877907109,1.5277817309117159,-1.0014478592424594,0.6176119100914264,1.123661037536516,0.8732472092762091,0.3393228671197424,-0.9332866447291066,-0.577367500294192,1.7673166204574857,-0.9979504794924884,-0.02155516312068755,-0.5949057135506131,-0.6248470335613264,-0.13706910313637016,-0.005793829270856879,0.4997739261374589,-0.16762739129103335,0
-0.13975662752636112,1.653940396634664,0.5224921033072328,1.5157647368827654,-0.8432384807827857,1.123661037536516,0.9796032993509338,-1.394539161358866,-0.9916913573486408,-0.7953259985010473,-0.8449453583904247,-0.9979504794924884,2.242642643674219,-0.5949057135506131,1.600391689947671,-0.5433798537579281,0.3398139321475259,-1.1885932929892893,-0.39890582003033764,0
0.6782666384833629,-1.6375560587235474,-0.3391847203537527,0.005437179207630557,0.48829072794846334,-0.015377013691579365,0.6492170765387208,-0.7939375946561351,1.8771521097205055,-0.12006505090822048,-0.8165212137480434,2.023090326236538,-0.47439472447966885,-0.5949057135506131,-0.6248470335613264,-1.3487718676760596,3.577058279353641,-1.2852684333092144,1.0390574396486372,0
-0.13416480087114174,-0.17466874523100903,-0.9136359361277431,0.5088796984326754,0.6377285384247762,-1.1544150649196747,-1.9619056684822735,-0.7481175945808943,1.4682225312322315,-0.779673422242756,-0.5463035771212117,1.0160767243268625,-1.3800738471976315,1.680938638211487,-0.6248470335613264,0.6240489523851582,0.22936820421308446,0.11971585329853493,0.6162361253836722,0
-0.04328167296374693,0.1910530831421256,-1.4880871519017334,0.5088796984326754,0.20186825786886373,-1.1544150649196747,-0.3916961602901439,0.8934195957520773,-1.15106740396855,-0.33022968755677856,-0.6360986967963669,3.030103928146213,-0.47439472447966885,1.680938638211487,-0.6248470335613264,-0.299569585224176,-0.9624856767874004,-1.1020895363264553,0.7843133516303366,0
-0.13204019257189292,-0.9061124019772783,-0.48279752429725026,-1.0014478592424594,1.6387702816795642,-0.015377013691579365,0.4031733006039101,0.6280506669660831,0.10857280439057398,-0.5998273381376947,-0.6977323605507736,1.0160767243268625,-0.47439472447966885,-0.5949057135506131,-0.6248470335613264,-0.759933226525922,1.796673804884398,-0.8093334292560366,0.35644056264664137,0
-0.13803416111281472,-1.4546951445369802,-1.2008615440147383,0.5088796984326754,-1.1133760612591974,-1.7239340905337224,-1.7695021660117567,0.7764116793295279,0.3420674129132433,-0.858263990900499,-0.3597172793699053,-0.9979504794924884,-1.8329134085566128,1.680938638211487,-0.6248470335613264,-0.04292718267516778,-0.7902493116701131,0.4354636979233984,1.196410996431481,0
-0.04938502747099423,0.7396358257018275,-0.9136359361277431,-1.5048903784675043,-1.2608980023704295,1.123661037536516,0.26543976957976095,-0.43515217053015054,1.441131145407407,0.09846834471075104,-0.8816145346087566,0.009063122417187087,-0.9272342858386502,1.680938638211487,-0.6248470335613264,1.3314839411753518,0.5084774508418353,1.103519431530436,-0.18642046163700124,0
-0.10049776314272224,-0.7232514877907109,1.2405561230247208,-0.49800534001741437,-0.25985625911564136,0.5541420119224684,1.660543295265853,1.2615979428763355,-1.1352494588037465,1.2504956050973546,-0.6604612430130249,2.023090326236538,-0.47439472447966885,-0.5949057135506131,-0.6248470335613264,0.6491276691804048,-0.49034575996138136,-0.6559633576976613,0.5610336719612201,0
-0.10179729138119722,0.1910530831421256,-1.3444743479582357,0.005437179207630557,1.4117397619174736,-0.5848960393056271,0.0117462288866325,0.48802453645763855,-0.20925665854608713,0.09210698880169586,-0.8215642185901544,-0.9979504794924884,-0.47439472447966885,1.680938638211487,-0.6248470335613264,0.7702199619782106,0.6374484609806028,-0.4642061795820124,0.6079840964076594,0
-0.1346170700528738,-0.9061124019772783,0.9533305151377256,0.5088796984326754,-0.19088496197272775,0.5541420119224684,-1.4314316259343298,0.5115131684798977,-0.2352348192008501,-0.6525211548744771,-0.15830980079785745,-0.9979504794924884,0.43128439823829373,-0.5949057135506131,-0.6248470335613264,-1.0217046383698414,-0.7135450650363173,-0.08649648946662726,-0.7836770973425891,0
-0.062487209609958135,1.1053576540749621,1.0969433190812232,-1.5048903784675043,-0.08359627752819544,-1.1544150649196747,-0.34964014165529517,-0.3772591843700182,-0.019483206703963415,-0.7222150121821362,-0.7442489128329564,0.009063122417187087,-0.02155516312068755,-0.5949057135506131,-0.6248470335613264,-1.1247255845703883,0.05688108136445873,0.528488618164683,-0.6484688057523658,0
3.817022653451375,-1.0889733161638455,-1.4880871519017334,-0.49800534001741437,1.0582618640600412,0.5541420119224684,0.7736215812239199,1.2192800723820332,-0.7487018456996153,0.9828722678717946,-0.7525800747471894,1.0160767243268625,0.8841239595972751,1.680938638211487,-0.6248470335613264,-0.2615830052766534,0.647627611286358,1.6963388827589472,1.7232639311632962,0
-0.14116806421451406,-1.4546951445369802,0.5224921033072328,-1.0014478592424594,-1.186179097132273,-0.015377013691579365,-1.6105428311927,-0.07482006383570931,-0.05194405463797983,-0.06029472312402764,-0.4528318748440586,-0.9979504794924884,-1.3800738471976315,-0.5949057135506131,-0.6248470335613264,-0.48849224311855116,1.9543899222753027,0.3988572926480535,-0.8609779711393709,0
-0.09000952473825896,0.3739139973286929,1.3841689269682185,0.5088796984326754,-1.1708521422116254,0.5541420119224684,0.008946898568539675,-0.5963023957500494,-1.5414271949061369,-0.18563229000016784,0.07318240409546434,-0.9979504794924884,-0.02155516312068755,-0.5949057135506131,-0.6248470335613264,-0.05989089630226297,0.3360887492467836,-0.7840653288065706,-0.974334559196397,0
-0.14168183999001824,1.4710794824480968,-0.9136359361277431,-1.5048903784675043,1.1780036993775995,-1.1544150649196747,-0.4383258913007431,-0.270562958770021,1.219794461510317,-0.09555344112641537,0.07736044660366692,2.023090326236538,-0.9272342858386502,1.680938638211487,-0.6248470335613264,0.15049790318522535,-0.6078551329121351,0.38389465988738647,0.08692461299408095,0
-0.1396741819396743,0.3739139973286929,-0.6264103282407478,-1.5048903784675043,1.0937054473140384,0.5541420119224684,-1.422348014497602,-1.9821972552498113,0.9678630930133904,0.09500196871895715,1.7433182179543745,-0.9979504794924884,0.8841239595972751,-0.5949057135506131,-0.6248470335613264,-1.510767121753319,-0.3115448559289047,0.041416008803467845,-0.6847920074839622,0
-0.12892715995373635,0.9224967398883949,0.6661049072507305,-1.0014478592424594,-0.663146760465178,-0.015377013691579365,-0.4848094834867954,1.769120341885919,1.577080417915252,-0.23997074927662845,-0.09572392494734769,0.009063122417187087,-0.47439472447966885,-0.5949057135506131,-0.6248470335613264,-1.4869092193250213,-0.75904167501975,0.25330595006153267,-0.27154612085236446,0
-0.12422456651880451,0.5567749115152602,0.6661049072507305,-1.5048903784675043,-1.0616475884020122,-0.5848960393056271,1.2372791298404895,-1.4764473602462027,0.7156401830120799,-0.8265489835287357,-0.1026862439190994,1.0160767243268625,-0.9272342858386502,-0.5949057135506131,-0.6248470335613264,0.12292956151745336,1.188196205878035,1.438048543953671,-1.3327490107650564,0
-0.11694849816458083,-0.5403905736041437,-0.1955719164102551,1.0123222176577205,1.5966211556477836,0.5541420119224684,-1.0520739311408294,-0.699172726271791,0.26655711724166864,0.2530713796593699,0.5455715845610482,1.0160767243268625,-1.3800738471976315,-0.5949057135506131,1.600391689947671,0.8951085217812106,0.2503628120375877,1.3681911847119448,-2.1198898342677275,0
-0.12630871636772265,-1.4546951445369802,0.09165369147674007,1.5157647368827654,-0.5108351459412437,-0.5848960393056271,1.3001495819710513,-0.9032143971861137,-1.0441184385652507,-0.13889203282995818,-0.7276161160702629,1.0160767243268625,-0.02155516312068755,-0.5949057135506131,1.600391689947671,0.40475319491522194,-0.8717522578551201,-0.6574355253641984,-0.3208855495975409,0
-0.11341758045315745,0.1910530831421256,0.09165369147674007,-1.5048903784675043,0.4413519285039805,-1.1544150649196747,1.3684199141936797,-1.1855397299668313,-0.9935551397516672,0.3552873414775787,0.028561439017931244,0.009063122417187087,-0.47439472447966885,-0.5949057135506131,-0.6248470335613264,-0.4629095588956125,-0.9692225625111807,-1.4230210948069901,-0.04739669467359548,0
-0.13557705825024285,-0.3575296594175763,0.37887929936373527,-0.49800534001741437,-1.0194984623702317,0.5541420119224684,0.06479776995973567,0.03534255090243767,0.17242595819577317,-0.8715169827869259,0.0892650183690023,0.009063122417187087,-0.9272342858386502,-0.5949057135506131,-0.6248470335613264,0.13993433913177636,-0.9891247339745411,-1.1670876509947057,-2.45236099622523,0
-0.11704715428812415,1.2882185682615295,0.37887929936373527,0.005437179207630557,0.7134053783454731,2.2626990887646112,-0.8669410079548334,-1.6353480338707835,1.0111204827820341,0.5277247743837423,-0.9494619644631302,1.0160767243268625,-0.47439472447966885,-0.5949057135506131,-0.6248470335613264,-1.1855932439507972,0.4291067670925056,0.3779234475265496,-0.6520363343192134,0
-0.11235263322638225,-0.9061124019772783,-0.9136359361277431,0.005437179207630557,-0.835575003322462,-0.5848960393056271,-0.3604130378174163,-0.5205161823737443,0.8249844263321479,-0.40224091659657474,-0.7132900978934442,1.0160767243268625,-1.3800738471976315,1.680938638211487,-0.6248470335613264,1.4152484111557033,-0.980340622307971,0.7729436681113315,0.6861395106414346,0
-0.13950849463544177,0.3739139973286929,-1.2008615440147383,-1.5048903784675043,-1.346154189116531,-1.1544150649196747,0.014566300075430826,0.02833932966042348,0.2256757777863237,-0.02682333011155975,-0.6329814096266686,1.0160767243268625,0.43128439823829373,1.680938638211487,-0.6248470335613264,1.0149158741788886,-1.3175063835335936,1.8892874149218877,1.2813970848320364,0
-0.14091729785780557,0.3739139973286929,-1.3444743479582357,-1.5048903784675043,0.8896653599329191,1.123661037536516,-0.9129940740522697,0.3657071721539807,-1.361560671954265,1.084057122321132,0.8975682481904094,-0.9979504794924884,1.3369635209562563,1.680938638211487,-0.6248470335613264,-0.751450362843085,0.23589470707469196,-0.05672109783917745,0.9974793157498202,0
-0.0802124436859715,1.1053576540749621,1.2405561230247208,1.0123222176577205,-1.0300357438781769,0.5541420119224684,0.07715086251890027,-0.3056681480580299,0.3842011460922623,1.3189478911541006,0.9400813944025898,0.009063122417187087,0.43128439823829373,-0.5949057135506131,1.600391689947671,1.513184242849393,-1.4115896084356616,1.7501238790494082,0.8383378206265081,0
-0.13141986545932477,1.653940396634664,0.37887929936373527,0.5088796984326754,0.3647171539007431,1.6931800631505638,0.7826675888690009,1.8214073652920098,2.7025870026700014,1.9928604669298142,-0.9364438983107101,-0.9979504794924884,-0.02155516312068755,-0.5949057135506131,-0.6248470335613264,0.11209649219797202,0.42473956690402725,-0.7248467370253324,3.431557994792719,1
-0.1405462181939191,-0.7232514877907109,0.23526649542023767,0.5088796984326754,1.0256920848536653,1.6931800631505638,-0.483031233920083,1.150001601495287,0.6320951978757932,0.08020663094166847,1.4963490217534818,0.009063122417187087,1.3369635209562563,-0.5949057135506131,-0.6248470335613264,1.1266564628221563,0.15330713360861234,-1.4757684433454854,0.41731669712512764,0
-0.13033412973368405,-0.5403905736041437,-1.3444743479582357,0.005437179207630557,0.21336347405934933,0.5541420119224684,-2.887225951975462,0.6514920639875676,-1.2773044151435036,-0.836699734989393,0.11985743400558709,0.009063122417187087,-1.3800738471976315,1.680938638211487,-0.6248470335613264,-0.6352187796460608,-0.4774416985801275,-1.0316453334621913,0.8857968995438217,0
-0.09534126827166693,0.008192168955558287,0.809717711194228,1.5157647368827654,1.0343134969965295,0.5541420119224684,0.35797219386196744,0.67187656271639,1.0236667228001448,-0.7193546094461166,0.5754588320340693,0.009063122417187087,-1.8329134085566128,-0.5949057135506131,1.600391689947671,-1.3792483358678254,0.39427283568185895,-1.3763449421553164,-0.9549676552465375,0
-0.13715469620219686,-0.17466874523100903,1.2405561230247208,1.5157647368827654,-0.4591066730840585,0.5541420119224684,-1.486381044619732,0.9982310291475186,0.8540663358583742,-0.7928695967303885,-0.8168717853754605,1.0160767243268625,-0.9272342858386502,-0.5949057135506131,1.600391689947671,-0.5205174834412228,-0.9248223203084472,0.5634832232647705,-1.096812256604701,0
-0.12826229467315464,-1.4546951445369802,0.37887929936373527,-0.49800534001741437,-0.9179573860209422,-1.1544150649196747,0.263121933945196,-2.423475686805803,1.106710423907823,0.42585765712909535,-0.07170560026254842,-0.9979504794924884,-0.02155516312068755,-0.5949057135506131,-0.6248470335613264,-0.17389734448320587,1.5476232553241684,-0.8444691998150596,-1.2963416711624645,0
-0.014025954315703632,0.3739139973286929,1.5277817309117159,0.5088796984326754,0.8264416708852482,1.123661037536516,-0.42047273002491137,0.3390754296685333,1.32521937711019,-0.7242626452492082,-0.9728118859193412,1.0160767243268625,1.3369635209562563,-0.5949057135506131,-0.6248470335613264,-0.38922040132188906,0.08174209013352086,-0.48829554910432743,-0.2995686706701239,0
-0.07747835079521397,0.9224967398883949,0.6661049072507305,0.005437179207630557,-0.04623682490911723,-0.015377013691579365,-0.6935865365063317,1.5880904395435855,-1.0226809775818593,1.80752540957177,-0.011856524819829498,-0.9979504794924884,-1.8329134085566128,-0.5949057135506131,-0.6248470335613264,0.16113621004768686,0.3908589012660828,-0.7642517275246145,1.0161308957157618,0
-0.08704433640569935,-0.9061124019772783,-1.0572487400712407,-1.5048903784675043,-0.2474031082426153,0.5541420119224684,-3.183384630175525,0.48285255054653353,0.7061363888886553,0.938624151956071,-0.3815316122532978,0.009063122417187087,1.7898030823152375,1.680938638211487,-0.6248470335613264,-1.0828850572667068,2.3377525217729516,-1.172991117525501,0.5857127706028914,0
-0.12979967562432876,0.008192168955558287,0.9533305151377256,1.0123222176577205,-1.067395196497255,-0.015377013691579365,1.343925871386695,-0.26397101626258296,1.0750729002058448,0.572993372300272,-0.5982308577763737,0.009063122417187087,-0.47439472447966885,-0.5949057135506131,1.600391689947671,-0.11825170774822656,-0.040979592012123464,0.09186355179968597,-0.6931000523572334,0
-0.14065024140671192,-0.17466874523100903,-1.0572487400712407,0.5088796984326754,-1.7168749112596917,-0.015377013691579365,0.019410212038337187,0.45762899132115603,-0.7645247199091955,-0.7942610634481557,-0.1367437366995024,2.023090326236538,0.43128439823829373,1.680938638211487,-0.6248470335613264,0.8073478055343468,0.9302938931169557,-0.4254740134104566,-0.3857379186370757,0
-0.0823983604710625,1.2882185682615295,-0.05195911246675751,-0.49800534001741437,0.339810852154691,-0.015377013691579365,0.43717064818752105,0.9649766702385792,-0.8312509011098881,0.1013589210739421,0.48335894496271953,3.030103928146213,1.3369635209562563,-0.5949057135506131,-0.6248470335613264,1.382447356241696,-0.9470061668481902,-0.9253274462230496,-0.7293093430479489,0
-0.13523569278160108,-0.5403905736041437,0.23526649542023767,-1.5048903784675043,-0.3738504863379569,-1.7239340905337224,0.06197472595100311,0.8134887712356307,2.123047906400606,0.5356926809971219,-0.6240322115188132,0.009063122417187087,-0.02155516312068755,-0.5949057135506131,-0.6248470335613264,-0.7976472100437929,2.9239047343643945,0.0007010703864586827,-0.3816008910420469,0
-0.13025777310394535,-0.17466874523100903,0.09165369147674007,-0.49800534001741437,-1.2158750722910274,-1.1544150649196747,1.175956397840664,0.677683528803904,-0.8682334863823951,-0.8987160910467946,1.0381642105154698,-0.9979504794924884,0.43128439823829373,-0.5949057135506131,-0.6248470335613264,1.2734300642044931,-1.3646560338763212,1.9233181752377417,-0.051507499430925675,0
-0.13396998636305582,0.9224967398883949,-1.3444743479582357,1.5157647368827654,-0.9160415166558613,-0.5848960393056271,-1.2764385484142398,0.9788562526769846,-0.9945355625015546,-0.7015802351708196,-0.7939832585608274,0.009063122417187087,-0.02155516312068755,1.680938638211487,1.600391689947671,0.031188102524353806,0.06466323773082377,-0.9452275358481796,0.5684820235697494,0
-0.1394982398118011,-1.4546951445369802,1.5277817309117159,1.5157647368827654,-0.26273006316326275,-1.1544150649196747,-0.05238128774240137,0.46435581871302484,-1.32654106674896,0.05572023827270156,-0.021651192718321367,0.009063122417187087,0.8841239595972751,-0.5949057135506131,1.600391689947671,-0.2361946380909668,1.6319984865678623,-0.5204296773738517,-0.3077903769506799,0
-0.13694474015267163,-1.2718342303504129,0.09165369147674007,1.5157647368827654,0.674130056361314,-0.5848960393056271,-0.1489114575744183,-0.9359448890026778,-1.5621949193861402,-0.6084081519284348,-0.9301770257482144,-0.9979504794924884,1.3369635209562563,-0.5949057135506131,1.600391689947671,-0.1958333614667929,0.057058687877667914,1.7859421845531627,-1.0942161846717597,0
-0.04411959197343304,1.4710794824480968,-0.05195911246675751,-1.5048903784675043,0.7900401529487104,1.123661037536516,-0.11122750402271768,1.0700581715560995,0.07319786215042967,-0.7124243195306725,-0.4980340978423829,0.009063122417187087,-0.02155516312068755,-0.5949057135506131,-0.6248470335613264,-1.0456389568595053,-0.6793135806564369,0.06148497516581729,-1.4575170726281466,0
-0.13162185633152074,-0.9061124019772783,-0.1955719164102551,-1.0014478592424594,0.8925391639805405,-0.5848960393056271,-0.08815828177263386,0.514959681426503,-0.2536805048982174,1.3268334631453,-0.9657096528626375,0.009063122417187087,-0.9272342858386502,-0.5949057135506131,-0.6248470335613264,0.57298733493568,-0.22350922501814388,-0.7658758680095987,-0.15982805453928242,0
-0.12401780919681164,-0.5403905736041437,-1.0572487400712407,1.5157647368827654,-0.6439880668143686,-1.1544150649196747,-0.42701149662860766,0.700678200273315,0.9471320110259179,-0.6217414116727201,-0.2297393724137772,0.009063122417187087,0.43128439823829373,1.680938638211487,1.600391689947671,0.5361528025954697,0.208652885719795,0.08117214039141209,0.4615332775663843,0
-0.14179132110280718,-1.6375560587235474,0.5224921033072328,1.5157647368827654,1.658886910012914,1.123661037536516,0.9639141256550918,-1.2102689570242813,-1.0681757642495164,0.17090365686382378,2.1126026472517303,0.009063122417187087,0.8841239595972751,-0.5949057135506131,1.600391689947671,0.8015683236656418,-0.7695089501219009,-0.2785172377302515,-0.9880701701616343,0
-0.13971761323547013,-0.5403905736041437,0.5224921033072328,-0.49800534001741437,0.39345519437695714,0.5541420119224684,1.463946510557462,-0.46634963316024863,0.4483686647470051,-0.7726165706838871,-0.9404802768263475,2.023090326236538,-0.47439472447966885,-0.5949057135506131,-0.6248470335613264,-0.8365128600668799,-0.45098630989642285,-0.7925690319223274,-0.8193542159539476,0
0.11845707554450251,1.4710794824480968,-0.3391847203537527,-1.0014478592424594,-1.0290778091956363,1.123661037536516,-0.940166877853468,-0.9560798166160291,-0.8331543401723819,-0.5978144637163941,-0.3239323787352806,0.009063122417187087,-0.02155516312068755,-0.5949057135506131,-0.6248470335613264,0.4748857339763123,-1.2736173805363749,-1.0213620238223984,-0.3975136923454937,0
0.27144702095840895,-1.0889733161638455,-1.0572487400712407,1.0123222176577205,-1.3681866868149617,-0.5848960393056271,0.9196714252166682,-0.05815928378052653,-1.0732367106818947,-0.5428419902367382,-0.7486399101831772,-0.9979504794924884,-0.02155516312068755,1.680938638211487,1.600391689947671,0.20605262427169202,-1.3283622363841052,-0.5266013659307931,0.45311106611546814,0
-0.04481205425297403,1.2882185682615295,-1.2008615440147383,-1.5048903784675043,1.2124893479490564,0.5541420119224684,0.26156090389182607,0.6875888938717433,-0.04885705992881839,0.09551822722782677,-0.3756357468382386,0.009063122417187087,-0.02155516312068755,1.680938638211487,-0.6248470335613264,3.1734548430948157,0.530956519611347,-0.8619793441527825,0.19285437438630762,0
-0.14098407945084865,0.9224967398883949,-0.7700231321842455,1.0123222176577205,-0.4342003713380064,0.5541420119224684,0.16746165946491307,-0.020263272595265114,-0.18908227044609618,-0.7611766633184864,0.2298956636959417,1.0160767243268625,-0.9272342858386502,-0.5949057135506131,1.600391689947671,-0.8743086777570775,-0.6252627855071061,0.3745482995519091,-0.6986121101864713,0
-0.10254625992939556,-0.7232514877907109,-1.0572487400712407,-1.5048903784675043,0.7555545043772537,-0.5848960393056271,0.8973175540033368,2.0295858035967744,-0.9152583593740327,0.03293092186935775,-0.8784138340877341,1.0160767243268625,-0.9272342858386502,1.680938638211487,-0.6248470335613264,0.3466253813233117,1.047626086646165,1.3419706531624258,0.7610947379319701,0
-0.11767881135460376,-0.5403905736041437,0.37887929936373527,-1.5048903784675043,-1.7207066499898536,2.2626990887646112,0.5506007166754213,1.059843974849302,-1.6767141389645364,-0.3947612266638314,1.2087850770154684,-0.9979504794924884,0.43128439823829373,-0.5949057135506131,-0.6248470335613264,-1.3151165251838346,-0.13885291968990307,-0.2416384139924694,-1.422631239673925,0
-0.13571092323880585,0.008192168955558287,-1.4880871519017334,-0.49800534001741437,-0.5836381818143193,-0.5848960393056271,0.08129707050079689,0.9669731861451145,-1.4621962048367931,-0.6889796602141044,0.08985309829944674,-0.9979504794924884,-0.47439472447966885,1.680938638211487,-0.6248470335613264,2.3570000754080405,-0.5876398692658146,1.1323661786577612,0.9796413894973908,0
-0.13849493699707774,-0.17466874523100903,-1.0572487400712407,-1.0014478592424594,-0.6296190465762617,-0.015377013691579365,0.6902925924317018,-1.310795416370905,-1.0971241758529053,-0.32719791830336004,1.2405242230276623,1.0160767243268625,-0.47439472447966885,1.680938638211487,-0.6248470335613264,1.042082736529075,-0.8891470524323792,-0.19321579546769466,0.008145489067559557,0
-0.1391038613252311,0.008192168955558287,0.37887929936373527,-1.5048903784675043,-1.4544008082436037,-0.5848960393056271,-0.3776020704181685,0.0692360153219267,-0.6617590626240388,1.8937855034105966,-0.44473480252404246,1.0160767243268625,-0.47439472447966885,-0.5949057135506131,-0.6248470335613264,-0.011354720478232383,-0.6691701887779422,1.5147969543260138,1.1210213258795518,0
0.00911446167842677,0.1910530831421256,1.2405561230247208,1.0123222176577205,0.40974008398014505,1.123661037536516,-2.297174563921742,0.43998695813119393,-0.7471625284490947,-0.5749599304626493,-0.0595789170346379,0.009063122417187087,-0.47439472447966885,-0.5949057135506131,1.600391689947671,-0.965655213144563,-0.7808590127243555,-0.5747686828202552,0.30516181285703414,0
-0.10760336960636863,-0.5403905736041437,-1.4880871519017334,-1.5048903784675043,-0.37959809443319975,-0.5848960393056271,-0.03145672886934288,0.4053654532488631,2.136373269269618,0.48161967994472354,-0.8627322201918785,0.009063122417187087,2.6954822050332004,1.680938638211487,-0.6248470335613264,0.5063224578633252,-0.21818640341516024,0.3781575125025795,2.0098835473760186,0
-0.139498849346706,-1.0889733161638455,1.3841689269682185,0.5088796984326754,0.48829072794846334,-0.015377013691579365,-0.09106099629812164,-0.2692593987671978,0.1616854964518241,-0.15559035478967828,1.7442990500657625,1.0160767243268625,-1.8329134085566128,-0.5949057135506131,-0.6248470335613264,2.9036804588396903,0.02651876679354955,-1.0093140860539067,-1.5403965643837931,0
-0.1394863084460838,-0.9061124019772783,-0.05195911246675751,-1.0014478592424594,-1.6775995892755324,-0.5848960393056271,-0.9336136519377884,-1.2723253066226612,1.2635924844848374,0.1045195791464913,0.5574214046298003,-0.9979504794924884,0.8841239595972751,-0.5949057135506131,-0.6248470335613264,-0.8655111533474262,0.7672251612732301,-1.1012541902984043,-1.1494071767620588,0
-0.12834312507210638,-1.0889733161638455,1.2405561230247208,0.005437179207630557,-0.968727924195587,-0.015377013691579365,-0.6391168162924242,0.7417492472153057,1.7201171044649437,-0.6834748271894461,-0.8437373982796613,-0.9979504794924884,-0.9272342858386502,-0.5949057135506131,-0.6248470335613264,-0.19709244303797416,-0.2113864969198898,-0.6449796014230373,-0.13096168019089138,0
-0.13384377912083775,-1.2718342303504129,-1.0572487400712407,-1.0014478592424594,0.6635927748533688,-1.7239340905337224,2.1996329067199483,-0.6383463694887198,-0.627052789093846,-0.6735470566271905,-0.6478657849305203,1.0160767243268625,1.3369635209562563,1.680938638211487,-0.6248470335613264,0.7402811411454531,0.4501069555821805,-0.5353863061200576,0.9996699013497218,0
-0.1344683129341067,0.1910530831421256,0.9533305151377256,0.005437179207630557,-1.1651045341163826,0.5541420119224684,1.2351044565322606,-0.12782415986822962,0.7833887389961686,-0.8150287544527832,0.08071362444393099,0.009063122417187087,-1.3800738471976315,-0.5949057135506131,-0.6248470335613264,0.7557467200830302,0.40297666367368107,-0.826986185837911,-0.8820584932130517,0
-0.09534541863095153,0.008192168955558287,-0.9136359361277431,-0.49800534001741437,0.16929847866248784,0.5541420119224684,0.31974876726332585,2.1712950489444185,-0.8813391337911235,-0.5534703420585159,1.1299151934917575,0.009063122417187087,-0.02155516312068755,1.680938638211487,-0.6248470335613264,1.6378914378998317,0.5215340752120698,-0.5064390304608029,0.45231171599010955,0
-0.11454943387999326,-0.5403905736041437,-0.7700231321842455,1.0123222176577205,1.2642178208062416,0.5541420119224684,-1.2435961229117372,-2.485724329182773,-0.12170718293765584,-0.6094404160089724,-0.8720987324759869,-0.9979504794924884,1.7898030823152375,-0.5949057135506131,1.600391689947671,0.2581070582992946,-0.5002288304277134,1.8504301613531844,-0.7558005290051231,0
-0.12391766243761894,-1.2718342303504129,-0.48279752429725026,1.0123222176577205,1.2259004335046229,-1.1544150649196747,1.6640543131276035,-0.8505244932758107,1.3163496108152843,1.489822108699117,-0.8717236394470544,0.009063122417187087,-0.9272342858386502,-0.5949057135506131,1.600391689947671,0.41259230219192794,-0.5560578435539191,0.26960216707388457,0.7810063557946029,0
-0.14132797128170568,-0.3575296594175763,0.6661049072507305,-1.0014478592424594,1.0716729496156077,-0.015377013691579365,0.5099794144035176,-0.8854443110138539,-0.7903903830860937,-0.5291323349545916,0.12098794769643122,-0.9979504794924884,-0.47439472447966885,-0.5949057135506131,-0.6248470335613264,-0.6129701981375781,1.578955536752765,-1.0716048842474764,-0.31588847667302755,0
-0.03719693620989304,0.9224967398883949,0.5224921033072328,0.005437179207630557,-0.4935923216555153,-0.5848960393056271,-0.6509177811821044,-1.727134781319517,1.792757198937192,1.3390532121772116,1.4791025611520066,-0.9979504794924884,-0.02155516312068755,-0.5949057135506131,-0.6248470335613264,-0.27115550682214906,0.9604952595105803,-0.5401827013326385,2.0611101851031925,0
-0.14095199535521055,-0.5403905736041437,0.09165369147674007,1.0123222176577205,-0.7589402287192246,-1.1544150649196747,-1.076406639107333,-0.36580992770098086,-0.3747930540643837,-0.9657859609268716,-0.1505178716128935,1.0160767243268625,-0.02155516312068755,-0.5949057135506131,1.600391689947671,-0.6869793529917267,-1.1810261095545274,1.8384928908101499,-1.2236227387773755,0
0.017213761371792622,-0.5403905736041437,-1.0572487400712407,-0.49800534001741437,-1.5463625377674886,-0.5848960393056271,0.5998259581665343,-0.14804785269146792,1.874831500201905,-0.1088115021533064,-0.7850882994427907,1.0160767243268625,-0.47439472447966885,1.680938638211487,-0.6248470335613264,-0.3033245133998495,-1.4177057803909228,-0.10683045529736221,-0.7167639955615734,0
-0.1224390397331331,-0.9061124019772783,-0.48279752429725026,0.5088796984326754,-0.22537061054418456,-0.015377013691579365,0.26810997509777335,0.7166006777210606,0.9626468674498752,-0.20807218455616006,-0.3184469664322118,0.009063122417187087,-0.47439472447966885,-0.5949057135506131,-0.6248470335613264,1.4247499077254338,0.06530748818519373,0.5759779410381191,-0.7502230403740584,0
-0.06690461124052349,-0.17466874523100903,-1.631699955845231,0.5088796984326754,-0.3930091799887663,-0.015377013691579365,-1.3249216764601888,0.15500506569241848,0.9312372320120352,0.667565144324714,2.4249555411065224,-0.9979504794924884,1.3369635209562563,1.680938638211487,-0.6248470335613264,0.008129362703300572,0.7625750515005204,0.5053831769141488,0.6707223965301627,0
-0.14058695854780476,0.9224967398883949,-0.7700231321842455,-1.0014478592424594,-0.6593150217350161,-0.015377013691579365,0.5413996366098209,-0.011664881123611841,0.48260283095776585,-0.8969218672294843,-0.16574123694375414,1.0160767243268625,-1.3800738471976315,-0.5949057135506131,-0.6248470335613264,-0.5189586323066774,-1.199545074470088,-0.36649522964209896,-0.6935307482452554,0
0.19096997850076217,0.3739139973286929,1.3841689269682185,1.5157647368827654,-1.6488615487993186,0.5541420119224684,-0.7239722396320032,-2.0062034435472347,-0.9987016012833841,-0.7612537760831266,0.2331177813468276,-0.9979504794924884,-0.9272342858386502,-0.5949057135506131,1.600391689947671,1.7301535909794148,-0.331861259250024,2.6277839290598237,-1.1412227658029197,0
-0.11555457991162014,-0.5403905736041437,0.23526649542023767,0.005437179207630557,0.641560277154938,-1.7239340905337224,0.2559044535536563,-1.1268929279621716,-0.1192339823938475,-0.6318554744894189,1.152254852121619,-0.9979504794924884,-0.02155516312068755,-0.5949057135506131,-0.6248470335613264,-0.11263234463238884,0.7712086512042261,-0.9669690516064754,-0.3230287692439248,0
-0.06761176722563589,-0.5403905736041437,-0.6264103282407478,-1.0014478592424594,-1.6239552470532663,-1.1544150649196747,0.7921498933255029,-1.9149002638925245,-1.3772922327335704,-0.9225515830302522,-0.8814276916414716,2.023090326236538,0.43128439823829373,-0.5949057135506131,-0.6248470335613264,1.0792587213389038,0.5093929729116868,-0.8905114663828149,-0.05512392454946718,0
-0.138513769513582,-1.0889733161638455,0.9533305151377256,0.005437179207630557,0.06296772890049601,1.6931800631505638,-1.7292530859323823,-0.9244870677331675,-0.4996687896043689,0.940955708677145,-0.9770736091498587,1.0160767243268625,-0.47439472447966885,-0.5949057135506131,-0.6248470335613264,-0.38177219040831395,1.6853271851863536,0.2113850599821069,-0.40719340697948503,0
-0.13666773847581237,0.5567749115152602,0.9533305151377256,0.5088796984326754,-1.5770164476087836,-0.5848960393056271,0.5196875644416813,0.49315303499401064,-1.0090277631488305,-0.023640338406929938,2.170584433087882,-0.9979504794924884,-0.02155516312068755,-0.5949057135506131,-0.6248470335613264,-0.8651602002310121,0.7136835231654729,-1.4741090717510212,-0.23253455037609633,0
-0.1349692646454111,0.1910530831421256,-0.3391847203537527,-1.0014478592424594,-0.1573572480838114,-0.015377013691579365,-0.4536753080168196,-1.092284630549268,-0.9226610992685346,-0.9458262416857677,-0.4614341213414993,-0.9979504794924884,-0.02155516312068755,-0.5949057135506131,-0.6248470335613264,-1.0800223851767983,1.9619367355722244,0.024683486351744187,-0.6098769244726078,0
-0.13058497430790625,1.4710794824480968,-0.3391847203537527,1.5157647368827654,-0.11233431800440945,1.123661037536516,-1.4724773672735003,1.1331141893209464,0.37707240458362834,0.6890525046863093,-0.924145885663839,-0.9979504794924884,-1.3800738471976315,-0.5949057135506131,1.600391689947671,0.7473689468837925,-0.31547931281785613,-0.11869496236971849,-0.3582359806305502,0
-0.10858454234519711,-1.4546951445369802,-0.48279752429725026,0.005437179207630557,-0.8461122848304071,2.2626990887646112,0.491442955949444,-0.31965884902563163,-1.0268031168508933,-0.42476476234501026,0.4350485489141925,0.009063122417187087,-0.47439472447966885,-0.5949057135506131,-0.6248470335613264,-0.7079563055128568,0.5598094222224137,2.185102968488002,-1.372132094314092,0
-0.12976399910412417,-1.0889733161638455,-0.05195911246675751,-0.49800534001741437,1.3351049873142362,-0.5848960393056271,-1.1229076802171467,-0.8078593669174803,0.875661467274033,-0.5386960783214285,-0.7301690908910562,0.009063122417187087,-0.9272342858386502,-0.5949057135506131,-0.6248470335613264,1.2212085513255393,0.33814520366992057,-1.0233994843975422,-0.05014598161402038,0
-0.13633510270535615,-0.9061124019772783,0.6661049072507305,0.005437179207630557,-0.03090986998846976,-1.7239340905337224,-1.8370328173021409,-1.627031097400054,-1.2144018480969008,-0.48389018228358344,-0.7285523633228135,1.0160767243268625,0.8841239595972751,-0.5949057135506131,-0.6248470335613264,-0.7854265387113746,-0.6586128234243375,-0.4518971915801972,-1.3016019000771064,0
-0.14080878420656004,-0.3575296594175763,1.0969433190812232,1.5157647368827654,-0.19471670070288963,-0.5848960393056271,-0.7537682726634755,-0.006667730410123522,-0.09059232175078792,0.6524041062966847,0.7974669983747752,1.0160767243268625,-0.9272342858386502,-0.5949057135506131,1.600391689947671,0.09815755011606223,-0.1596183159164516,-0.36827634402631954,-0.9057202927277962,0
-0.13767799554259513,1.653940396634664,0.5224921033072328,-1.0014478592424594,1.3858755254888808,-0.5848960393056271,0.018674152405894495,-0.3027344299252232,-0.9398632689241879,-0.7844216288331312,2.2689687340691633,1.0160767243268625,-0.47439472447966885,-0.5949057135506131,-0.6248470335613264,-0.13597692867219935,-1.2503708884415574,0.81550262515193,0.02287007342915504,0
-0.09043563985826235,1.4710794824480968,0.6661049072507305,-0.49800534001741437,-0.9505271652273181,-1.7239340905337224,-1.3573347168355852,-1.9746113200046043,-0.004097100760430929,1.005744329948329,2.283647543539449,0.009063122417187087,1.7898030823152375,-0.5949057135506131,-0.6248470335613264,-0.6920806541876204,-0.032599477456400024,1.6953630404940607,0.4843436478237738,0
-0.140554538011195,-1.6375560587235474,1.0969433190812232,0.005437179207630557,1.2172790213617588,-1.1544150649196747,0.8993096052876135,0.01659196777712955,-0.48876398360450535,-0.19680055075495714,-0.41626946745150384,-0.9979504794924884,-0.02155516312068755,-0.5949057135506131,-0.6248470335613264,-1.0946917118147965,2.226411995798924,0.6188010262315734,-0.3003379497319702,0
0.9277924318273522,1.2882185682615295,-0.9136359361277431,0.005437179207630557,0.9940802403298299,-0.5848960393056271,-1.3775019670818012,0.1737056353748959,-0.5508118147868002,-0.14577772329943436,-0.7286253790827449,1.0160767243268625,-1.3800738471976315,1.680938638211487,-0.6248470335613264,-1.057840227174718,-0.6070226535314728,-0.6946451748081234,2.7329457374854966,1
-0.11697054586056095,0.3739139973286929,-0.6264103282407478,1.0123222176577205,1.0649674068378245,-0.5848960393056271,-0.15777837779394238,1.0556767026175733,1.6721471052068824,-0.4580406093270311,0.6467330880238259,-0.9979504794924884,-0.47439472447966885,-0.5949057135506131,1.600391689947671,1.5696484949197684,0.9347742481034076,0.16739097319615748,-1.1749552616235417,0
-0.14179602629443033,-0.3575296594175763,0.09165369147674007,0.005437179207630557,0.08691609596400768,0.5541420119224684,-0.06635260879896239,-0.404157325785096,0.719763449942036,1.9399479119700507,-0.06315328391526714,-0.9979504794924884,0.43128439823829373,-0.5949057135506131,-0.6248470335613264,-1.546005713136599,0.4456241827583177,-0.7579662792128776,0.6550289065175883,0
-0.0035227406586840065,0.5567749115152602,-0.9136359361277431,-0.49800534001741437,0.6051587592184003,-1.1544150649196747,0.17871492033807218,-0.21014577703927168,-1.1778483625678249,1.2296998512149626,2.6085891358025473,-0.9979504794924884,-0.9272342858386502,1.680938638211487,-0.6248470335613264,-0.49733864083073764,2.490384531549857,0.21515400674589708,2.4006214167559596,0
-0.13317766532051342,-1.6375560587235474,0.37887929936373527,1.5157647368827654,-0.1746000723695398,0.5541420119224684,0.6153266577068845,2.212592977681499,0.012201079984252372,0.32505852061891966,1.4720478715693106,-0.9979504794924884,0.43128439823829373,-0.5949057135506131,1.600391689947671,-1.120378384949402,0.4377454492557869,-1.461925870530361,-0.5391462486931631,0
-0.11592905406781742,1.653940396634664,-0.48279752429725026,0.005437179207630557,-1.6325766591961306,-0.5848960393056271,0.04211575775726131,-0.6452425596690822,0.29807785480705,-0.8626831855441757,3.0085580696896326,0.009063122417187087,-1.3800738471976315,-0.5949057135506131,-0.6248470335613264,0.11661828617290299,-0.36583011276823685,-1.6219520129493932,-0.9661002062173576,0
-0.0865760250474513,-0.5403905736041437,0.5224921033072328,0.005437179207630557,-0.30392125451250285,0.5541420119224684,0.17596952721769016,-0.7271160482662927,1.570850622323848,0.7971889321644585,-0.49623862182686984,1.0160767243268625,0.8841239595972751,-0.5949057135506131,-0.6248470335613264,0.6758571822822178,-1.1699696147048302,-1.1251937285840141,-0.05503801305588267,0
-0.08050991739338746,0.9224967398883949,-0.9136359361277431,1.5157647368827654,-0.618123830385776,-0.015377013691579365,2.1957133689946366,-0.5482516411032173,1.382703035227344,-0.5466082731218413,-0.8229146455392298,1.0160767243268625,-1.3800738471976315,1.680938638211487,1.600391689947671,-0.8092099850515135,0.21624970061297014,-0.7726818100155978,0.7387014341722459,0
-0.13913969343971896,-1.0889733161638455,0.809717711194228,-0.49800534001741437,-0.429410697925304,-0.5848960393056271,-0.34923743503330806,1.6119859691957332,-1.2421361036651255,0.801834142937208,-0.827039797520888,-0.9979504794924884,-0.02155516312068755,-0.5949057135506131,-0.6248470335613264,1.5493351764414083,0.5533764461742527,-0.8260516732452193,-0.39167757284870713,0
-0.08053432902449525,1.4710794824480968,-0.7700231321842455,0.005437179207630557,-0.9610644467352633,-0.015377013691579365,-0.25379550658268474,1.1553439282941493,-0.26827057462154946,0.243476821590451,0.6357889247670949,0.009063122417187087,2.242642643674219,-0.5949057135506131,-0.6248470335613264,-1.7421588713304916,-0.5681157230771691,1.2000907619194656,-1.2806056305373845,0
0.13032854655407525,1.1053576540749621,-0.05195911246675751,1.0123222176577205,0.49116453199608473,1.123661037536516,0.5125137812520285,0.08137958597904978,0.8315764622197124,0.9304077787995755,-0.6658873056922096,3.030103928146213,0.8841239595972751,-0.5949057135506131,1.600391689947671,-1.2732703800953518,2.308068999977201,0.47522548995256325,0.08845365751587482,0
-0.1373917283180232,-1.4546951445369802,-0.6264103282407478,1.5157647368827654,-1.5770164476087836,1.6931800631505638,-0.44341943536055234,0.11548857086502255,-0.3617855058639908,-0.3416574059427816,0.6394708956328669,-0.9979504794924884,-0.47439472447966885,-0.5949057135506131,1.600391689947671,1.3924867882231802,-0.40741938873587596,0.6489307849288554,-0.5019137355884425,0
0.17523922741345713,-1.6375560587235474,-0.48279752429725026,1.5157647368827654,-0.5644794881635099,-1.7239340905337224,-0.070280745137244,-0.5796740985257112,-0.1824714273215928,-0.342835177199171,-0.4399712218266615,1.0160767243268625,-0.02155516312068755,-0.5949057135506131,1.600391689947671,2.3104095737909405,0.8730611278944855,-0.703384802818131,-1.179133334417299,0
-0.12563858584839616,-1.0889733161638455,-0.6264103282407478,-1.5048903784675043,0.6540134280279641,-0.5848960393056271,1.9707271794596073,-0.7404568300768035,-0.616445137029497,0.4134246209777932,-0.8703535992236798,0.009063122417187087,2.242642643674219,-0.5949057135506131,-0.6248470335613264,-0.7631086423376464,-0.8093309732036238,0.1051584258760675,0.06275108266933582,0
0.01849874646695264,0.7396358257018275,1.2405561230247208,-0.49800534001741437,0.43081464699603533,-1.1544150649196747,0.5328350527944081,0.5399467069557121,1.1934346177523871,-0.8275389061889911,0.7157251595399488,-0.9979504794924884,-0.02155516312068755,-0.5949057135506131,-0.6248470335613264,-0.38460448093251126,0.3164222282854482,-0.840330916928652,0.3971900502023953,0
-0.1062552623467437,-1.6375560587235474,1.6713945348552135,1.0123222176577205,-1.0741007392750384,-0.5848960393056271,-1.157288525880111,1.9981956270700125,1.3868238139716722,-0.5682327674701935,0.5017329041108393,0.009063122417187087,0.8841239595972751,-0.5949057135506131,1.600391689947671,-0.7799299977818003,-0.8351643728956651,-1.1243345287843587,-0.38804474824433394,0
-0.051003467885953765,0.3739139973286929,1.2405561230247208,1.0123222176577205,-0.6985903437191753,-1.1544150649196747,-0.5796197382890582,-1.8183811248143023,-0.10672907384955674,-0.9059606942989826,-0.24023834326881757,-0.9979504794924884,1.7898030823152375,-0.5949057135506131,1.600391689947671,-0.1944855449434083,-0.6758462113173519,-1.0755529820302714,-1.695671684758627,0
-0.13107754160303378,0.3739139973286929,-0.7700231321842455,-1.5048903784675043,-0.8604813050685142,1.123661037536516,-0.19469700416450683,-0.5283523038099537,1.231401621879153,0.7656967290767154,-0.7254866249253676,-0.9979504794924884,-0.47439472447966885,-0.5949057135506131,-0.6248470335613264,0.054794055862336495,-0.006005849743790066,-0.37917062281658326,-0.49038847129675356,0
-0.13537292049578425,-1.0889733161638455,-1.4880871519017334,1.0123222176577205,1.5927894169176218,-1.7239340905337224,-2.3736558031330413,0.6452690050852697,-1.362698589468049,0.4728407191943703,0.36934305021460184,-0.9979504794924884,0.43128439823829373,1.680938638211487,1.600391689947671,-0.26558230414293554,0.0007638027977628198,-0.41904855965040394,0.9690192543976553,0
-0.10819813572806769,-1.6375560587235474,0.09165369147674007,0.5088796984326754,-1.0808062820528215,-1.1544150649196747,0.6007609375801329,1.3803203000510755,1.8840679733568495,-0.6195247887923027,-0.5127138616408172,-0.9979504794924884,1.7898030823152375,-0.5949057135506131,-0.6248470335613264,0.2677873526836225,-0.6754836206700112,-0.6237735572297295,-0.5656852687252496,0
0.14820302544533356,0.3739139973286929,1.3841689269682185,0.005437179207630557,-0.24452930419499389,-0.5848960393056271,1.1977340227368662,-0.34646144302712195,-1.7222969381224662,1.2889893067920444,-0.7804163436332547,-0.9979504794924884,-0.02155516312068755,-0.5949057135506131,-0.6248470335613264,1.757066224592659,-0.7290240088407295,-0.5336355998439175,0.8366158566808412,0
-0.06194913640890515,-0.5403905736041437,-1.2008615440147383,-1.5048903784675043,1.07646262302831,-1.1544150649196747,0.24553111991274612,0.5778974721928712,-1.3658738711011646,0.3211419131648266,2.1827123128163013,1.0160767243268625,-0.02155516312068755,1.680938638211487,-0.6248470335613264,-1.1676885298168826,0.2100639155620174,-0.3380115958827738,1.0684586678647678,0
-0.13156029856422893,-0.7232514877907109,-0.6264103282407478,0.005437179207630557,-1.0539841109416885,-1.1544150649196747,0.41692892081711347,0.46516825505971743,1.4332458865141604,-0.837824419071875,-0.868298743972726,-0.9979504794924884,-1.3800738471976315,-0.5949057135506131,-0.6248470335613264,1.2435758200550213,0.22028229548431918,-0.35314059918838353,-0.7742151291116766,0
-0.027307057923300317,0.3739139973286929,-1.0572487400712407,0.5088796984326754,-0.38438776784590206,2.2626990887646112,0.09605638702693123,-0.9357283024198614,0.4824480264278615,-0.9407568876819001,0.1253244843425869,-0.9979504794924884,0.8841239595972751,1.680938638211487,-0.6248470335613264,-0.04145415093811387,-0.9893484810715509,-1.0008903139313894,0.6039203430520417,0
-0.1357777265190324,0.1910530831421256,-1.4880871519017334,1.5157647368827654,-0.23111821863942736,-0.5848960393056271,0.7458723265395453,-0.774276502408205,0.24110225206114072,-0.5320743300912048,-0.4476246562792777,0.009063122417187087,-1.3800738471976315,1.680938638211487,1.600391689947671,-0.9071479362335425,-0.8771988011761824,1.8880363212260511,0.4575255282040114,0
-0.13994356520417184,0.008192168955558287,-0.3391847203537527,-1.0014478592424594,-0.5740588349889145,2.832218114378659,0.5950447241040726,-0.006635960622135259,-1.1211129152315156,0.35261070742980244,-0.6480794531967314,-0.9979504794924884,-0.47439472447966885,-0.5949057135506131,-0.6248470335613264,-0.8280704185780766,-0.25961947147329134,1.1708265368026431,-0.6726728078326409,0
-0.13669782769501468,0.3739139973286929,-1.3444743479582357,-0.49800534001741437,1.0793364270759316,-0.5848960393056271,0.8782004971244318,0.422900001747158,0.1957978753330108,0.8399508758018293,-0.33333388120306984,-0.9979504794924884,-1.3800738471976315,1.680938638211487,-0.6248470335613264,-0.9029989088712053,-0.09265582899141701,1.1921952642063622,-0.37936663737967397,0
-0.09340045420297342,-0.17466874523100903,-0.9136359361277431,-1.0014478592424594,-1.5588156886405147,2.2626990887646112,1.6824856903836494,-0.8505076692571255,-0.8071686895984402,0.7925031484302594,-0.9030298294627098,0.009063122417187087,-0.47439472447966885,1.680938638211487,-0.6248470335613264,-0.7846550133024913,0.6334259469588691,-0.3997599646260359,-0.6821621810287457,0
-0.14193808994206744,0.1910530831421256,-1.631699955845231,1.5157647368827654,-1.0329095479257981,-0.5848960393056271,0.9368626186900304,0.5428498216719639,-0.6648071621820998,-0.8092241147769224,-0.4093115018108217,-0.9979504794924884,1.7898030823152375,1.680938638211487,1.600391689947671,0.9384552709411955,1.4117051769917888,-0.7565681800848223,0.03241853292834061,0
-0.10744274459592383,0.008192168955558287,0.09165369147674007,-1.5048903784675043,-0.33649103371887873,-0.5848960393056271,0.8405716438972154,1.0119165240063486,-1.4541983829659049,-0.15761605945061005,1.1096780763373901,-0.9979504794924884,0.43128439823829373,-0.5949057135506131,-0.6248470335613264,-0.22830323828794016,1.305486966874955,-0.20531412759146261,-0.7097199260591357,0
-0.13688309323344028,-0.7232514877907109,0.809717711194228,0.5088796984326754,-0.34990211927444526,-0.5848960393056271,-0.16942378959264606,0.7487283208580338,0.3063549401283242,-0.7797951610102676,0.1325148275452548,1.0160767243268625,0.8841239595972751,-0.5949057135506131,-0.6248470335613264,0.9069211001167232,-1.1668311700662592,-0.9443562094063936,-0.8323699789270502,0
-0.12989401847431875,-0.17466874523100903,0.809717711194228,-1.5048903784675043,1.4002445457269879,-1.1544150649196747,-0.9030917924724544,0.49540137667882217,-0.2518771749431496,0.6770248281957262,1.2112757368216438,0.009063122417187087,-0.02155516312068755,-0.5949057135506131,-0.6248470335613264,-0.09428507465664306,0.16102306435160543,1.5730372801169652,0.3540804552696992,0
-0.10894929004021982,0.3739139973286929,0.5224921033072328,0.5088796984326754,-0.21770713308386083,1.123661037536516,1.8166825424153894,-0.4126533804476265,-0.7884350129144047,0.009535329636830998,0.8580341942228662,1.0160767243268625,-0.9272342858386502,-0.5949057135506131,-0.6248470335613264,-0.36578308051010977,-0.11533729959519284,0.6439597545184624,-1.8054814503722414,0
0.137399721846356,-0.9061124019772783,0.6661049072507305,1.0123222176577205,-0.6708102379255018,1.6931800631505638,-0.048487304926406814,-0.7415730735552439,2.0359943804216374,-0.5725033479111769,1.00178687890426,-0.9979504794924884,1.7898030823152375,-0.5949057135506131,1.600391689947671,-0.14343331497837086,-0.2569171148596853,-0.24184656729627058,0.3732490079379627,0
-0.13082404281045568,1.4710794824480968,-1.631699955845231,1.0123222176577205,-1.153609317925897,1.123661037536516,0.6475042757289403,-1.6085874451201319,1.0131608026797214,-0.5988150803732403,-0.8803098299175808,0.009063122417187087,-0.47439472447966885,1.680938638211487,1.600391689947671,1.0828627826486368,0.0020430567185461433,-0.45339884840960676,0.7261546002322097,0
-0.12137470411042123,1.2882185682615295,1.3841689269682185,0.005437179207630557,0.49691214009132756,2.2626990887646112,0.6486700271944016,1.169361378822852,0.7040521858224336,-0.5847335218446315,0.47321148023791815,2.023090326236538,-0.02155516312068755,-0.5949057135506131,-0.6248470335613264,-0.8238695127209104,1.7860597621672956,-0.5965474548266183,-0.8001742179428852,0
0.5451306058234001,1.2882185682615295,-1.3444743479582357,-1.0014478592424594,-0.5424469904650792,-0.5848960393056271,-1.2507426119149145,1.1060434911894599,-0.0799419108827605,-0.10053512851762614,0.9229662717913929,0.009063122417187087,1.3369635209562563,1.680938638211487,-0.6248470335613264,-0.6632507192589314,-0.48558807320510183,0.2898196170404614,2.4667425385011468,1
-0.12282130993658286,0.9224967398883949,0.5224921033072328,-1.5048903784675043,-1.128703016179845,-0.015377013691579365,-1.7937103175638172,-1.7236783039797414,1.7462665531892627,-0.4468224845467475,-0.9075653328181094,0.009063122417187087,0.43128439823829373,-0.5949057135506131,-0.6248470335613264,0.5897973035724288,0.11674395279661891,-0.6333164143486079,-1.2223977388938096,0
-0.12476559920706909,-0.7232514877907109,-0.7700231321842455,1.5157647368827654,-1.3509438625292334,-0.015377013691579365,0.11161424952794055,-1.2778140562177236,-0.48256094458666304,-0.061762794956483284,-0.8818789004064668,-0.9979504794924884,1.3369635209562563,-0.5949057135506131,1.600391689947671,-0.6973558838183038,-0.34576557148941306,-0.27054339706331465,-0.909754013093216,0
-0.14152254239187367,1.653940396634664,-0.48279752429725026,-1.0014478592424594,-0.8662289131637569,-0.015377013691579365,-0.6717479102678489,0.3604644389017598,-0.16077294133414105,0.27260327730012496,0.9963818332466843,0.009063122417187087,-0.47439472447966885,-0.5949057135506131,-0.6248470335613264,0.16074258860389712,-0.05022938586239096,1.3276513391243083,-0.7327609358869855,0
-0.09075019633195434,1.1053576540749621,0.5224921033072328,0.005437179207630557,-0.028994000623388826,-0.015377013691579365,1.1683419018068153,-0.9356714361757423,0.36427500403548374,3.52510370844781,-0.29212246314653806,0.009063122417187087,0.43128439823829373,-0.5949057135506131,-0.6248470335613264,-0.1359272250977903,0.5892788059583737,0.04373427316633559,-0.14162022151173098,0
-0.07538531373704009,-0.17466874523100903,1.3841689269682185,0.005437179207630557,1.459636496044497,-0.015377013691579365,-1.3704835409662766,0.7986803961648657,0.6245392941839697,-0.918691138483698,2.3663060160701743,1.0160767243268625,-0.02155516312068755,-0.5949057135506131,-0.6248470335613264,-0.8260021056888749,-0.637834086367745,0.2739241319452859,-0.47464632787322736,0
-0.041879223250371474,0.9224967398883949,0.6661049072507305,-1.0014478592424594,0.6817935338216377,0.5541420119224684,0.5986441195278331,0.5120113459183575,-1.2825143662236698,-0.669796197403275,0.08111630995650031,-0.9979504794924884,-0.47439472447966885,-0.5949057135506131,-0.6248470335613264,-0.5766720369025032,-0.5136557042245603,0.14694301537129792,-0.20899333810097753,0
-0.11610819781269058,0.3739139973286929,-0.05195911246675751,-1.0014478592424594,-1.0808062820528215,-1.1544150649196747,0.9474799373931164,0.08663925435819597,-0.6437293230384731,0.9701962527016564,-0.7851003920545027,0.009063122417187087,-0.02155516312068755,-0.5949057135506131,-0.6248470335613264,2.604880901209575,-1.6163841155130647,1.446339210944758,-0.8345623196368438,0
-0.13944193433136806,-0.17466874523100903,-0.1955719164102551,0.005437179207630557,0.4576368181071684,1.6931800631505638,0.923184896709429,0.870895203164624,-1.3126500186578398,-0.8692775045021675,-0.3648895936366653,0.009063122417187087,-1.3800738471976315,-0.5949057135506131,-0.6248470335613264,1.8094063024372096,2.162891094083475,-1.3806638490668262,-0.43073141420371774,0
-0.13995897789329156,-1.4546951445369802,1.6713945348552135,-1.5048903784675043,-0.7713933795922507,-0.5848960393056271,-0.448406344936225,-0.42817160059617465,0.27234495440808043,-0.5393866470852771,-0.07481444418960573,-0.9979504794924884,-0.47439472447966885,-0.5949057135506131,-0.6248470335613264,1.4661195610466151,0.08961213786699561,-1.3377454460879301,0.39299605830386214,0
-0.13649662631562495,-0.9061124019772783,-0.1955719164102551,-1.0014478592424594,1.2872082531872129,0.5541420119224684,1.5739914371839725,0.6593072866031002,1.4676725794759773,-0.7188268087778997,-0.4979532862915686,0.009063122417187087,-0.9272342858386502,-0.5949057135506131,-0.6248470335613264,0.7280715445107006,-0.6540888012132273,-0.10892500128010352,-0.3619100194333931,0
-0.13923998512898125,-1.6375560587235474,-0.7700231321842455,1.0123222176577205,-0.6497356749096115,-0.5848960393056271,-0.037976197478469385,0.6368846370336098,-0.774366816554688,-0.6915205743074411,0.3235340486685136,0.009063122417187087,-0.02155516312068755,-0.5949057135506131,1.600391689947671,2.146463602746415,0.4016998094839851,-0.8974000709552394,-0.6363571078338701,0
-0.12661248312806433,1.653940396634664,0.5224921033072328,1.0123222176577205,0.027524145646498726,-0.5848960393056271,-0.010048180411981687,-0.8945515275887904,0.10374012622254956,0.3380715606427294,-0.39822123203156023,-0.9979504794924884,-1.8329134085566128,-0.5949057135506131,1.600391689947671,0.7773347973933091,-0.17015279973080827,-1.3556712484233127,-0.7787007416968045,0
-0.13555271614873657,0.7396358257018275,-1.3444743479582357,1.5157647368827654,-1.5386990603071649,0.5541420119224684,-1.777772184381486,-0.4168554423420446,-1.3102943530131053,-0.11925866719394655,2.189843633574532,1.0160767243268625,-0.02155516312068755,1.680938638211487,1.600391689947671,-0.24300754668800842,-0.36941845619353436,-0.6439428827122662,0.22406323878989465,0
-0.13156687592345692,0.008192168955558287,-0.6264103282407478,1.0123222176577205,0.30245139953561273,-0.015377013691579365,-0.4946635815584267,0.003849620493528766,-1.3165713719827332,-0.9268466010239865,0.421949976396599,1.0160767243268625,-0.9272342858386502,-0.5949057135506131,1.600391689947671,0.35399182854564015,0.41757445094971496,0.9166224740757694,-0.5497872554455977,0
-0.12763728459756835,0.5567749115152602,0.37887929936373527,1.5157647368827654,0.08404229191638628,1.123661037536516,0.03269808526244248,0.12852850995399184,0.40662145342855155,-0.2982680340880857,-0.773315138640703,0.009063122417187087,-0.02155516312068755,-0.5949057135506131,1.600391689947671,2.1130602617590544,1.094798718653456,0.33253642074801454,-1.3341320406242072,0
-0.1343423743976328,0.1910530831421256,-0.1955719164102551,-1.5048903784675043,-1.1804314890370302,-0.5848960393056271,-0.22902319746450578,-0.1103079717969357,-0.6311694456145551,0.0055251281307198315,0.9770145813644586,0.009063122417187087,-0.47439472447966885,-0.5949057135506131,-0.6248470335613264,0.25469939759451565,-0.5387617341445281,2.416552451826888,-1.0447076907365465,0
-0.14109294552627277,-1.2718342303504129,-0.6264103282407478,0.5088796984326754,-1.5262459094341387,-0.015377013691579365,-0.4926224995438497,-1.4005611824767157,-0.9626298102641978,-0.17575350062641631,-0.05303011360683451,1.0160767243268625,-1.3800738471976315,-0.5949057135506131,-0.6248470335613264,-0.4373448275949628,-0.6725334252086186,-0.24522664439892808,-1.2537457871527866,0
-0.1361521429431138,0.1910530831421256,1.2405561230247208,1.0123222176577205,0.14918185032913803,-0.5848960393056271,0.6035300003355331,-1.2999290301036253,-0.6048569531233122,-0.6442216733552771,2.0431204132534266,-0.9979504794924884,0.8841239595972751,-0.5949057135506131,1.600391689947671,1.1057156882788537,1.7619590187484913,0.05819215692358414,-0.5818082283836711,0
-0.13286664580867694,0.7396358257018275,-1.4880871519017334,-1.0014478592424594,-0.6152500263381546,0.5541420119224684,-1.167983915420883,-0.5636781723597969,0.4767421818719597,-0.9266290453336213,-0.7658042471716543,0.009063122417187087,-0.47439472447966885,1.680938638211487,-0.6248470335613264,1.217229434870215,-0.10574239642177921,-1.1432188197310265,1.1109903367038654,0
0.014565272915448464,1.2882185682615295,-0.7700231321842455,0.5088796984326754,0.5170287684246774,-1.1544150649196747,-0.8050550751067064,2.1241493290255162,-0.3584509747752687,1.876716160568605,1.9514305032281674,0.009063122417187087,1.3369635209562563,-0.5949057135506131,-0.6248470335613264,0.15168487707600808,-1.2185784228962329,0.234636933838951,0.5018334413402564,0
-0.1141003283179084,-0.7232514877907109,-1.2008615440147383,1.0123222176577205,-0.693800670306473,0.5541420119224684,0.8562339260169411,-1.4545094104581033,-0.36536902404988175,-0.22113262772730324,-0.35017640720942617,0.009063122417187087,-0.47439472447966885,1.680938638211487,1.600391689947671,-0.6014155864015303,0.6442445868029616,-1.5852828166113118,0.3996653360306463,0
-0.05143185597859283,-1.6375560587235474,0.9533305151377256,1.5157647368827654,1.3283994445364529,1.123661037536516,0.0750677082663514,-0.08663147495245285,1.2440229600328971,-0.6835767519151761,-0.7528346609954548,1.0160767243268625,0.8841239595972751,-0.5949057135506131,1.600391689947671,0.7956997478193252,2.371536604800376,-1.020802783046463,-0.3684238609166503,0
-0.0657325064603606,-0.5403905736041437,-0.05195911246675751,-1.0014478592424594,-1.6958003482438013,0.5541420119224684,1.0250577224759343,-0.22001865551073932,-0.3585090060787004,-0.9400268101864221,0.16680519804764574,1.0160767243268625,-0.47439472447966885,-0.5949057135506131,-0.6248470335613264,-1.0654502279667473,2.011165359199754,-0.7728165842273909,-1.1526957959960766,0
-0.13975363617511824,0.008192168955558287,1.0969433190812232,-0.49800534001741437,1.4299405208857423,-1.1544150649196747,-0.4552237678049077,0.04503183704541066,0.32712847263450384,-0.672076481694002,0.4702599135462127,0.009063122417187087,-0.47439472447966885,-0.5949057135506131,-0.6248470335613264,-1.5535084206859113,1.7249759957877053,-0.7594602583574953,-1.4769151262434346,0
-0.13016866813441585,0.7396358257018275,1.3841689269682185,-1.0014478592424594,0.43273051636111626,-0.5848960393056271,2.822453509878934,0.19429541879448867,-0.8616353647803038,-0.15737116236970863,-0.26447136781190483,0.009063122417187087,1.7898030823152375,-0.5949057135506131,-0.6248470335613264,-0.5089728339977052,-0.13076682576591703,-0.9960721739983928,-1.5782313790819185,0
-0.0788796782145356,-1.4546951445369802,-1.631699955845231,-1.0014478592424594,1.2297321722347847,1.123661037536516,0.10565673291311407,-1.5061824272043747,-0.33302538168159407,-0.8949818917149348,-0.7134376969017368,0.009063122417187087,0.8841239595972751,1.680938638211487,-0.6248470335613264,1.5533944461170297,0.684020597341498,-0.6696082713496456,1.1046784045831883,0
-0.12375860218981455,1.1053576540749621,0.23526649542023767,0.5088796984326754,1.6090743065208097,-0.015377013691579365,-0.6935704423877325,-0.8935123030315956,-1.3180038485873589,-0.7663134144301909,-0.8483195909738928,0.009063122417187087,0.43128439823829373,-0.5949057135506131,-0.6248470335613264,-0.4328479249449896,0.19216013012580296,-1.5692327134352713,-0.034991947194130575,0
-0.13075274973039722,1.4710794824480968,0.09165369147674007,0.005437179207630557,0.4346463857261972,-0.5848960393056271,0.888700453026906,0.6726805328981333,-0.47758041917495664,-0.07880703154875979,0.8741750782229297,-0.9979504794924884,0.43128439823829373,-0.5949057135506131,-0.6248470335613264,0.7156924884754765,1.9031990923653936,-0.9359660714009808,-0.2813223288264218,0
-0.0852396782844491,-0.5403905736041437,-1.4880871519017334,1.5157647368827654,-0.9390319490368325,-0.5848960393056271,-0.7559648180979645,0.3405983610317702,-1.1704333690005992,-0.5620196134170103,2.977179830880015,-0.9979504794924884,-0.9272342858386502,1.680938638211487,1.600391689947671,-0.8201973596708011,-0.3231469207358373,0.19992678167275826,0.5558198438744191,0
0.24817946347382994,0.3739139973286929,1.3841689269682185,-1.0014478592424594,-0.11903986078219272,-1.1544150649196747,-0.7186505043778249,-0.554129070216504,1.0425229905901485,-0.25642333388116284,0.37254544947842877,2.023090326236538,0.8841239595972751,-0.5949057135506131,-0.6248470335613264,-1.0161506357510304,-0.7372596479526528,-1.0520706805074331,-0.08947578830595396,0
-0.1387409191587932,1.1053576540749621,-1.4880871519017334,-1.5048903784675043,1.1492656589013857,-0.015377013691579365,0.21419394128862748,-0.04621148159835693,0.7151916050551596,-0.3802614630380164,-0.6957472505827809,-0.9979504794924884,0.43128439823829373,1.680938638211487,-0.6248470335613264,-0.7671906372924437,0.11003288087931411,1.5317533451374508,1.0292661192619894,0
-0.14190420486782873,0.3739139973286929,0.09165369147674007,-1.5048903784675043,1.4787951896953062,-1.1544150649196747,-0.11238697489592409,0.5937617538187643,-0.4656315903289157,-0.14273230810736065,1.5143327001937816,0.009063122417187087,-1.3800738471976315,-0.5949057135506131,-0.6248470335613264,0.06317542679408868,-0.573027212082235,1.5988056642238824,-0.16714953169218555,0
-0.12903539753264273,-0.9061124019772783,-0.1955719164102551,1.5157647368827654,-1.416083420941985,2.2626990887646112,-0.26261606240902713,1.267233513830623,0.08385817372359279,-0.8893100741852665,2.3022088570401187,-0.9979504794924884,-0.47439472447966885,-0.5949057135506131,1.600391689947671,-0.10396239635789764,-0.8541907638394435,-1.5929923779917028,-0.6827706963078279,0
-0.1399574727060866,1.1053576540749621,-0.05195911246675751,-1.0014478592424594,-1.0060873768146652,-0.5848960393056271,0.701770215019438,0.6178180284875017,-0.8469678267815179,-0.6848953215460579,-0.5150782855106931,-0.9979504794924884,0.43128439823829373,-0.5949057135506131,-0.6248470335613264,-0.8285753915793189,0.26151646792462085,1.4480507072152249,-0.7942763896059031,0
-0.024824443412638317,0.008192168955558287,1.5277817309117159,-1.5048903784675043,1.236437715012568,-0.015377013691579365,0.9476818423078875,-0.572118672896955,0.7691132758853114,2.3660298257054544,-0.4608465599650252,0.009063122417187087,-1.3800738471976315,-0.5949057135506131,-0.6248470335613264,0.12893485628328058,0.9919694857588414,0.500311771445004,1.1678336511883551,0
-0.13825287223358732,-1.0889733161638455,1.0969433190812232,-1.5048903784675043,1.5784203966795147,1.6931800631505638,1.3650031882483322,0.8731106666753328,0.5098819448361872,-0.6255861991271847,1.7596804742974748,-0.9979504794924884,-0.47439472447966885,-0.5949057135506131,-0.6248470335613264,1.6241322618658858,-0.5354576869589158,-1.2811722480651129,-0.5852239491006689,0
-0.09363444308718141,-0.5403905736041437,1.5277817309117159,-0.49800534001741437,0.4930804013611657,1.123661037536516,0.3169754726073723,-0.488879680352977,-1.0349439364060482,0.3640947705510087,-0.5219114986121813,0.009063122417187087,0.43128439823829373,-0.5949057135506131,-0.6248470335613264,-0.7710317956757962,-1.1886680042911069,-1.2031834140377085,-0.0841269413953825,0
0.10420658596504874,-1.6375560587235474,-1.2008615440147383,0.005437179207630557,-0.9016724964177543,-0.5848960393056271,-0.36538636293976623,0.8713318978411229,1.1709895177983267,1.6230260785990325,-0.9587459892337464,0.009063122417187087,-0.47439472447966885,1.680938638211487,-0.6248470335613264,-0.5347157707416555,1.3340332919705835,-0.04054475324770682,2.1930868337632496,0
-0.14125442047987483,0.5567749115152602,1.6713945348552135,0.005437179207630557,-0.776183053004953,-0.015377013691579365,-0.3500654187783184,-1.5608707718721406,1.3709813665548924,2.0424434474870097,-0.5681938532533871,0.009063122417187087,2.6954822050332004,-0.5949057135506131,-0.6248470335613264,-0.12196417955483488,-0.5293341519759374,-0.34655880446573395,1.5991156209336068,0
-0.08069625694047615,0.008192168955558287,-0.1955719164102551,0.5088796984326754,0.18941510699583766,-0.015377013691579365,-0.08510306887558754,-0.08737460782608608,0.08305467578512837,-0.33129128438212774,-0.020347640935427423,3.030103928146213,-1.3800738471976315,-0.5949057135506131,-0.6248470335613264,-0.08159536604926643,-0.5755091441886789,-0.39926942982597063,-1.147554397881099,0
0.124515270359704,0.5567749115152602,-0.05195911246675751,-1.0014478592424594,-1.1919267052275158,-1.7239340905337224,-0.41587276917718397,-0.5765897993825099,0.385511431039883,-0.22303400081624128,-0.3096209248774592,1.0160767243268625,-0.47439472447966885,-0.5949057135506131,-0.6248470335613264,-0.8420436985932492,0.2230053861414586,0.3591062969989292,-0.2681306576609363,0
-0.13104324862909167,1.1053576540749621,1.3841689269682185,-0.49800534001741437,0.37238063136106686,-0.015377013691579365,-0.04797291462741077,1.0200052208406714,-0.46517609143484967,0.1203029179203189,0.6753974260671498,3.030103928146213,-0.02155516312068755,-0.5949057135506131,-0.6248470335613264,-0.4618016707193742,3.132843813151608,-0.8396944946009177,-1.5728796539098062,0
0.9857302828743807,0.3739139973286929,0.09165369147674007,-1.0014478592424594,0.015070994773472656,-0.5848960393056271,0.33772551035231574,0.9009350170135749,0.03140738436671719,-0.9017756762758423,-0.13909650757942185,1.0160767243268625,1.3369635209562563,-0.5949057135506131,-0.6248470335613264,-0.664814176765059,0.6828456027698865,-0.9975447820294723,1.1386825697276624,0
-0.10475115560261372,0.5567749115152602,0.09165369147674007,0.5088796984326754,-0.2962577770521791,-0.5848960393056271,-1.3599689402831392,-1.0189505238340302,0.1485869055280011,-0.022813229999796392,-0.5627368082190601,0.009063122417187087,-0.02155516312068755,-0.5949057135506131,-0.6248470335613264,-1.2127987827053182,-1.1647354830723644,1.5552377359781737,0.8534045752973178,0
0.14348078226729327,0.3739139973286929,-0.7700231321842455,1.0123222176577205,-1.028119874513096,-1.1544150649196747,0.19959044172158874,-1.0154204163239928,-1.411497446139505,3.701639945716213,-0.2226196204413243,0.009063122417187087,1.7898030823152375,-0.5949057135506131,1.600391689947671,-0.168772261113892,0.6640119130343184,0.33929540942054137,1.0373811330095883,0
-0.13458021003749446,1.1053576540749621,0.6661049072507305,1.5157647368827654,-1.4773912406245748,-1.7239340905337224,-1.211885341518113,0.021056699149814177,-0.17753394458166957,0.8731586146628848,-0.6644144907947844,0.009063122417187087,-0.47439472447966885,-0.5949057135506131,1.600391689947671,1.699227230313912,-0.01579879228981234,0.03053194811746635,-1.841428790816855,0
-0.14038530508561017,1.4710794824480968,0.809717711194228,0.005437179207630557,0.015070994773472656,0.5541420119224684,-0.4616201553292033,1.4452750739704558,-0.09478393187384664,-0.49043474131456527,-0.7939149099382496,-0.9979504794924884,-0.02155516312068755,-0.5949057135506131,-0.6248470335613264,0.3109368813196627,-0.9920362232452291,0.9170853052307731,-1.696769383702931,0
0.027445173582031912,0.3739139973286929,1.6713945348552135,0.005437179207630557,-0.7838465304652769,0.5541420119224684,0.6897678985636908,-0.9613711665314317,-0.7869477664481787,0.6276120866470548,-0.21215594545190147,1.0160767243268625,-0.9272342858386502,-0.5949057135506131,-0.6248470335613264,0.13366662958297887,-1.2431365762631004,0.13598192947516632,-0.7601356160368496,0
-0.08457840562704672,-1.0889733161638455,0.809717711194228,-1.0014478592424594,-0.4274948285602231,-0.5848960393056271,0.32070569975769014,0.34289328735878205,-0.5038319218312566,-0.9133370111905357,-0.8534050670790945,-0.9979504794924884,0.8841239595972751,-0.5949057135506131,-0.6248470335613264,-1.4314095182674846,-0.37471419761448765,3.363832518315664,-0.7845692750087584,0
1.124000755063031,-1.4546951445369802,1.6713945348552135,-0.49800534001741437,-1.6546091568945613,-0.5848960393056271,-0.26400336658248297,-0.057920620872588834,1.91895777664609,-0.9397442804159828,-0.4568907877403093,-0.9979504794924884,-0.02155516312068755,-0.5949057135506131,-0.6248470335613264,-1.111922497195936,-1.2398540828267155,0.41047297792853465,0.7284194542737585,0
-0.14084903031751886,0.3739139973286929,-1.4880871519017334,1.5157647368827654,0.9337303553297805,-0.015377013691579365,1.8114108617716242,2.1547784527652207,0.4419297253099198,1.6541836126496892,-0.746794608424247,-0.9979504794924884,-0.02155516312068755,1.680938638211487,1.600391689947671,1.7383785867763069,-0.18156851716024935,-0.4143490925491775,2.2591964912503415,0
-0.14147281877743664,1.4710794824480968,-0.1955719164102551,-1.5048903784675043,-0.3757663557030379,-0.015377013691579365,0.3733171125083828,1.3713883455777867,-0.723205523557842,-0.7291275350138491,-0.8463148399869963,-0.9979504794924884,-0.47439472447966885,-0.5949057135506131,-0.6248470335613264,0.4106343854079182,-0.9410140995122053,-0.9502223907587113,-0.9855990212773089,0
0.18526089461185594,0.008192168955558287,0.09165369147674007,-0.49800534001741437,1.3437263994571005,-1.1544150649196747,-0.8549865120461575,-0.4976324221795759,-0.628699658528797,0.10367025296946725,-0.5930177772501382,0.009063122417187087,0.43128439823829373,-0.5949057135506131,-0.6248470335613264,-0.7774110182453184,0.013494741859562754,-1.2852177961486277,-0.8532404540198641,0
-0.13718304038003523,1.4710794824480968,0.5224921033072328,1.5157647368827654,0.4863748585833824,0.5541420119224684,0.25546183341647694,-0.4824698056276268,-0.14549641000555621,-0.811248716123336,-0.7085322464528169,1.0160767243268625,0.43128439823829373,-0.5949057135506131,1.600391689947671,-0.26999619740006825,-0.7083292933096415,0.40425912616215004,0.28393616711931724,0
-0.13862236852159657,1.2882185682615295,-0.6264103282407478,-1.5048903784675043,1.2326059762824062,0.5541420119224684,-1.745988686098942,-1.1765173636174309,0.33879954877844126,-0.4499318517098079,-0.12061617918282821,-0.9979504794924884,-1.8329134085566128,-0.5949057135506131,-0.6248470335613264,0.1453327252420456,0.5084478729352325,0.4103820566050669,0.24588552305269235,0
-0.12338074536796549,-0.3575296594175763,1.5277817309117159,0.005437179207630557,1.2287742375522444,-0.5848960393056271,0.8212694515764032,0.9072815045238336,-0.7747605645282948,-0.34791403884109934,-0.5742279153980753,-0.9979504794924884,-0.47439472447966885,-0.5949057135506131,-0.6248470335613264,-0.9093922397857562,0.5278678515662113,-0.7377970021250443,-0.7980054158781553,0
-0.10221821545857555,0.9224967398883949,-1.4880871519017334,-1.5048903784675043,-0.6641046951477184,-0.015377013691579365,-0.40882744440365687,-0.6946054645207035,-0.3094130134902429,-0.9624664229571421,-0.0018751553574614045,0.009063122417187087,-1.3800738471976315,1.680938638211487,-0.6248470335613264,-0.28093791957484887,-0.0052687502971207984,0.6357253892038084,-0.4202774012486349,0
-0.13951367143248067,1.4710794824480968,-0.1955719164102551,-1.5048903784675043,0.7996194997741152,-1.7239340905337224,-0.7041136324721411,-0.5493824142191512,1.3768247088859333,-0.5209077642684502,-0.9576963364856144,-0.9979504794924884,-0.47439472447966885,-0.5949057135506131,-0.6248470335613264,0.3601872806172808,-0.31113625707221515,-1.080731595942613,0.12474372262291211,0
-0.1318821666349372,1.1053576540749621,1.5277817309117159,-0.49800534001741437,-1.5789323169738645,-0.5848960393056271,-1.2896334391752835,-0.6513267746881175,-0.8795289008965341,-0.1890418058467604,1.2073968224269103,-0.9979504794924884,0.43128439823829373,-0.5949057135506131,-0.6248470335613264,-1.285578347889159,-0.6976870956707613,1.9817588891338225,-0.6490520962907733,0
-0.11977057714017265,1.653940396634664,-1.3444743479582357,-1.0014478592424594,1.1023268594569027,-0.5848960393056271,1.2750058784579807,-0.11513568284159156,0.5473909741434847,0.8553204283482249,1.5019879262143976,0.009063122417187087,-1.8329134085566128,1.680938638211487,-0.6248470335613264,-0.5573894204139432,-0.009216395984548926,-0.562203176718926,0.9559597614546843,0
-0.09620573529959049,-0.17466874523100903,0.37887929936373527,1.5157647368827654,1.4308984555682829,-0.015377013691579365,0.09409504952554823,-1.44564920730369,-1.4469026068630093,-0.9147363322728465,-0.18063357078769912,-0.9979504794924884,-1.3800738471976315,-0.5949057135506131,1.600391689947671,-0.14420224693390635,0.5617387819806676,-1.5520592919698168,-1.5382312862992662,0
-0.08513302982545541,1.653940396634664,0.809717711194228,1.5157647368827654,0.992164370964749,0.5541420119224684,0.5130618430073269,-0.30935306115439065,-0.8375451810707087,0.04465707566886862,1.2339998191550554,0.009063122417187087,-1.3800738471976315,-0.5949057135506131,1.600391689947671,3.468284740069837,0.0348876800069083,0.5001827873509123,-0.6093682487482428,0
-0.1406640000614637,1.1053576540749621,1.0969433190812232,-1.5048903784675043,1.2757130369967271,1.6931800631505638,1.3491043816254578,-0.7146944775072924,-0.2407990595838865,-0.8920827366431245,-0.872303563633202,-0.9979504794924884,0.8841239595972751,-0.5949057135506131,-0.6248470335613264,-1.146045120035344,-1.099845318662302,-0.3821046852697141,-1.4924524226871285,0
-0.09443458519830385,0.008192168955558287,-0.48279752429725026,0.5088796984326754,-0.41983135109989933,1.123661037536516,0.3431341595885057,-0.6324149132235807,-0.8755016085814591,1.0602263185781613,0.7065957893276926,0.009063122417187087,0.43128439823829373,-0.5949057135506131,-0.6248470335613264,0.017983879870599826,0.2914309379033578,-0.9734951463408448,-0.23107802079854878,0
-0.14190218904003388,-0.17466874523100903,-1.0572487400712407,-1.0014478592424594,-1.1114601918941165,-0.015377013691579365,0.38656878414856227,-0.1094236253114035,-1.0614166138226542,-0.8066583561556921,-0.10832138720847828,-0.9979504794924884,-0.02155516312068755,1.680938638211487,-0.6248470335613264,-0.5643314172998165,-0.9493890924439058,-1.5030474379859655,-0.5410218776616084,0
-0.12448588188387759,-1.0889733161638455,-0.1955719164102551,-0.49800534001741437,0.2047420619164851,1.123661037536516,0.031098551316849007,-0.1367239368367462,-0.9650949038611164,-0.046849795720430326,-0.5988742836884802,-0.9979504794924884,0.43128439823829373,-0.5949057135506131,-0.6248470335613264,-0.3322663880757827,-0.9027076438175684,-1.343415997796128,-0.5561381641832555,0
-0.03698522177927582,1.1053576540749621,-0.7700231321842455,0.5088796984326754,-0.5903437245921025,-0.015377013691579365,-0.6642965120686637,0.021164298310790662,0.2672288577127062,-0.4035952975819143,0.5155555825715354,-0.9979504794924884,-0.47439472447966885,-0.5949057135506131,-0.6248470335613264,1.620579721193785,0.3260085440000412,1.0593202791172531,-0.7457548240660027,0
0.43895082060543905,-0.9061124019772783,-1.3444743479582357,0.5088796984326754,-0.7541505553065223,-0.015377013691579365,-1.8425247690206614,0.3473569197916576,-0.6758400641142792,-0.5918829786651596,-0.9840988299525137,0.009063122417187087,-0.9272342858386502,1.680938638211487,-0.6248470335613264,0.38540667685775054,-1.1311319108249112,0.5856426067832081,1.922658981086952,0
0.21314462010001578,-0.3575296594175763,-0.3391847203537527,1.5157647368827654,0.15109771969421898,-0.5848960393056271,0.6051275063367724,-0.7945995946282757,-0.7474014570458134,-0.5239016349726692,-0.04309735684286714,1.0160767243268625,0.43128439823829373,-0.5949057135506131,1.600391689947671,-0.006534682356660415,0.6708052337204073,-0.4052518743270221,-0.5035795396668852,0
-0.14088763929314735,1.2882185682615295,-1.3444743479582357,0.5088796984326754,-0.6698523032429612,-0.015377013691579365,-1.1559518412278733,-0.3680241370500867,0.9839144278610557,-0.9601173859349424,-0.3347068886772488,2.023090326236538,-0.47439472447966885,1.680938638211487,-0.6248470335613264,0.140798202859563,-0.7033511144043108,-0.19314974183557798,0.23668781601170563,0
0.42230137793224315,-1.6375560587235474,1.2405561230247208,0.005437179207630557,-1.455358742926144,0.5541420119224684,1.4070806231096833,1.822474665781086,1.3028225975711298,-0.31538817928763224,-0.6961355819562898,-0.9979504794924884,-1.3800738471976315,-0.5949057135506131,-0.6248470335613264,1.0457662048719387,-0.7972073722620192,1.2165296155988627,1.5113813244940029,0
-0.0961255442354409,1.2882185682615295,-1.2008615440147383,0.5088796984326754,1.572672788584272,1.123661037536516,-3.358159563301372,0.05953029958104338,-1.5802868517432447,-0.8562208052498274,-0.7673121653479106,0.009063122417187087,1.3369635209562563,1.680938638211487,-0.6248470335613264,1.4115431941061256,-0.9454685544081529,-0.7886698042056115,0.6727125729395408,0
-0.13980181534244446,0.3739139973286929,-1.4880871519017334,-0.49800534001741437,-1.2771828919736172,0.5541420119224684,1.0863043914491266,0.6395915015497226,0.5651082644239933,-0.4417614627231704,-0.5975355560787039,0.009063122417187087,-0.9272342858386502,1.680938638211487,-0.6248470335613264,-0.08189320577953331,-0.89286321794365,0.1421533996138454,0.1473234841449687,0
-0.1412240929856053,-0.3575296594175763,0.9533305151377256,1.5157647368827654,-0.5117930806237841,0.5541420119224684,-0.3134829097132136,0.3734900822407544,2.2533037600121433,-0.814107309115259,-0.055074142144816006,-0.9979504794924884,-0.47439472447966885,-0.5949057135506131,1.600391689947671,0.5117188836293411,0.5152639366294386,1.3070063454890544,-0.797834121682329,0
-0.12828301064871822,0.7396358257018275,0.9533305151377256,0.5088796984326754,-1.3988405966562567,-1.1544150649196747,1.0582744861890854,1.2609474352622314,1.9882293119037604,-0.3918059367193486,-0.06042854704274735,-0.9979504794924884,0.43128439823829373,-0.5949057135506131,-0.6248470335613264,0.21076872971669514,-1.0583069823414175,0.5641112078380768,-0.23881476160208345,0
-0.13362436546984072,-1.4546951445369802,1.2405561230247208,-1.0014478592424594,1.07646262302831,-1.1544150649196747,1.3379822663378849,0.30046566112709694,-0.9214911690771554,0.6355558471590792,-0.8327357116152952,0.009063122417187087,-0.47439472447966885,-0.5949057135506131,-0.6248470335613264,-0.11539315640509484,0.24532310978243166,-0.9103595182470322,-0.6191932634390498,0
-0.10840887799454883,-1.6375560587235474,-1.631699955845231,-1.0014478592424594,-0.5520263372904838,1.6931800631505638,-0.18468906595629417,-1.1880064831931647,1.3161454076951806,0.07910099421803249,-0.3012303186010697,2.023090326236538,0.8841239595972751,1.680938638211487,-0.6248470335613264,-0.07137593190318149,0.1507334241632856,-0.7027814618785795,0.8754563177919348,0
-0.09763837722624015,0.7396358257018275,1.2405561230247208,0.005437179207630557,-0.33361722967125734,-0.5848960393056271,-0.1258804947293445,-1.2197803327833594,0.7694463612725602,-0.027145563092657872,-0.8184241204666013,-0.9979504794924884,1.7898030823152375,-0.5949057135506131,-0.6248470335613264,-0.6079614032569267,1.0104465187266187,-0.06349207813423029,-0.7679998477210846,0
-0.020410142313508833,0.9224967398883949,-0.05195911246675751,-0.49800534001741437,0.8638011235043264,-0.015377013691579365,0.6014413808972017,0.0019759421742720517,-0.4887791017525676,-0.7177101500849495,-0.8830222045197296,2.023090326236538,-0.9272342858386502,-0.5949057135506131,-0.6248470335613264,-1.1035893695526204,-0.5015041589035427,0.31604825929003016,-0.1601929325818451,0
-0.1350162361044487,0.9224967398883949,-0.7700231321842455,0.005437179207630557,0.8676328622344883,2.832218114378659,0.030590733315769343,-0.2068406583504361,-1.7239128143740972,0.24500640962950745,-0.7484741311814856,-0.9979504794924884,0.43128439823829373,-0.5949057135506131,-0.6248470335613264,1.046494777985311,1.1887430899478744,-1.1114877146471265,-0.6086499993064388,0
-0.03623420366465744,-0.9061124019772783,1.0969433190812232,-1.0014478592424594,0.47679551175797774,-1.1544150649196747,-0.7394856115819037,0.030267105942443966,1.8448720220768902,1.9370599148293517,0.6300315316254533,0.009063122417187087,-0.9272342858386502,-0.5949057135506131,-0.6248470335613264,-0.6316853471497247,0.16391949676981768,-1.4461570858554271,0.6234916530372601,0
-0.11356014291013475,1.1053576540749621,0.5224921033072328,1.0123222176577205,1.2460170618379727,-1.1544150649196747,-1.8385234580700518,0.7407234922581944,1.1647788780952908,-0.7865961420902637,0.26109432166051644,-0.9979504794924884,-1.3800738471976315,-0.5949057135506131,1.600391689947671,-0.2472091843884795,-0.7212292836799279,0.6746320148638794,-1.492018911928568,0
-0.11314966789134999,-0.5403905736041437,-1.3444743479582357,1.0123222176577205,-1.3825557070530687,-1.1544150649196747,1.2420394390226672,-0.5774466216724705,1.5987059540270452,-0.502724400779081,0.22278122914908127,0.009063122417187087,-0.47439472447966885,1.680938638211487,1.600391689947671,-0.1957445730751262,0.5005895747076116,-0.27678153541270556,-0.050002154343854,0
-0.13615409122416505,-1.2718342303504129,1.2405561230247208,-1.0014478592424594,-0.14490409721078534,-0.015377013691579365,-1.255495852100616,1.0198859946463956,-0.4737272746669985,-0.959562445413776,-0.11400762698665871,0.009063122417187087,-1.3800738471976315,-0.5949057135506131,-0.6248470335613264,-1.4720509736429215,0.7967309307023174,-0.21016109711729145,-1.0443185675657458,0
-0.13195995002926203,-1.2718342303504129,-1.0572487400712407,0.005437179207630557,-0.835575003322462,-0.5848960393056271,0.3692906390468599,1.0330447208539688,0.9138225355783426,0.7408590523547226,0.16675134632878888,1.0160767243268625,-0.02155516312068755,1.680938638211487,-0.6248470335613264,2.0072027777203134,-0.9113259636738607,1.324299293093395,0.6176476503449313,0
-0.09672294528105259,1.2882185682615295,-1.2008615440147383,-1.5048903784675043,0.9289406819170781,-1.1544150649196747,-1.053239385417823,1.8895884567882852,1.3825324994247434,2.031659477256707,-0.40719615982201657,-0.9979504794924884,-0.02155516312068755,1.680938638211487,-0.6248470335613264,0.2727326746494073,-0.8765531339160266,-0.7670334551255994,0.8404813030106262,0
-0.13899265991407084,0.9224967398883949,0.809717711194228,1.5157647368827654,-0.6890109968937705,-0.015377013691579365,0.6552087593065469,-0.18073591165295216,0.6545994445125465,1.1505913688998486,-0.9618606123224653,0.009063122417187087,-0.9272342858386502,-0.5949057135506131,1.600391689947671,-1.5836402273133177,3.8155240330091957,-0.7071091425451164,-0.7676231253492455,0
0.35750428906781995,1.1053576540749621,1.3841689269682185,-1.0014478592424594,-0.1516096399885686,0.5541420119224684,-2.017505330437708,1.0979301043601055,0.7484558271198458,-0.3684738222992385,0.2618153011508226,2.023090326236538,-0.9272342858386502,-0.5949057135506131,-0.6248470335613264,0.9924377058926345,-0.23689839026540038,-0.22511916766954745,1.5922810889363186,0
-0.12241455778376222,0.7396358257018275,-0.48279752429725026,-1.0014478592424594,1.3705485705682334,1.123661037536516,-0.04188419740493286,-0.5637006294496252,0.2949607799886469,-0.20778373677982512,-0.19282985363589172,1.0160767243268625,-0.47439472447966885,-0.5949057135506131,-0.6248470335613264,-0.8410369524410085,2.8762956799575536,-0.8138733384062838,0.1549837418746781,0
-0.10865736653934381,1.4710794824480968,-1.0572487400712407,0.5088796984326754,-0.5204144927666484,0.5541420119224684,1.2957426721437784,-0.4564758150721136,-0.052976565461532184,0.02006331503554213,-0.735685337809746,-0.9979504794924884,1.3369635209562563,1.680938638211487,-0.6248470335613264,-1.2391199672004374,-0.1284481356173401,-0.0016198314893847124,0.01908779690476356,0
-0.13183143586081772,1.2882185682615295,-1.3444743479582357,1.5157647368827654,-1.0712269352274169,0.5541420119224684,-1.3110584376094052,-0.5389490363148047,-1.386022466502753,0.2528978165431507,-0.5295366025336604,-0.9979504794924884,0.43128439823829373,1.680938638211487,1.600391689947671,-0.2100454708221394,-0.7888898654650492,-0.9887656705742305,0.9225994974888898,0
-0.13789741544941722,-1.6375560587235474,0.09165369147674007,1.0123222176577205,0.0035757785829870527,-1.1544150649196747,0.18736199958363042,-0.7455215909420233,-0.18162242492245048,-0.932463585052578,0.46027274238967975,1.0160767243268625,-0.02155516312068755,-0.5949057135506131,1.600391689947671,-0.19871924459434986,-1.0620971143418254,-0.35904738606859327,-0.615222665543531,0
-0.07984757232958617,0.008192168955558287,1.3841689269682185,-1.5048903784675043,-0.31062679729028614,-1.1544150649196747,1.1251237938865368,0.3742269825803388,-1.265475944213368,-0.1920374914886387,-0.8515289806050252,0.009063122417187087,1.7898030823152375,-0.5949057135506131,-0.6248470335613264,-0.43090469876152954,0.1514078193246044,-0.5551176614933632,-0.44040733000098947,0
-0.14160155849505554,1.4710794824480968,-0.6264103282407478,0.5088796984326754,0.009323386678229855,0.5541420119224684,0.9428795482327331,0.002480156338885497,0.22593905402002273,0.07757430393924153,-0.23052464733906253,0.009063122417187087,-0.02155516312068755,-0.5949057135506131,-0.6248470335613264,1.6106533391469282,1.031960762193061,1.0110044001728793,-1.0631379151962759,0
-0.12559529234620562,-0.5403905736041437,0.5224921033072328,0.005437179207630557,-1.4285365718150111,1.123661037536516,1.710900819670442,0.5765816292298395,0.04158087237671617,2.72475214987505,-0.43361872250479594,2.023090326236538,-1.8329134085566128,-0.5949057135506131,-0.6248470335613264,-1.2573120264661701,-0.06691487728242365,2.68481382703786,1.150767455341067,0
-0.09095364876405228,1.2882185682615295,1.5277817309117159,-1.0014478592424594,0.9155295963615117,0.5541420119224684,-2.2456170889469598,1.0181043368943967,1.8288087630624164,-0.6979266953666675,2.86491675096828,-0.9979504794924884,-0.47439472447966885,-0.5949057135506131,-0.6248470335613264,0.7359364417859299,0.10591260738296623,-0.8070230458679437,0.33835573985454004,0
-0.14153542590640486,-0.5403905736041437,-1.4880871519017334,0.005437179207630557,0.1702564133450283,-1.1544150649196747,0.3514901200472949,-0.9303949456370346,0.6018130551456802,0.3967653047479136,-0.017879777656661898,-0.9979504794924884,0.8841239595972751,1.680938638211487,-0.6248470335613264,-0.17759697835622346,-1.0084522340692164,-0.7609211920757192,0.2121838979644088,0
-0.12097834754034376,0.1910530831421256,1.6713945348552135,-1.5048903784675043,0.776629067393144,0.5541420119224684,1.6682272696214961,1.0744455267590778,-0.7819498822910209,-0.4331203672532914,-0.8250515212512087,-0.9979504794924884,-0.9272342858386502,-0.5949057135506131,-0.6248470335613264,0.6026154437829446,-0.036305720517797326,-1.414656706127729,-0.24737870206080934,0
-0.0468267071439166,-1.2718342303504129,0.23526649542023767,-1.5048903784675043,1.2900820572348342,-0.015377013691579365,1.0602365372909843,1.9213857263729146,1.8228095004910645,1.0180042784888057,-0.9615183092465198,-0.9979504794924884,-0.9272342858386502,-0.5949057135506131,-0.6248470335613264,-1.3073556505867647,-0.8899910167006013,0.12439941636914258,-0.3362951208696328,0
-0.13494685837113418,-1.6375560587235474,-0.7700231321842455,1.5157647368827654,1.4328143249333638,-0.015377013691579365,-0.20342457490472765,0.7554148133720892,0.7459132271510764,-0.5653716480678547,-0.4911536094396799,-0.9979504794924884,-0.02155516312068755,-0.5949057135506131,1.600391689947671,-0.16552550524253545,2.7943045542663216,0.7364264923892804,-0.6587562684516729,0
-0.13824903954397672,-1.4546951445369802,-0.3391847203537527,-0.49800534001741437,1.6081163718382692,-1.1544150649196747,-1.3512513412453717,0.4822582710157845,0.8787809692760858,-0.728597871164608,0.2801220816328285,0.009063122417187087,4.5068404504691255,-0.5949057135506131,-0.6248470335613264,0.6591091994588577,2.2413433802292944,-0.1424327941235471,1.916179769120256,0
-0.09132445119496825,1.2882185682615295,-0.7700231321842455,0.005437179207630557,-0.4619804771316799,0.5541420119224684,-0.9362869750974848,-0.5596601587357732,-1.1315553532802087,-0.34769345856516337,-0.8008608395725781,0.009063122417187087,-0.02155516312068755,-0.5949057135506131,-0.6248470335613264,0.36338368113690733,-0.17012396699820675,0.26262872032164386,-0.31604016860554246,0
-0.10561821560216328,-1.6375560587235474,0.09165369147674007,1.0123222176577205,-1.6996320869739632,2.832218114378659,-0.12485481833355336,-1.9190958265637938,0.4318360445907364,-0.011051133163774029,-0.26005604939345245,2.023090326236538,-0.02155516312068755,-0.5949057135506131,1.600391689947671,-1.639454865441367,0.39699722632823453,0.3186674481986301,-0.9108540695397179,0
-0.10346993104764597,-0.17466874523100903,0.37887929936373527,0.005437179207630557,-0.693800670306473,0.5541420119224684,-0.6806176264088659,-1.165055020222419,-0.4594586648433046,-0.8693529956150763,-0.5238029227463578,2.023090326236538,0.8841239595972751,-0.5949057135506131,-0.6248470335613264,0.48856374921417783,0.6892566052371616,0.16468527791660595,-0.022616874521108846,0
-0.11867091589930395,-0.17466874523100903,0.809717711194228,-1.0014478592424594,-0.09604942840122152,1.123661037536516,-0.9932315441524752,1.6944209951141271,-0.615465599764936,-0.20785322568023376,-0.09574578173226057,0.009063122417187087,0.8841239595972751,-0.5949057135506131,-0.6248470335613264,0.8164221248811131,-0.3581612955086739,1.2507867276383662,-1.799526447541337,0
-0.1390230749817935,-0.7232514877907109,1.3841689269682185,1.5157647368827654,-1.455358742926144,1.123661037536516,-0.7559325210380953,-0.07903909353955173,-0.46137742001444226,-0.3824694116269042,1.3082095713145019,0.009063122417187087,-0.02155516312068755,-0.5949057135506131,1.600391689947671,-1.2284680189392043,1.0959894571667137,-0.06332517420323072,-0.8282790204169925,0
-0.13080750446879605,-0.5403905736041437,-1.2008615440147383,-1.0014478592424594,-1.5003816730055461,-0.5848960393056271,0.5670844856454583,0.11664808588678484,1.4048010562485862,-0.6574117850720272,0.18321811430217247,1.0160767243268625,-0.9272342858386502,1.680938638211487,-0.6248470335613264,1.1790207518094584,-0.14625850948948468,-0.9207276535620413,0.11941058423168334,0
-0.13156742102903274,-0.3575296594175763,1.5277817309117159,0.005437179207630557,-1.0012977034019628,1.123661037536516,0.9257938868219758,-1.5908126553403217,-0.6736856465983899,2.7480973598180056,-0.6527371930925715,1.0160767243268625,0.43128439823829373,-0.5949057135506131,-0.6248470335613264,0.5910437094419275,-0.3321168110990845,-0.19317581049246815,0.5708016903284399,0
-0.1278915921106794,1.653940396634664,0.09165369147674007,1.0123222176577205,0.23252216771015866,-0.015377013691579365,1.1021268790276666,-0.10260809770055981,1.5258655960123158,3.255665035204071,-0.6721777961914244,1.0160767243268625,-0.47439472447966885,-0.5949057135506131,1.600391689947671,-1.5054745952973232,-0.9630942979893173,-1.1369908056653952,0.2693893888481767,0
-0.12826721154767529,1.1053576540749621,0.5224921033072328,-0.49800534001741437,-1.1708521422116254,-0.015377013691579365,-0.6136112633394782,-0.4880998303560381,0.4087281975457775,-0.4260954379943725,-0.8716998888761797,0.009063122417187087,-1.3800738471976315,-0.5949057135506131,-0.6248470335613264,-1.2175132071773929,1.9004138569940143,0.33290317229814415,-0.8284306507080823,0
-0.13623495579081887,-0.5403905736041437,1.6713945348552135,1.5157647368827654,-0.663146760465178,-1.7239340905337224,-0.26479310384691146,0.43729453343768027,0.7338188638787622,-0.5656876906735333,-0.3347033401929367,0.009063122417187087,0.8841239595972751,-0.5949057135506131,1.600391689947671,-0.10686872613055891,-0.13915828920295323,-0.35718336801262784,-1.6282556508521817,0
-0.07243457017280959,1.4710794824480968,-1.4880871519017334,1.5157647368827654,0.9318144859646995,-0.5848960393056271,-0.2207172829142204,-1.2857658521800874,0.7384019420337165,-0.7498305027468871,2.0199554817080196,0.009063122417187087,0.43128439823829373,1.680938638211487,1.600391689947671,-0.7779311472479551,-0.9717539069774229,-1.576762267380951,-0.029393463282962235,0
-0.11564479595460331,-0.7232514877907109,-1.2008615440147383,1.0123222176577205,0.6224015835041288,1.123661037536516,1.6633965774977695,0.6053212366486429,-1.16405889723362,-0.5885651544851559,0.13613741791858824,0.009063122417187087,-0.47439472447966885,1.680938638211487,1.600391689947671,-0.14863894722701892,-0.8129460940051315,-0.5055750843951304,0.8144075778563007,0
-0.1299928502329217,1.4710794824480968,1.6713945348552135,-0.49800534001741437,-0.32212201348077174,0.5541420119224684,0.3739150332882629,1.105472179573344,0.6712326159477032,-0.4386943250720649,-0.5012103396694888,-0.9979504794924884,0.8841239595972751,-0.5949057135506131,-0.6248470335613264,1.8384751537491393,-1.480883090159456,-0.02061252772018112,0.5410267371103527,0
-0.1403518454691292,0.1910530831421256,0.5224921033072328,-0.49800534001741437,-0.9304105368939682,1.123661037536516,-0.3849287794381918,-1.2316073985177287,-0.6877852985152987,-0.9355285012577503,-0.026083284146735025,-0.9979504794924884,-0.02155516312068755,-0.5949057135506131,-0.6248470335613264,-1.2610816091894816,0.32686082421063817,2.780056210696304,-1.145665972984916,0
-0.13725693733050834,0.5567749115152602,-1.0572487400712407,-1.5048903784675043,1.164592613822033,-0.5848960393056271,2.0824456242209215,-2.3258444416074067,-0.3877621075358372,1.5846000110396457,2.027495860277863,-0.9979504794924884,-2.285752969915594,1.680938638211487,-0.6248470335613264,0.7564261681598302,0.7845198284768914,0.2769775305932809,0.9761049474572299,0
-0.13898342674410094,-1.6375560587235474,-0.48279752429725026,-1.5048903784675043,0.7795028714407654,0.5541420119224684,1.6120467911054757,-0.6259456135593772,-0.7798014085661037,0.6018400507912552,-0.6672972006076386,1.0160767243268625,0.43128439823829373,-0.5949057135506131,-0.6248470335613264,0.6970814860262923,-1.3243883174914823,-0.4486136273094665,-0.6022328397952662,0
-0.1398391828232432,-1.0889733161638455,-1.4880871519017334,1.0123222176577205,-0.48113917078248924,-0.015377013691579365,1.7747551194404165,0.5483861541264954,-0.8163555452377056,0.415978753455164,0.23751324123986525,0.009063122417187087,-0.47439472447966885,1.680938638211487,1.600391689947671,-0.9921299025260534,0.08056038002584065,1.5390741075555023,0.8947775808256572,0
-0.13982585733978223,-0.3575296594175763,-0.1955719164102551,0.005437179207630557,0.05530425144017227,-1.1544150649196747,2.329361254163389,0.11144577033223813,0.39078398055515445,2.975536443982347,-0.9377150995704393,0.009063122417187087,-0.9272342858386502,-0.5949057135506131,-0.6248470335613264,-0.6974736252836342,-1.4595650409267542,-1.3630245580085063,0.7179156699985689,0
-0.10738960860428147,-0.5403905736041437,-1.2008615440147383,-1.5048903784675043,-0.558731880068267,-0.5848960393056271,2.1288091630895236,1.408423049999021,2.004976529343419,-0.5124582266195231,0.16087740441692916,1.0160767243268625,-2.285752969915594,1.680938638211487,-0.6248470335613264,-0.45532436062196674,0.7642021852471558,2.506663037177277,-0.3535698893924315,0
0.03597133485647635,0.7396358257018275,-1.3444743479582357,0.005437179207630557,-0.38247189848082114,-0.5848960393056271,0.6560452089564431,-0.23487085347433603,-0.4253011717598432,0.5988776955295555,0.8263791986947816,1.0160767243268625,0.43128439823829373,1.680938638211487,-0.6248470335613264,-0.8879243466581118,1.1318561362671289,-0.778130867614877,0.5120495063117836,0
-0.10787232242330819,0.008192168955558287,0.6661049072507305,0.005437179207630557,-1.3959667926086352,0.5541420119224684,-0.5858819397156736,-0.011820250863026427,1.5226585706801534,0.4246855079504684,0.9077224742131246,-0.9979504794924884,1.3369635209562563,-0.5949057135506131,-0.6248470335613264,0.6713706717262264,-0.9939168596174984,-1.1827426148373235,-0.9145712978248153,0
-0.13571834779074507,-1.2718342303504129,1.2405561230247208,-0.49800534001741437,1.61003224120335,-0.5848960393056271,-0.4357152589389409,1.3722300673713388,1.478319993217931,-0.6874862866201402,-0.08961885085603906,0.009063122417187087,0.43128439823829373,-0.5949057135506131,-0.6248470335613264,0.4823304008283017,-1.0814038908038235,-0.6102456036533261,-0.3797004666230552,0
-0.13960097916736922,0.9224967398883949,-1.3444743479582357,1.0123222176577205,1.3197780323935886,-0.015377013691579365,-1.0559834663422707,2.00239961110496,0.16025662819217923,0.17674147488491895,0.250903577474524,0.009063122417187087,0.8841239595972751,1.680938638211487,1.600391689947671,-0.8181263724586075,0.7447727680757461,-1.5267489205151004,0.2589601606682742,0
-0.11294490330615305,0.7396358257018275,-0.1955719164102551,0.005437179207630557,-1.455358742926144,-0.015377013691579365,-0.4780097684274875,0.38700688002302797,-0.28602387304631643,0.4360197753070408,-0.3387778702931279,-0.9979504794924884,-0.02155516312068755,-0.5949057135506131,-0.6248470335613264,-0.47922384660261896,-1.0170966846997398,-1.1341737174296753,-0.8185343002042629,0
-0.14084389547260537,-0.5403905736041437,0.809717711194228,0.005437179207630557,1.205783805171273,-0.015377013691579365,0.29358055756800816,-0.6197536246776262,1.9558075006567477,-0.10511094026966038,-0.9042618102948945,0.009063122417187087,-0.02155516312068755,-0.5949057135506131,-0.6248470335613264,0.37243797343729323,2.031201236058214,1.6507816477492363,-1.0810504710425413,0
-0.13581754394555615,0.1910530831421256,1.0969433190812232,-0.49800534001741437,-0.24644517356007484,0.5541420119224684,0.8741232334024924,2.2958623585422515,-0.12984616001425947,-0.8465319412653189,-0.32049105644152903,-0.9979504794924884,-1.3800738471976315,-0.5949057135506131,-0.6248470335613264,1.2231848930947726,-0.9734105342994622,-0.35673569164970625,-1.4966437578226024,0
-0.1418552958659794,0.9224967398883949,-0.48279752429725026,0.005437179207630557,-0.936158144989211,1.123661037536516,-1.4138730887197526,0.03530938281348866,2.072932488291122,-0.034308942526336234,-0.4682649593576836,-0.9979504794924884,0.43128439823829373,-0.5949057135506131,-0.6248470335613264,-0.733042105695432,1.2531277253539588,-0.34807750526940584,-1.5926961560179558,0
-0.13826198134974335,1.4710794824480968,1.0969433190812232,-1.5048903784675043,-1.2312020272116748,-0.5848960393056271,-0.6371224581039964,-1.1720889322414028,0.9400640016505615,-0.937040916492503,-0.952490968343851,0.009063122417187087,1.7898030823152375,-0.5949057135506131,-0.6248470335613264,0.147195975089914,1.180343881704854,-0.4021900700337105,-0.5146325357899354,0
0.09406799050618779,-1.2718342303504129,-0.3391847203537527,-1.5048903784675043,0.3417267215197719,-0.5848960393056271,-0.2704771542136851,-0.41616538054598756,-0.878140501382528,0.7637374096595262,1.1954051510735912,-0.9979504794924884,0.43128439823829373,-0.5949057135506131,-0.6248470335613264,-0.985411225964906,-1.2080388106598683,0.8210188463485991,0.8368534019891313,0
-0.1371105644827229,-0.7232514877907109,-0.6264103282407478,-0.49800534001741437,-1.0788904126877406,0.5541420119224684,-0.3371106315649086,1.094065924978626,-0.8177167329783873,-0.845629148030127,-0.3761277388225094,0.009063122417187087,-0.9272342858386502,-0.5949057135506131,-0.6248470335613264,1.0431632730693186,1.7512179542964421,-0.7976415782251598,-0.6674018404148221,0
-0.10501515818929441,1.653940396634664,1.3841689269682185,-1.0014478592424594,1.6722979955684805,-0.015377013691579365,-0.31114993625734705,0.7375640082506371,0.7115564099647549,1.4549723558071377,-0.4265607268449641,-0.9979504794924884,-0.02155516312068755,-0.5949057135506131,-0.6248470335613264,0.4128666091178474,0.6198356947124729,0.22255554822389478,1.2999948778640291,0
-0.10992474952490003,0.3739139973286929,-1.3444743479582357,-1.0014478592424594,0.3053252035832342,-0.015377013691579365,0.789783143898481,0.08718162331019662,0.09458090792940545,-0.5476528704758751,-0.862952596534531,-0.9979504794924884,-1.3800738471976315,1.680938638211487,-0.6248470335613264,0.0944389162898192,0.4261368559823098,-0.9828863494251846,0.827637724375113,0
-0.025722372144988633,-1.6375560587235474,-0.7700231321842455,1.0123222176577205,-1.2331178965767557,-0.015377013691579365,-0.35911056985269524,0.20976988165578428,1.8021057336530855,-0.14145680024649226,0.2666579376164112,1.0160767243268625,-0.47439472447966885,-0.5949057135506131,1.600391689947671,1.2940366470556963,-0.4316754248212315,0.22752422309560547,-1.215734686160841,0
-0.14064466063914105,-0.9061124019772783,1.5277817309117159,0.5088796984326754,1.3054090121554818,-0.015377013691579365,0.9047867985070392,1.0905980801286677,-1.1037632545187652,-0.8029652742766592,0.37109797773078235,2.023090326236538,-0.02155516312068755,-0.5949057135506131,-0.6248470335613264,-0.6131676668167381,-0.5224632672941567,-1.5796972590926066,-0.7459422217211306,0
-0.13627522118857247,-1.0889733161638455,0.6661049072507305,1.0123222176577205,-0.5012557991158391,-0.5848960393056271,-0.34281906926259936,-1.0926791386667567,0.3569335848331665,1.0262320430587442,-0.3153083053188292,1.0160767243268625,-0.47439472447966885,-0.5949057135506131,1.600391689947671,0.6081650403007055,-0.7201801746112074,-0.6465243208393465,1.5582020480550416,0
-0.12498258501514581,0.008192168955558287,-0.6264103282407478,1.0123222176577205,1.71253125223518,-0.5848960393056271,0.9896923433461402,0.5599275133854911,-1.2868721855243852,-0.20600035151788704,3.0923726623674255,3.030103928146213,0.43128439823829373,-0.5949057135506131,1.600391689947671,-0.8602852721712689,1.7689950350883936,0.9685516886674913,-0.7930922063584612,0
-0.12710776184260283,0.5567749115152602,-0.3391847203537527,1.5157647368827654,-0.32978549094109544,-0.5848960393056271,-0.3388482973291299,0.708883277549183,-0.23911903691462802,0.8259438983374072,-0.3687017380034804,1.0160767243268625,-0.47439472447966885,-0.5949057135506131,1.600391689947671,0.49877511896276816,0.7283545510970616,-0.7814299585328002,-0.9133323237592137,0
-0.09841593038353956,-0.17466874523100903,-1.631699955845231,-0.49800534001741437,0.6492237546152618,-0.5848960393056271,0.15262974247175312,1.4820621837431718,0.24268161115576342,-0.7694729765516736,-0.4535031321680005,0.009063122417187087,-0.47439472447966885,1.680938638211487,-0.6248470335613264,-0.3069831023451372,-1.50175811133138,1.5893702073698854,1.0668744909938195,0
-0.141048225374264,1.653940396634664,0.37887929936373527,0.5088796984326754,1.6665503874732377,-1.1544150649196747,-2.2280862133062493,-1.0754351569045622,2.4897406883492175,-0.706379571389892,-0.2632232640801453,-0.9979504794924884,-0.47439472447966885,-0.5949057135506131,-0.6248470335613264,-0.8585948307646849,-0.10664595834441745,-0.8892408823102342,-1.1137339977952148,0
-0.1367189609330692,0.1910530831421256,1.6713945348552135,0.005437179207630557,-0.36810287824271415,0.5541420119224684,-0.1960576174777589,1.4866773461446834,-0.28371860304845176,-0.7242228061974159,-0.8764933704694824,1.0160767243268625,-1.3800738471976315,-0.5949057135506131,-0.6248470335613264,-1.214409945506033,-1.0813514805735722,-1.0148339807538012,-1.1615150920945434,0
-0.14048157311943302,-1.0889733161638455,-1.0572487400712407,1.5157647368827654,-0.2416555001473725,-1.1544150649196747,-0.2576943363827623,-0.16005954131291625,-1.2304517177991308,-0.7376785497363123,-0.7727609512276835,-0.9979504794924884,1.3369635209562563,1.680938638211487,1.600391689947671,-1.426768246993033,-1.2364216219690383,-0.563560300583282,0.5671886849425256,0
-0.1417008130474611,0.1910530831421256,-0.6264103282407478,1.0123222176577205,-1.2685614798307532,0.5541420119224684,0.6084514980676561,-0.602210455646545,-1.021864777052722,0.19891509177597608,-0.9357309001929645,-0.9979504794924884,-1.8329134085566128,-0.5949057135506131,1.600391689947671,-1.578915331001784,-0.46112920049632844,-0.1180575007840095,-0.9598349857731454,0
-0.135490507818315,-0.3575296594175763,0.9533305151377256,0.005437179207630557,-0.06922725729008844,0.5541420119224684,-0.6180221929569761,0.7602822781847763,-0.48334812821770784,0.5420070781700451,-0.9510296805644572,4.037117530055889,-0.9272342858386502,-0.5949057135506131,-0.6248470335613264,-1.1908680795755382,-0.06915226542160519,0.9763360791392709,-0.22702873096609655,0
-0.14153317271642696,0.7396358257018275,-0.7700231321842455,0.005437179207630557,0.6118643019961836,-1.1544150649196747,-2.8054849585045103,0.2947975859646664,-0.05624009531273394,-0.758447979525005,-0.1325701838920438,0.009063122417187087,0.43128439823829373,-0.5949057135506131,-0.6248470335613264,0.7186548499895493,0.10586535044455227,1.1512999283892653,-0.27904298694837554,0
-0.1003252933528148,-0.5403905736041437,1.3841689269682185,-0.49800534001741437,-1.448653200148361,-1.1544150649196747,-0.3583996350115113,-0.5267498634538934,0.8922163214216088,-0.3586251766604087,0.03143573004706938,0.009063122417187087,0.8841239595972751,-0.5949057135506131,-0.6248470335613264,0.8415976758379261,-0.5415040482029501,0.5343475169356044,0.07134053182248035,0
-0.13297191910257483,-0.7232514877907109,-1.0572487400712407,-1.0014478592424594,1.1598029404093306,-0.015377013691579365,-1.0786028483960788,-0.10922639037650853,-0.6670039075022532,-0.5907856934566841,0.5213200060724696,2.023090326236538,1.3369635209562563,1.680938638211487,-0.6248470335613264,-0.3127754373576026,1.0231268604906791,-1.0536395003920598,0.2599129765608344,0
-0.12656945372259634,-0.3575296594175763,-1.4880871519017334,0.005437179207630557,0.05243044739255087,-0.015377013691579365,0.7574002051751008,0.6584055034732862,-0.7856034117140025,-0.841001453323567,4.141277823853439,0.009063122417187087,-0.47439472447966885,1.680938638211487,-0.6248470335613264,2.1607468364669495,-0.8171948265700048,1.9525790646649988,0.4940115942775514,0
-0.1405506830112293,0.3739139973286929,-0.7700231321842455,1.0123222176577205,-1.0664372618147147,0.5541420119224684,-0.5853229313525715,2.600383178765221,0.22474883693777903,1.191466056190297,1.8803332052883392,-0.9979504794924884,-0.47439472447966885,-0.5949057135506131,1.600391689947671,0.09005429334816362,0.9820561886216861,2.384876415416212,0.3815670291907558,0
-0.1306778709352308,-0.17466874523100903,-1.0572487400712407,-1.0014478592424594,0.6511396239803428,2.832218114378659,0.5060416101576213,0.10447646243365977,-1.31727957666879,-0.7577959286079752,0.143775060277713,-0.9979504794924884,0.43128439823829373,1.680938638211487,-0.6248470335613264,-0.27237032627270763,2.815028794704818,-1.5837875305446805,0.3309334029293813,0
-0.13857459108812617,-1.0889733161638455,-0.6264103282407478,-1.5048903784675043,0.10128511620211468,2.2626990887646112,0.5981307995440964,-1.5431168926372076,-1.2352110200234894,-0.3788866799160993,-0.4683728085727277,1.0160767243268625,0.8841239595972751,-0.5949057135506131,-0.6248470335613264,2.1392593445794175,-1.1299378310803074,-1.0336269512141854,-0.5076290057363678,0
-0.13955184968613082,1.653940396634664,1.3841689269682185,1.5157647368827654,0.43081464699603533,-1.7239340905337224,0.8168079934728538,0.008372854853132602,-1.3213719872449499,-0.8577488715499152,-0.4503369302803112,0.009063122417187087,2.242642643674219,-0.5949057135506131,1.600391689947671,0.1308337974096521,-0.1626498906967398,-0.7290715757297154,-1.4312520477554322,0
-0.13039046103098706,0.008192168955558287,1.0969433190812232,-0.49800534001741437,-0.3786401597506593,0.5541420119224684,-1.204600565309017,1.3221404405254253,1.1390592723097048,-0.7959913764868864,-0.1509842123507007,0.009063122417187087,-0.9272342858386502,-0.5949057135506131,-0.6248470335613264,-1.1369202286373778,-0.8339408969662606,0.2041808136787542,-1.9484830487894529,0
-0.13961064405060278,1.2882185682615295,-1.631699955845231,-1.0014478592424594,-1.3145423445926956,-1.7239340905337224,0.7995107865362856,0.0073504345997123365,-1.2002312771434125,-0.05813124397424437,1.6018570124185354,0.009063122417187087,-0.47439472447966885,1.680938638211487,-0.6248470335613264,2.1659481980878192,1.6295920482016577,-1.3257176293712125,0.25467447349784106,0
-0.14158963754598772,-1.0889733161638455,-0.05195911246675751,-1.0014478592424594,-0.19663257006797055,0.5541420119224684,-0.08670746316938936,2.0341079097626826,-1.2277323944005194,0.4935552844109834,-0.5978870261867826,0.009063122417187087,-0.47439472447966885,-0.5949057135506131,-0.6248470335613264,-0.5772819644671225,-1.015077619288825,-0.7579728570221705,-0.5558573961042339,0
0.044192004779096315,0.1910530831421256,0.5224921033072328,1.0123222176577205,-1.707295564434287,-1.1544150649196747,0.21462258638956175,0.28626808249127145,2.2926177245792405,-0.7904570801265325,-0.7774540210509364,0.009063122417187087,-1.3800738471976315,-0.5949057135506131,1.600391689947671,1.659577859348192,-0.59482461154642,-1.3295855132076166,0.174759631745637,0
-0.13729854946432365,0.9224967398883949,-0.7700231321842455,-0.49800534001741437,0.08116848786876488,-0.015377013691579365,0.14962640252983553,-0.14208619491394242,0.06302042802999622,-0.8615800181449971,-0.6909261475433633,0.009063122417187087,-0.02155516312068755,-0.5949057135506131,-0.6248470335613264,0.14623913230485755,-1.0473929373961244,-0.18478848252916713,-0.40150304790603,0
-0.1075892338940431,1.653940396634664,0.809717711194228,-1.0014478592424594,0.9049923148535665,0.5541420119224684,-0.18347065488495917,1.1458796146137393,-0.0395276885656178,-0.07302801392282522,-0.3804672093263518,0.009063122417187087,1.3369635209562563,-0.5949057135506131,-0.6248470335613264,1.0334896238280056,-0.27497703304376353,-0.5646539281346664,-0.33721095927923395,0
0.27143931062755006,-1.2718342303504129,-0.6264103282407478,-0.49800534001741437,1.3504319422348836,-0.5848960393056271,0.35432538091195354,0.6935692334610413,-0.8296591690157229,-0.9437663828733993,-0.957604879722719,0.009063122417187087,-0.47439472447966885,-0.5949057135506131,-0.6248470335613264,-0.8699893028939157,-0.33588783357480057,-0.4201325222019984,-1.245982973397432,0
-0.13737047051925713,0.1910530831421256,0.5224921033072328,1.5157647368827654,-1.1765997503068684,0.5541420119224684,0.8281472418864095,-0.06180242214801599,0.06614338958290879,0.493957252865963,-0.7735450737513483,0.009063122417187087,0.43128439823829373,-0.5949057135506131,1.600391689947671,-1.0541977770625814,0.004210886438370017,-1.010095104927349,-0.9479795532246653,0
-0.13119875861792782,0.008192168955558287,-1.631699955845231,-0.49800534001741437,1.533397466600113,0.5541420119224684,-0.1879524066023704,-0.08825555954952467,1.0482943157292857,1.8029708950650598,0.20928453084643328,0.009063122417187087,-1.3800738471976315,1.680938638211487,-0.6248470335613264,-0.622299935897832,-0.5999556675350489,-0.5503002143429168,1.793294362226793,0
-0.13483337824697894,0.1910530831421256,-0.48279752429725026,-0.49800534001741437,-1.6009648146722952,-0.5848960393056271,-0.44304222515205055,0.13596598224020703,3.149660188347061,0.6695644754148281,-0.8285269855125365,-0.9979504794924884,-1.3800738471976315,-0.5949057135506131,-0.6248470335613264,-1.2389244750355564,-1.1568941719990082,0.5730145965277871,2.215396666876127,0
-0.13644386954120433,-1.2718342303504129,1.0969433190812232,-0.49800534001741437,0.5658834372342412,0.5541420119224684,1.4442295272923082,-0.7589957777661371,-0.616636924227834,-0.8929836211247505,-0.43510996927979395,-0.9979504794924884,-1.3800738471976315,-0.5949057135506131,-0.6248470335613264,-0.1465250942478631,-0.20904896354125233,1.4849271792815721,-0.6420760467012818,0
-0.13684093366340538,0.3739139973286929,-1.0572487400712407,-1.5048903784675043,-1.6517353528469398,-0.5848960393056271,0.7854730340308911,-0.024240609346124636,0.5085706494580916,-0.775336362710655,-0.39441041703533314,-0.9979504794924884,-0.47439472447966885,1.680938638211487,-0.6248470335613264,0.9704065463058369,0.10946600448815397,-0.012342727600026923,-0.26547064878429727,0
-0.056569819995682724,1.653940396634664,1.5277817309117159,-1.5048903784675043,1.1732140259648973,-0.5848960393056271,0.34567588130092114,-0.4892997408513667,-0.6367599678439172,-0.4100378640380904,-0.4644852989632073,0.009063122417187087,-0.02155516312068755,-0.5949057135506131,-0.6248470335613264,2.0947333465023186,0.314500119795367,-0.9621116019248451,-0.5172417539398155,0
-0.13850267571073746,0.9224967398883949,-1.3444743479582357,1.5157647368827654,0.9136137269964307,0.5541420119224684,0.6772553749315308,0.624841898495463,0.5986457552698496,0.7279439738528656,-0.08607362809972982,0.009063122417187087,1.7898030823152375,1.680938638211487,1.600391689947671,0.6141402870017773,0.47541865969822966,0.8301206580335329,1.612347403782365,0
-0.13830511985540536,0.3739139973286929,1.2405561230247208,1.5157647368827654,1.1559712016791688,-0.015377013691579365,0.7630782812034057,0.06906475814529854,0.6627014714625207,0.8569882307136658,-0.6914863190537287,-0.9979504794924884,-0.02155516312068755,-0.5949057135506131,1.600391689947671,0.5292105770007103,-0.20432706200493309,-0.8025705578792021,-0.7766298085453874,0
-0.11200777666257464,-1.4546951445369802,-1.0572487400712407,1.5157647368827654,0.1587611971545427,0.5541420119224684,1.5751518551988375,0.23638555785433982,-0.6477198985833817,-0.9475976650565118,-0.8367298580982935,0.009063122417187087,-0.02155516312068755,1.680938638211487,1.600391689947671,-0.8095566635828927,-1.0906356950629512,-0.21587072654446848,1.0330051107875065,0
-0.13686821753071163,-0.17466874523100903,0.5224921033072328,-1.5048903784675043,-0.20525398221083474,-0.015377013691579365,-0.6428264515803654,0.7068618861329359,0.9029342573035583,-0.27192068277636117,-0.12740258432059304,0.009063122417187087,-0.02155516312068755,-0.5949057135506131,-0.6248470335613264,-0.4188774158992946,-0.4330157353419829,0.9851635869654769,-0.46946378193747323,0
0.14390741332830237,-1.4546951445369802,0.23526649542023767,1.0123222176577205,-1.4371579839578752,-1.1544150649196747,-0.6523767351219095,0.6444154972027876,-1.4201539736267055,1.219533486183911,-0.8461488388400641,-0.9979504794924884,-0.02155516312068755,-0.5949057135506131,1.600391689947671,0.7155618048866184,-0.7512551877050654,-0.808612022584994,0.8559063595832628,0
-0.07669518299285995,-1.6375560587235474,-0.9136359361277431,-1.5048903784675043,-0.47826536673486786,0.5541420119224684,-0.38926090458258517,0.3138836030465325,1.183503687496302,-0.8511614691878073,-0.7671858382683969,0.009063122417187087,-1.8329134085566128,1.680938638211487,-0.6248470335613264,2.0370095352788007,-0.5159360372745364,1.0794733264578547,0.3479999258439758,0
-0.1273072422937342,1.4710794824480968,-0.1955719164102551,-1.0014478592424594,-0.042405086178955366,-0.015377013691579365,-1.2464493745525862,-1.5400305945503932,-0.4296628654153549,-0.6077511936695897,2.4179940421088784,-0.9979504794924884,1.3369635209562563,-0.5949057135506131,-0.6248470335613264,0.056651031191118494,1.5649710288918586,0.314993271710067,-0.6600423550224626,0
-0.14081905545840084,1.4710794824480968,-1.631699955845231,1.0123222176577205,-0.7129593639572822,-0.5848960393056271,0.17011796044133454,0.8609706077549906,-1.2168141811231936,-0.8514296923316869,0.18903166214523795,1.0160767243268625,1.3369635209562563,1.680938638211487,1.600391689947671,-0.5548856842795248,2.095476154089163,-0.8411796827356666,1.2570507809789195,0
2.3049057537944044,0.5567749115152602,-0.48279752429725026,1.0123222176577205,-0.7598981634017652,-0.015377013691579365,-0.3774985309445638,0.6925833011475355,0.09706872264680493,-0.698056597329782,-0.6471152693915004,-0.9979504794924884,-0.02155516312068755,-0.5949057135506131,1.600391689947671,1.7202524214657595,1.5010281095047748,-0.22993629145923403,1.8032021957537574,0
3.2734638850369633,0.7396358257018275,-0.1955719164102551,1.5157647368827654,-0.9323264062590492,-0.015377013691579365,0.12216588531463268,1.0189755727690581,3.865190685360258,1.6019725090203598,0.35764125976726846,1.0160767243268625,-0.9272342858386502,-0.5949057135506131,1.600391689947671,-0.15051755527507943,1.1430164442194817,-0.31914267905036764,4.124798514498876,1
-0.12230082278100798,-1.4546951445369802,1.0969433190812232,1.0123222176577205,1.0323976276314486,-1.1544150649196747,0.26843545482929193,-0.6708332465606566,2.2488930632373894,-0.7243443815753836,0.022506131612182314,0.009063122417187087,2.242642643674219,-0.5949057135506131,1.600391689947671,0.049158875937356315,-0.5759846166952115,0.08424222242533963,-0.878397928893023,0
-0.11400782716502589,0.1910530831421256,-0.3391847203537527,1.5157647368827654,1.3830017214412595,-0.015377013691579365,1.4272401928389806,0.25833909921074794,-1.2149368700516523,-0.831342888662866,-0.12356283002633948,-0.9979504794924884,-1.8329134085566128,-0.5949057135506131,1.600391689947671,-1.0244620008015026,-0.21685491136991591,-0.5334669324832751,-1.3643192300005995,0
-0.140500921095124,0.008192168955558287,-1.631699955845231,-0.49800534001741437,0.6597610361232069,-0.5848960393056271,1.9164683466483536,0.34539740088743653,-1.4510332398151708,0.22461937925565184,-0.7209826644048891,0.009063122417187087,0.43128439823829373,1.680938638211487,-0.6248470335613264,-0.7015680611193901,0.8423158259928663,2.267960066755764,0.3419288315194593,0
-0.13644242672221005,1.1053576540749621,-0.6264103282407478,1.0123222176577205,0.684667337869259,-1.1544150649196747,-0.07086909060009906,0.21900411538262685,-1.4794040580085288,0.093491742398773,0.3118979386859381,1.0160767243268625,1.3369635209562563,-0.5949057135506131,1.600391689947671,-1.001064128362546,3.221936716403836,1.5975127058090572,-0.7447614809808489,0
-0.136516030921383,1.1053576540749621,-0.05195911246675751,0.005437179207630557,0.920319269774214,-0.5848960393056271,-2.3524016873660463,-1.840093987012938,0.8847252736487247,0.13600448674532303,0.85899290743211,-0.9979504794924884,0.8841239595972751,-0.5949057135506131,-0.6248470335613264,-1.371301977960038,0.6428920077396114,0.21948270064502054,-1.150465257190213,0
-0.059884304033105885,0.3739139973286929,-0.48279752429725026,-0.49800534001741437,-0.47155982395708457,-0.5848960393056271,0.4224361204429846,-0.9690219735870006,-1.4170478717565325,-0.9488912755277843,-0.7509019196617784,1.0160767243268625,0.43128439823829373,-0.5949057135506131,-0.6248470335613264,1.5222845751763596,0.28115799855647244,1.2907974019725175,-1.7052215616888304,0
-0.0437470049904344,1.4710794824480968,0.809717711194228,0.005437179207630557,-0.6459039361794495,-1.1544150649196747,-0.5366731421662775,-0.2255299006923089,0.12609929861389121,-0.541465866315812,0.9573441531220905,1.0160767243268625,-0.47439472447966885,-0.5949057135506131,-0.6248470335613264,-0.9629809757509156,-0.05041146522938898,-0.07038400139818157,-1.206916725980628,0
-0.14062970913030226,-0.7232514877907109,-0.7700231321842455,1.0123222176577205,0.3762123700912287,-0.015377013691579365,-0.8859001021301419,1.8523856883212106,-0.44372640282895953,-0.7500379479939991,-0.5718689290281685,1.0160767243268625,-0.02155516312068755,-0.5949057135506131,1.600391689947671,-1.0960240695238663,0.8139594539877295,-0.014284446660774483,-0.016707406913521995,0
-0.07713397522439441,-1.6375560587235474,-1.3444743479582357,-1.0014478592424594,0.7660917858851988,-0.5848960393056271,-0.40185066625698584,1.1661265123489721,-0.5046638281193234,-0.6865271863641252,-0.4496209051647906,0.009063122417187087,-0.9272342858386502,1.680938638211487,-0.6248470335613264,0.4476319127777414,0.9873540930514826,1.1551131096053273,1.3275540406975905,0
-0.1417429740936235,0.1910530831421256,-1.2008615440147383,-0.49800534001741437,0.5639675678691602,2.2626990887646112,1.076223680440123,1.032372589728078,-0.1932914672724552,-0.5917924780690454,-0.36756455169692986,0.009063122417187087,0.43128439823829373,1.680938638211487,-0.6248470335613264,-1.4133397394354401,-0.09711151497151137,-0.31534067683555217,0.3548985872865616,0
-0.13478527041159202,1.1053576540749621,1.5277817309117159,-0.49800534001741437,-0.6583570870524756,-1.1544150649196747,0.6447706124258608,0.6865892944338591,0.7185220010931203,0.1411850794155871,0.6821657679682602,0.009063122417187087,-0.9272342858386502,-0.5949057135506131,-0.6248470335613264,1.047558712193345,-0.9834262997673469,0.7330618527688686,-0.43266754832838766,0
-0.10239961691177508,0.008192168955558287,0.6661049072507305,0.5088796984326754,-0.6401563280842067,-0.015377013691579365,-0.778038561837601,-0.23035146016014085,0.38840650433802865,-0.7938324577436772,-0.7486279944332662,0.009063122417187087,-0.47439472447966885,-0.5949057135506131,-0.6248470335613264,-0.2451639129089961,-0.862210587376111,-0.5600535828425747,-0.48610004572173854,0
-0.13347434582012915,1.4710794824480968,-1.4880871519017334,-1.0014478592424594,1.4356881289809853,-1.1544150649196747,-0.8854187775462179,-1.559336461558241,-0.23261914125796973,-0.3259138113435937,-0.19460288458073083,1.0160767243268625,-0.9272342858386502,1.680938638211487,-0.6248470335613264,1.735689458503356,-0.3458792966645875,0.6562254567566835,0.22660123448301403,0
0.6614080017242107,1.1053576540749621,-1.0572487400712407,0.005437179207630557,0.11469620175768122,1.123661037536516,-0.6653234795980587,-0.3863387401938741,0.24472943557961543,-0.04377098206598087,-0.09498577814468556,2.023090326236538,-0.47439472447966885,1.680938638211487,-0.6248470335613264,-0.41746406978883605,3.2896222360157887,-0.6814973557528771,2.3409725302901787,0
-0.0938903817058315,-0.7232514877907109,0.09165369147674007,1.5157647368827654,0.6817935338216377,-1.7239340905337224,-1.7635389557745709,0.6987563253380479,-1.5084588614180945,-0.41684709513885276,-0.47645462333180055,0.009063122417187087,0.43128439823829373,-0.5949057135506131,1.600391689947671,-1.293118770795867,-0.20519905585181655,1.8116957376010046,0.34857395303613803,0
-0.09154866431783448,-1.0889733161638455,-1.4880871519017334,1.0123222176577205,-1.4764333059420345,1.123661037536516,0.24038032153724828,0.7425652275868256,2.3028108674223375,-0.6442073867790478,0.24472674351659612,0.009063122417187087,-0.02155516312068755,1.680938638211487,1.600391689947671,0.3547627191718553,0.4647491876879757,0.7237774510582856,1.6678744285423421,0
-0.1074528625161395,0.9224967398883949,1.3841689269682185,-1.5048903784675043,0.9500152449329684,-1.1544150649196747,-0.12841749163095914,0.06802672969130542,-0.812534576307633,-0.438355729855739,0.29169006526679553,0.009063122417187087,0.43128439823829373,-0.5949057135506131,-0.6248470335613264,-1.5907851024504067,2.2549658928857546,-0.7007635049314941,-1.220545863667237,0
0.050816485879070894,1.1053576540749621,0.5224921033072328,1.5157647368827654,-1.1507355138782758,-0.5848960393056271,-1.1849224012363964,0.8858807850922652,-1.3265925579801527,2.25522085064548,-0.4165703472568515,0.009063122417187087,0.8841239595972751,-0.5949057135506131,1.600391689947671,0.06085214338102409,-0.6894184518057911,0.8723394211069843,0.8464954506050455,0
-0.13063212930617948,-1.0889733161638455,0.6661049072507305,1.0123222176577205,-0.8192901137192741,1.6931800631505638,1.8224408649100061,-0.23958179459873127,-0.42255353994616135,-0.03146886131251352,2.291046359667788,0.009063122417187087,-1.8329134085566128,-0.5949057135506131,1.600391689947671,-1.0159291348803683,-0.9944372771009474,-1.6059906231011156,-1.0187588844478899,0
-0.12421287190206187,0.7396358257018275,-1.4880871519017334,1.0123222176577205,0.23060629834507773,-0.015377013691579365,0.4041220157476916,0.762064700359563,-0.24513527159520646,1.1192027722085995,3.354229862753182,0.009063122417187087,1.3369635209562563,1.680938638211487,1.600391689947671,0.6288659878249087,-0.948254622077668,-1.4072778843938005,3.3328815821580893,1
-0.019300970467348067,-1.4546951445369802,0.09165369147674007,-1.5048903784675043,-0.01462498038528182,1.6931800631505638,1.2318960982287308,0.7440267048131927,0.3218297320880537,1.2746552279213879,2.187765058291718,1.0160767243268625,0.43128439823829373,-0.5949057135506131,-0.6248470335613264,1.4517436456465098,0.600527010729124,0.06449275533745148,0.6178298000594752,0
-0.1361617541383563,0.008192168955558287,1.3841689269682185,1.0123222176577205,0.9088240535837283,0.5541420119224684,-1.9864092114793899,0.6413175722757948,1.140484860926213,-0.5329026340438663,-0.8695933745313414,1.0160767243268625,-0.02155516312068755,-0.5949057135506131,1.600391689947671,1.0480270466367747,0.07467043353115205,-0.21967303035183203,-1.4133291249825926,0
0.683613682325536,1.653940396634664,-0.3391847203537527,1.0123222176577205,-0.5376573170523768,-0.015377013691579365,-3.160879699309181,0.8059727460479708,0.6228739615543224,2.8892470161025137,0.2882429647700444,-0.9979504794924884,0.8841239595972751,-0.5949057135506131,1.600391689947671,1.4235376788861875,1.1524612415296533,-0.8558693763487064,2.406680756030607,0
-0.09378666317432188,0.9224967398883949,-0.3391847203537527,-1.5048903784675043,1.182793372790302,-1.1544150649196747,0.7149224510058068,1.1323452885297576,-0.8329258905440864,-0.028768799999234772,0.5248450044068732,0.009063122417187087,-0.02155516312068755,-0.5949057135506131,-0.6248470335613264,0.47282760119095013,-0.1311364304942062,1.0667985414412324,-1.2978276284657977,0
-0.12044740870778166,-1.2718342303504129,1.6713945348552135,-1.5048903784675043,-0.5184986234015675,1.123661037536516,-0.25761439031109634,-1.573942040307678,0.2927424334850722,-0.6953172206221495,1.6686651258326874,-0.9979504794924884,0.8841239595972751,-0.5949057135506131,-0.6248470335613264,1.0601386226959855,-1.0217023277381285,0.2774772588830549,0.1329041916596299,0
-0.13035020590839874,0.1910530831421256,-1.631699955845231,0.005437179207630557,-1.649819483481859,-1.1544150649196747,-1.2245387194625041,0.1523692329968034,1.5022898786046797,0.49025579289654725,0.05095452231308369,1.0160767243268625,-0.02155516312068755,1.680938638211487,-0.6248470335613264,-1.178477799612893,-0.7747454103208908,-0.6922635665415942,0.9826208080117647,0
-0.1343892129734683,1.1053576540749621,-1.0572487400712407,1.5157647368827654,0.7545965696947132,-1.7239340905337224,-0.5745579561080721,-1.6755327671163613,-1.4811795377766512,6.381724626813547,1.4139785231239854,1.0160767243268625,1.3369635209562563,1.680938638211487,1.600391689947671,0.5691342481024996,-1.0888912622291116,-0.5551368200106181,0.5967268054405561,0
-0.12375457235897731,-1.4546951445369802,0.5224921033072328,1.0123222176577205,1.371506505250774,1.6931800631505638,0.9948788948321314,0.3580145476168475,-1.3890277724262177,-0.8387108922423425,-0.6064565077326196,-0.9979504794924884,-0.47439472447966885,-0.5949057135506131,1.600391689947671,-0.18172220120097135,-0.9786734416346665,-0.599677443047774,-1.0419426686076827,0
-0.021217944814971034,-0.7232514877907109,-0.48279752429725026,-1.0014478592424594,1.2613440167586203,-0.5848960393056271,-0.08827904243351689,-0.9693389930417435,1.0214694769595576,-0.528657969483383,-0.9263999401901025,-0.9979504794924884,-0.02155516312068755,-0.5949057135506131,-0.6248470335613264,-0.8817313356619277,-0.2117889135624328,-0.9823413535961456,-0.5393335079088498,0
2.269408156848363,0.9224967398883949,-0.9136359361277431,-1.0014478592424594,-0.3623552701474713,-0.5848960393056271,1.2607695739784588,-0.5232604845925514,1.062526963699868,-0.8925064951054905,-0.8167024325020168,-0.9979504794924884,1.7898030823152375,1.680938638211487,-0.6248470335613264,0.6465503801179888,0.5649760049283653,-1.2712395801226948,1.808991265423182,0
-0.1404599724080815,-1.6375560587235474,0.23526649542023767,0.5088796984326754,0.8896653599329191,2.2626990887646112,1.4415844732151766,-0.22716316821507176,0.8818709292490029,-0.8801400925447304,1.5665955724184646,-0.9979504794924884,-1.3800738471976315,-0.5949057135506131,-0.6248470335613264,-1.8540264465717886,-1.0532854910308027,1.2786958362961645,1.4214352281576306,0
-0.13954528385766043,1.1053576540749621,-1.3444743479582357,-1.0014478592424594,0.8273996055677887,0.5541420119224684,0.44639523783897006,-0.5902413924557672,2.583004478027275,1.0321956841500102,-0.31646694009866755,3.030103928146213,1.7898030823152375,1.680938638211487,-0.6248470335613264,-1.5549156224570906,0.90407126434585,0.8367301320706592,3.743723994963063,1
-0.13450538679609214,1.2882185682615295,1.2405561230247208,1.0123222176577205,-0.7685195755446294,1.123661037536516,-0.09555317783348513,-0.626142654260109,0.6344264139369927,-0.24719970473523392,-0.8552679395669149,-0.9979504794924884,-1.3800738471976315,-0.5949057135506131,1.600391689947671,-0.8530471156344575,-0.8163470547537415,-0.9012591169770513,-0.5211943060770203,0
-0.14027885152549407,-1.0889733161638455,1.6713945348552135,-1.5048903784675043,-0.3920512453062258,-0.015377013691579365,0.623008616882952,2.437096063312025,0.43970378376639685,0.7756356835088721,-0.909332387335365,0.009063122417187087,0.43128439823829373,-0.5949057135506131,-0.6248470335613264,0.0770645285105326,-0.3409770568234954,-0.7132395047220678,-1.2828838237724574,0
-0.13413142401066677,0.7396358257018275,-0.7700231321842455,1.5157647368827654,-0.7819306611001959,-0.5848960393056271,0.04661604598175363,-1.056430211857182,-0.8200715784569426,2.2433288358568024,0.8303394878676479,-0.9979504794924884,0.43128439823829373,-0.5949057135506131,1.600391689947671,-0.19692199234873456,1.0414192769599298,0.3844619141841028,0.4341397463947991,0
0.723714821416335,-1.0889733161638455,-1.3444743479582357,1.0123222176577205,0.7833346101709272,-0.5848960393056271,-0.6298602948461034,-1.540578823298383,-0.5996831147637458,0.7030921144816517,0.41521988960131595,0.009063122417187087,-0.47439472447966885,1.680938638211487,1.600391689947671,0.833678453231186,3.2509047936091524,0.0918989796961147,1.9961370507003235,0
-0.024825481979914868,0.008192168955558287,1.5277817309117159,-1.5048903784675043,-1.096133236973469,0.5541420119224684,0.42217806092180676,1.3014114792951743,0.30482215240884847,-0.10151916483194766,-0.6727776229484147,-0.9979504794924884,0.8841239595972751,-0.5949057135506131,-0.6248470335613264,-0.8843030919815991,-0.279843443014832,-1.263528556168276,-0.09781100881832169,0
-0.13577283409190796,-0.7232514877907109,-1.631699955845231,0.5088796984326754,0.7977036304090341,-0.015377013691579365,1.4074133731670821,-0.2774005297661626,0.107732015954755,0.10259068244995903,-0.3997303201835379,1.0160767243268625,-0.9272342858386502,1.680938638211487,-0.6248470335613264,1.9838693326876349,0.8029528343305345,2.1940087758283906,0.621332433292661,0
-0.05166169699340802,1.2882185682615295,-0.6264103282407478,-0.49800534001741437,0.14630804628151664,-1.7239340905337224,0.9093337937025672,0.4779719411779072,-0.8997651797519819,-0.7741518997017217,-0.19744966800447397,-0.9979504794924884,-0.9272342858386502,-0.5949057135506131,-0.6248470335613264,-1.619898779589968,1.5494521038268723,-0.21531397227142743,0.4410421924139449,0
-0.14051143048204567,-1.0889733161638455,0.5224921033072328,-1.0014478592424594,-1.313584409910155,-0.5848960393056271,0.9772792219119757,-0.40177048710103863,0.33246525714634345,-0.6869822111510184,0.3342930830902038,0.009063122417187087,-0.9272342858386502,-0.5949057135506131,-0.6248470335613264,-0.5463833146494201,-0.9766524242863863,0.5510247229351359,-0.7654676086669892,0
0.026805093266494783,-0.3575296594175763,-1.2008615440147383,0.005437179207630557,-0.3403227724490406,-1.1544150649196747,-0.3904784939243186,-0.010586145901047533,0.11820676052058564,-0.7693293099870944,-0.7237533131342877,0.009063122417187087,-0.02155516312068755,1.680938638211487,-0.6248470335613264,0.6821504000761703,-0.5701583841075734,0.6558981056001513,0.6894039112959286,0
-0.09120871426495356,-0.17466874523100903,0.5224921033072328,-0.49800534001741437,0.22102695151967305,0.5541420119224684,1.7588905615257524,-2.0818903808965366,-0.7977328233761035,1.4986984585912444,0.07759619912404375,0.009063122417187087,0.43128439823829373,-0.5949057135506131,-0.6248470335613264,1.1321821847718374,-1.4621113292742371,0.3358492625787979,0.9122033722571791,0
-0.11694975570324707,-0.3575296594175763,1.2405561230247208,-1.0014478592424594,-1.430452441180092,0.5541420119224684,1.6647833656913695,-1.5202596526978314,-0.16178705695394788,-0.45155011389431093,1.614681427097945,-0.9979504794924884,-1.3800738471976315,-0.5949057135506131,-0.6248470335613264,-0.6659978388595211,-1.4728637110232599,-1.061666122094527,-0.7895983493276703,0
-0.12897218498964474,1.1053576540749621,-0.9136359361277431,-1.5048903784675043,1.0448507785044747,0.5541420119224684,-0.5800969892800832,0.717457215487172,0.16245712796920597,-0.07245774988947139,0.876990269820821,1.0160767243268625,0.8841239595972751,1.680938638211487,-0.6248470335613264,-0.2360072001122818,-0.9892753605150986,-0.5050929043778397,1.181137163272041,0
-0.1204245776938865,0.9224967398883949,-0.05195911246675751,-0.49800534001741437,0.8120726506471412,-0.015377013691579365,-1.530322377356073,-0.5657229155718807,0.6965001948611452,-0.6431887370432402,-0.26259143106435895,1.0160767243268625,-0.47439472447966885,-0.5949057135506131,-0.6248470335613264,-0.7842237512682495,0.6407004230551728,-0.09482698519343097,0.06875360086997351,0
-0.06311263835440942,-1.6375560587235474,-1.2008615440147383,-1.5048903784675043,1.6550551712827521,-1.1544150649196747,-0.7645571454521113,-1.1081178798124685,0.2323414011394824,1.5788063204754954,-0.26894862228961736,0.009063122417187087,0.43128439823829373,1.680938638211487,-0.6248470335613264,-0.5180520787536892,-0.4667807626100688,0.6249944263784665,2.559488637873777,1
-0.11680489402861287,-0.9061124019772783,1.2405561230247208,-0.49800534001741437,-1.1823473584021111,-0.015377013691579365,1.5791784297777707,-0.7662782248080965,0.239230388429454,-0.21447195167630195,-0.2593692222268341,0.009063122417187087,1.3369635209562563,-0.5949057135506131,-0.6248470335613264,0.15258706955354262,-0.5089866278648472,2.2374100222063262,-1.607692997477013,0
-0.058725743404625184,1.2882185682615295,-1.2008615440147383,1.5157647368827654,-0.1841794191949445,0.5541420119224684,0.5009896642042733,-0.3755212740366897,0.16940671994016077,-0.19207405685251353,0.03749867303309529,-0.9979504794924884,2.242642643674219,1.680938638211487,1.600391689947671,0.23368638226583408,1.063022427322985,0.4417292987082931,0.2191485701527726,0
-0.13788857695754508,0.008192168955558287,0.37887929936373527,-1.5048903784675043,-0.9505271652273181,-0.015377013691579365,0.6102560897979503,-1.9012018133105004,0.16473880317498701,0.2288763233059986,-0.8992159136590775,0.009063122417187087,-0.47439472447966885,-0.5949057135506131,-0.6248470335613264,-0.8579168630999325,-0.42147508321434246,0.28419525235549,-1.6512165272080745,0
0.049860630979012485,0.7396358257018275,-1.2008615440147383,0.5088796984326754,1.0898737085838766,-1.1544150649196747,0.5694965560204363,1.0017441374908371,-1.471315922056532,-0.2515793741250445,-0.9126422940590414,0.009063122417187087,-0.9272342858386502,1.680938638211487,-0.6248470335613264,0.5055038457941207,-0.47607827122544794,0.7009430767739451,1.1686129707900708,0
-0.14100176965784247,0.5567749115152602,-0.1955719164102551,-1.0014478592424594,-0.42557895919514216,0.5541420119224684,1.5599650947112487,0.3291975282600424,-1.3194104551414265,-0.9301334911059463,-0.6600545450368518,2.023090326236538,0.8841239595972751,-0.5949057135506131,-0.6248470335613264,-1.0127819233821291,0.4814465178002102,-0.2691212241946563,0.2272922463272617,0
-0.13168839634455953,-0.9061124019772783,1.5277817309117159,-0.49800534001741437,-1.2043798561005419,0.5541420119224684,0.545927260058471,-1.0290672008226982,-0.40302621511198167,-0.9465114113943525,1.0479082013435457,0.009063122417187087,-0.02155516312068755,-0.5949057135506131,-0.6248470335613264,0.09514759907511729,0.08612840881785287,-1.325846920688899,-0.8073099742927609,0
-0.1319654283233332,-0.17466874523100903,1.5277817309117159,-1.5048903784675043,-0.31254266665536706,-0.015377013691579365,-1.9404516066257502,0.9695076582180476,-0.3293283259963637,-0.6467287972998677,0.7054376928487378,-0.9979504794924884,0.43128439823829373,-0.5949057135506131,-0.6248470335613264,0.19036992846825196,-0.2663943637557924,-0.5127846907277261,0.2264729293900659,0
-0.1394650686946396,1.653940396634664,-0.05195911246675751,-1.0014478592424594,-0.5865119858619406,-0.015377013691579365,-0.46154954294540224,-1.1194806004875417,-0.44590549961433656,-0.6125622226140593,0.29081118700128705,0.009063122417187087,-0.47439472447966885,-0.5949057135506131,-0.6248470335613264,0.14612623009437073,-1.3529048772759111,0.556787578045585,0.3761509383481163,0
-0.01511371350730669,1.2882185682615295,-0.9136359361277431,1.0123222176577205,-0.9294526022114278,1.123661037536516,0.1750326386100762,-0.09420500970449676,2.132508244066732,0.7370851038725984,-0.33742758536695594,0.009063122417187087,-0.02155516312068755,1.680938638211487,1.600391689947671,-0.5046954201248698,-0.40207569776807633,-0.6010314136800464,1.130309794063817,0
-0.12494969653795927,1.2882185682615295,-0.7700231321842455,-0.49800534001741437,1.4510150839016327,-1.7239340905337224,1.8743413076094786,-0.8684257595481906,1.836826633378396,0.94695754891487,-0.6295574878346959,0.009063122417187087,0.8841239595972751,-0.5949057135506131,-0.6248470335613264,0.677766327518701,0.1272216077627396,-0.22753907318211658,-0.8764343049949798,0
-0.11180200776711786,-1.2718342303504129,-1.4880871519017334,1.0123222176577205,-0.7455291431636581,1.6931800631505638,0.6921243599426805,0.5485854150833971,0.1829508527665387,-0.6123006709535459,-0.7103488895512294,0.009063122417187087,-0.47439472447966885,1.680938638211487,1.600391689947671,1.9720790576040377,-0.5819273190340408,-1.4552058881957768,0.9847408023256121,0
-0.13804582478254288,1.2882185682615295,0.5224921033072328,-0.49800534001741437,1.2105734785839755,0.5541420119224684,2.266894245801143,2.478589087761832,1.416777754239791,0.5007735453893278,1.7469784067015912,-0.9979504794924884,-1.3800738471976315,-0.5949057135506131,-0.6248470335613264,-0.3023391556978818,0.6927039457927867,-1.50169595343297,-1.0050026310911748,0
3.8388476304195094,1.2882185682615295,-0.1955719164102551,0.005437179207630557,-0.4610225424491394,-0.015377013691579365,1.31051957610741,0.7999632838042304,0.4209008723502982,0.5878871114758228,-0.8771350846852519,-0.9979504794924884,-0.02155516312068755,-0.5949057135506131,-0.6248470335613264,-1.1104007430777783,1.7236839104132398,-0.6053757901205513,0.31008049900595563,0
-0.13824123260909799,0.7396358257018275,-1.2008615440147383,-1.5048903784675043,-1.1057125837988737,-0.5848960393056271,-0.08767988025887855,-0.8444772325506688,-1.526822516632988,-0.8418546221479793,3.622930318769832,-0.9979504794924884,-0.47439472447966885,1.680938638211487,-0.6248470335613264,-0.7587336082851983,0.43750101692686166,-0.9117701232990482,-0.04957914944788805,0
-0.1359663110249764,-0.9061124019772783,1.6713945348552135,-0.49800534001741437,-0.022288457845605555,0.5541420119224684,0.09899381681787836,-0.3250007457883213,0.22613147593934307,-0.6373132030372143,-0.6566801589514887,0.009063122417187087,1.3369635209562563,-0.5949057135506131,-0.6248470335613264,-1.1922182911137766,0.8275260180924671,-1.3945472331726971,-0.7238523719242166,0
-0.13691972143109366,0.9224967398883949,0.9533305151377256,0.005437179207630557,-0.6928427356239325,0.5541420119224684,-0.4617634168037632,0.8966425351448486,0.4515716655049593,0.023640807422497603,-0.9890853142930709,0.009063122417187087,1.3369635209562563,-0.5949057135506131,-0.6248470335613264,-0.018962071010459214,-0.22302129342963165,-0.6551020580327319,-0.36074361330404475,0
-0.11316136547680447,1.653940396634664,0.9533305151377256,0.5088796984326754,-0.15448344403619,-0.5848960393056271,-0.44605357305915017,-0.3519275366514657,-0.3079909123091848,-0.40060944399071863,-0.8428565632576287,1.0160767243268625,-0.9272342858386502,-0.5949057135506131,-0.6248470335613264,1.2337011273175889,-0.8583419371020276,0.4129663976665913,-0.4525163025346999,0
-0.1386020830516548,-1.6375560587235474,-1.3444743479582357,1.0123222176577205,-1.6919686095136395,0.5541420119224684,0.5803622917117908,-0.5293111361993633,0.9664175469924992,-0.8815308838125894,-0.9661841635883315,-0.9979504794924884,0.43128439823829373,1.680938638211487,1.600391689947671,-1.179010107185744,0.588563369944081,-0.16664833465460832,0.609072347932717,0
-0.11560476674446404,1.2882185682615295,0.9533305151377256,1.0123222176577205,0.397286933107119,-0.5848960393056271,-0.5159163207982296,0.7652176549058652,-0.28502546558525155,-0.7984723344398704,-0.8624424329461984,-0.9979504794924884,-0.47439472447966885,-0.5949057135506131,1.600391689947671,-1.511795778581524,0.47299267037943804,0.7730240210004871,-0.31585703999149395,0
-0.13985266661126583,-0.5403905736041437,-1.3444743479582357,1.5157647368827654,1.3609692237428288,-0.015377013691579365,0.08650618097756871,0.23906044001000853,-0.12271887838611281,2.7609486887992585,-0.18507813310497576,-0.9979504794924884,0.43128439823829373,1.680938638211487,1.600391689947671,0.4351636654426678,-0.298501593645986,1.003796713036028,1.2777438153671699,0
-0.11536150514024679,-0.5403905736041437,0.23526649542023767,-1.0014478592424594,-0.8719765212589998,1.6931800631505638,-0.140349672228467,-2.0137678330539743,-0.6298041458485268,-0.42170182247487276,1.1248889799732058,1.0160767243268625,-0.47439472447966885,-0.5949057135506131,-0.6248470335613264,-0.1253593881278478,0.711252129549423,0.5560715214179711,0.005128525338929919,0
-0.14090702282809162,-1.6375560587235474,-1.0572487400712407,0.005437179207630557,-0.8997566270526733,-1.1544150649196747,-0.7710442594133812,2.181774315539963,-0.9904187027865708,-0.8341616915477453,-0.8075060243008492,-0.9979504794924884,-0.9272342858386502,1.680938638211487,-0.6248470335613264,1.7671736467807027,0.06951061056332841,1.3075212635445759,0.804324919798752,0
-0.13897442464592685,-1.6375560587235474,0.809717711194228,-1.5048903784675043,-0.8192901137192741,-0.5848960393056271,-1.3527557991972816,0.5524321672396478,1.2100811271943113,-0.9624800927111575,-0.23634638974446384,0.009063122417187087,-0.47439472447966885,-0.5949057135506131,-0.6248470335613264,-0.30783209846805426,1.2957146060480227,0.3705840067168885,-1.3387684104281308,0
0.26962346685346084,0.3739139973286929,0.9533305151377256,0.5088796984326754,0.16546673993232597,-0.015377013691579365,-0.8925363589957331,0.18669939284602666,0.7747286016570581,1.213243178775698,2.429566277198438,-0.9979504794924884,-0.9272342858386502,-0.5949057135506131,-0.6248470335613264,-0.3744949863339968,-1.0610462974550794,0.12004049827459226,0.38432471448649064,0
3.0980986122320274e-05,-0.3575296594175763,1.3841689269682185,1.0123222176577205,1.3868334601714214,-0.015377013691579365,-0.37280715888493215,2.9989862566394407,-0.9291301490524821,-0.9275877985272813,0.4854726865404602,0.009063122417187087,2.242642643674219,-0.5949057135506131,1.600391689947671,-0.547553250503206,0.06226260202706474,-0.7079228591955308,-0.4961770520371653,0
0.05761963279399538,-0.5403905736041437,0.9533305151377256,-1.5048903784675043,-1.6737678505453706,-1.7239340905337224,-0.3854039076984636,-0.3008137560921735,-0.9248698292619354,0.9805276626425633,0.9632784996243274,0.009063122417187087,-0.02155516312068755,-0.5949057135506131,-0.6248470335613264,0.306770516267995,0.9832201294850269,0.0179106016334404,-1.2889943863103401,0
-0.14019198013668802,-1.6375560587235474,0.5224921033072328,-1.0014478592424594,0.5974952817580765,1.123661037536516,1.2518350966738372,1.4334260988678194,2.201063341034136,-0.5786544392790022,-0.8263857972249328,2.023090326236538,-0.02155516312068755,-0.5949057135506131,-0.6248470335613264,0.03385480395279155,-0.46552234981405344,2.3855524034383997,-0.30710653236243113,0
-0.13912387667621257,0.008192168955558287,1.3841689269682185,0.005437179207630557,1.312114554933265,-0.5848960393056271,-0.1020889377006247,0.8537551537540069,-0.967882207756972,-0.50756152534154,-0.9296437391218442,6.05114473387524,-0.02155516312068755,-0.5949057135506131,-0.6248470335613264,-1.0387788752240534,-0.48991140001236055,-1.194239924446729,-0.8283076455595345,0
-0.12991516427230768,1.4710794824480968,-0.3391847203537527,-1.5048903784675043,0.022734472233796394,1.123661037536516,0.10109896311166602,-0.9888411769861294,-0.34670228824754484,-0.34983141177725713,-0.9419039336923967,1.0160767243268625,-0.9272342858386502,-0.5949057135506131,-0.6248470335613264,0.16854425686892358,0.22059510712410496,-0.2638055638783176,-1.2996683330089858,0
0.10572778187123585,-0.9061124019772783,0.09165369147674007,0.005437179207630557,-1.3662708174498808,-1.1544150649196747,0.9290293605991431,-0.7009238490740852,0.04795868531915662,-0.8708275608241205,-0.2190419115496189,-0.9979504794924884,-0.9272342858386502,-0.5949057135506131,-0.6248470335613264,0.49680475593647666,-0.8217099317185793,-0.9787726331295077,-0.40152830292201686,0
-0.13761022970349915,1.653940396634664,-0.48279752429725026,1.5157647368827654,0.2545546654085894,1.6931800631505638,-1.53719083537504,-0.5096381977325177,1.8413261588320835,-0.8828368446090851,-0.7146039208365814,-0.9979504794924884,0.8841239595972751,-0.5949057135506131,1.600391689947671,0.8778693237614816,-1.179215874528944,1.9911747249164529,-0.146313296003673,0
-0.08775476591902966,0.7396358257018275,-0.7700231321842455,0.005437179207630557,0.26700781628161546,-0.015377013691579365,-0.4159682183597104,-0.22095739836101871,1.5481209182721116,0.3629108691285882,-0.39391675697027634,2.023090326236538,-1.3800738471976315,-0.5949057135506131,-0.6248470335613264,-0.1546278723439338,-0.15155635059452563,0.3664865653924953,-0.24831688110528702,0
-0.14190911342476398,1.653940396634664,0.809717711194228,-1.0014478592424594,0.4039924758849023,-1.1544150649196747,0.42011002671937003,-0.6138495722066738,-0.11531248085333633,-0.7486600935900981,-0.24871218517927482,0.009063122417187087,0.8841239595972751,-0.5949057135506131,-0.6248470335613264,0.8306378605796559,-0.5927803449308954,-0.10463468924204115,-0.8221836269487853,0
-0.13916936304430733,0.008192168955558287,-1.631699955845231,1.0123222176577205,-1.504213411735708,-1.1544150649196747,-0.4503621022849426,2.0205575976102144,0.5375319522528615,-0.07384970092098062,-0.5557112779618703,0.009063122417187087,0.43128439823829373,1.680938638211487,1.600391689947671,-0.05922104954298608,-0.1538284639292024,0.7589199581926809,0.15288518990149577,0
-0.07643819666662446,-0.5403905736041437,-1.4880871519017334,0.5088796984326754,-0.4476114568935729,-0.015377013691579365,-0.7466533336173906,1.949112801900835,0.31315605115706935,-0.921324288435076,-0.9219101784013423,0.009063122417187087,0.43128439823829373,1.680938638211487,-0.6248470335613264,-1.604819610172668,1.2679764432710583,-0.40353537989131866,0.5216422013476726,0
-0.13681458463432117,0.5567749115152602,-1.3444743479582357,-0.49800534001741437,-0.2541086510203986,-1.7239340905337224,0.441420988043633,1.4937088923021677,-0.39995471524174786,5.458829568325553,0.797781544688269,1.0160767243268625,0.43128439823829373,1.680938638211487,-0.6248470335613264,0.9204688908182664,-0.8098972636876087,-0.40394164601324367,1.4876411211379026,0
0.16949746403097687,1.2882185682615295,1.6713945348552135,-1.0014478592424594,-1.6756837199104515,-1.1544150649196747,1.455972818944135,0.8089337731381699,-0.622725671696393,1.7130702754244072,0.49393666058145075,1.0160767243268625,-0.47439472447966885,-0.5949057135506131,-0.6248470335613264,-1.0665473834086234,-0.26760754963299266,2.838587582576684,0.578799713812574,0
-0.13791404996949283,1.653940396634664,-0.1955719164102551,-1.5048903784675043,1.07646262302831,-0.015377013691579365,-0.8052357560595396,0.21495637826767294,-0.6288961173152657,1.0445762935059006,-0.013705744115500334,0.009063122417187087,1.3369635209562563,-0.5949057135506131,-0.6248470335613264,-1.996868362843234,1.007214449989336,1.6591781014121172,0.7946381415210677,0
-0.14011318021682362,0.1910530831421256,-1.2008615440147383,0.005437179207630557,1.1262752265204143,-0.015377013691579365,0.49516970938331717,0.3905839434818804,-0.644222636857607,0.9045697478775908,0.5509428545087564,0.009063122417187087,1.7898030823152375,1.680938638211487,-0.6248470335613264,1.096260006714963,0.3349444699851356,-0.16857817305518255,0.030928887856766073,0
-0.12371395256142761,1.2882185682615295,0.9533305151377256,-1.0014478592424594,1.222068694774461,-0.015377013691579365,0.3474445665608597,-0.5569172005693049,0.45584462842920925,-0.6187017981075207,-0.9605648795213434,0.009063122417187087,-0.47439472447966885,-0.5949057135506131,-0.6248470335613264,-0.6363475393904108,-0.04889207772960185,-0.6255453534718496,-0.7066955103076278,0
-0.11245559123893972,1.1053576540749621,0.809717711194228,0.5088796984326754,0.07829468382114348,-0.015377013691579365,1.410002529856231,0.09586118643870654,-0.13027661402548293,-0.7345865576209584,0.4504729233684929,0.009063122417187087,-1.8329134085566128,-0.5949057135506131,-0.6248470335613264,1.121110920978564,-0.901522388727575,-0.7678325512141817,0.5477948389970578,0
0.23860731582485226,-0.7232514877907109,0.9533305151377256,1.0123222176577205,-1.5549839499103528,-0.5848960393056271,-0.7644881697519708,-0.4612959786112394,0.9896677664627904,-0.39530335881064754,1.4766685965510196,-0.9979504794924884,1.3369635209562563,-0.5949057135506131,1.600391689947671,-0.9961120003267934,0.14978923807091923,1.7142764788177745,-1.1349438297954553,0
-0.1405669710018859,1.1053576540749621,-0.1955719164102551,1.0123222176577205,1.3513898769174242,-0.015377013691579365,0.09442955045387488,-0.49756277537181737,1.5645566935548594,-0.355403608001935,-0.26005276782134623,-0.9979504794924884,0.8841239595972751,-0.5949057135506131,1.600391689947671,-0.4792210002435432,0.1724627095241492,-0.004512095842237442,-0.2454480498369973,0
0.012027888464158934,0.7396358257018275,1.5277817309117159,-1.0014478592424594,-0.29242603832201725,0.5541420119224684,0.3153355879269483,-0.8595035869318903,0.06026400370455953,-0.39057125563169504,-0.5659091288419579,1.0160767243268625,1.3369635209562563,-0.5949057135506131,-0.6248470335613264,-0.12274365526004466,0.0727890654026501,-1.4761834916600196,-1.2670890258410576,0
-0.12765002631261196,0.7396358257018275,0.9533305151377256,-1.0014478592424594,1.0573039293775008,-0.015377013691579365,0.4366538824588834,-0.27359084083935103,1.0176881191306026,0.1609472564650357,0.21973142017338423,-0.9979504794924884,0.8841239595972751,-0.5949057135506131,-0.6248470335613264,-0.1948139419678434,-0.09255546290357486,0.6988125082513306,0.31898726260232296,0
-0.14129948818093221,0.9224967398883949,-1.0572487400712407,0.005437179207630557,0.7469330922343894,-0.5848960393056271,0.7405057418285064,0.5311678272111143,1.7795220744994502,0.30435372935138744,-0.05220081599542045,2.023090326236538,0.43128439823829373,1.680938638211487,-0.6248470335613264,0.8674245894158377,-0.9078091107869148,0.39740346615800554,0.20958275461782358,0
0.11627703656658905,-0.3575296594175763,-1.3444743479582357,-0.49800534001741437,-0.04815269427419817,-1.1544150649196747,-0.18735573719484697,-0.8988348527754784,-0.26430183089806536,1.482485697198135,-0.7953023344607584,-0.9979504794924884,-0.47439472447966885,1.680938638211487,-0.6248470335613264,-0.14781001764713383,-1.1281177045112247,-0.3187001867238025,1.3831021887319586,0
-0.1405348271847397,1.1053576540749621,1.2405561230247208,-1.0014478592424594,1.0726308842981482,-1.7239340905337224,1.4708608766477644,-0.09552471004507831,-0.5752089542801515,-0.6319299076237032,-0.8476068991858137,1.0160767243268625,-0.47439472447966885,-0.5949057135506131,-0.6248470335613264,0.2596803744165761,-0.06884400812451914,0.1739150222372963,-0.8141974603678321,0
-0.11375912887755112,-1.4546951445369802,0.37887929936373527,-1.5048903784675043,1.2450591271554323,-0.015377013691579365,-1.9019789478956353,-0.4591032930074301,1.160746513358706,1.2898118803426306,-0.27045978697013195,1.0160767243268625,0.8841239595972751,-0.5949057135506131,-0.6248470335613264,0.008853830055874609,-1.1361413449348203,0.3566589505826617,0.010555961383170326,0
-0.11326124929065694,1.4710794824480968,-0.6264103282407478,0.5088796984326754,1.5966211556477836,0.5541420119224684,0.3142471685250082,-0.3141699541312354,0.04557304396443637,-0.7176837911247638,2.2846094409215905,-0.9979504794924884,-0.02155516312068755,-0.5949057135506131,-0.6248470335613264,-0.9262769848519659,-0.8631312747413564,0.7459497653390547,-0.19062203863884036,0
-0.10932233578261501,0.5567749115152602,0.09165369147674007,1.5157647368827654,-0.19854843943305148,2.2626990887646112,0.5163092180769069,-0.7344557487964346,0.10677635335140064,1.4651370186894854,-0.11975365414836284,0.009063122417187087,2.242642643674219,-0.5949057135506131,1.600391689947671,1.1937844054256714,-0.8602628248503078,-0.5540105420814317,0.48245711859896284,0
-0.14024288405799587,-1.2718342303504129,0.809717711194228,-1.5048903784675043,0.5390612661231081,-0.5848960393056271,-0.25967891804669546,-0.2519285309099337,-0.5323199811710878,-0.7787986789229252,0.6116625864591102,0.009063122417187087,0.8841239595972751,-0.5949057135506131,-0.6248470335613264,-0.8473443437046587,-0.8425247392398452,-0.5022701094730198,0.6036785345203936,0
-0.11661492737453674,0.5567749115152602,0.9533305151377256,1.0123222176577205,0.5620516985040793,-0.5848960393056271,1.470402007001686,0.7637556173816131,-0.6738430016490159,-0.24424584878533007,1.1249235191736777,1.0160767243268625,0.8841239595972751,-0.5949057135506131,1.600391689947671,1.9989547524654034,-0.17752892191961384,2.743598395086074,-0.8651622232352132,0
-0.129474904546269,-0.5403905736041437,1.6713945348552135,1.0123222176577205,0.8388948217582742,-0.5848960393056271,0.4437059504862892,-1.1190291016654437,2.322249129888726,-0.6552267425725906,-0.9146185492477851,-0.9979504794924884,0.8841239595972751,-0.5949057135506131,1.600391689947671,-0.38516607036520917,0.512433899887546,-0.14507870407208423,-0.5986166283148505,0
-0.08275278530997815,-0.7232514877907109,-1.0572487400712407,1.5157647368827654,1.5238181197747083,-0.5848960393056271,-1.2897339604082112,0.21047277628063157,-0.13971048916795395,0.404736083621592,-0.027996791426026933,0.009063122417187087,-0.02155516312068755,1.680938638211487,1.600391689947671,1.8129932654367358,1.889854564705904,-0.8564515190596103,0.10301057109258589,0
-0.13051007961928965,0.008192168955558287,0.9533305151377256,0.005437179207630557,0.008365451995689388,-0.5848960393056271,1.5925557211487265,-0.18759276627390373,-1.323771503276499,1.7159332721622762,3.5485893962003376,1.0160767243268625,2.6954822050332004,-0.5949057135506131,-0.6248470335613264,1.4518508346516423,2.206789357876757,-0.8889281120522459,1.82985443845632,0
-0.10885609616087037,-1.6375560587235474,0.5224921033072328,0.5088796984326754,1.0132389339806394,-0.5848960393056271,-1.3307383033817302,-0.69535681429908,0.5145860542100723,-0.6546232481697801,-0.7407982718759178,0.009063122417187087,-0.02155516312068755,-0.5949057135506131,-0.6248470335613264,-1.3831457352667693,0.7755129200656542,-1.210227527537676,0.0010530616332676385,0
-0.091211582871522,1.4710794824480968,1.2405561230247208,0.005437179207630557,1.3475581381872623,-0.5848960393056271,0.4306498788602332,-0.4304888005824366,-0.9602356420424827,0.017645610504867626,-0.12618217078098248,-0.9979504794924884,-0.02155516312068755,-0.5949057135506131,-0.6248470335613264,-0.20461699338139544,-0.9425289049322193,-1.0244868988431954,-0.4858853614457948,0
-0.140398352682992,-0.3575296594175763,-1.2008615440147383,-0.49800534001741437,-1.434284179910254,0.5541420119224684,0.7592586722047501,1.4382438894659115,0.05527838082697576,-0.3167702993971117,1.5289008003607214,1.0160767243268625,-0.9272342858386502,1.680938638211487,-0.6248470335613264,1.804955196532835,-0.18549924104996152,0.9833304379459309,0.38210274426274893,0
-0.10801985514674665,1.1053576540749621,1.6713945348552135,-1.0014478592424594,-0.21579126371877988,-1.1544150649196747,1.1642534020581745,-2.1577008009535397,-0.6157071616907005,1.3895326324977297,-0.8898209673415464,0.009063122417187087,-0.02155516312068755,-0.5949057135506131,-0.6248470335613264,-0.6704114837338176,-0.09049305683160484,1.6809597631282875,0.08181824315459177,0
-0.12198772100836512,-1.2718342303504129,-0.48279752429725026,1.5157647368827654,-0.9007145617352138,-1.1544150649196747,-0.20008427433468848,0.12669705377705032,0.8253458446222248,-0.23908146521967327,-0.5498503981936769,0.009063122417187087,0.43128439823829373,-0.5949057135506131,1.600391689947671,-0.6556540258305708,0.37037252315672886,-0.354217051135135,-0.3408534545697278,0
-0.1417833432758633,0.3739139973286929,0.5224921033072328,1.5157647368827654,-0.15352550935364953,-0.5848960393056271,-0.08071902954075275,-0.5072092042462095,0.375526451548356,-0.4212473320576911,-0.6668979438744007,0.009063122417187087,-0.9272342858386502,-0.5949057135506131,1.600391689947671,0.1639445761606236,-0.5921330653570616,-0.12088935267799417,-0.8505900709003615,0
-0.10547794919373941,1.1053576540749621,0.09165369147674007,0.005437179207630557,-0.3211640787982313,-1.1544150649196747,-0.6861305812273243,-0.21750770083489765,1.0393041183331395,-0.17493563334641576,0.31748918088918937,2.023090326236538,-1.3800738471976315,-0.5949057135506131,-0.6248470335613264,-0.2395261094323355,-0.6905255762186484,0.17600109355636906,-0.7009650722938177,0
-0.10861410825124301,-1.4546951445369802,0.5224921033072328,-1.5048903784675043,0.469132034297654,-0.5848960393056271,-0.8260979859660204,-1.5107892969739483,2.2578730887006793,1.0003264866286548,0.6728834590282792,0.009063122417187087,0.8841239595972751,-0.5949057135506131,-0.6248470335613264,1.8826471448705384,1.0963547110593193,-0.686243687758909,-1.3137447855032771,0
-0.13853744800255244,0.1910530831421256,-1.2008615440147383,0.5088796984326754,-0.02420432721068649,1.6931800631505638,1.43478507254223,-0.06711672165513557,-0.15992973365238344,-0.9486434212750777,-0.7194681826146856,-0.9979504794924884,1.3369635209562563,1.680938638211487,-0.6248470335613264,-0.14162268760243957,0.8259457355603559,-0.9968616502565663,-0.3731276966624957,0
0.3010074504705492,-0.5403905736041437,0.5224921033072328,1.5157647368827654,1.1052006635045242,0.5541420119224684,1.247261510570754,-0.059290802682663894,-0.8793640533849723,-0.37466170634479107,-0.3219081900940899,0.009063122417187087,0.43128439823829373,-0.5949057135506131,1.600391689947671,-0.595578353333343,-1.0501024923494435,-0.3833276618511352,-0.9755154279887424,0
0.13273001942067397,1.2882185682615295,-0.1955719164102551,0.005437179207630557,-1.4687698284817108,-0.5848960393056271,0.9264511211580907,0.8338530512326473,0.08848649896306846,0.2461204564441967,-0.23875135289315233,0.009063122417187087,-0.47439472447966885,-0.5949057135506131,-0.6248470335613264,1.253549154163156,-0.08054631891392484,0.7229583293612942,0.019801192528285255,0
-0.061604554752239124,-1.6375560587235474,-0.05195911246675751,0.5088796984326754,-0.15448344403619,1.123661037536516,0.3695037994163274,0.39980049171597093,-1.1603229126093926,-0.01565041196822549,-0.695048458004623,1.0160767243268625,-0.02155516312068755,-0.5949057135506131,-0.6248470335613264,0.33903222392046145,1.6307540300075334,0.3989711115630171,-0.6455950600077032,0
-0.13075828027029715,-1.6375560587235474,-1.3444743479582357,0.005437179207630557,0.5218184418373797,-1.1544150649196747,1.3116477683268495,1.3997190055203577,0.05416264753555343,-0.9059317453811008,-0.6220567476894298,0.009063122417187087,-1.8329134085566128,1.680938638211487,-0.6248470335613264,-0.47884407675212426,-1.201659785925781,0.5757727750080259,-0.11957554838922045,0
-0.13375267830720253,0.1910530831421256,-1.4880871519017334,-0.49800534001741437,0.27083955501177737,1.6931800631505638,-0.2798385467149685,-0.8346120071511263,-0.539188787545551,-0.09968137529865007,-0.6381899874065907,-0.9979504794924884,-0.47439472447966885,1.680938638211487,-0.6248470335613264,1.2725821199153482,0.8888155060813807,1.1786093127227733,0.6298264325131595,0
-0.09164335674702385,0.7396358257018275,-0.05195911246675751,0.5088796984326754,-0.6219555691159379,-0.5848960393056271,-0.7116510621509157,-0.3967735736654677,-1.4881090616159989,-0.24742195149635357,-0.4913046405372837,0.009063122417187087,0.43128439823829373,-0.5949057135506131,-0.6248470335613264,-0.9971186792395327,-0.04107452419372798,0.723266940017593,-0.2889224503815614,0
-0.1418207065993016,-0.17466874523100903,1.2405561230247208,0.5088796984326754,-0.34798624990936433,1.123661037536516,0.3842989498780322,-0.7527454800976422,1.1382208792947326,0.037187960469393926,-0.5716306751416829,0.009063122417187087,-0.02155516312068755,-0.5949057135506131,-0.6248470335613264,0.835168187040698,0.15839400759206607,2.591019996621837,-0.6536280589666094,0
0.6085285630719224,0.1910530831421256,-0.3391847203537527,-1.0014478592424594,0.18558336826567579,-0.5848960393056271,-0.08091346975340252,0.038483463701707875,-1.4213557120308518,-0.6494032356319759,1.2069071323089784,0.009063122417187087,-0.02155516312068755,-0.5949057135506131,-0.6248470335613264,0.452812935739474,1.5050622187847609,-0.6324892982574282,0.9130880601269868,0
-0.13402216997176847,-0.17466874523100903,-0.1955719164102551,1.5157647368827654,0.24210151453556333,-0.015377013691579365,0.3957716181547195,0.7434176193846118,1.1390463209103499,-0.031101188104023788,1.595884268032448,-0.9979504794924884,0.8841239595972751,-0.5949057135506131,1.600391689947671,-0.15050703498619206,-1.4267627260292555,-1.0677384951920663,-0.6371402621643331,0
-0.10371504044467462,0.3739139973286929,-1.631699955845231,1.5157647368827654,-0.04911062895673863,1.6931800631505638,-0.9506645278428533,1.4595896429695583,-1.7090699016962876,-0.7322783518542374,-0.12338449231056618,1.0160767243268625,-1.3800738471976315,1.680938638211487,1.600391689947671,-0.04481526918563689,-0.08745773374078655,0.8254514019164347,0.33687652178442684,0
-0.13388884379368282,1.653940396634664,1.6713945348552135,-1.0014478592424594,-1.378723968322907,-0.5848960393056271,-0.3152382733091052,-1.222368373014926,-0.8772200391687693,0.2513213820330714,-0.2199125062629341,-0.9979504794924884,-0.9272342858386502,-0.5949057135506131,-0.6248470335613264,-0.6972532205996345,-1.3357764279883322,-1.4006766032527902,0.3056135066042263,0
-0.11911766680490485,0.7396358257018275,-1.3444743479582357,0.005437179207630557,-1.0012977034019628,-0.5848960393056271,-0.2576680021478038,-0.9617891967308971,0.08270600510548717,-0.8666375781526235,-0.47671690889060986,1.0160767243268625,-1.3800738471976315,1.680938638211487,-0.6248470335613264,-0.6777885598739614,1.1110953423442904,-0.5489768100551357,0.8369157954982581,0
-0.14097871400406503,-1.6375560587235474,-0.9136359361277431,-1.5048903784675043,1.3322311832666147,-1.1544150649196747,1.3605160209683105,-1.0762829899871944,0.6796428469585487,-0.6943468187367753,-0.7427003729130478,1.0160767243268625,0.43128439823829373,1.680938638211487,-0.6248470335613264,-0.1997151599263468,-0.1058220292309372,-0.39007973486137687,0.11759459651151931,0
-0.04831174348912027,-1.6375560587235474,-1.631699955845231,-1.5048903784675043,-0.8202480484018145,1.123661037536516,-0.38853393993599944,0.5585440509275177,1.2195819719733398,0.11879249552618595,-0.9167940622126519,0.009063122417187087,2.6954822050332004,1.680938638211487,-0.6248470335613264,0.5732584680853824,-0.6955597625972387,1.0406216092605147,1.87059464818955,0
-0.1419542408037526,0.3739139973286929,1.6713945348552135,1.5157647368827654,-1.7283701274501773,-1.1544150649196747,0.04956191267175228,0.1336677239670046,-0.33834346946324595,0.3622258200919575,-0.07171861619736,-0.9979504794924884,-0.47439472447966885,-0.5949057135506131,1.600391689947671,0.7748858603076649,-0.16261094133532755,0.05696544864218369,-1.3221262926174562,0
-0.12694327229812916,0.5567749115152602,0.5224921033072328,0.5088796984326754,0.012197190725851256,1.123661037536516,0.33477659365768886,-2.007050464421572,0.5299257553704219,0.32333830232165955,-0.8893687964646708,0.009063122417187087,-0.9272342858386502,-0.5949057135506131,-0.6248470335613264,-1.1405672502707338,-0.4884672900910147,-0.39228992418671577,-1.2422666409180299,0
-0.1243715480431079,0.5567749115152602,0.09165369147674007,-0.49800534001741437,0.05530425144017227,-0.015377013691579365,0.6892835898820566,-0.009544859543102286,0.06045954110482619,-0.7087973085066656,1.1629149522058126,-0.9979504794924884,-0.02155516312068755,-0.5949057135506131,-0.6248470335613264,-1.2096212559732915,0.0679268969435997,-0.2622448872425453,-0.15955877743221006,0
-0.13304966707297033,-0.7232514877907109,1.6713945348552135,-0.49800534001741437,-0.6497356749096115,-0.5848960393056271,-0.11305972642658679,-0.8809645808550289,-0.7472655828009495,-0.14034760023730217,-0.717923827878071,0.009063122417187087,-1.8329134085566128,-0.5949057135506131,-0.6248470335613264,-0.07128473577306033,1.3800577211379246,-0.12387941869027766,-0.14059198697128478,0
-0.14063374554527358,0.7396358257018275,-1.631699955845231,-1.0014478592424594,-0.9850128137987749,1.123661037536516,-0.9132754635049887,-0.7677395988713612,-0.17661370158100137,-0.9201738881933406,0.052213445300244285,-0.9979504794924884,-0.02155516312068755,1.680938638211487,-0.6248470335613264,1.4164287823595914,-1.4507916605350462,1.6180085463382503,1.0063794896549931,0
-0.13849277033752694,0.008192168955558287,-1.0572487400712407,1.0123222176577205,-0.0673113879250075,-0.015377013691579365,-1.7378284642360327,0.5238944537866337,0.4827205840655572,-0.8524207693338476,-0.31670119204033936,0.009063122417187087,1.7898030823152375,1.680938638211487,1.600391689947671,-0.13409974085992968,-1.1027956803899515,0.7317048513365424,0.42497784022929025,0
-0.10789176543871189,0.5567749115152602,-1.4880871519017334,0.005437179207630557,-0.007919437607498551,0.5541420119224684,1.197527795048116,-0.03197044690726713,-0.04113371545637668,-0.8348566849635775,0.2533392781186621,-0.9979504794924884,-0.47439472447966885,1.680938638211487,-0.6248470335613264,-1.0971562383337305,0.6116495507565227,-0.10936044222590803,-0.03645888070330137,0
-0.08421713596890208,0.3739139973286929,-1.0572487400712407,0.5088796984326754,-1.4821809140372773,0.5541420119224684,0.8900674405993172,0.728016492193791,0.630555987929713,-0.6977153156139081,0.15680368254333327,-0.9979504794924884,-0.9272342858386502,1.680938638211487,-0.6248470335613264,-0.9346301150957773,-1.2606931443528517,1.1987036782736704,0.9450289455783826,0
-0.12188993500031875,-0.17466874523100903,-0.05195911246675751,-0.49800534001741437,-0.4016305921316305,0.5541420119224684,0.5585594941338295,0.2671502150622885,0.3024255426283855,0.5094527976751307,0.06483866515423267,-0.9979504794924884,1.3369635209562563,-0.5949057135506131,-0.6248470335613264,-0.938092635572547,0.2946207241626041,-0.19225167578708435,-1.1792409183752692,0
-0.13262910452308221,-1.0889733161638455,-0.05195911246675751,-1.5048903784675043,1.3236097711237507,-0.5848960393056271,0.013976957756808817,1.0226227634702556,-1.6845752315671958,0.24806690649932758,0.1543840676109201,-0.9979504794924884,-0.9272342858386502,-0.5949057135506131,-0.6248470335613264,-0.6444667109520903,0.8947619964429644,-0.5874128835263271,-1.1614366029209502,0
-0.11789049389404523,-0.9061124019772783,0.6661049072507305,0.005437179207630557,0.31969422382134116,2.2626990887646112,1.2134260400396963,-0.6759184887345379,-0.6912040586321574,0.18263750935009512,2.70269334321126,-0.9979504794924884,-0.02155516312068755,-0.5949057135506131,-0.6248470335613264,0.3889652620939612,-0.625274259405998,-1.186258031300993,-0.9034305835457117,0
0.10773302628235235,-1.2718342303504129,1.6713945348552135,-0.49800534001741437,-0.3230799481633122,-0.015377013691579365,-0.052815150566978324,-0.9258009971373187,1.114047824800081,-0.9059236737816946,-0.23008747488306908,-0.9979504794924884,-1.3800738471976315,-0.5949057135506131,-0.6248470335613264,1.4111129687838804,-0.21364988225001957,-0.5668895408279547,-0.6408494688080624,0
-0.02782982898042344,-1.2718342303504129,1.0969433190812232,1.0123222176577205,1.5822521354096766,-0.5848960393056271,-0.6471931693715497,1.6036692827713208,1.0719777963840884,-0.15298100369421633,-0.7999728987290767,-0.9979504794924884,-0.02155516312068755,-0.5949057135506131,1.600391689947671,1.800533864412786,0.5514753405233986,0.0017786100576242412,0.36734407682434633,0
0.15344466921044436,-0.17466874523100903,-0.9136359361277431,-1.0014478592424594,-0.7129593639572822,-0.015377013691579365,-0.02879722221131876,0.0318116864057207,-0.5627965645818493,-0.905562737762113,0.11453904332762053,0.009063122417187087,-1.3800738471976315,1.680938638211487,-0.6248470335613264,0.4505046361564536,1.7240565975840434,-0.44171936475412743,0.615005326536234,0
-0.11903179338766305,1.653940396634664,0.5224921033072328,1.0123222176577205,-0.6008810061000476,-1.1544150649196747,2.5631370212651183,-0.3609454595462748,-0.525995123176581,1.8173353911071524,-0.411188504571648,-0.9979504794924884,-0.47439472447966885,-0.5949057135506131,1.600391689947671,-0.7984959877240572,0.5729950719219095,0.729440546426228,0.9941952038541163,0
-0.13947217673433704,0.7396358257018275,-0.48279752429725026,-0.49800534001741437,-0.560647749433348,1.123661037536516,-0.7519663908181158,-0.47533348514480556,-0.14071603885316014,-0.8613420965616678,-0.9650547814250272,1.0160767243268625,1.3369635209562563,-0.5949057135506131,-0.6248470335613264,-0.45589771158327036,0.33858532154857557,0.03731981567005921,-0.6830656743503932,0
-0.14137743822870263,0.1910530831421256,1.5277817309117159,0.5088796984326754,0.2641340122339941,1.123661037536516,-1.3058619836911574,-0.4389655557945968,0.08719908587544349,-0.39500749811114605,0.36421027645731124,0.009063122417187087,-0.9272342858386502,-0.5949057135506131,-0.6248470335613264,0.06508229854950973,0.36513579861000445,1.1045362104300007,-0.315023704921116,0
-0.14152780083718824,-0.5403905736041437,0.5224921033072328,-1.5048903784675043,1.4040762844571497,-1.7239340905337224,0.010342448147860842,-0.169614191332717,-0.6337119748935779,-0.5948572365175487,-0.6809852612459216,2.023090326236538,0.8841239595972751,-0.5949057135506131,-0.6248470335613264,-1.0323445725053526,1.3888639431304466,2.15127750409153,-0.4520930500130792,0
-0.13205235664790757,0.9224967398883949,0.23526649542023767,-1.5048903784675043,0.6070746285834813,-0.5848960393056271,-0.24317658625422958,-0.16769623407609666,-1.0260899731027993,0.16139813121506097,-0.7808073576217359,0.009063122417187087,-2.285752969915594,-0.5949057135506131,-0.6248470335613264,-0.8971163922170485,-1.0463011591638527,0.3143803441762256,0.21032340573764777,0
-0.13969634856704033,0.1910530831421256,-1.3444743479582357,1.0123222176577205,-0.5711850309412931,-0.015377013691579365,0.5428955611410992,-0.9077810855109313,1.218962393706178,-0.47270808124864216,-0.5094519157495738,0.009063122417187087,0.43128439823829373,1.680938638211487,1.600391689947671,0.011766534306530812,-1.2901040711170866,1.2144172097442416,0.3519883016879764,0
-0.1295032345771622,-0.7232514877907109,-0.7700231321842455,0.005437179207630557,-0.5568160107031861,0.5541420119224684,-0.47698484303817656,-0.9032539497841909,-0.3534801748609607,-0.9062853457378315,-0.21270698111857092,1.0160767243268625,0.8841239595972751,-0.5949057135506131,-0.6248470335613264,-1.0615826692628234,-0.29487478303770104,-1.4362260219569323,-0.11542429606166363,0
0.34760583274784945,1.2882185682615295,-1.631699955845231,-1.5048903784675043,-1.0041715074495843,-0.015377013691579365,-0.963907514727654,-0.2311379869601764,1.425179800466957,-0.2669601878401879,0.3641666543757888,1.0160767243268625,-1.3800738471976315,1.680938638211487,-0.6248470335613264,-0.0580323654358006,-0.7708163681679056,-1.237539186702017,1.1656875376753466,0
-0.11327112384321987,-0.5403905736041437,0.5224921033072328,-1.5048903784675043,-1.416083420941985,-0.5848960393056271,0.6153430341261781,-0.5088634784430641,-0.3754230273661683,1.1395787639714094,-0.32452151853260164,-0.9979504794924884,1.3369635209562563,-0.5949057135506131,-0.6248470335613264,-0.9413452738472597,1.9834208096522021,-0.6772432118721993,-0.21846945106161983,0
-0.10125715388875749,1.2882185682615295,0.37887929936373527,-1.5048903784675043,1.4998697527111966,0.5541420119224684,-1.1939492464520607,-0.22596675633892357,0.7060137455676725,-0.48025532553461947,-0.27693082620552895,1.0160767243268625,0.8841239595972751,-0.5949057135506131,-0.6248470335613264,-0.42546452050286326,-0.8007446213764307,-1.3444835267117854,-0.6836683193735063,0
-0.11017332270680719,-1.4546951445369802,1.2405561230247208,1.0123222176577205,0.28999824866258667,1.123661037536516,0.5996420883743364,0.991483654273165,-0.7143534045185491,-0.22909933721042575,-0.46832092028000805,1.0160767243268625,0.8841239595972751,-0.5949057135506131,1.600391689947671,-0.84920080858961,-1.0107322628121749,-0.6333726654267288,0.30120176440571605,0
-0.13735009170245088,0.3739139973286929,-1.3444743479582357,-1.0014478592424594,-1.1871370318148133,-0.5848960393056271,0.852127742768398,0.1777954452171507,-0.8836815787996756,-0.46316983883619256,0.26675638349767045,-0.9979504794924884,0.43128439823829373,1.680938638211487,-0.6248470335613264,-0.01186071472838574,-0.14828502083168454,3.1290688348912,1.6009980284089296,0
-0.13752866706392436,1.653940396634664,0.6661049072507305,-1.5048903784675043,-1.6488615487993186,-0.015377013691579365,0.591627206770569,-1.3382032421736432,0.9557455722938175,0.4011746338009157,1.6803542636512245,0.009063122417187087,1.3369635209562563,-0.5949057135506131,-0.6248470335613264,-0.08379618958866647,-0.5903358931674199,-0.8251014052431854,-0.8856816680752657,0
-0.13695300894604484,-1.6375560587235474,0.6661049072507305,0.5088796984326754,-1.3260375607831811,-0.5848960393056271,1.8533492048859264,1.2036052919718159,0.6062271213549963,-0.8352532507092167,3.518547887040093,2.023090326236538,0.8841239595972751,-0.5949057135506131,-0.6248470335613264,-0.42787092675525173,0.824062078422884,-0.07958150857323806,-0.5146357635126192,0
-0.06400409344644038,-1.0889733161638455,-1.2008615440147383,-0.49800534001741437,1.61003224120335,1.6931800631505638,-1.6025651680953705,0.4626960410626179,1.3768337254491243,-0.6896498211866485,-0.47191124009626584,-0.9979504794924884,-0.47439472447966885,1.680938638211487,-0.6248470335613264,-1.2247903778014404,-1.3331061846010823,0.4514732893810558,1.029306034335615,0
-0.1123834234075535,0.9224967398883949,1.5277817309117159,1.0123222176577205,-0.49933992975075814,-0.015377013691579365,-1.930384993762942,1.3249103638710826,-0.8782061458610789,0.0028505733429251504,-0.9102855772796113,2.023090326236538,-0.02155516312068755,-0.5949057135506131,1.600391689947671,0.32648757148210567,-0.730517810305572,-1.0512428256654829,-0.8010532048165988,0
0.15321901062001825,0.5567749115152602,0.09165369147674007,1.0123222176577205,-1.4936761302277628,1.6931800631505638,-1.3747216175204646,-0.9128022740639223,-1.1994637182906858,-0.6586308062417597,-0.73419772030556,-0.9979504794924884,-0.02155516312068755,-0.5949057135506131,1.600391689947671,-0.665809414283136,-0.03754721221003155,-0.6428061666629639,0.02353972015103993,0
-0.13784105488867301,-1.2718342303504129,-0.7700231321842455,0.005437179207630557,1.2584702127109988,-0.5848960393056271,0.664899838453777,0.9178075140896976,-0.21908590098119807,0.5990299205222293,-0.9767938298888719,0.009063122417187087,-0.9272342858386502,-0.5949057135506131,-0.6248470335613264,0.9308077162522423,-1.1184826611201732,-1.0803786259126769,-0.45691218684439744,0
-0.09506825938084694,-1.4546951445369802,1.2405561230247208,-1.5048903784675043,0.33789498278961005,1.123661037536516,0.4515136588013213,0.10620858076239847,-0.7468310084884711,-0.547418288151839,0.49620434903197563,0.009063122417187087,0.8841239595972751,-0.5949057135506131,-0.6248470335613264,-1.013776558496767,-0.5309398217360117,0.16296701341624723,-0.4241736456322812,0
-0.14108297020242241,-0.7232514877907109,1.2405561230247208,-0.49800534001741437,-1.2982574549895076,-1.1544150649196747,-1.6284807861524717,-0.12083681041902951,1.4951782734762884,-0.8815533487118647,-0.6431190652132218,-0.9979504794924884,-0.9272342858386502,-0.5949057135506131,-0.6248470335613264,-0.05439206671707814,-1.1725204948355368,-0.10333050846198895,0.6025931495438187,0
-0.13915451212075963,-0.5403905736041437,1.2405561230247208,-0.49800534001741437,-0.8796399987193235,1.123661037536516,0.4088585475466949,0.5520094823478419,-0.28679844990966474,-0.45781090368869004,-0.419672517285504,0.009063122417187087,-0.02155516312068755,-0.5949057135506131,-0.6248470335613264,0.25321178716594583,-0.17206712176727945,-0.5875383490777862,-0.7897391346682524,0
-0.13721310750709045,-0.3575296594175763,0.6661049072507305,1.0123222176577205,1.4213191087428783,-0.015377013691579365,2.149899801765577,-0.29136844083384034,1.1455840347239965,-0.21849732887950335,-0.9211069907547121,-0.9979504794924884,1.3369635209562563,-0.5949057135506131,1.600391689947671,0.37429263082476555,0.13581810611286488,0.20846922394562992,-0.40505521255175536,0
-0.10016244029072041,-1.2718342303504129,-0.7700231321842455,0.005437179207630557,-1.3193320180053978,0.5541420119224684,-1.0205426109200342,-0.5357739357096778,-0.049273467486721505,1.6578722840166713,0.04489185956891677,-0.9979504794924884,0.43128439823829373,-0.5949057135506131,-0.6248470335613264,-0.14444195318408645,-0.7106906432878873,-0.5463251600425735,-0.14151082122441952,0
-0.07263542980669457,-0.17466874523100903,0.6661049072507305,0.5088796984326754,0.3924972596944167,-0.015377013691579365,0.1745783562962525,-0.18762565935539088,2.986990308625403,-0.43500650232846716,-0.49800453300833897,-0.9979504794924884,1.3369635209562563,-0.5949057135506131,-0.6248470335613264,-1.1755708875492095,-0.23997994297748662,1.7629254187848982,2.5421645956099317,1
-0.14130985949168742,1.653940396634664,1.5277817309117159,0.005437179207630557,-0.41408374300465656,1.123661037536516,0.08181025679529073,-0.3292386497365677,0.4009363848491086,0.9071772132660384,0.19681313278889312,-0.9979504794924884,1.3369635209562563,-0.5949057135506131,-0.6248470335613264,-0.09098022591247772,-1.4985744917947053,1.5463721061416318,-0.34651507668725073,0
-0.09807564728219507,1.4710794824480968,0.9533305151377256,1.0123222176577205,1.008449260567937,0.5541420119224684,1.4918546323907371,-1.6724866989622116,1.3027592353699393,0.23762239052329867,-0.574973099074153,0.009063122417187087,1.3369635209562563,-0.5949057135506131,1.600391689947671,1.096452457182953,-0.009497268602927121,-0.6542487643231386,0.01981033065549556,0
1.164465095070252,0.008192168955558287,-0.48279752429725026,-1.5048903784675043,0.9912064362822085,0.5541420119224684,-0.12525750673345418,-1.0614292380224715,0.9773205101851539,-0.5954190545238834,-0.7846678411343505,0.009063122417187087,-0.9272342858386502,-0.5949057135506131,-0.6248470335613264,-0.8155676910683042,-0.8787748364440451,-0.738732185466003,2.005096784654645,0
0.06337224712585993,-1.0889733161638455,1.5277817309117159,-0.49800534001741437,-0.04336302086149583,-0.5848960393056271,-0.15875273640082244,-0.0750012476167364,-0.8482016352925621,-0.9479741827100315,-0.4740125254561603,0.009063122417187087,2.6954822050332004,-0.5949057135506131,-0.6248470335613264,0.874548877482739,-0.9103695429387986,0.08916546540716133,1.5817617958837287,0
-0.11132297266746924,0.3739139973286929,1.2405561230247208,-1.5048903784675043,0.6061166939009408,0.5541420119224684,-0.8203711264573358,0.0005490254338986748,0.6023531804835707,-0.35385122909013067,-0.8865001793449148,-0.9979504794924884,-1.3800738471976315,-0.5949057135506131,-0.6248470335613264,-0.007100413571763991,-1.385119627214557,0.25503623421056,-0.30223737457027217,0
-0.13912589827094862,0.7396358257018275,0.23526649542023767,1.5157647368827654,-1.5300776481643006,-0.5848960393056271,-0.19958103231836896,-1.0539957597076766,-0.10446681887341305,-0.5112081874410057,-0.5929758771032246,-0.9979504794924884,0.43128439823829373,-0.5949057135506131,1.600391689947671,-0.14856300148892138,0.7864341773355955,-1.265240411092975,-0.19705066354441583,0
-0.13723475608123176,-0.9061124019772783,-1.631699955845231,0.005437179207630557,0.18079369485297345,0.5541420119224684,0.5198341849544487,-0.7504136972093844,-0.7542284094158963,-0.9679092307391951,-0.19390405774300054,2.023090326236538,-0.47439472447966885,1.680938638211487,-0.6248470335613264,-0.9718534108292349,0.4151976221124713,0.9585556807602417,0.5498777761105296,0
-0.13295000277260752,-1.2718342303504129,-0.48279752429725026,0.005437179207630557,0.0016599092179061187,-0.5848960393056271,-0.434153992610221,1.453511294628433,0.12627082923452934,1.3370978791836385,-0.009060532743228173,-0.9979504794924884,-0.9272342858386502,-0.5949057135506131,-0.6248470335613264,-0.7701867655488054,-0.5976915088128625,-1.1559532482238506,-0.5771132670255085,0
-0.09237660562174764,-0.7232514877907109,0.23526649542023767,-0.49800534001741437,-0.6391983934016663,-1.7239340905337224,0.8109552401115783,-0.061749052322308436,1.180061826475656,1.0527771085548114,0.04433722122744328,0.009063122417187087,-0.02155516312068755,-0.5949057135506131,-0.6248470335613264,-0.10393768898695971,-0.12151956140799118,-0.8799268532981472,0.02610741093276055,0
-0.1297530749653327,-1.0889733161638455,-0.48279752429725026,-1.0014478592424594,0.45859475278970885,0.5541420119224684,-0.34592047675175086,-0.07899589286872799,-0.8944760488190169,1.7971517567740452,-0.9554552054966792,0.009063122417187087,-1.8329134085566128,-0.5949057135506131,-0.6248470335613264,-0.2854667684592458,-1.2916450673764617,0.5588197605885963,1.0680034201576993,0
-0.10270048963064601,0.1910530831421256,1.0969433190812232,0.5088796984326754,-0.0701851919726289,0.5541420119224684,-0.4004308922985689,0.6907571412252094,0.010863738084551988,-0.5164695605891352,-0.14905634175767102,-0.9979504794924884,0.43128439823829373,-0.5949057135506131,-0.6248470335613264,0.48809506010696047,-0.048527165775467104,1.8382090695277746,-0.09296452675591316,0
-0.13881984834877248,0.1910530831421256,1.3841689269682185,-1.0014478592424594,1.7269002724732871,-0.5848960393056271,0.40839112703331143,0.23572273111757722,0.9749495198784653,0.5673046494863566,-0.44085403530877504,0.009063122417187087,0.8841239595972751,-0.5949057135506131,-0.6248470335613264,1.5628481267988716,-0.43895912222821476,-1.4239157670231504,-0.8476897476943781,0
-0.024594868794639374,0.7396358257018275,-0.3391847203537527,-0.49800534001741437,-1.0185405276876913,0.5541420119224684,-0.30723433484883006,-1.2681234595419513,-0.5821571413861037,0.4169583360228865,0.09653398469059195,0.009063122417187087,-0.47439472447966885,-0.5949057135506131,-0.6248470335613264,-1.130705282742319,-0.21150407688773182,0.5523651510142507,-0.06061093518581282,0
-0.11020731810215836,0.3739139973286929,1.6713945348552135,0.005437179207630557,1.0822102311235529,-0.015377013691579365,-1.5112395727782024,-2.32269120577874,0.23158430637421012,-0.8764938725723028,-0.9654098440470058,-0.9979504794924884,-0.02155516312068755,-0.5949057135506131,-0.6248470335613264,-1.3242497329108647,3.5981170014991717,-0.28279335324050303,-0.3081834800199191,0
-0.13212729254132444,0.1910530831421256,1.2405561230247208,-0.49800534001741437,1.164592613822033,-1.1544150649196747,0.2504906211695712,0.566395713978033,-0.13725779850743663,1.3087380549310894,-0.7531084816407697,1.0160767243268625,0.43128439823829373,-0.5949057135506131,-0.6248470335613264,-0.21230761244704452,0.393093449622982,-0.9715045897428045,1.137792708646834,0
-0.1417743489722383,1.1053576540749621,-0.9136359361277431,0.005437179207630557,0.30245139953561273,-1.7239340905337224,0.05774479799371042,1.0873153037766163,-1.2289982286374903,-0.9437432718085264,-0.14519412635926043,0.009063122417187087,2.242642643674219,1.680938638211487,-0.6248470335613264,-1.4215753824351247,-1.388450224396234,-1.1585187995605335,0.7752630461130929,0
-0.0754742935608527,-1.4546951445369802,-1.0572487400712407,-0.49800534001741437,0.3647171539007431,0.5541420119224684,0.5372854452716185,-1.0878885380453653,-0.27061658203642946,-0.8816572404539841,-0.2818608224358345,-0.9979504794924884,-0.02155516312068755,1.680938638211487,-0.6248470335613264,-0.6783778509445807,-0.4153195500941243,1.3165842576238163,-0.17040214460340614,0
-0.13849126553431998,-0.9061124019772783,-1.631699955845231,1.5157647368827654,1.4174873700127164,-0.5848960393056271,1.1819885402551606,2.386110965935683,-1.0239358058221808,-0.07918361829834288,0.2808909818823473,0.009063122417187087,-1.8329134085566128,1.680938638211487,1.600391689947671,-1.449632044285471,-0.8525629731175144,0.4504906199740836,1.5119979631315983,0
-0.12976111647176747,-1.0889733161638455,0.09165369147674007,1.5157647368827654,-1.1028387797512522,-0.015377013691579365,-0.9498362369278249,-1.2226995474446163,0.48708165588379937,-0.3637609966678137,-0.9440336915683876,0.009063122417187087,-0.9272342858386502,-0.5949057135506131,1.600391689947671,-1.1357445074208294,1.740815283665652,-0.7526137524827469,-0.5738248450056956,0
-0.1410413154939708,0.5567749115152602,1.6713945348552135,0.005437179207630557,-1.459190481656306,1.123661037536516,0.22497284629141182,-1.3057643049728487,-0.4205205613413565,-0.6972792013822895,-0.9316667573936719,1.0160767243268625,0.43128439823829373,-0.5949057135506131,-0.6248470335613264,-1.3744088573393973,-0.9053439178085605,-0.8440364139429498,-0.2738240944304321,0
-0.11392898870671168,0.5567749115152602,0.09165369147674007,1.0123222176577205,0.7373537454089848,-1.1544150649196747,1.3360380134158187,0.4194391493396545,-0.42279614513492186,-0.6250350617644927,-0.5259146601593719,0.009063122417187087,0.43128439823829373,-0.5949057135506131,1.600391689947671,-1.0571124616432692,-0.23701913078191064,0.7472651463405793,-0.5027711016698276,0
-0.12946629468275067,-1.6375560587235474,-0.1955719164102551,0.005437179207630557,-1.3940509232435543,1.123661037536516,-0.931544295283989,-0.22423343999530976,0.31758247634429176,-0.9611131451229579,2.7277791696714915,-0.9979504794924884,0.43128439823829373,-0.5949057135506131,-0.6248470335613264,-0.30372989990346516,-1.071172579787131,1.3326514896026687,-1.0358388150586995,0
-0.1369204409402303,0.9224967398883949,0.37887929936373527,1.5157647368827654,-1.5559418845928932,1.6931800631505638,1.385572030689941,1.5111415250842901,-0.9786419204844323,-0.8675199359277259,-0.9828451527014326,2.023090326236538,-1.3800738471976315,-0.5949057135506131,1.600391689947671,0.14933478112744733,-1.2198027175392603,0.35298767368030926,-1.5184873532380274,0
-0.13852534750876586,0.9224967398883949,-0.7700231321842455,0.005437179207630557,-0.5731009003063741,-0.5848960393056271,0.9618976514286676,0.5873793305446237,1.1156850409910668,-0.8704840044105591,0.6903355746368774,1.0160767243268625,1.3369635209562563,-0.5949057135506131,-0.6248470335613264,-0.347396793406439,0.2623987701260385,-1.256891606897404,-0.7918313061776684,0
-0.07046282802200518,-1.4546951445369802,0.5224921033072328,-1.5048903784675043,-1.3174161486403169,0.5541420119224684,-1.647826575297349,0.016895109323186597,-0.40541652104009485,-0.7364332460283616,-0.8317301451568878,-0.9979504794924884,0.8841239595972751,-0.5949057135506131,-0.6248470335613264,-0.6308780978877778,1.0980063681598915,2.2572105031015406,-0.02609637214642988,0
-0.14133842866349625,0.5567749115152602,1.0969433190812232,0.005437179207630557,1.7201947296955038,0.5541420119224684,-0.6812838363218289,-1.1382412181408978,-1.3441830843869196,-0.9462395850163426,-0.545566751296412,0.009063122417187087,0.43128439823829373,-0.5949057135506131,-0.6248470335613264,-1.078022710965548,-1.3509220149239636,2.6169629211643617,-0.6611875844234494,0
-0.08223885539492168,0.7396358257018275,-0.9136359361277431,-0.49800534001741437,-1.034825417290879,-1.7239340905337224,-0.4219021166383756,-1.4973715070053015,0.912373006443083,0.2615224622938924,0.6059281744901177,-0.9979504794924884,-1.8329134085566128,1.680938638211487,-0.6248470335613264,-0.8253532183899995,-1.0132209563321088,-0.9638276505671967,1.37888748558966,0
-0.001843598795928095,0.1910530831421256,0.9533305151377256,-1.0014478592424594,-1.5051713464182486,1.6931800631505638,-0.6357896979439418,0.8194681512463933,0.7457892979456515,0.29261029739254646,0.28257199628819435,1.0160767243268625,-0.47439472447966885,-0.5949057135506131,-0.6248470335613264,-0.7579642021773761,0.433968347635806,-0.6330955065004511,-0.04735128545864824,0
0.17675926640722367,0.3739139973286929,1.2405561230247208,-1.5048903784675043,-1.3222058220530193,-0.5848960393056271,-1.2754605219873625,-0.7376757771145042,1.8029295648066017,-0.29382978061067255,-0.9569330275811044,1.0160767243268625,-1.3800738471976315,-0.5949057135506131,-0.6248470335613264,0.5643884013876571,0.2422348124079021,0.37628526977012844,-0.6415387614362619,0
0.3312004417624079,0.008192168955558287,-0.9136359361277431,-1.0014478592424594,-1.0501523722115267,-1.1544150649196747,-0.6917683376173708,1.0328233811303555,0.07074543895287985,-0.33609285107446024,-0.6275059186014054,-0.9979504794924884,-0.47439472447966885,1.680938638211487,-0.6248470335613264,-0.3703025701638283,-0.6163321124915099,-0.5604864198014629,2.616947514706309,1
0.41477908293220356,-0.17466874523100903,-1.4880871519017334,0.5088796984326754,-0.16406279086159467,-1.7239340905337224,0.3279361204230972,0.4606016106339923,0.22755737720324162,-0.11882764514879939,2.17226769200378,1.0160767243268625,-0.47439472447966885,1.680938638211487,-0.6248470335613264,1.5482228689988633,1.038741001756509,0.9585360561226074,2.6010647968331333,1
0.23695905919285856,-0.5403905736041437,1.5277817309117159,1.5157647368827654,0.1645088052497855,-0.015377013691579365,0.37649925726057887,0.125186100975985,0.9234274678920867,-0.8930362456210496,-0.9095162902259921,-0.9979504794924884,1.3369635209562563,-0.5949057135506131,1.600391689947671,-0.23380726240697244,-0.386135694292852,1.5035637489544156,-0.9122703051340909,0
-0.13704101905256275,-0.9061124019772783,-0.9136359361277431,-1.5048903784675043,0.5610937638215389,0.5541420119224684,-0.6022117972263366,-1.2404747733362764,0.9683558287929556,-0.8148866179695659,-0.5115341327860597,1.0160767243268625,-0.47439472447966885,1.680938638211487,-0.6248470335613264,1.7488440047864136,0.14684649851610276,-0.1252596093564265,-0.05948439825821716,0
-0.10126959091380396,-1.0889733161638455,-1.4880871519017334,0.005437179207630557,-1.0108770502273674,-0.015377013691579365,-0.1473963617750454,0.4028706439538186,-0.6792228291487645,-0.5974932594772877,-0.3080103303027866,1.0160767243268625,0.8841239595972751,1.680938638211487,-0.6248470335613264,0.16671481311004896,-0.33393658658419734,-0.5413299026270935,1.0433241094884218,0
-0.10081030201755435,-1.4546951445369802,-1.2008615440147383,-1.0014478592424594,1.4117397619174736,-0.5848960393056271,0.5370901279852066,-1.3470837836739928,0.4590861358551666,-0.9077400036326123,-0.5938309509701936,-0.9979504794924884,1.3369635209562563,1.680938638211487,-0.6248470335613264,2.014242570506296,1.6047543221152587,0.7054644155313725,0.510297338726454,0
-0.1373919282074219,1.653940396634664,1.3841689269682185,-0.49800534001741437,-0.9409478184019134,0.5541420119224684,0.37573637870834553,-0.3727922911249115,0.04484416149945905,-0.7018987421545481,-0.47359183781024455,0.009063122417187087,-1.3800738471976315,-0.5949057135506131,-0.6248470335613264,-1.448959779032409,-0.7593409133788257,0.4282964923390424,-0.3891966569063388,0
-0.06230298082270924,-1.6375560587235474,-0.3391847203537527,-1.5048903784675043,-0.8671868478462974,1.6931800631505638,-0.06831189678906456,-0.5521750453253218,0.9942302207069385,0.08467325472141496,-0.959438063860841,2.023090326236538,-0.9272342858386502,-0.5949057135506131,-0.6248470335613264,0.5127691093611815,-1.3180755464945255,1.342060321493639,-1.1375133635250099,0
-0.13612138174596972,0.9224967398883949,0.809717711194228,-1.5048903784675043,-0.5424469904650792,0.5541420119224684,1.0444851966477688,0.1748032439070971,0.5861373931620777,0.959916159364126,0.6768257043132622,-0.9979504794924884,-0.47439472447966885,-0.5949057135506131,-0.6248470335613264,-0.37918095181701966,-0.8718448609397756,0.7452684571526469,0.797199356541562,0
-0.11183699382161442,1.653940396634664,-0.9136359361277431,1.5157647368827654,1.4012024804095284,1.6931800631505638,-1.2677875280422874,-0.1627456373411047,1.7420656173498323,-0.3069671367308622,-0.60576582552161,-0.9979504794924884,0.43128439823829373,1.680938638211487,1.600391689947671,-0.437633398807133,0.5989292370833796,1.5687448704069245,0.45654173375943174,0
-0.1402766333438048,-0.5403905736041437,0.23526649542023767,-1.0014478592424594,-1.0223722664178532,1.6931800631505638,0.08685002996879078,0.792591026230941,-0.09508056499004919,0.4420710556016736,-0.7792523958392641,-0.9979504794924884,-0.47439472447966885,-0.5949057135506131,-0.6248470335613264,-0.25563476916884453,-0.7119599183676131,-0.8391834434291546,-0.681094426964913,0
-0.08301663660185413,0.1910530831421256,0.09165369147674007,0.5088796984326754,-1.4371579839578752,1.123661037536516,1.6354765655208678,0.3753958498264036,-1.2914244652478581,-0.9276824473814262,-0.25673400551423914,0.009063122417187087,-0.47439472447966885,-0.5949057135506131,-0.6248470335613264,-0.7784342706598141,-0.6416801094949353,-0.23095374349350087,-1.1131209430802387,0
-0.14084520223970717,0.7396358257018275,-0.48279752429725026,0.005437179207630557,-1.5712688395135406,1.123661037536516,0.36069895796499907,1.0827746424946805,0.4812506402679313,0.11526175613538459,0.5216949725019667,-0.9979504794924884,-0.02155516312068755,-0.5949057135506131,-0.6248470335613264,-0.043055970733955465,-0.16171408539969018,-0.510233805096618,-0.12120951430625987,0
-0.10476658778992567,0.1910530831421256,0.9533305151377256,-0.49800534001741437,1.6129060452509716,1.6931800631505638,-1.6745900356124037,-0.2566939265411558,0.360234850908334,-0.7510118925176565,-0.3283943074630446,0.009063122417187087,0.43128439823829373,-0.5949057135506131,-0.6248470335613264,0.923993474387888,0.8521952344708644,-0.22538893247422181,-0.4088293022179182,0
-0.12861686667815175,0.9224967398883949,-0.7700231321842455,-1.5048903784675043,0.02944001501157966,0.5541420119224684,-0.5658399468660191,-0.701970938802392,-1.0850746319200515,-0.7194339231981279,-0.4286192741032853,0.009063122417187087,0.8841239595972751,-0.5949057135506131,-0.6248470335613264,0.07511159961211097,-0.0747262859384084,0.4839800749561836,-0.011558716708032041,0
-0.07929565681188457,1.2882185682615295,0.809717711194228,0.5088796984326754,1.3992866110444475,-0.015377013691579365,-0.5325591216422806,-0.7077873914242674,-0.971126924957469,0.19889704032952832,-0.8508969189543489,0.009063122417187087,-1.3800738471976315,-0.5949057135506131,-0.6248470335613264,-0.32473117822972275,-0.6564488792201363,-0.9175174264541134,-1.0799717061508156,0
-0.06349387719889886,-0.5403905736041437,-0.7700231321842455,1.0123222176577205,1.1329807692981977,-0.015377013691579365,-0.6463812503532251,1.1789956470446281,-0.30237108094389,-0.49903648091558017,-0.8749771708244264,-0.9979504794924884,-2.285752969915594,-0.5949057135506131,1.600391689947671,0.008845398778095771,0.3562491864062719,2.600710984386654,-0.9674732920799005,0
-0.13116221959229887,0.5567749115152602,-1.2008615440147383,0.005437179207630557,0.8063250425518984,-0.5848960393056271,-0.30596497621917823,0.46441402926698633,-0.8199692202209418,-0.7572850960202925,-0.9736516433424702,1.0160767243268625,-1.3800738471976315,1.680938638211487,-0.6248470335613264,-0.29058023064501226,-0.41658972543880596,-1.1460881823001965,0.012933472160686249,0
-0.13915841948273497,-0.5403905736041437,-1.631699955845231,1.0123222176577205,-1.7379494742755819,-0.015377013691579365,-0.30888124762284447,0.32316692941754976,1.0211096653299638,-0.44398391847183427,-0.7829133094123698,-0.9979504794924884,-0.9272342858386502,1.680938638211487,1.600391689947671,-0.05723099067471189,1.1779913904726433,1.0203846373462047,0.7246776976915144,0
-0.0702478942542832,0.008192168955558287,0.5224921033072328,1.0123222176577205,1.310198685568184,-0.5848960393056271,-0.6646494468962275,0.9733035158775127,1.4666916740814198,-0.6152179248524051,-0.9924039863326805,0.009063122417187087,0.8841239595972751,-0.5949057135506131,1.600391689947671,-0.9484777353025257,1.4227457921601117,1.00625954500712,0.020973696951460123,0
-0.141968983071614,-1.4546951445369802,-0.6264103282407478,-1.0014478592424594,1.6109901758858907,-0.5848960393056271,2.153917467701366,-0.7348624238378472,0.06379566944710278,-0.7336258286360209,3.113804481818516,1.0160767243268625,0.43128439823829373,-0.5949057135506131,-0.6248470335613264,0.6440990007389131,-0.035743315047229045,-1.1975188576807445,-0.9330120411010542,0
1.4181652285351813,-1.4546951445369802,1.6713945348552135,1.5157647368827654,0.44805747128176376,0.5541420119224684,-0.4830107150597837,-1.094853541978624,2.188666959506574,-0.4880723400187821,0.05707827024094673,0.009063122417187087,0.43128439823829373,-0.5949057135506131,1.600391689947671,-1.0252058356674056,-0.6920364787146721,-1.048044876319127,-0.02231643085246151,0
0.05330519212135571,-1.6375560587235474,1.0969433190812232,-1.5048903784675043,1.6560131059652927,-1.1544150649196747,0.5532987438880451,0.7240398234027904,-0.986295312224073,0.8563042308480898,-0.15458827111142567,1.0160767243268625,-0.9272342858386502,-0.5949057135506131,-0.6248470335613264,1.1579702157595448,-0.3292672254922738,0.6558296475385584,-1.1113505737916498,0
-0.1381594823522947,-0.5403905736041437,-0.7700231321842455,-0.49800534001741437,0.8503900379487599,-0.015377013691579365,0.05913592388006723,-0.8912176754192573,-0.17182882517774833,4.9327904075367215,1.8367440379360964,-0.9979504794924884,0.43128439823829373,-0.5949057135506131,-0.6248470335613264,1.148762286404262,-0.08799096557696871,-0.986850972212075,0.4646773583021138,0
-0.06777039427292166,1.1053576540749621,1.6713945348552135,-1.5048903784675043,-1.081764216735362,1.123661037536516,0.3225060236566659,-0.6615747329481453,0.847448275516043,-0.6612227175658475,-0.7417156170530417,-0.9979504794924884,-1.3800738471976315,-0.5949057135506131,-0.6248470335613264,2.716742183314332,-0.0916699542040103,-1.1374961327135904,-0.04105252842722529,0
-0.06740512673156418,0.9224967398883949,-0.7700231321842455,1.5157647368827654,-0.4792233014174083,-0.015377013691579365,0.6946607887800527,0.2676700120363748,0.7464627323467232,3.5560320792315423,-0.7048046628248988,1.0160767243268625,-0.02155516312068755,-0.5949057135506131,1.600391689947671,0.6664399898774357,-0.6587672861717622,-0.6366081380852683,0.5555592428749621,0
-0.14023504657577474,-1.6375560587235474,-0.1955719164102551,0.5088796984326754,-0.4638963464967608,1.6931800631505638,1.5528405566877674,0.7875583750788671,-1.356076558452497,-0.7013877325609044,-0.8781103633592863,0.009063122417187087,-0.9272342858386502,-0.5949057135506131,-0.6248470335613264,-1.9423091346502184,0.7992668728848398,-0.3347685512682059,-1.2489096317718282,0
-0.09541496746928732,-0.3575296594175763,-1.631699955845231,-1.0014478592424594,-1.5731847088786217,0.5541420119224684,-0.9412998165853154,-0.45134997820084544,-1.2557385466706155,-0.4737006000220371,-0.5294023624038157,1.0160767243268625,-0.47439472447966885,1.680938638211487,-0.6248470335613264,-1.9649245679782747,-1.296298668287866,-1.3211481568218189,1.531030773192486,0
-0.137914446561362,0.7396358257018275,-0.9136359361277431,1.5157647368827654,1.470173777552442,-0.015377013691579365,0.8222791935298571,-0.6229425577233472,-0.0263712867260058,-0.6220343632898196,2.344697993146369,0.009063122417187087,-0.02155516312068755,1.680938638211487,1.600391689947671,-0.7301306503995976,-0.983583210553568,-1.497946256165748,0.2597241350324188,0
-0.14093597249961398,-0.17466874523100903,-0.7700231321842455,0.005437179207630557,-1.680473393323154,-0.5848960393056271,0.524306687290644,-0.11081136449007674,-0.679157988682917,0.26965895224276115,-0.9022275311788766,-0.9979504794924884,-1.3800738471976315,-0.5949057135506131,-0.6248470335613264,0.23582240520052852,1.5389575291090987,1.7115283121826776,-1.2524764387622114,0
-0.14015056564904613,1.2882185682615295,-0.48279752429725026,-1.5048903784675043,0.9643842651710754,0.5541420119224684,8.494696853274661e-05,0.4265858280986834,0.2090893499548067,-0.8562420701711975,-0.2969483598377654,0.009063122417187087,-0.47439472447966885,-0.5949057135506131,-0.6248470335613264,0.4452716194341656,-0.06743790641040322,1.06938893236058,-0.6085990303281298,0
-0.13966138945217577,1.2882185682615295,-0.48279752429725026,-1.5048903784675043,-1.1545672526084376,-0.5848960393056271,0.457950176804191,-0.5248020151319499,0.22255548605783462,-0.9651722266407464,-0.19766479947126148,-0.9979504794924884,0.8841239595972751,-0.5949057135506131,-0.6248470335613264,1.4362131855575868,-0.24160646774593214,-0.08543114854422819,-1.3728198787479464,0
-0.10562207686804355,-0.5403905736041437,-0.1955719164102551,1.0123222176577205,0.6932887500121233,-1.1544150649196747,0.047145155332589665,-0.6435228124522411,-1.1675789017678193,-0.9493003276002949,-0.1049902432732578,-0.9979504794924884,1.3369635209562563,-0.5949057135506131,1.600391689947671,1.1704104928344576,-0.13127078332094178,-0.41815428178626995,-0.2527308509303928,0
-0.12377194205663196,-1.2718342303504129,-0.9136359361277431,0.005437179207630557,1.1962044583458684,-0.015377013691579365,0.9698751514040613,-0.9289520769535052,0.2863205099317437,1.250132914234296,-0.5933724765207833,-0.9979504794924884,-0.47439472447966885,1.680938638211487,-0.6248470335613264,0.5351912034032743,-0.004412666346176806,0.013758997179231786,2.1827450161000366,0
-0.14104604539409427,-1.4546951445369802,-1.3444743479582357,-0.49800534001741437,-0.5558580760206456,1.123661037536516,0.8543867901758407,-0.5926164164644462,-0.5555171668935154,0.838217576290863,0.32130218723283566,-0.9979504794924884,1.7898030823152375,1.680938638211487,-0.6248470335613264,-0.5117489423916376,-0.10158928381845123,2.7642109979518934,0.3635151320223902,0
-0.14101400201333703,-0.9061124019772783,-0.9136359361277431,0.005437179207630557,-1.506129281100789,-0.015377013691579365,1.0940983751226825,-0.5561507562918198,-0.6781408282406514,-0.5537992662282211,-0.35052263451463556,0.009063122417187087,1.3369635209562563,1.680938638211487,-0.6248470335613264,1.5287436468092024,-0.7435691778764166,-1.633395573029419,0.8800775802110937,0
-0.12262408827997202,0.5567749115152602,-1.4880871519017334,0.005437179207630557,0.21623727810697072,-0.5848960393056271,-2.597723286104955,2.5985888930717005,-0.11666525697550544,-0.6799804043129244,-0.5283668911653663,-0.9979504794924884,1.3369635209562563,1.680938638211487,-0.6248470335613264,1.269892116540226,-0.4975026027720384,-0.8986355632393698,0.49847735741660276,0
-0.13420770293837495,1.2882185682615295,1.5277817309117159,0.5088796984326754,0.569715175964403,-0.5848960393056271,0.6537824452591019,1.4011498772613311,2.639594178077763,-0.5593613881374896,0.21787632067608276,-0.9979504794924884,-0.02155516312068755,-0.5949057135506131,-0.6248470335613264,-0.9507331642893759,-0.8817757774663912,-0.8948820108503271,1.8977790398372045,0
0.2021232115735677,-0.3575296594175763,0.5224921033072328,-1.5048903784675043,-1.3222058220530193,-0.5848960393056271,-0.15454396685127397,1.583294916733885,0.6787416906625938,1.1974479102032656,0.03576938939269187,0.009063122417187087,1.3369635209562563,-0.5949057135506131,-0.6248470335613264,0.9007850966565559,-0.8308156163376861,-0.3837132366586116,-0.025946867596626535,0
-0.1351424023891758,-1.4546951445369802,0.5224921033072328,-1.5048903784675043,-1.7254963234025558,-1.1544150649196747,0.1336231091501639,-0.2354737097676974,-0.8553282907927107,-0.27082526765508885,-0.9611565207972124,-0.9979504794924884,-1.3800738471976315,-0.5949057135506131,-0.6248470335613264,-1.2236364077802462,1.5970996239808664,-0.2626370259603873,0.583177963351281,0
-0.13727930185636217,1.653940396634664,-0.7700231321842455,1.0123222176577205,1.6799614730288044,1.123661037536516,0.3148959943023277,0.022115762901484495,0.5818766928567051,-0.43315324921817433,-0.7589244033129798,-0.9979504794924884,0.43128439823829373,-0.5949057135506131,1.600391689947671,-0.5062033511589377,0.365808700512358,0.258640444712674,0.010834490811432122,0
-0.14010642576049484,1.2882185682615295,0.5224921033072328,-0.49800534001741437,-1.1631886647513017,-0.5848960393056271,-1.2491258805614935,-0.3565071277883371,-1.3647248777228986,0.10169637848760744,-0.6045911039518086,2.023090326236538,-0.47439472447966885,-0.5949057135506131,-0.6248470335613264,0.1455943844029411,0.7438957190664148,-1.33697541379928,-0.18858972336624175,0
0.015170853245728717,0.9224967398883949,1.3841689269682185,-1.0014478592424594,1.4902904058857918,-0.5848960393056271,-1.1542518552621006,1.5641600526443804,0.46227795182277315,-0.7009822162828704,-0.9113244797212129,-0.9979504794924884,-0.9272342858386502,-0.5949057135506131,-0.6248470335613264,0.23738411975190724,-1.2589692373913064,1.5803086376248838,-0.8575813475515732,0
-0.10778473059711498,-1.6375560587235474,0.809717711194228,-1.5048903784675043,-0.4035464614967114,0.5541420119224684,-0.26705879340968836,0.93008405433153,-0.0807047947951067,0.20900860427130308,-0.9784115728138008,0.009063122417187087,1.3369635209562563,-0.5949057135506131,-0.6248470335613264,0.42787131238430204,-0.5571073640761613,-0.21182450957712792,-0.6567514619204525,0
-0.12035102655020004,-1.6375560587235474,0.37887929936373527,0.005437179207630557,-1.629702855148509,-0.5848960393056271,0.09413273727452026,-0.3849729539292403,2.104382233182203,0.025870720790625978,-0.09669718150314316,0.009063122417187087,-0.47439472447966885,-0.5949057135506131,-0.6248470335613264,0.8277727050316004,-1.4211680741930004,-0.5168243450382601,-0.7071636665444962,0
-0.12912453947354552,1.653940396634664,0.809717711194228,1.5157647368827654,0.4269829082658735,-1.7239340905337224,2.064466371932971,0.7626274562995026,-0.1090555984208777,0.07345959554825175,-0.34427675035289856,0.009063122417187087,-0.9272342858386502,-0.5949057135506131,1.600391689947671,-0.017921943600927824,-0.10270498489785226,0.1313386744533406,-0.3121920200885599,0
-0.13628436915117223,-0.9061124019772783,-0.7700231321842455,-1.5048903784675043,1.5927894169176218,-1.1544150649196747,-0.07132758981133008,1.0244897856556672,-1.0870996310437684,-0.4659079114348333,-0.7697847581310477,0.009063122417187087,-0.47439472447966885,-0.5949057135506131,-0.6248470335613264,1.1164199518851927,-1.0171698712627815,-1.2995797718572755,-0.9097896007778072,0
-0.12463839454991564,-0.3575296594175763,0.23526649542023767,1.0123222176577205,-0.0816804081631145,2.2626990887646112,-0.026972308218823786,-0.6807664327614222,-0.4984670353379217,0.5600248615421748,0.8966219186076438,0.009063122417187087,-0.47439472447966885,-0.5949057135506131,1.600391689947671,-0.1544977262438555,-0.3494843623592093,-1.0236852809154038,-0.9544775508351878,0
0.07258562030514386,-0.7232514877907109,-0.7700231321842455,-0.49800534001741437,-0.25506658570293905,0.5541420119224684,1.112081157623723,-0.03874259502698953,0.3446027422265244,1.1018255009832616,1.5951621597495602,4.037117530055889,-0.9272342858386502,-0.5949057135506131,-0.6248470335613264,-0.37390478309473474,0.36252260594813024,-1.4901364426948682,0.4891246994719945,0
0.11356840962524269,-0.9061124019772783,-0.48279752429725026,1.5157647368827654,0.20091032318632326,1.6931800631505638,1.3288527741943044,-0.5826243230226752,-1.0231487947340572,-0.8877318618659482,-0.7115316378209102,1.0160767243268625,-0.02155516312068755,-0.5949057135506131,1.600391689947671,-0.8522622241166514,-1.1752889442953194,-0.5397677259251221,-1.2408534713224455,0
3.9165762530093224,0.3739139973286929,1.6713945348552135,-0.49800534001741437,1.6952884279494518,-0.5848960393056271,-1.1255466011572128,-0.1575781515818728,-1.0843083796264639,0.2116966897165301,-0.6932471329299408,-0.9979504794924884,-0.9272342858386502,-0.5949057135506131,-0.6248470335613264,0.25311713195107083,-0.8245002359395542,-0.2681814400108178,1.7353049859909102,0
0.41185763066072145,1.1053576540749621,-1.0572487400712407,1.0123222176577205,-0.22058093713148222,-0.015377013691579365,0.8930023421992179,0.15957970252578346,-0.9712107700834073,-0.4907272193484832,-0.7266799654091002,-0.9979504794924884,-0.02155516312068755,1.680938638211487,1.600391689947671,-0.3830880942765159,-1.342021787829255,0.21466356281858817,1.996869927312442,0
0.2661696070279437,0.3739139973286929,0.37887929936373527,-1.5048903784675043,-1.6938844788787204,-1.1544150649196747,-0.003566389552737973,-1.9316219505875434,0.7649859874559346,-0.7302188500775507,1.6318673839054008,0.009063122417187087,-1.3800738471976315,-0.5949057135506131,-0.6248470335613264,-1.2958207544396878,0.10953760339271554,-1.0426524492053102,-1.2169859069672835,0
-0.12242780329766549,-0.17466874523100903,-0.7700231321842455,-0.49800534001741437,-0.007919437607498551,0.5541420119224684,1.166478430630841,-0.6209499195701891,-1.4084292515113652,0.06476357877581855,0.5329930403010935,-0.9979504794924884,-1.3800738471976315,-0.5949057135506131,-0.6248470335613264,-0.08011554481809174,-0.10757746288704857,-0.6956837407517682,-0.18103694716934565,0
-0.09849908561894943,-0.17466874523100903,1.3841689269682185,0.5088796984326754,-1.6843051320533158,-0.015377013691579365,0.23906111220907603,-0.47866064349407716,-0.5885149096884179,0.584710158949644,0.3343753030375416,2.023090326236538,-0.47439472447966885,-0.5949057135506131,-0.6248470335613264,-1.3250083283202276,-0.03058214831018112,0.10387970258846574,-1.4495612327577831,0
-0.13984004421920188,0.008192168955558287,-1.631699955845231,1.0123222176577205,-1.7312439314977988,-0.015377013691579365,-0.7187995474334625,-0.6207527578663513,2.7174750187973555,1.2876842027533795,0.7395562220208135,2.023090326236538,-0.9272342858386502,1.680938638211487,1.600391689947671,1.969976800382786,0.9617204521122564,-0.736683483053262,3.0501966648517755,1
-0.011267845824294912,0.008192168955558287,-1.2008615440147383,-0.49800534001741437,-1.5003816730055461,-1.1544150649196747,-0.359745682308298,-0.5700389979577983,-0.9305161903986927,-0.419019862313956,-0.43346109799427984,1.0160767243268625,0.8841239595972751,1.680938638211487,-0.6248470335613264,-0.659561878326777,0.15116090793410306,-0.8679614484507674,0.3088412452839598,0
-0.12725747147530508,-0.7232514877907109,1.3841689269682185,-1.0014478592424594,0.03231381905920106,0.5541420119224684,0.2582571311047386,-0.9233443054694291,-0.43100183872957104,2.248689583459648,-0.0198161012669173,0.009063122417187087,-1.3800738471976315,-0.5949057135506131,-0.6248470335613264,-1.4908794327802821,0.992949689763206,1.6612753508484563,0.6662864134581897,0
-0.004852860552067131,-0.3575296594175763,-0.3391847203537527,-0.49800534001741437,0.8005774344566556,-0.015377013691579365,-1.1016461923101026,1.3098774028876068,-0.17790453760080513,-0.8168775854040058,0.13895212891090888,-0.9979504794924884,0.43128439823829373,-0.5949057135506131,-0.6248470335613264,-1.1475524583414614,1.8692872410585317,1.8949082708815694,-1.6737676994520458,0
-0.13221356921011415,-0.3575296594175763,0.09165369147674007,1.5157647368827654,-0.1899270272901873,-0.5848960393056271,1.6643328701592592,-0.2871243595345531,0.6574171324650123,0.6286294850528885,-0.12225022708649715,0.009063122417187087,-0.02155516312068755,-0.5949057135506131,1.600391689947671,-0.02897230654665819,-0.34107332494091763,1.2168171322872225,-0.42032416084151025,0
-0.12796698860739902,-1.0889733161638455,0.37887929936373527,0.005437179207630557,0.6952046193772042,-0.015377013691579365,-0.29198041787727985,-0.5419240407151136,-0.1483311367731619,-0.7653305746937278,0.17670038642618593,-0.9979504794924884,-0.9272342858386502,-0.5949057135506131,-0.6248470335613264,-0.0012716510394096118,-0.6544222171113723,-0.8463116295834158,-0.7265417905289315,0
-0.06111853664064096,-0.5403905736041437,1.2405561230247208,0.5088796984326754,-0.25315071633785813,-1.1544150649196747,-1.4015813496349696,-0.7892077212175368,0.4036069186668079,-0.8587236248638498,-0.9657528070600144,-0.9979504794924884,0.8841239595972751,-0.5949057135506131,-0.6248470335613264,-1.1527454621716298,-0.7153885829831159,-0.9877914635861845,-0.24485670119684827,0
-0.13796804886278402,1.1053576540749621,-1.3444743479582357,-0.49800534001741437,0.11469620175768122,-1.1544150649196747,-0.6324846677440383,-1.8584922146758116,0.4156004574020927,2.272963630029471,-0.5971730127116257,1.0160767243268625,0.43128439823829373,1.680938638211487,-0.6248470335613264,-0.4328296987349687,1.4281652277863977,-0.28190016360092196,1.4417203957901121,0
-0.055088681417663654,0.3739139973286929,1.6713945348552135,0.5088796984326754,-1.2695194145132935,-0.015377013691579365,-0.1644630220166416,-0.6180952568448942,0.3983754672918123,-0.5644391751024433,-0.7036585522598469,0.009063122417187087,-0.02155516312068755,-0.5949057135506131,-0.6248470335613264,-0.30143478268982654,-1.1507690862393523,-0.4563778560338237,-1.480306147611533,0
-0.10890637508027481,0.3739139973286929,0.809717711194228,1.0123222176577205,0.6817935338216377,-0.015377013691579365,0.64400026521987,0.20985514787212478,-0.5758615659831855,-0.9400639766235263,0.9359401753330058,2.023090326236538,-0.02155516312068755,-0.5949057135506131,1.600391689947671,-1.1343503888086386,1.31324034219533,-0.5905195853038215,0.5253927281678765,0
-0.11259426779046178,0.008192168955558287,-0.3391847203537527,-0.49800534001741437,1.2498488005681345,-0.015377013691579365,-0.5854134877414603,3.9301170756007373,0.3034634668817624,-0.022117208372000194,1.6562035629991854,0.009063122417187087,-0.9272342858386502,-0.5949057135506131,-0.6248470335613264,-0.4706495336898339,-0.6472880420237128,1.2116092400060343,0.4117447424968681,0
0.17796026449868702,-1.0889733161638455,-1.4880871519017334,1.0123222176577205,0.4518892100119256,1.123661037536516,-1.3691335529821789,-0.9273402212829993,-0.5509028496636309,-0.9457377730924701,0.18461118058253986,0.009063122417187087,-0.47439472447966885,1.680938638211487,1.600391689947671,2.2688547016146954,-0.08103223652093601,0.8303792841103237,0.3889787334385965,0
-0.12500390934088182,-1.2718342303504129,1.0969433190812232,1.5157647368827654,0.35417987239279797,-0.5848960393056271,-1.1685893348301135,0.5918642847635824,2.012256592335397,0.5921779673419661,0.4811410405017001,1.0160767243268625,-0.9272342858386502,-0.5949057135506131,1.600391689947671,1.9806765782990772,1.1815594305077384,-0.957663223976656,-0.9048969565615554,0
-0.11340489858833314,-1.4546951445369802,0.809717711194228,-1.0014478592424594,0.934688290012321,-0.5848960393056271,-1.630439055954659,0.45454768240466237,-0.9106129641423979,1.2976631628715736,-0.3855595163352952,-0.9979504794924884,-0.47439472447966885,-0.5949057135506131,-0.6248470335613264,2.0096932046309317,-0.6730154705144687,-0.9444991731662333,0.4815241897082232,0
0.13805051290514894,0.7396358257018275,0.9533305151377256,0.005437179207630557,0.7737552633455225,-0.5848960393056271,-0.42445923445840117,-0.006332206309902316,-0.325333794217638,1.1708906920914532,0.16669909736190316,0.009063122417187087,0.8841239595972751,-0.5949057135506131,-0.6248470335613264,0.9997115345002011,-1.3812377102857982,2.5366236632466936,1.1344476653345799,0
0.508636942130688,-1.6375560587235474,-0.7700231321842455,0.5088796984326754,0.8781701437424334,0.5541420119224684,0.5918829779541176,0.09557063111660102,0.48946056234970153,-0.3868010594180525,-0.98281095157809,-0.9979504794924884,-0.9272342858386502,-0.5949057135506131,-0.6248470335613264,0.2200346051142402,-0.8376605560600724,-0.7360842446861541,1.400585092756412,0
-0.13572671496533467,0.1910530831421256,-1.4880871519017334,0.005437179207630557,1.037187301044151,0.5541420119224684,0.1834004609210218,0.8340277159731178,-0.37690183789089965,0.0034886563430680697,-0.2280223592515909,0.009063122417187087,0.43128439823829373,1.680938638211487,-0.6248470335613264,0.45507392549647946,-0.4674678989170273,0.6049330026873851,-0.6556664974369506,0
-0.14167253081392087,-0.17466874523100903,-1.0572487400712407,1.0123222176577205,0.8130305853296816,-1.1544150649196747,0.44355962931138887,2.027356109562073,-0.9009858210078084,-0.370599488018226,-0.43313466154400454,0.009063122417187087,-1.3800738471976315,1.680938638211487,1.600391689947671,1.977047962427142,1.0982041027075233,-0.9372690804276514,0.022485396693429093,0
-0.1317570289935847,1.4710794824480968,-0.7700231321842455,1.5157647368827654,-1.3193320180053978,-0.5848960393056271,-0.1370113001163284,-0.7811254168825522,-1.3600297045141976,-0.5415131926686488,0.25695555047951635,-0.9979504794924884,-2.285752969915594,-0.5949057135506131,1.600391689947671,1.03006202546625,1.618934344158353,-0.5488492732584643,-0.25355247043201445,0
0.3653366238620977,-0.17466874523100903,-1.4880871519017334,1.0123222176577205,1.2297321722347847,-1.1544150649196747,0.08695260571780669,-0.7216551640418583,-0.2268281195094759,-0.11810155546494135,-0.7691292793723271,0.009063122417187087,-1.3800738471976315,1.680938638211487,1.600391689947671,-0.9327451164847533,-0.9737901622058198,-0.008102067683865179,2.7111714908473057,1
-0.13580991574407406,0.7396358257018275,0.6661049072507305,1.0123222176577205,-1.5885116637992691,-0.015377013691579365,0.7306726642503758,0.3323899596030111,-1.5315443292278261,-0.870751291658539,-0.47323515873995703,-0.9979504794924884,1.3369635209562563,-0.5949057135506131,1.600391689947671,0.692245155608067,-0.12687374462799786,-0.8558160160424135,-1.3474606772721378,0
-0.13405663385595715,-1.6375560587235474,-1.4880871519017334,-1.0014478592424594,-0.7646878368144675,0.5541420119224684,1.9111687723100672,-1.6570630421771737,0.7007133324923087,4.64295385446067,-0.026080004723332762,-0.9979504794924884,-0.02155516312068755,1.680938638211487,-0.6248470335613264,-0.944199734430732,-1.0398434907349878,-0.6218323330117728,1.686788830901531,0
-0.025373037187014516,0.9224967398883949,-0.9136359361277431,-1.5048903784675043,-1.5674371007833787,-1.1544150649196747,-0.07246952002392872,1.4286542339237978,0.9138593076451483,-0.1267043030688766,-0.021507536556372303,0.009063122417187087,-0.9272342858386502,1.680938638211487,-0.6248470335613264,-1.6996026146082288,0.6238008984299407,0.40852279938249975,0.10808905300773688,0
-0.14081188105282919,0.1910530831421256,1.6713945348552135,-1.0014478592424594,1.2354797803300277,-1.1544150649196747,-1.1778034513329367,-0.6886620764174983,-1.3976397603785848,-0.7079330955465013,-0.7166811290892658,0.009063122417187087,-0.9272342858386502,-0.5949057135506131,-0.6248470335613264,-0.41279699842552486,-0.7112804128794792,0.8665833418428625,-1.4846318292943395,0
-0.11533255787418063,0.3739139973286929,0.9533305151377256,-0.49800534001741437,-1.622997312370726,0.5541420119224684,-0.4582172892558686,-1.2701090065748672,0.05010141839649448,-0.6601308279816288,0.04976090820634944,-0.9979504794924884,0.43128439823829373,-0.5949057135506131,-0.6248470335613264,-0.8477034681799228,0.43247965565833063,-0.7487902185516678,-0.7399863272322934,0
-0.1406051086984506,-1.6375560587235474,-1.2008615440147383,-1.0014478592424594,1.2661336901713225,1.6931800631505638,1.7361734470600254,0.9058400954218634,-0.9137174824649339,0.7128362039057858,-0.4349380644734608,-0.9979504794924884,-1.3800738471976315,1.680938638211487,-0.6248470335613264,1.248657007911145,-0.695911105116051,1.2759192412771116,0.7029986294402761,0
-0.13386216016900485,0.1910530831421256,-1.631699955845231,-0.49800534001741437,-0.03953128213133396,-0.015377013691579365,0.24918648978301855,0.5820985929150742,0.3018275635851871,4.727931699745185,0.32792738262700394,0.009063122417187087,-0.02155516312068755,1.680938638211487,-0.6248470335613264,1.14217546714681,-0.8110518440892991,-0.661916457961504,2.11780623549214,0
-0.12208436534391141,1.1053576540749621,1.0969433190812232,0.005437179207630557,0.17313021739264972,-0.5848960393056271,-0.013716714081731725,0.5307732015669869,-0.5570037853668784,0.528581818793142,-0.6015131665721583,2.023090326236538,1.7898030823152375,-0.5949057135506131,-0.6248470335613264,1.0197322212535411,0.06633308108611685,-0.3201258111301693,-0.6660072061950449,0
-0.06105605381483036,0.9224967398883949,0.5224921033072328,-0.49800534001741437,1.324567705806291,0.5541420119224684,1.3506946284657362,0.5688478489632777,-1.138376330857275,-0.7345332001895326,-0.8977591227010155,-0.9979504794924884,0.8841239595972751,-0.5949057135506131,-0.6248470335613264,0.2819087649394089,0.4208224485998923,-0.5336257558938929,-1.4616062259739755,0
-0.14149803263742652,-0.7232514877907109,1.3841689269682185,0.005437179207630557,-0.44665352221103244,-0.5848960393056271,0.8712571000621999,-1.6678293803983828,-0.4353202534781634,-0.6784643476227971,-0.947349086115267,0.009063122417187087,-0.02155516312068755,-0.5949057135506131,-0.6248470335613264,-1.5011756885300591,-0.28796996899547833,0.425013167836433,-0.8068130676370622,0
-0.14127390086316305,0.008192168955558287,0.809717711194228,-1.0014478592424594,-0.16502072554413513,-1.1544150649196747,1.0682876892341664,1.2868247559992059,-0.8421215567273043,0.2828940074400651,0.5295354779342785,-0.9979504794924884,-0.02155516312068755,-0.5949057135506131,-0.6248470335613264,0.3944126297166232,-0.956000783268007,1.0469683859899168,0.13063228212388736,0
-0.028118801985479894,-1.6375560587235474,0.23526649542023767,1.5157647368827654,-1.3269954954657217,1.123661037536516,-1.385771161160835,0.5634001481544604,0.0253765173899889,-0.7404195109243962,1.6710968220665323,-0.9979504794924884,0.8841239595972751,-0.5949057135506131,1.600391689947671,0.2681694660976353,0.7706073179408124,0.6782394113048041,-0.14217480817858252,0
0.12476439152611853,0.1910530831421256,-1.4880871519017334,-1.0014478592424594,-1.6852630667358564,1.123661037536516,-0.19218950243959135,0.03408495312320565,1.0788138414744122,0.6798704792992465,0.1878404001529422,-0.9979504794924884,-1.8329134085566128,1.680938638211487,-0.6248470335613264,-0.457095523302873,0.6133203391775429,1.5932929227757833,0.009273372564071814,0
-0.03183579114213403,1.4710794824480968,0.809717711194228,-1.5048903784675043,0.4777534464405182,-0.015377013691579365,-0.29955779398499727,-0.5005360078047243,-0.40845346754279016,1.1453155067007312,-0.7864784566819144,-0.9979504794924884,-0.02155516312068755,-0.5949057135506131,-0.6248470335613264,2.924129769746524,-0.7535662554993332,-0.5894675292037129,0.02817383039205334,0
-0.041679841165722036,-0.17466874523100903,0.809717711194228,-1.0014478592424594,-0.37097668229033554,-1.1544150649196747,0.41248685220526216,-2.064205889701286,-0.25360578738871403,-0.2077093155389911,-0.8002930023260125,1.0160767243268625,0.8841239595972751,-0.5949057135506131,-0.6248470335613264,-0.5064616042613405,-0.5352517121088155,-0.023731778646484864,-0.4832070024264076,0
-0.10926610798780176,-1.2718342303504129,-1.0572487400712407,0.5088796984326754,1.4117397619174736,-0.5848960393056271,0.6300942350169526,0.04818098512246954,-0.7109361388288716,-0.7382266128287418,0.23220583395361633,-0.9979504794924884,1.3369635209562563,1.680938638211487,-0.6248470335613264,0.8014350662913359,1.3824728040112373,1.054323965586471,-1.4125863262817897,0
-0.04069321731001066,0.7396358257018275,-0.7700231321842455,-0.49800534001741437,-0.3671449435601737,1.123661037536516,-0.8256760941705498,-0.3903870713938261,1.7301450260965556,-0.6465743228370823,-0.8434441097328179,-0.9979504794924884,-0.47439472447966885,-0.5949057135506131,-0.6248470335613264,-1.9941351503860205,0.697015200233846,-0.11251241327065505,-0.22429939418966008,0
-0.1413563672788958,-0.5403905736041437,1.5277817309117159,0.005437179207630557,1.6311068042192405,-0.5848960393056271,-1.9528418426339054,-0.590218906222808,1.4807710394059572,0.43415488592900425,0.46812647319705863,1.0160767243268625,-0.47439472447966885,-0.5949057135506131,-0.6248470335613264,-1.3056156515657107,-0.24319999532727604,-0.39842345545489455,0.1532141323819638,0
-0.13330231416231997,0.3739139973286929,0.37887929936373527,0.005437179207630557,0.918403400409133,-1.1544150649196747,-0.06553527527417177,2.4873639728455683,-0.9916966784187017,0.03932586381704902,1.153229139670919,-0.9979504794924884,-0.47439472447966885,-0.5949057135506131,-0.6248470335613264,0.16495453918633046,-0.7944486248018015,-0.055844304393064544,-1.0310415152002372,0
-0.13573178348068182,0.008192168955558287,-0.6264103282407478,-1.0014478592424594,1.628233000171619,-1.7239340905337224,-0.8369012354525321,-1.596717622337274,-1.0338809842236683,-0.8816533200377872,1.5424173865430004,1.0160767243268625,-0.47439472447966885,-0.5949057135506131,-0.6248470335613264,0.6265507408488802,2.8793440481297234,-0.8272161856996324,-0.7660584365973299,0
-0.07269673318666671,-0.9061124019772783,0.23526649542023767,-1.0014478592424594,0.9241510085043758,1.123661037536516,0.9421399199428939,0.9231427251662447,-0.8956552600884419,0.02654453671974199,-0.9484897994467781,0.009063122417187087,1.3369635209562563,-0.5949057135506131,-0.6248470335613264,-1.2336376459190155,0.8767256571805639,1.8960199399098132,-0.3921332508579265,0
-0.14096529993624718,1.1053576540749621,0.6661049072507305,-0.49800534001741437,-0.9716017282432083,-0.5848960393056271,-0.4651754837430392,1.0830175092122287,0.08939296295128399,-0.740479453818144,-0.8964450633477188,1.0160767243268625,-0.9272342858386502,-0.5949057135506131,-0.6248470335613264,0.11387509874426098,-0.2883867861511587,1.7924293329829273,-1.245308212524666,0
-0.14111973812867518,-0.7232514877907109,0.09165369147674007,1.0123222176577205,-0.7522346859414414,0.5541420119224684,1.3501803829279997,-1.8868750848429359,-1.2419776339111341,1.8842799966873995,-0.8662380205648578,3.030103928146213,0.8841239595972751,-0.5949057135506131,1.600391689947671,0.2507533290462159,-0.8793832827042105,-1.4372133089851586,0.21563539603594997,0
-0.034366066276294786,0.1910530831421256,0.809717711194228,1.0123222176577205,0.47679551175797774,-0.015377013691579365,1.5836508279262018,0.8100284986294783,-0.769932343591942,-0.5763944407553143,0.35136110215800154,-0.9979504794924884,1.3369635209562563,-0.5949057135506131,1.600391689947671,-1.3950124837179252,-0.2512655999455159,0.6688733833775887,0.6623404643201876,0
-0.1334499466536233,0.5567749115152602,1.3841689269682185,-1.5048903784675043,0.4748796423928968,-0.5848960393056271,-0.4605150802408499,-0.6030545922497398,-1.179847386577493,-0.9685663428249732,-0.21988056263346203,-0.9979504794924884,-0.9272342858386502,-0.5949057135506131,-0.6248470335613264,-1.0177955401025114,-0.8728089501323735,1.986802552012219,-1.08080885494677,0
-0.1132874564459804,-1.4546951445369802,0.809717711194228,-1.5048903784675043,0.454763014059547,-1.7239340905337224,1.335517678243192,-2.525544709291628,0.2576723027112289,2.029023904485268,-0.2186463035528644,1.0160767243268625,0.8841239595972751,-0.5949057135506131,-0.6248470335613264,-0.8686458238774509,-0.3175168771749356,-0.9364553694376899,1.1704581995233436,0
-0.11417043668030842,-1.6375560587235474,1.0969433190812232,1.5157647368827654,-1.1583989913385995,-0.5848960393056271,-0.27007149386218066,-1.4531389958377463,1.6728402063013534,1.2101614830317737,-0.6976848361528661,1.0160767243268625,-0.47439472447966885,-0.5949057135506131,1.600391689947671,-1.5832046509593833,-0.5274114374158702,0.37946963710370446,0.38490528441488064,0
-0.13692702832594877,0.9224967398883949,0.809717711194228,0.5088796984326754,1.3810858520761786,-1.1544150649196747,0.3760155504678341,1.329894667619848,0.9033272956254496,2.2916569903882498,-0.0804943993519797,0.009063122417187087,0.8841239595972751,-0.5949057135506131,-0.6248470335613264,-0.49870580727736796,0.3874086358392257,-0.39036846489756416,1.1400482645508299,0
-0.13440546105781404,0.1910530831421256,-1.0572487400712407,0.005437179207630557,-1.5492363418151098,1.123661037536516,0.7397459308498364,0.23511266275699488,0.6434308169789194,-0.2691870576031457,2.9200511471996964,-0.9979504794924884,-0.47439472447966885,1.680938638211487,-0.6248470335613264,-0.9981756882025553,1.1795745983602037,0.3512819718354783,0.2517367940307685,0
-0.11672769193223444,1.4710794824480968,-0.6264103282407478,0.5088796984326754,-0.12382953419489506,-0.5848960393056271,0.11396409013731487,1.1475635699740714,0.4381750000614171,-0.647532680604086,0.37910291434669074,-0.9979504794924884,0.8841239595972751,-0.5949057135506131,-0.6248470335613264,0.17950545093636983,-1.295213444314193,0.7427262442039749,-1.06509174462212,0
0.026950941998359127,0.7396358257018275,-0.05195911246675751,-1.0014478592424594,-1.5243300400690578,-1.1544150649196747,-0.593779595556808,-0.6835684812817238,0.014157610877939805,-0.9434354636853992,0.08301557524067744,1.0160767243268625,1.7898030823152375,-0.5949057135506131,-0.6248470335613264,1.93136243792334,-1.0697058652060714,0.10598151073361466,-0.6142498372485257,0
-0.1384287271574849,1.2882185682615295,1.2405561230247208,-0.49800534001741437,0.3369370481070696,0.5541420119224684,0.06824369015069136,-0.6318268289754956,1.7543144357801421,-0.5865393352494966,-0.2110657701700464,1.0160767243268625,0.8841239595972751,-0.5949057135506131,-0.6248470335613264,1.7034629329699837,-0.49034340199572957,-1.5158410363921544,-0.2641574098584918,0
-0.14029677938321478,1.4710794824480968,1.3841689269682185,-1.0014478592424594,0.38004410882139056,-1.7239340905337224,-0.4574470438338318,1.2936263312630836,0.513070842165177,-0.8883744680460657,2.190783180838231,2.023090326236538,0.8841239595972751,-0.5949057135506131,-0.6248470335613264,-0.12258334515873542,-0.9521925541541936,0.3504495510572527,-0.9348141593959551,0
-0.103318957126272,-1.2718342303504129,0.09165369147674007,0.5088796984326754,-0.6286611118937212,-0.5848960393056271,-1.0783566192130918,-0.6802829837176839,-0.6911812733817012,0.02421374046387077,-0.9750057451715004,1.0160767243268625,-1.8329134085566128,-0.5949057135506131,-0.6248470335613264,0.6505587064177474,-0.0031427114183966353,-0.034272484925813695,-1.3135294584813528,0
-0.1259593073292606,-1.2718342303504129,-1.4880871519017334,0.5088796984326754,1.3906651989015832,-0.015377013691579365,-0.4559813660326628,-1.218133194420052,-0.728312967000105,-0.6489548250200943,-0.7316136450310159,1.0160767243268625,-1.3800738471976315,1.680938638211487,-0.6248470335613264,-0.22381849568203066,-0.8487232290082507,0.48614686614168173,-0.5849392323303763,0
-0.13439247355112746,0.3739139973286929,-0.6264103282407478,1.0123222176577205,1.180877503425221,0.5541420119224684,-1.2875190973357387,0.09487440014352909,0.18780169361676904,2.5482466904420695,-0.5277951607181486,0.009063122417187087,-0.47439472447966885,-0.5949057135506131,1.600391689947671,0.33176913388461926,2.221478617252782,-1.162139394420609,1.2703158257577611,0
-0.14010754070144496,1.653940396634664,-0.9136359361277431,1.5157647368827654,0.8168623240598435,-1.7239340905337224,-0.3403053984194113,1.4239051060976669,-1.0315664567963847,0.0007329255708209724,0.9006192529648425,-0.9979504794924884,2.242642643674219,1.680938638211487,1.600391689947671,-0.14016864967597337,-0.781697792683971,-0.7508445944644375,0.5499557964946639,0
-0.13354127596880047,1.2882185682615295,0.37887929936373527,1.5157647368827654,0.0399772965195248,-1.1544150649196747,-1.5744842960028982,1.0221856802050258,-0.4397171561692323,-0.8974089291579792,-0.6563729831506123,-0.9979504794924884,-1.3800738471976315,-0.5949057135506131,1.600391689947671,-1.48292430444695,0.33973968677658894,-1.1110088341104385,0.5259042503235822,0
-0.12290419166244639,-0.5403905736041437,-0.6264103282407478,1.0123222176577205,-1.4065040741165804,1.6931800631505638,0.4330320534799179,1.9228284733008414,0.9957919686078744,-0.772258128103951,0.4459951777432387,0.009063122417187087,1.3369635209562563,-0.5949057135506131,1.600391689947671,-1.141983385227833,-0.12066888761729316,-0.304569334994902,-1.040831045988904,0
