age,policy_tenure_years,num_previous_claims,policy_premium,claim_amount,claim_to_premium_ratio,days_policy_to_claim,claim_complexity_score,incident_severity,police_report_filed,witness_present,incident_hour,high_fraud_area,claim_frequency_in_area,seasonal_factor,shared_address_claims,shared_phone_claims,attorney_represented,medical_provider_risk,immediate_medical_attention,claim_reporting_delay,documentation_completeness,story_consistency_score,fraud_score,target
-0.4974855172267839,-0.4768748365924357,0.1963474497086251,-0.2673450626678268,-0.09982126302281516,-0.17511456385246857,-0.9420852236562686,-0.7458843353185888,-0.9678026504499049,-0.6530953403124257,1.2020764431021533,-1.3743075990237061,-0.4209073972747873,-0.6803584822210322,-0.6334002595989058,-0.3190660632816967,-0.20303718023695766,-0.4882520792370033,-0.20085391737695119,0.7970715001101324,-0.08726344987879174,0.4653758957001891,0.7369167190709245,0.9720196682562497,0
0.4174003174852802,1.2651528013235236,-0.9256379771978037,-0.6944082025374648,-0.27904275091851183,0.22336639806699762,1.094663340423116,1.2948622101293965,-0.9678026504499049,-0.6530953403124257,-0.8318938497948913,0.20825022241160054,2.375819494916491,0.01282387358236278,1.031399373616656,-0.3190660632816967,-0.20303718023695766,-0.4882520792370033,1.543832612906808,-1.2545925928374415,0.6294360077211937,0.429141963033149,0.33196200967178546,0.1305266800395048,0
0.2792140883303701,-0.7191192439305377,-0.9256379771978037,-0.4063268299768339,-0.25956772842537656,-0.2584659765367139,-0.6564151982465392,1.0480462086807367,1.0453073868873908,-0.6530953403124257,-0.8318938497948913,1.5030702581313968,-0.4209073972747873,0.01282387358236278,0.39790295785399266,-0.3190660632816967,-0.20303718023695766,-0.4882520792370033,-0.8616212399512958,0.7970715001101324,-0.27105321301013713,-0.7045009314523806,0.4794368733006572,-0.7114978443045116,0
-1.0036222071821368,-0.20608664512601058,2.4403183035214826,-0.29741361486260054,-0.30438828043930904,-0.31121009286026785,-0.8933403491559759,-0.5356340742125215,-0.9678026504499049,-0.6530953403124257,-0.8318938497948913,1.646939150989152,-0.4209073972747873,-0.6803584822210322,-0.624430740700131,-0.3190660632816967,-0.20303718023695766,-0.4882520792370033,-0.9423614173509244,0.7970715001101324,0.14565107026760404,-0.5831227749389133,0.19162925682305468,0.4997183169412033,0
0.10799502300883124,-0.15962017710351054,2.4403183035214826,-0.6245851236363278,-0.33520156669005924,-0.31422215536340975,-0.5963696397945782,0.2912783659535615,1.0453073868873908,-0.6530953403124257,1.2020764431021533,-0.5110942418771752,-0.4209073972747873,0.01282387358236278,-0.1727707523629345,-0.3190660632816967,-0.20303718023695766,-0.4882520792370033,1.0235097581137338,0.7970715001101324,-0.5703747547355614,1.4645822417060625,-1.0442507127125018,-0.522700018599319,0
0.3552949618025563,-0.23044953576424856,-0.9256379771978037,-0.20231602980367402,-0.28937181700224646,-0.3074516549247645,-0.14666540711223544,-0.3962858747975212,1.0453073868873908,-0.6530953403124257,1.2020764431021533,1.3592013652736417,-0.4209073972747873,-0.6803584822210322,0.23727385767126694,-0.3190660632816967,-0.20303718023695766,-0.4882520792370033,1.0829401717017224,-1.2545925928374415,1.6570464352185144,-1.1206685624130122,1.2084406825167378,-0.7610367548141773,0
-0.707774589704194,0.9688701810580924,2.4403183035214826,1.4113723457726437,-0.3006631663096126,-0.33334957815171845,5.6450043461228345,-0.8083693661955159,1.0453073868873908,-0.6530953403124257,-0.8318938497948913,0.20825022241160054,-0.4209073972747873,0.01282387358236278,-1.491443091220926,-0.3190660632816967,-0.20303718023695766,-0.4882520792370033,-0.9508629203644624,0.7970715001101324,0.41447443561144776,-0.3839282345964232,-0.3347913040239685,-0.5679515147325327,0
1.084009447003495,-0.086463691578662,0.1963474497086251,-0.36247520004708017,0.5390220974656009,0.40961832489908595,-0.9270483021986732,-0.4102132980559287,0.038752368218742915,1.531170011903045,-0.8318938497948913,-0.7988320275926855,-0.4209073972747873,-0.6803584822210322,-0.5536632378407416,-0.3190660632816967,4.689424994147564,2.048122358357819,-1.1871081144125575,-1.2545925928374415,-0.6325233691620538,0.21120824697972002,-2.371257684180185,4.388143066428406,1
-1.580255989259976,-0.920895298101098,1.318332876615054,-0.5348613900734307,-0.28852378350175967,-0.2513354974283836,3.424494327878003,-0.6053074822078973,1.0453073868873908,-0.6530953403124257,-0.8318938497948913,0.3521191152693557,-0.4209073972747873,-1.3735408380244272,-1.9519488673720293,-0.3190660632816967,-0.20303718023695766,-0.4882520792370033,-0.38567252492637577,-1.2545925928374415,0.6465934164819447,-0.7652724812761,0.3631011487744636,-0.4619057965455091,0
0.7654886253491242,1.533424830011421,-0.9256379771978037,0.08145925442072131,-0.21389918221360738,-0.2896785467599408,-0.8566749357454815,-1.003321303292266,-0.9678026504499049,-0.6530953403124257,1.2020764431021533,0.0643813295538454,-0.4209073972747873,-0.6803584822210322,0.6050281644496159,-0.3190660632816967,-0.20303718023695766,-0.4882520792370033,-0.5552836259107851,-1.2545925928374415,0.05374713445650634,0.5431630978243989,1.0212584539857879,-0.2601525973113938,0
-0.008868889391430773,-0.5218492700970598,-0.9256379771978037,0.26958543291312526,-0.0928817393377892,-0.26129427049361725,-0.9610326218097687,-0.042572025842517375,1.0453073868873908,1.531170011903045,-0.8318938497948913,0.639856900984866,-0.4209073972747873,-0.6803584822210322,-0.9145670927200654,-0.3190660632816967,-0.20303718023695766,-0.4882520792370033,1.7153089896895917,0.7970715001101324,0.41908778772251387,-0.5656981776278626,-1.062836082458998,0.42990224043023645,0
0.41003940352196117,0.0037834117853181443,0.1963474497086251,-0.4069158477504574,-0.288697976640294,-0.28643816190144084,-0.49199865803178716,-0.29657550118532494,1.0453073868873908,-0.6530953403124257,-0.8318938497948913,-0.9427009204504406,-0.4209073972747873,1.3991885851891528,-0.30397921219827584,-0.3190660632816967,-0.20303718023695766,-0.4882520792370033,-0.3858445981292913,-1.2545925928374415,1.2715593299822272,0.8174364781014734,-1.2348723347043506,-0.6859484615028775,0
1.3432672443281388,-0.6256384161322167,0.1963474497086251,-0.21651348446622917,-0.14783380694983456,-0.22056360097261105,-0.9158535861335582,0.10191008904838039,-0.9678026504499049,-0.6530953403124257,-0.8318938497948913,0.9275946867003763,-0.4209073972747873,-1.3735408380244272,-0.18275442861371335,-0.3190660632816967,-0.20303718023695766,-0.4882520792370033,-0.2291627060139335,0.7970715001101324,2.5634524639043574,0.9227619831096749,-0.21763827090146307,0.3039261777498519,0
2.0523269476637047,-0.9566365310038031,-0.9256379771978037,-0.17599561569759573,-0.0358696300881001,-0.16621026287424961,0.9032699980744917,0.03563791238391384,-0.9678026504499049,1.531170011903045,-0.8318938497948913,1.2153324724158867,-0.4209073972747873,0.01282387358236278,-0.998057596671165,2.8244419493458564,-0.20303718023695766,2.048122358357819,-0.811766568128741,0.7970715001101324,1.849343321146254,1.1765386803055888,-1.249494296939118,0.9120298108141883,0
2.61994505026077,0.6930118711506107,0.1963474497086251,-0.43769781243853945,0.15479107967878905,0.19230122688970952,0.8265164835454697,-0.7426981143023215,1.0453073868873908,1.531170011903045,1.2020764431021533,-0.07948756330390976,2.375819494916491,1.3991885851891528,-1.1376955738467969,-0.3190660632816967,-0.20303718023695766,-0.4882520792370033,0.38545250426222555,-1.2545925928374415,2.8178436272694274,0.35013236642212225,1.1371232904766841,0.4061433585220837,0
0.050551752277558655,0.6630794641759831,0.1963474497086251,-0.4506400054316461,-0.27602287603970893,-0.2639726182193263,-0.7803433184696927,0.8909029689802426,-0.9678026504499049,-0.6530953403124257,1.2020764431021533,1.2153324724158867,-0.4209073972747873,0.7060062293857579,0.7342371897936487,-0.3190660632816967,-0.20303718023695766,-0.4882520792370033,-0.05975103625316445,0.7970715001101324,0.10519894251699169,-1.2056948995016195,-2.92173516250179,-0.25913073884855226,0
-0.18436989583329805,-0.9487330449501201,0.1963474497086251,0.23365979765364292,0.17911536517069135,-0.17028679261001795,-0.9198676454312026,-0.6600817800152856,-0.9678026504499049,-0.6530953403124257,-0.8318938497948913,1.0714635795581315,-0.4209073972747873,0.01282387358236278,1.934451209612477,-0.3190660632816967,-0.20303718023695766,-0.4882520792370033,-1.5828001782428909,0.7970715001101324,0.7620601199659335,0.23991117411965973,-1.7406609427489517,0.2433633464682257,0
1.0232312262672028,-0.9534485034247527,1.318332876615054,0.46970258518751223,-0.33956938740735637,-0.3385357882606404,-0.6838666614210561,0.29996657251740716,2.0518624055560384,1.531170011903045,1.2020764431021533,-0.36722534901942006,-0.4209073972747873,1.3991885851891528,-0.38726972563245654,-0.3190660632816967,-0.20303718023695766,-0.4882520792370033,0.18606257893149586,0.7970715001101324,-0.28100643513543755,-0.8256470202345596,-0.42497714421747246,-0.6555498217688593,0
1.673163604117836,-0.7455878895961285,0.1963474497086251,-0.3883271274168711,-0.31120941140924824,-0.3098794303051441,-0.6491959785223874,2.2096131823746434,1.0453073868873908,1.531170011903045,1.2020764431021533,-0.07948756330390976,2.375819494916491,0.01282387358236278,-0.30869551699532294,-0.3190660632816967,-0.20303718023695766,-0.4882520792370033,1.7623737082490525,0.7970715001101324,0.04852505861756322,-0.5011591275730143,1.1032814561611366,0.0727631770165151,0
-1.2176981962103683,-0.7173378148979573,0.1963474497086251,0.09306900393244225,0.30207386273196674,-0.09475055558702807,0.2315594415785406,-1.5127748428256955,0.038752368218742915,-0.6530953403124257,-0.8318938497948913,0.49598800812711086,2.375819494916491,0.01282387358236278,-0.3021822842440744,-0.3190660632816967,-0.20303718023695766,-0.4882520792370033,-1.2729070180747146,-1.2545925928374415,-0.7788721674369271,1.337237628062116,-1.4512952450301921,0.5527786762823704,0
0.01412119653538518,0.22969648122029332,0.1963474497086251,0.3718575951267546,-0.22847766592476057,-0.3069712864546824,0.09387427497483494,-0.8312208498867131,1.0453073868873908,-0.6530953403124257,-0.8318938497948913,-0.2233564561616649,-0.4209073972747873,0.01282387358236278,0.940258243036157,-0.3190660632816967,-0.20303718023695766,-0.4882520792370033,0.09572656767181217,0.7970715001101324,-0.5189015823619879,0.3613179731738391,0.3167477871951738,-0.5761478983618191,0
0.9897508577236357,1.1203359598857803,-0.9256379771978037,-0.4836448566507002,-0.3285394565981876,-0.3203127482668503,-0.7154280847240622,-0.633151267473677,1.0453073868873908,-0.6530953403124257,1.2020764431021533,0.9275946867003763,-0.4209073972747873,0.7060062293857579,1.3039045859518519,-0.3190660632816967,-0.20303718023695766,-0.4882520792370033,-0.9956421363479758,0.7970715001101324,0.04655160652747257,0.652558689709441,1.6269831812048992,-0.5476523762139065,0
0.7249037696527875,0.21646140924615273,0.1963474497086251,-0.46328810714231294,-0.300690171611386,-0.2892273176585604,2.4613945945743394,-1.103023320787085,1.0453073868873908,-0.6530953403124257,-0.8318938497948913,1.5030702581313968,-0.4209073972747873,-0.6803584822210322,1.495797809978252,-0.3190660632816967,-0.20303718023695766,-0.4882520792370033,0.8922496026867367,-1.2545925928374415,0.4450256616876739,0.17805678444457784,0.9618243963382412,-0.6843761706629568,0
-0.3662222066984532,-0.7624404191078684,-0.9256379771978037,-0.12434184824479423,-0.03968770282672673,-0.18296033766382225,-0.8938356993392899,-0.45754074900854064,0.038752368218742915,-0.6530953403124257,-0.8318938497948913,1.3592013652736417,-0.4209073972747873,0.01282387358236278,0.17950435409105517,-0.3190660632816967,-0.20303718023695766,-0.4882520792370033,-0.8464630309278287,-1.2545925928374415,-0.42760423936362524,0.7971023845907079,0.5581834338000738,0.7934394133598826,0
-0.059841300288238766,0.10134459372638063,-0.9256379771978037,-0.2969922528090819,-0.03823579865777014,-0.11948927869515988,-0.6091323659118456,-1.3078338374369138,1.0453073868873908,1.531170011903045,1.2020764431021533,0.9275946867003763,-0.4209073972747873,0.01282387358236278,0.21639548941597847,-0.3190660632816967,-0.20303718023695766,-0.4882520792370033,2.219820437088715,0.7970715001101324,-0.33685942963764415,-2.000081263256756,0.5682435280945586,-0.16059840238763481,0
0.05691587549685216,-0.940906436520086,1.318332876615054,-0.18221628518329008,-0.28777732905146813,-0.3077238167697056,-0.3275973236612776,0.5710178195623007,0.038752368218742915,1.531170011903045,-0.8318938497948913,-0.6549631347349304,2.375819494916491,0.7060062293857579,1.5325620085081912,-0.3190660632816967,-0.20303718023695766,-0.4882520792370033,-0.4254401113985153,0.7970715001101324,-0.2869170029501007,-0.28338991113009593,-0.7557682035570031,0.37438095257494713,0
2.009652741063996,-0.9461981094554137,-0.9256379771978037,-0.4496682526164643,-0.29697311925834363,-0.2875390131973265,-0.0805447815535037,-0.3178285891361808,-0.9678026504499049,1.531170011903045,1.2020764431021533,0.639856900984866,-0.4209073972747873,-0.6803584822210322,-0.3502374047875811,2.8244419493458564,-0.20303718023695766,-0.4882520792370033,1.125458689903365,0.7970715001101324,-0.6335516048156916,-1.111774706317769,0.27640538480992505,0.7009018462357924,0
-1.173519045751859,-0.8927045215374344,2.4403183035214826,-0.4256460940268946,-0.3380478906404425,-0.3337346922117368,-0.783080176838102,1.5839250428100167,-0.9678026504499049,-0.6530953403124257,-0.8318938497948913,-1.230438706165951,-0.4209073972747873,-0.6803584822210322,-1.2132735799903838,-0.3190660632816967,-0.20303718023695766,2.048122358357819,0.281259465420671,-1.2545925928374415,-0.06311304550739073,-2.2876739016805203,-1.1046271937267862,-0.3133789911696145,0
-0.867428950586906,0.33452491806428175,1.318332876615054,-0.06460390597254713,-0.15729644777063456,-0.2521728374462411,-0.3403997307875698,-1.064385488215987,-0.9678026504499049,-0.6530953403124257,1.2020764431021533,-1.230438706165951,-0.4209073972747873,0.01282387358236278,-1.0591437310770995,-0.3190660632816967,-0.20303718023695766,-0.4882520792370033,-0.9806426855405295,0.7970715001101324,-0.7630606132874188,-1.1155781059394785,-1.8842821460304924,-0.3409014748982024,0
-1.6133622624620574,0.01936977595579627,-0.9256379771978037,-0.07341423421415816,0.28608746396931634,-0.040284752355017925,-0.5148407709782077,-0.1896535973747925,-0.9678026504499049,-0.6530953403124257,-0.8318938497948913,0.639856900984866,-0.4209073972747873,0.01282387358236278,-0.01877913181625491,-0.3190660632816967,-0.20303718023695766,-0.4882520792370033,0.06381772423650642,0.7970715001101324,-0.6782890767728883,-1.2616033571355827,1.466615848790543,-1.2124742201072547,0
-0.9903767899252603,-0.7619913462946168,-0.9256379771978037,0.8554931184033716,-0.3096450585179595,-0.3329131406323343,1.9959589398124167,0.35800609657457044,1.0453073868873908,1.531170011903045,-0.8318938497948913,0.3521191152693557,-0.4209073972747873,-0.6803584822210322,0.5896844013717176,2.8244419493458564,-0.20303718023695766,-0.4882520792370033,1.0075522761121383,-1.2545925928374415,1.1338872673654903,-0.06137406759436461,1.3579117990759395,0.7019158177618856,0
-0.3795771141442395,-0.5412863064196392,2.4403183035214826,-0.26474639623322765,0.97506503544241,0.5447296320673346,3.790355429778941,1.6462850937110713,1.0453073868873908,-0.6530953403124257,-0.8318938497948913,0.9275946867003763,-0.4209073972747873,-1.3735408380244272,-0.7965266048433157,-0.3190660632816967,-0.20303718023695766,-0.4882520792370033,-0.542165839978736,0.7970715001101324,-0.22925925595838512,-0.8077378344902758,-1.240755107946573,0.6987976876722436,0
0.9343411317058637,-0.23355565568608488,-0.9256379771978037,-0.6595807773384956,-0.32508100334468254,-0.2569851519049093,-0.6813525748170141,-1.8410935355306342,1.0453073868873908,1.531170011903045,1.2020764431021533,-1.3743075990237061,-0.4209073972747873,0.01282387358236278,-0.08751609637802052,-0.3190660632816967,-0.20303718023695766,2.048122358357819,-0.6643752887935338,-1.2545925928374415,-0.8635419761636213,0.34270969359768894,-0.5480039362299268,-0.8312414890526568,0
-0.46469329580902113,-0.7294484999146432,-0.9256379771978037,-0.4007010828577445,-0.08611745517671623,-0.09557314728087299,-0.39255968089857196,0.4296925925715411,-0.9678026504499049,-0.6530953403124257,-0.8318938497948913,0.9275946867003763,-0.4209073972747873,1.3991885851891528,0.3036611465489833,-0.3190660632816967,-0.20303718023695766,-0.4882520792370033,-0.20528234209881008,-1.2545925928374415,7.311369408468996,0.6144629183143014,-0.5198008817055674,-0.5269801790194991,0
-0.08388407828555249,-0.6732334742132237,0.1963474497086251,-0.6080711863941476,-0.1041333872977285,0.27242022692724344,-0.3791721712333659,-0.9900395680073472,2.0518624055560384,-0.6530953403124257,1.2020764431021533,0.639856900984866,-0.4209073972747873,1.3991885851891528,-0.23720752477810983,-0.3190660632816967,-0.20303718023695766,2.048122358357819,-0.6721587709811422,0.7970715001101324,-0.9586356557700423,-0.877620897352499,0.3193702266080617,-0.24322330994512034,0
-1.6444050617746246,-0.2558121978436723,0.1963474497086251,0.03351437339452318,-0.17413073418608213,-0.2702886770335228,1.0733990536576135,0.31055173098285316,-0.9678026504499049,-0.6530953403124257,1.2020764431021533,-0.9427009204504406,2.375819494916491,0.01282387358236278,-0.5136360381047265,-0.3190660632816967,-0.20303718023695766,-0.4882520792370033,0.46508616856071827,0.7970715001101324,-0.658615295991774,-0.846112241139575,1.4535063252790283,0.2105506022431737,0
0.62335570487908,-0.352207968735989,0.1963474497086251,-0.3683143512623734,-0.308897563835527,-0.3095309147918631,0.25039231536401074,-0.4679134563720555,-0.9678026504499049,1.531170011903045,-0.8318938497948913,-0.9427009204504406,-0.4209073972747873,0.7060062293857579,1.434963826921763,-0.3190660632816967,-0.20303718023695766,-0.4882520792370033,1.3261052347534152,-1.2545925928374415,-0.8296680975179807,1.4484092091826954,-0.42035499233311413,-0.8601806628741395,0
-0.4163542536438846,-0.572687092605469,-0.9256379771978037,-0.6083981998341996,-0.3413109812597337,-0.33323993663113927,0.02548684678637211,0.6802369875527834,-0.9678026504499049,-0.6530953403124257,-0.8318938497948913,1.2153324724158867,-0.4209073972747873,0.01282387358236278,1.2582220783983464,-0.3190660632816967,-0.20303718023695766,-0.4882520792370033,2.158422910603089,0.7970715001101324,1.0705661832965143,0.6869817446111958,-0.5694016474368404,-0.42558248845410074,0
-1.5050720817737158,-0.8951139855347127,0.1963474497086251,-0.33268013759012466,1.049676403031329,0.7543942069849772,0.23270249601787465,-0.20493972281603506,-0.9678026504499049,1.531170011903045,-0.8318938497948913,-1.6620453847392165,-0.4209073972747873,0.01282387358236278,0.48414669535927285,-0.3190660632816967,-0.20303718023695766,-0.4882520792370033,1.057694581120743,-1.2545925928374415,0.3171588426941665,-2.325910108130105,-0.24626770730036485,0.7469824334867661,0
-0.5169922149576279,-0.7143141196014247,-0.9256379771978037,2.05001494249668,-0.28042912262490227,-0.3325222782511479,0.8011907216613267,1.2055066113480777,1.0453073868873908,-0.6530953403124257,-0.8318938497948913,1.2153324724158867,2.375819494916491,0.7060062293857579,0.9280197921064404,-0.3190660632816967,-0.20303718023695766,-0.4882520792370033,-1.3772658261603512,0.7970715001101324,1.676284688350035,1.2393435482602448,1.1700475454985402,0.3379545815260261,0
0.650000736717821,0.41507617894123444,-0.9256379771978037,-0.6848529829386499,-0.28814837981915037,0.042533379358394116,0.013667341946518393,-0.2526856757299272,1.0453073868873908,-0.6530953403124257,-0.8318938497948913,0.49598800812711086,-0.4209073972747873,0.7060062293857579,-0.4355842987411194,-0.3190660632816967,-0.20303718023695766,-0.4882520792370033,-0.8147155707635045,-1.2545925928374415,0.05005088584808355,-1.1858418167272147,-0.2602064755316979,-0.8087713891778925,0
0.9397534409085396,1.2205744450806206,-0.9256379771978037,-0.6399534167426115,0.10845119694081007,1.2227569015592648,-0.3920233058985664,-0.31809011791872444,-0.9678026504499049,-0.6530953403124257,-0.8318938497948913,1.3592013652736417,-0.4209073972747873,0.7060062293857579,-0.8255616836233026,-0.3190660632816967,-0.20303718023695766,-0.4882520792370033,-0.457176939589935,0.7970715001101324,-0.3913569291872219,-1.6834610985492686,1.3157220544781845,-0.5589044636559127,0
0.053577773488691284,-0.41026492360499583,0.1963474497086251,1.1044840834379068,-0.3232952087263832,-0.33614843336019806,0.04345147906482206,-0.04938922710712765,-0.9678026504499049,-0.6530953403124257,-0.8318938497948913,-0.6549631347349304,-0.4209073972747873,0.7060062293857579,0.2049361406280643,-0.3190660632816967,-0.20303718023695766,2.048122358357819,-1.000259189862658,0.7970715001101324,-0.2465137168529695,0.6225224737002075,0.3848878586382313,-1.0335595910755617,0
0.21451553737280046,0.008097841545033476,0.1963474497086251,-0.460886915414118,-0.05843951306121169,-0.008984239553959127,0.47519790949672547,0.23220998957978323,-0.9678026504499049,-0.6530953403124257,-0.8318938497948913,-0.5110942418771752,-0.4209073972747873,0.01282387358236278,0.5929710799762734,-0.3190660632816967,-0.20303718023695766,-0.4882520792370033,1.163492274886501,-1.2545925928374415,-0.18807613818301588,1.11395327565207,-1.1268285489597796,-0.37905844283671214,0
0.06814387238996686,0.40650599309567825,-0.9256379771978037,-0.48473667941769255,-0.21235620590784307,-0.17253351268844827,-0.5210863683049406,-0.6938732541081067,-0.9678026504499049,-0.6530953403124257,-0.8318938497948913,0.3521191152693557,-0.4209073972747873,0.01282387358236278,-0.4233511880603243,-0.3190660632816967,-0.20303718023695766,-0.4882520792370033,-0.30316907439995866,0.7970715001101324,-0.6692039220424679,0.42196431110221333,0.4292256540839193,-0.5577224190577107,0
-0.3560712872208087,-0.8826974871917805,-0.9256379771978037,-0.5792779647253284,-0.028484235005377653,0.31210270444141536,-0.6311852841090934,1.4199084910087019,0.038752368218742915,-0.6530953403124257,-0.8318938497948913,0.7837257938426212,2.375819494916491,-0.6803584822210322,0.4413321498932117,-0.3190660632816967,-0.20303718023695766,-0.4882520792370033,-0.2178142478339734,0.7970715001101324,-0.8734003596965707,1.0440006072798491,1.117130824759991,-0.0645994651835961,0
-0.2752095600048101,2.17969428436519,-0.9256379771978037,-0.24755289210872525,-0.24686979521244126,-0.2769509696842423,-0.6101715417164091,-0.27885492389396044,-0.9678026504499049,1.531170011903045,-0.8318938497948913,1.646939150989152,-0.4209073972747873,0.01282387358236278,-0.36147719263363526,-0.3190660632816967,-0.20303718023695766,-0.4882520792370033,-1.1749170598230518,0.7970715001101324,-0.6336345554191032,0.41907113806558577,-2.497321227735879,-0.36647497608168456,0
-0.13585631456143987,0.1039651954084099,-0.9256379771978037,0.453014236335035,-0.29325992929592004,-0.3263027528633374,2.840556409978985,0.13248183206679146,2.0518624055560384,-0.6530953403124257,-0.8318938497948913,-0.2233564561616649,2.375819494916491,0.01282387358236278,-1.3279088389300686,2.8244419493458564,-0.20303718023695766,2.048122358357819,1.2701547689416446,-1.2545925928374415,-0.44232309049010804,0.8898409099699385,-2.128617459947488,2.3145867165402785,0
0.7826929663144561,0.3253366172858773,-0.9256379771978037,-0.45410269587061086,-0.3036548989363701,-0.2942545253609807,-0.932520738112315,-0.9331777425439646,0.038752368218742915,-0.6530953403124257,-0.8318938497948913,-0.2233564561616649,2.375819494916491,-0.6803584822210322,1.0015134069891418,-0.3190660632816967,-0.20303718023695766,-0.4882520792370033,0.8437411714832671,0.7970715001101324,-0.4315185037896713,-0.05847033502919743,1.0887143870480223,1.6500112553004405,0
-1.0468655587966207,-0.16250172196714588,1.318332876615054,-0.33920775091543254,0.16225243917260135,0.06430426275378433,-0.8207822864262522,-0.5303876844956495,1.0453073868873908,1.531170011903045,-0.8318938497948913,1.646939150989152,-0.4209073972747873,0.7060062293857579,1.0190197512201393,-0.3190660632816967,-0.20303718023695766,-0.4882520792370033,0.4019458710780482,0.7970715001101324,-0.5857958079731975,0.9567320751036957,-1.5526428198150664,-0.6504994157150585,0
0.34180596193135476,-0.8955371298971506,0.1963474497086251,0.166986925433759,-0.039584946172964465,-0.2337933556085232,1.5539356581322588,-1.439566888184372,-0.9678026504499049,1.531170011903045,-0.8318938497948913,1.646939150989152,2.375819494916491,0.7060062293857579,0.6416743505040026,-0.3190660632816967,-0.20303718023695766,2.048122358357819,0.3917838668804288,-1.2545925928374415,-0.9754057613116135,-0.5383643207532404,-0.6567267797286411,0.5545841017197307,0
-0.23067883076150977,-0.09512340777498367,-0.9256379771978037,-0.009321900779386752,1.8459416188405695,0.6085163040587689,0.25111626013828,0.9558699418457344,-0.9678026504499049,-0.6530953403124257,1.2020764431021533,0.9275946867003763,-0.4209073972747873,0.7060062293857579,0.14123567125045408,-0.3190660632816967,-0.20303718023695766,2.048122358357819,0.561940337049504,0.7970715001101324,2.519160832306289,-0.8878174619570769,-0.7304758257347859,0.7559005077117448,0
2.61994505026077,-0.8129045371695633,-0.9256379771978037,-0.39588494997006063,-0.11879858355669633,-0.1295950768612543,-0.3704580546641331,0.10469154957868854,0.038752368218742915,1.531170011903045,-0.8318938497948913,0.9275946867003763,-0.4209073972747873,-1.3735408380244272,1.3493011147383098,-0.3190660632816967,-0.20303718023695766,-0.4882520792370033,-1.4227306325282285,-1.2545925928374415,-0.7642924183339003,0.2596582909094332,0.45020935927572664,-0.5589068308099283,0
0.7029886828695295,-0.7659464552789874,-0.9256379771978037,-0.6003993850882456,-0.027843696455896284,0.4195948527886036,0.18278430334553272,-0.5690440322020529,-0.9678026504499049,-0.6530953403124257,1.2020764431021533,0.639856900984866,-0.4209073972747873,0.7060062293857579,-1.119142575208343,-0.3190660632816967,-0.20303718023695766,-0.4882520792370033,2.0867677832696,-1.2545925928374415,-0.6960758732409459,-0.4449906152163159,-0.0948893783842107,-0.8219691061599813,0
0.7847685869797015,-0.821559733321773,1.318332876615054,-0.5820685714502638,0.7838691815554776,2.035015066315855,-0.7019634934098841,-0.34689936262950183,-0.9678026504499049,-0.6530953403124257,-0.8318938497948913,1.0714635795581315,-0.4209073972747873,0.01282387358236278,-0.027250978666481716,-0.3190660632816967,-0.20303718023695766,-0.4882520792370033,-0.9036469565659555,0.7970715001101324,-0.5793083019068995,-0.12567595675660323,-1.7815762194320646,0.48633699568688044,0
-0.5775005339687881,0.8767092362160538,-0.9256379771978037,-0.41727706892488653,-0.3212505009931108,-0.3171409934470334,-0.7230467255276007,-0.38097774744290475,0.038752368218742915,-0.6530953403124257,-0.8318938497948913,1.0714635795581315,-0.4209073972747873,0.01282387358236278,-0.33939148991520623,-0.3190660632816967,-0.20303718023695766,-0.4882520792370033,-0.8631068591699871,0.7970715001101324,0.004034545391451498,0.1302132609140612,1.553552018376465,-0.7019357813300207,0
-0.0713288918579857,-0.7432166715625436,-0.9256379771978037,0.5147333713521761,-0.24049198307971315,-0.31373258105301804,0.36759299840236986,-0.306183138670054,0.038752368218742915,-0.6530953403124257,1.2020764431021533,-1.230438706165951,-0.4209073972747873,-0.6803584822210322,2.78250417055784,-0.3190660632816967,-0.20303718023695766,-0.4882520792370033,-0.6726191063022517,-1.2545925928374415,1.704061916836803,-0.5540466260567408,0.04294835179204836,-0.9419469139778466,0
0.6483130319582063,-0.585473628853818,-0.9256379771978037,-0.6769600364828621,0.5329049505505674,4.789508366440665,-0.09976299783077015,0.18271226262560625,-0.9678026504499049,-0.6530953403124257,1.2020764431021533,0.7837257938426212,-0.4209073972747873,-0.6803584822210322,1.2286787427591999,-0.3190660632816967,-0.20303718023695766,-0.4882520792370033,0.8481309585716125,-1.2545925928374415,0.5417295273789747,1.3175173843076515,0.7948951502832078,0.40335983837299016,0
-1.6444050617746246,-0.056988567136151705,-0.9256379771978037,-0.5213276226174668,-0.30620114551673744,-0.2834597230425857,0.1697812230853292,0.6363841081454987,0.038752368218742915,1.531170011903045,1.2020764431021533,1.2153324724158867,-0.4209073972747873,-0.6803584822210322,-0.9810373990146328,-0.3190660632816967,-0.20303718023695766,2.048122358357819,0.6816322267952747,-1.2545925928374415,-0.9802503233168932,0.11301180572064186,-2.0487385290159628,-0.7107967103831316,0
-0.29018345198682693,-0.8653045675852428,-0.9256379771978037,-0.7093576945061318,-0.2858171169795739,0.5239579847345515,-0.8345842334099516,-0.4857810796484449,1.0453073868873908,-0.6530953403124257,-0.8318938497948913,-0.2233564561616649,-0.4209073972747873,-0.6803584822210322,0.6261680637041849,-0.3190660632816967,-0.20303718023695766,-0.4882520792370033,-0.9721994554591558,0.7970715001101324,-0.9705281925409253,1.1339673462273765,-1.4442242039288438,0.2955361622542433,0
-0.04360782540861535,-0.9003882266821125,1.318332876615054,-0.6220430557415081,-0.26453277427270044,-0.11106636346946401,-0.5946095159336554,-0.7494421556858057,-0.9678026504499049,1.531170011903045,1.2020764431021533,-1.230438706165951,-0.4209073972747873,-0.6803584822210322,-0.608299918642923,-0.3190660632816967,-0.20303718023695766,-0.4882520792370033,-0.9232492202697927,-1.2545925928374415,-0.48203303898285726,0.711229862691652,0.5562757733757047,-0.89097649945892,0
-0.681172890092796,1.2871580160126481,1.318332876615054,-0.29957663395303685,0.14395744066660907,0.013879474727818605,-0.5639305259099068,-0.8022179163212751,1.0453073868873908,-0.6530953403124257,-0.8318938497948913,1.2153324724158867,-0.4209073972747873,0.01282387358236278,-0.6857440554064749,-0.3190660632816967,-0.20303718023695766,2.048122358357819,0.3611806541475588,0.7970715001101324,0.7862523910770516,0.7127462950095806,-0.6429296828094422,-0.5484170650822422,0
-0.4262643431662796,-0.6425263239572268,0.1963474497086251,-0.23986576490778017,-0.2443082427554981,-0.27630299782004053,-0.9509667231280549,-0.5992341320333633,1.0453073868873908,1.531170011903045,-0.8318938497948913,0.0643813295538454,-0.4209073972747873,-1.3735408380244272,0.22646622920933052,-0.3190660632816967,-0.20303718023695766,-0.4882520792370033,0.18118508968050645,0.7970715001101324,2.1652554419554186,-1.8407532632740304,0.25476608279529733,-0.01735089335246997,0
-0.4258336418336373,1.3236666444530896,-0.9256379771978037,0.4245128421371956,2.9036698326340766,0.5382640680421092,0.31976645081861627,-0.032305156366914535,1.0453073868873908,1.531170011903045,-0.8318938497948913,1.5030702581313968,-0.4209073972747873,0.01282387358236278,-0.8837558429501772,-0.3190660632816967,-0.20303718023695766,-0.4882520792370033,0.8762837745229836,-1.2545925928374415,0.164056782024103,0.4352580898234708,0.8355711695049052,-0.13766121010366034,0
0.31738370949766476,1.676193635235991,0.1963474497086251,-0.5118545359727339,-0.1418814629721266,-0.05108254758183239,-0.07936773177609205,0.46804819921837965,0.038752368218742915,1.531170011903045,-0.8318938497948913,-0.5110942418771752,-0.4209073972747873,0.01282387358236278,-1.2895831930890862,-0.3190660632816967,-0.20303718023695766,-0.4882520792370033,1.2060047525665998,0.7970715001101324,0.4444345714443136,-0.1372053836353632,0.7297340762913923,-0.6886684531118402,0
-0.7704158051649456,-0.9244018374895564,0.1963474497086251,0.6796983421841964,5.077366281824832,0.8606564077703546,-0.20631027762716553,-0.47322780448201446,-0.9678026504499049,-0.6530953403124257,-0.8318938497948913,0.639856900984866,-0.4209073972747873,0.01282387358236278,0.15582729872748002,-0.3190660632816967,-0.20303718023695766,-0.4882520792370033,-0.4518400008020585,-1.2545925928374415,-0.8872044599287513,-1.0958070876176733,-1.1211108799935852,0.36331406479245393,0
-1.6444050617746246,0.49815611166988594,-0.9256379771978037,0.23499389920423358,-0.26289842488994997,-0.31347155684874856,0.8695635713147876,-0.4789820577619864,-0.9678026504499049,-0.6530953403124257,-0.8318938497948913,1.0714635795581315,-0.4209073972747873,1.3991885851891528,-0.2967939343731487,-0.3190660632816967,-0.20303718023695766,-0.4882520792370033,-0.13932646839121543,0.7970715001101324,-0.4675802810875212,-0.15118954070696733,0.2530004448776099,-0.9101280782412592,0
1.561588634687433,-0.2383807809101275,-0.9256379771978037,6.274553086413087,-0.013350021772679369,-0.32491119927949985,-0.6677545829494351,-0.15922607038215725,1.0453073868873908,1.531170011903045,1.2020764431021533,-1.5181764918814613,2.375819494916491,-1.3735408380244272,0.008624709609844513,-0.3190660632816967,-0.20303718023695766,2.048122358357819,-0.04701280867867987,-1.2545925928374415,-0.6343241661431505,0.9448252456441723,0.4204776890663797,0.2978358099026846,0
-0.7806424644856436,-0.9631976716646574,-0.9256379771978037,-0.3112979002403833,-0.17278312616399527,-0.21221671612326862,1.8225333640016708,0.383681768956142,-0.9678026504499049,-0.6530953403124257,1.2020764431021533,1.2153324724158867,2.375819494916491,0.01282387358236278,-0.3480187871085536,-0.3190660632816967,-0.20303718023695766,-0.4882520792370033,0.5481946559393364,0.7970715001101324,-0.7944034520397741,0.758533091325505,-0.8974484928644418,0.6551995046895999,0
0.19865272992857355,1.0224446444626574,0.1963474497086251,-0.38434451122927965,-0.28837821320647855,-0.2896204117263066,1.1702516180173572,2.26422371915356,-0.9678026504499049,-0.6530953403124257,1.2020764431021533,-1.5181764918814613,-0.4209073972747873,-0.6803584822210322,-0.3870685507638677,-0.3190660632816967,-0.20303718023695766,-0.4882520792370033,-0.48468967056982953,0.7970715001101324,-0.03601845348951636,-2.0228584346843097,-0.11151086962690859,-0.6267916683431038,0
0.9027061114595701,-0.5327667138264592,0.1963474497086251,0.7451430476369648,-0.3119923250064366,-0.33290676505446154,-0.0807195651316857,-0.2949422952842165,-0.9678026504499049,-0.6530953403124257,-0.8318938497948913,0.49598800812711086,2.375819494916491,-0.6803584822210322,-0.5116827761799201,-0.3190660632816967,-0.20303718023695766,-0.4882520792370033,0.16791659763249067,-1.2545925928374415,-0.14219481551162744,1.1799026943278494,0.4364261913746291,-0.013664888305132199,0
-0.500744708621139,0.09489799643472767,0.1963474497086251,-0.41653034774232633,-0.19263245512960536,-0.18923273968261126,-0.9543292155021735,0.4848262551679119,-0.9678026504499049,-0.6530953403124257,-0.8318938497948913,1.0714635795581315,-0.4209073972747873,-0.6803584822210322,0.0432403562720017,-0.3190660632816967,-0.20303718023695766,-0.4882520792370033,-0.3456001945316555,0.7970715001101324,0.18105014703591882,-0.1888600441737059,0.7403748641532967,0.6262208328452834,0
0.15827865146816195,1.3004814159700042,-0.9256379771978037,1.0632450662828354,-0.30556079767690103,-0.3329812992992543,0.6208224105557332,-1.4790155432636918,1.0453073868873908,-0.6530953403124257,-0.8318938497948913,-0.07948756330390976,2.375819494916491,-0.6803584822210322,-0.05085027845497577,-0.3190660632816967,-0.20303718023695766,-0.4882520792370033,-0.11399386656321239,-1.2545925928374415,0.028717165676373436,-1.1952144105941005,-2.6577013645843013,0.5671746616692872,0
0.8953486875298008,-0.8401774896464914,1.318332876615054,-0.5034742194097109,-0.312532455571716,-0.2965943712381896,-0.7319040585604665,-1.0019394592741853,-0.9678026504499049,-0.6530953403124257,1.2020764431021533,-1.6620453847392165,-0.4209073972747873,0.7060062293857579,-0.9556535376989861,-0.3190660632816967,-0.20303718023695766,-0.4882520792370033,-1.2895280619948821,0.7970715001101324,0.1758832296486323,1.1616720506751603,-1.024142948068345,-1.1936867409760565,0
1.3623772290477456,-0.13393303621957525,0.1963474497086251,0.695307767539089,0.14000118467260336,-0.23369188594245963,-0.7891189075708088,-0.04254271129914146,-0.9678026504499049,-0.6530953403124257,1.2020764431021533,-1.0865698133081958,-0.4209073972747873,0.01282387358236278,-0.8292656433468035,-0.3190660632816967,-0.20303718023695766,-0.4882520792370033,0.12827004637432873,-1.2545925928374415,-0.9323687748741121,-0.06726681584160246,0.40362668419118375,-0.7304958262610225,0
-0.33943027930034597,1.6299632239387747,-0.9256379771978037,0.2663394315457343,-0.044855529489150385,-0.2459955511706731,0.15598977141485984,0.8078482524996908,0.038752368218742915,1.531170011903045,-0.8318938497948913,0.0643813295538454,-0.4209073972747873,-1.3735408380244272,-0.9271871573633376,-0.3190660632816967,-0.20303718023695766,-0.4882520792370033,2.915133315941014,0.7970715001101324,0.10729292698275825,0.6829048834346865,-1.7679581077568167,-0.6314003678820177,0
-0.03971912371028683,-0.270481800203347,-0.9256379771978037,0.09031456780704238,33.061788602591214,12.368686968979748,-0.6185511067729627,-1.5958749782176211,-0.9678026504499049,-0.6530953403124257,-0.8318938497948913,1.646939150989152,-0.4209073972747873,1.3991885851891528,-1.2672053397249,-0.3190660632816967,-0.20303718023695766,2.048122358357819,-0.27892783538147287,0.7970715001101324,1.6276834947361958,0.7794088488730873,-0.11639434866482512,0.39861556505590373,0
0.4839484923636437,-0.3514131997948842,0.1963474497086251,-0.5755337231962447,0.10653280987051894,0.5686515113241932,-0.3280559780359885,-0.643972551940689,-0.9678026504499049,-0.6530953403124257,-0.8318938497948913,-1.0865698133081958,-0.4209073972747873,-0.6803584822210322,-0.5592411848095485,-0.3190660632816967,4.689424994147564,-0.4882520792370033,0.06874231031479862,-1.2545925928374415,-0.921124815228899,-2.0096796147663767,-1.5113770973918879,1.9356833317783926,0
1.032938521689006,-0.056334528410206024,1.318332876615054,-0.6460713960139857,0.11308283424799957,1.3533747860597565,0.6944347499687303,-1.0211391634305533,0.038752368218742915,-0.6530953403124257,-0.8318938497948913,-1.3743075990237061,-0.4209073972747873,0.7060062293857579,-1.090157306021256,-0.3190660632816967,-0.20303718023695766,-0.4882520792370033,1.0900538122159815,0.7970715001101324,-0.7495891552465922,-0.13211257307831334,0.4969481093251789,-0.6740728721511452,0
0.44360971435461716,-0.45700965214933587,1.318332876615054,-0.09407872730699575,-0.3206440087487369,-0.3282719296121785,1.4530850954822798,-0.4578678365961662,1.0453073868873908,1.531170011903045,1.2020764431021533,1.5030702581313968,-0.4209073972747873,-0.6803584822210322,-1.5503908604190086,-0.3190660632816967,-0.20303718023695766,2.048122358357819,-0.11105917327628928,0.7970715001101324,-0.7292242132211887,0.15526757018036597,1.308398162152604,-0.5073807679582123,0
1.2265872503737416,0.6067913717032118,0.1963474497086251,-0.653162909138241,-0.3297514922544988,-0.28275710296798184,-0.19262631462918833,0.007060334018306883,-0.9678026504499049,-0.6530953403124257,-0.8318938497948913,0.3521191152693557,-0.4209073972747873,-0.6803584822210322,-0.3182927520922005,2.8244419493458564,-0.20303718023695766,-0.4882520792370033,-1.158953203454493,0.7970715001101324,-0.6415049348827172,0.13705750288073856,0.12276716907786167,0.900027883742433,0
2.104750810437924,3.710166692556254,0.1963474497086251,0.3633718748868466,-0.16524230569736095,-0.2886675345530763,-0.4332102038877341,0.246847197561272,1.0453073868873908,1.531170011903045,-0.8318938497948913,-0.5110942418771752,-0.4209073972747873,0.01282387358236278,1.5134252451642392,-0.3190660632816967,-0.20303718023695766,2.048122358357819,-0.4948308031040365,0.7970715001101324,-0.9411594429363989,-0.2451517589198166,1.211038194654557,-1.100711009886448,0
0.9976076202549459,-0.027670960698704526,1.318332876615054,-0.6130838897152305,1.9812947509891938,5.851821192488063,-0.9740907424393174,-1.4736398590097164,1.0453073868873908,-0.6530953403124257,-0.8318938497948913,0.20825022241160054,-0.4209073972747873,0.01282387358236278,-0.14115232128380914,-0.3190660632816967,-0.20303718023695766,2.048122358357819,2.3609053872725623,-1.2545925928374415,-0.8826557315020102,0.6995034631422631,-0.44208580838444184,1.4157842507433342,0
1.1988490909105634,0.729632057374305,-0.9256379771978037,0.7020506231189143,-0.13240191060203027,-0.2935618557780683,1.4116945169950008,0.6687624437350264,0.038752368218742915,1.531170011903045,1.2020764431021533,-0.9427009204504406,-0.4209073972747873,0.01282387358236278,-0.4198297756972148,-0.3190660632816967,-0.20303718023695766,-0.4882520792370033,-0.16542913005814255,-1.2545925928374415,-0.03208068192993243,0.775988933170082,-0.34957188230175057,-0.7131194191311921,0
1.2650215679073287,-0.8726912858442402,0.1963474497086251,-0.4449396875401755,-0.30337040417245265,-0.29540050282313285,0.20278606972904187,-1.2677275469701894,-0.9678026504499049,-0.6530953403124257,-0.8318938497948913,-0.2233564561616649,-0.4209073972747873,0.01282387358236278,0.6381587705555405,-0.3190660632816967,-0.20303718023695766,-0.4882520792370033,-0.5941603938670431,0.7970715001101324,-0.7275449904195207,-0.004322703361944786,0.3998113291203217,-0.6207592846386557,0
-0.06024117351580294,0.2429803984779829,-0.9256379771978037,1.800165595245838,-0.3412925309607975,-0.3393284282327757,-0.3506327362476162,1.2794397282459784,-0.9678026504499049,-0.6530953403124257,-0.8318938497948913,-0.9427009204504406,-0.4209073972747873,1.3991885851891528,1.3737554393808775,-0.3190660632816967,-0.20303718023695766,-0.4882520792370033,0.9682441012781565,-1.2545925928374415,-0.8445702157009428,-0.604922862988019,0.5694747443791285,-0.42170986121906784,0
-1.0696609539535016,0.24914935995423507,0.1963474497086251,-0.2816408526842382,-0.10810586577586795,-0.1756369152386383,0.6399475843296384,0.14210572550416753,-0.9678026504499049,-0.6530953403124257,1.2020764431021533,1.0714635795581315,-0.4209073972747873,1.3991885851891528,-0.385541114045988,-0.3190660632816967,-0.20303718023695766,-0.4882520792370033,0.8403540359709765,-1.2545925928374415,-0.47556996261281603,-0.3905012342039373,-0.2957995269956484,-0.650182506651715,0
-0.12420186969930178,1.6857148505753536,0.1963474497086251,-0.3970602276579238,0.22615796331837112,0.19429159780449923,-0.7980984681873365,0.7646585005199812,0.038752368218742915,-0.6530953403124257,-0.8318938497948913,1.0714635795581315,-0.4209073972747873,-0.6803584822210322,-1.6383961814556383,-0.3190660632816967,-0.20303718023695766,-0.4882520792370033,1.911855861065235,-1.2545925928374415,1.8685908759815175,1.1866556918965876,-0.5656598643067418,-0.7881748261277536,0
0.654390978512944,-0.4765926591805461,0.1963474497086251,-0.44171951821627176,-0.3278300092868892,-0.32235284654989055,-0.883881266597098,-0.0918215757970686,1.0453073868873908,-0.6530953403124257,1.2020764431021533,0.20825022241160054,-0.4209073972747873,0.01282387358236278,0.37805693881933844,-0.3190660632816967,-0.20303718023695766,2.048122358357819,-0.9755978397361439,0.7970715001101324,-0.829334399905506,-0.4588133509073006,1.3340737314692335,0.2707215467526555,0
0.9761934567912062,0.05030687859559791,0.1963474497086251,-0.5062029463966058,-0.16262642459605967,-0.08725609586041755,0.015924930290714828,-1.6285210579002825,-0.9678026504499049,-0.6530953403124257,1.2020764431021533,1.5030702581313968,-0.4209073972747873,-0.6803584822210322,-0.27902444907357293,-0.3190660632816967,-0.20303718023695766,-0.4882520792370033,0.35998748609939574,0.7970715001101324,-0.8767237289292892,1.1188584221385924,-2.4295417441794713,-0.42561356779261234,0
0.11795589050931593,2.859553778925762,-0.9256379771978037,-0.2659727834547495,0.3465324360298791,0.12449113790238682,-0.053484696234304734,-0.47671103414754806,-0.9678026504499049,-0.6530953403124257,1.2020764431021533,1.2153324724158867,-0.4209073972747873,2.7855532967959427,1.937764102451972,-0.3190660632816967,-0.20303718023695766,-0.4882520792370033,-1.2440349652187994,0.7970715001101324,-0.9718050383277886,-0.25730473848193575,0.17508584613968772,-0.5774425259411561,0
0.2576326596405767,-0.34737436610696315,0.1963474497086251,0.0981109036413174,0.0875063650207498,-0.17709962523825,-0.6811878749112978,1.374679371093401,1.0453073868873908,1.531170011903045,1.2020764431021533,-1.230438706165951,-0.4209073972747873,0.01282387358236278,-0.17538471704139516,-0.3190660632816967,-0.20303718023695766,2.048122358357819,-0.90943036426093,0.7970715001101324,1.2739268091321407,0.8704267935563563,-0.6227717029069882,-0.606895335936023,0
-1.6444050617746246,0.527510124195883,-0.9256379771978037,-0.4872467923454079,-0.2612446426934747,-0.23359713745119193,1.5336866803657552,0.4412176906924599,0.038752368218742915,1.531170011903045,1.2020764431021533,1.0714635795581315,-0.4209073972747873,0.7060062293857579,0.12186353958013352,-0.3190660632816967,-0.20303718023695766,-0.4882520792370033,0.7563379955334354,0.7970715001101324,-0.3630024882755296,0.8676952099036507,-1.3570459786424431,-0.5216921117476986,0
-0.7238160567057056,-0.5524115747676277,0.1963474497086251,-0.12026470016472657,-0.3038416032811963,-0.3191855494117665,0.02743973441409607,0.6030014541466284,-0.9678026504499049,-0.6530953403124257,1.2020764431021533,-0.6549631347349304,-0.4209073972747873,0.01282387358236278,0.9239512866371551,-0.3190660632816967,-0.20303718023695766,-0.4882520792370033,-0.36319602461402917,0.7970715001101324,-0.7262661747823826,0.6847318519825268,0.42042824029462206,-1.3639739237980546,0
-0.693630846073215,-0.6653416561841992,-0.9256379771978037,-0.3898486839842984,-0.3312407312179094,-0.328113777674155,0.737309286351513,1.545566423454129,2.0518624055560384,1.531170011903045,-0.8318938497948913,1.646939150989152,-0.4209073972747873,1.3991885851891528,-0.34312554575539334,-0.3190660632816967,-0.20303718023695766,-0.4882520792370033,-1.096388719830156,0.7970715001101324,-0.2812887796131473,0.6222838224395509,-1.0271346619667465,-0.42204423591128976,0
-0.3575557022636931,-0.7521141807430709,0.1963474497086251,-0.2425350481585884,-0.2179998094496504,-0.25911863392555323,4.122153562414425,-0.8066704506342214,2.0518624055560384,-0.6530953403124257,-0.8318938497948913,0.3521191152693557,-0.4209073972747873,0.7060062293857579,-2.7207122231190226,-0.3190660632816967,-0.20303718023695766,-0.4882520792370033,-1.210001210032767,-1.2545925928374415,2.841105919775136,-1.6225125783615468,1.238119252713007,-1.1007873408551163,0
2.2693177524467703,0.5887488679984363,-0.9256379771978037,0.09182825438769601,-0.2560557126703949,-0.3063165232061389,-0.6686636222271437,1.956541051376952,0.038752368218742915,-0.6530953403124257,-0.8318938497948913,-1.230438706165951,-0.4209073972747873,0.7060062293857579,2.106220177187008,2.8244419493458564,-0.20303718023695766,-0.4882520792370033,-0.29710363238371523,-1.2545925928374415,-0.05821393802895501,-1.048338646392022,1.0024774811091728,0.6596868255414525,0
-0.44414872440570374,0.1483282338949266,-0.9256379771978037,-0.5549258655679234,-0.11628529020078208,0.06533608412465806,0.17068548481316206,-0.6227832651610146,0.038752368218742915,-0.6530953403124257,-0.8318938497948913,0.49598800812711086,-0.4209073972747873,-0.6803584822210322,-0.8748947584284188,-0.3190660632816967,-0.20303718023695766,-0.4882520792370033,-1.1194264414636488,0.7970715001101324,0.16516933582922158,0.4256708825654728,0.5947674817231603,-0.4312214165890109,0
-1.0480475782507115,-0.37626929219832783,0.1963474497086251,-0.06470146699191054,-0.08300129066995564,-0.2173139538695768,-0.06681110256520481,-0.7003075223572005,-0.9678026504499049,1.531170011903045,-0.8318938497948913,1.2153324724158867,-0.4209073972747873,-0.6803584822210322,-0.2490312775660103,-0.3190660632816967,-0.20303718023695766,2.048122358357819,-0.5683590384174385,0.7970715001101324,0.2730500857454077,-2.1633965296655324,0.7956183403737094,-0.6746221836174446,0
0.2657458560191165,0.32316721344656235,-0.9256379771978037,-0.3305525908432608,-0.24869149104668867,-0.2653583594605295,-0.19431669145643216,-0.11828015075962704,-0.9678026504499049,1.531170011903045,-0.8318938497948913,-1.6620453847392165,-0.4209073972747873,-1.3735408380244272,-0.17103667809239412,-0.3190660632816967,-0.20303718023695766,-0.4882520792370033,0.33120327633800006,0.7970715001101324,0.1585875480907913,1.1337931992025225,0.4486941303609066,-1.036979470379526,0
0.6219646383342107,0.5608344795291006,0.1963474497086251,0.2643355421970162,0.06290340007791476,-0.21198486307399092,-0.8104520576407462,-1.1280951279507039,1.0453073868873908,-0.6530953403124257,-0.8318938497948913,-0.07948756330390976,-0.4209073972747873,-0.6803584822210322,0.00565756646999142,-0.3190660632816967,-0.20303718023695766,-0.4882520792370033,-0.3677908233344355,0.7970715001101324,-0.22427554936247165,0.014519735137780378,-0.7950950585927365,-0.5949736885092287,0
1.1239580568905396,0.19234105305386218,-0.9256379771978037,-0.369749973694765,0.3002479277481232,0.21799953041818879,-0.8153220466667052,-0.37382993549602545,2.0518624055560384,-0.6530953403124257,1.2020764431021533,-0.7988320275926855,-0.4209073972747873,0.01282387358236278,-0.21012776059640512,2.8244419493458564,-0.20303718023695766,-0.4882520792370033,-0.9068472962488338,-1.2545925928374415,-0.7945401669454903,-0.0006726983664502402,1.6640284275172597,1.3228369728748828,0
1.5159659831128718,0.6737448510680509,2.4403183035214826,0.9900740920294229,0.3918255716989309,-0.2061473023333497,1.1157320910184916,-0.8691665983963542,-0.9678026504499049,-0.6530953403124257,-0.8318938497948913,-1.230438706165951,-0.4209073972747873,2.7855532967959427,1.9344798960175311,-0.3190660632816967,-0.20303718023695766,-0.4882520792370033,0.5017472391621448,-1.2545925928374415,1.8290374742163589,0.6231585797747057,1.113110578387077,-0.7368199653466911,0
0.32332453992650645,-0.6677933723920628,-0.9256379771978037,-0.5733453816389872,-0.19950236588441092,-0.05264412812855677,-0.7577852698279535,-1.3336221556747139,1.0453073868873908,-0.6530953403124257,1.2020764431021533,1.5030702581313968,-0.4209073972747873,-0.6803584822210322,0.7832693355001571,-0.3190660632816967,-0.20303718023695766,-0.4882520792370033,0.8223274993823384,0.7970715001101324,-0.4867120508241312,0.004959139435104325,-0.6548030781629172,-0.5781244614536871,0
0.24744637154789323,-0.8601618586022671,-0.9256379771978037,-0.1959108126744501,-0.33737359857854693,-0.33587896898593045,0.8838913851096385,2.557273397529755,2.0518624055560384,-0.6530953403124257,-0.8318938497948913,1.646939150989152,-0.4209073972747873,-0.6803584822210322,-0.18455910026591196,-0.3190660632816967,-0.20303718023695766,-0.4882520792370033,-0.6069417759114686,0.7970715001101324,-0.8269601639247058,1.2085471173787399,0.7895535007883262,-0.800838889008819,0
-1.1350644094685343,2.5012897205404876,-0.9256379771978037,-0.4473616522614608,-0.23840883148908304,-0.22334965257076234,-0.8062386973413515,-0.7663763131874856,2.0518624055560384,-0.6530953403124257,1.2020764431021533,-0.36722534901942006,-0.4209073972747873,-0.6803584822210322,-0.27142636253715574,-0.3190660632816967,-0.20303718023695766,-0.4882520792370033,-0.21425612765113833,0.7970715001101324,-0.9264727260538023,-1.1244715319154002,-0.2014833252105336,-0.7674063717186336,0
-0.368540147519403,-0.7557509723519675,-0.9256379771978037,-0.5090489323240449,-0.33253375483478587,-0.32372941428460467,-0.03307849372359465,0.2204413631704821,-0.9678026504499049,-0.6530953403124257,1.2020764431021533,1.5030702581313968,-0.4209073972747873,-0.6803584822210322,-3.118711604560839,-0.3190660632816967,-0.20303718023695766,-0.4882520792370033,0.8341458306038384,0.7970715001101324,2.2451611670569553,-0.2249489624229593,-0.8975445811235233,-0.5620416101245158,0
0.7753346381094933,-0.8383898514496685,-0.9256379771978037,-0.4544190471076189,1.6685974600697877,1.9374465252375603,1.3696591796437918,-1.215113904546453,0.038752368218742915,-0.6530953403124257,1.2020764431021533,1.0714635795581315,-0.4209073972747873,-0.6803584822210322,1.1320091577329947,-0.3190660632816967,-0.20303718023695766,-0.4882520792370033,-0.06452173895537776,0.7970715001101324,-0.651174901587988,-1.4083370077153585,0.581518257319406,-0.22805540370988905,0
1.0313117838593484,-0.8750936324268591,0.1963474497086251,0.0548960798817697,0.42692651200821935,-0.0332059443334189,-0.4507988403750397,-1.210289578315687,-0.9678026504499049,-0.6530953403124257,-0.8318938497948913,1.646939150989152,-0.4209073972747873,0.01282387358236278,-0.004158542039413309,2.8244419493458564,-0.20303718023695766,-0.4882520792370033,0.6283742249877986,0.7970715001101324,-0.9189492778005297,-1.2022260921199408,0.488452715007834,-0.38552259561578,0
-0.09070287354962521,0.09601036771379061,-0.9256379771978037,-0.3162867873378088,-0.16798077028893052,-0.20706028103543245,-0.6890160017206356,0.5674671638389822,-0.9678026504499049,-0.6530953403124257,1.2020764431021533,-0.7988320275926855,-0.4209073972747873,-1.3735408380244272,0.7129191570739373,2.8244419493458564,-0.20303718023695766,-0.4882520792370033,0.7648095322316616,0.7970715001101324,0.9382567903224831,0.06750021133459393,0.5058711161527223,1.006552088507106,0
-1.6444050617746246,-0.7355033114588024,-0.9256379771978037,-0.6189890463628603,-0.2347728148743038,-0.03388609823196317,2.187915784707114,0.6737894763397417,-0.9678026504499049,-0.6530953403124257,-0.8318938497948913,-0.9427009204504406,-0.4209073972747873,0.7060062293857579,-2.2182668829930674,-0.3190660632816967,-0.20303718023695766,-0.4882520792370033,-0.8184204250911925,-1.2545925928374415,0.9113875567395262,1.293581350855591,1.5503974134159495,-1.2405886481880157,0
1.4764510312107006,3.491520035303954,1.318332876615054,-0.21236678896331299,-0.30954954833853526,-0.3189889299146087,0.025878453940329036,0.8540065270494798,-0.9678026504499049,1.531170011903045,1.2020764431021533,1.2153324724158867,-0.4209073972747873,-0.6803584822210322,0.1316359548942834,-0.3190660632816967,-0.20303718023695766,-0.4882520792370033,0.014143966292823568,0.7970715001101324,-0.15213069133903995,-0.3992621323474666,0.8427935090242126,-0.37450198996405526,0
-0.5284471925238243,-0.887710216888997,0.1963474497086251,-0.6021208960134704,-0.2693999631406345,-0.1584383702389701,0.9475889577390937,-1.54575370165905,-0.9678026504499049,-0.6530953403124257,-0.8318938497948913,-0.07948756330390976,-0.4209073972747873,0.7060062293857579,-1.2348830863965132,-0.3190660632816967,-0.20303718023695766,-0.4882520792370033,0.0687909420973607,-1.2545925928374415,-0.48750413610290233,0.18175832146914359,-1.8251797221054105,-0.4242464492990781,0
-0.6854069705360119,0.05950816851663168,-0.9256379771978037,-0.49416274058087734,-0.06616270157339509,0.02739670047382095,-0.7791965132012655,-0.5835613022615307,0.038752368218742915,-0.6530953403124257,-0.8318938497948913,-1.230438706165951,-0.4209073972747873,0.01282387358236278,-1.042561437988562,-0.3190660632816967,-0.20303718023695766,-0.4882520792370033,-0.12767818562155323,-1.2545925928374415,-0.44355372238669644,-1.5903311532157813,-0.01217575034864589,-0.6065428013762101,0
0.06697176450777748,-0.5039727148327491,2.4403183035214826,-0.13324818626039886,0.09002943432516029,-0.11279830497771236,-0.4145733767212466,0.20411104965995877,0.038752368218742915,1.531170011903045,1.2020764431021533,-0.9427009204504406,-0.4209073972747873,-0.6803584822210322,1.1517140672388384,-0.3190660632816967,4.689424994147564,-0.4882520792370033,0.8210358264507679,0.7970715001101324,-0.6499893123842235,0.1438351344512116,0.39106886283626063,1.6929651896836388,0
-1.6444050617746246,-0.5303688175920207,-0.9256379771978037,-0.2564285093650729,-0.3318580896263097,-0.33176530171782853,0.5785459757748495,-0.10286105985482073,2.0518624055560384,1.531170011903045,-0.8318938497948913,-1.5181764918814613,-0.4209073972747873,-1.3735408380244272,1.1469667511075339,-0.3190660632816967,-0.20303718023695766,-0.4882520792370033,-0.06579883124541369,0.7970715001101324,0.20518797594970029,0.5117928833961148,-1.2273075907919562,-1.0052959790081641,0
0.2622948418086519,0.06566998873664105,-0.9256379771978037,-0.14994061124587765,-0.3171506641936521,-0.32529875236923517,1.2734845519705447,-1.217292751578794,-0.9678026504499049,1.531170011903045,1.2020764431021533,-1.5181764918814613,-0.4209073972747873,-1.3735408380244272,-1.5001984189125652,-0.3190660632816967,-0.20303718023695766,-0.4882520792370033,0.42724893460845464,-1.2545925928374415,3.009249255338194,0.8769205496764291,-0.26322218782946705,-0.4483330285666642,0
0.08572743365049784,1.5233047186779092,-0.9256379771978037,0.9092027028616836,2.9213585436263045,0.2820993229465027,-0.6294555883529203,0.8731719069267111,0.038752368218742915,-0.6530953403124257,1.2020764431021533,0.7837257938426212,-0.4209073972747873,0.7060062293857579,1.152133089334048,-0.3190660632816967,-0.20303718023695766,-0.4882520792370033,-0.48907988518140316,-1.2545925928374415,-0.2586310007053813,0.8753079761512166,-0.40254724020322113,0.04604916942868597,0
0.3602570138398884,-0.6531816480013031,0.1963474497086251,-0.3261299763352816,1.3210110193831155,0.9462387430224382,2.2289171781909425,0.7281792316313305,0.038752368218742915,-0.6530953403124257,1.2020764431021533,0.7837257938426212,-0.4209073972747873,1.3991885851891528,-0.3115938358922318,-0.3190660632816967,-0.20303718023695766,2.048122358357819,0.0026628570012474607,-1.2545925928374415,-0.7018861732987056,1.1793657968883466,0.759266608496958,0.41093850182486263,0
0.4224056886602831,1.662830633236225,0.1963474497086251,-0.5382252473339305,0.0006709102290472788,0.2202022200577449,-0.9417918533305778,0.2769564349870909,-0.9678026504499049,-0.6530953403124257,1.2020764431021533,0.49598800812711086,-0.4209073972747873,-0.6803584822210322,-1.5382275355262711,-0.3190660632816967,-0.20303718023695766,2.048122358357819,0.0757576102643896,-1.2545925928374415,-0.7013781632039366,-1.9182876998987535,-0.9954243463466581,1.1075838249944738,0
-1.6444050617746246,1.7302286536675853,0.1963474497086251,-0.5398502313926199,-0.11133065656742044,0.04140360711255434,0.9433164138478595,-1.6705813891217707,2.0518624055560384,1.531170011903045,-0.8318938497948913,-0.07948756330390976,-0.4209073972747873,0.01282387358236278,-0.2633462415360159,-0.3190660632816967,-0.20303718023695766,2.048122358357819,-1.627851908062637,-1.2545925928374415,-0.9548185857602697,-0.8851697738382188,-0.5414599573817889,-0.6861771742191527,0
0.2136046638686554,-0.7999544385976716,-0.9256379771978037,-0.09523625379823715,-0.2265071817684446,-0.28197613851135866,-0.33201927036175516,-0.23932609109850714,2.0518624055560384,-0.6530953403124257,-0.8318938497948913,-0.6549631347349304,-0.4209073972747873,-0.6803584822210322,0.6031932983133763,2.8244419493458564,-0.20303718023695766,2.048122358357819,0.8478868853636139,0.7970715001101324,0.3639627250975807,0.1029331420691175,-0.14805524905571393,0.8287236248208549,0
1.3112419939856264,0.6614749352529051,2.4403183035214826,-0.5488136445473736,0.06696053853447838,0.3668775813548139,-0.6260246402607939,0.045886647074971094,2.0518624055560384,1.531170011903045,-0.8318938497948913,1.0714635795581315,-0.4209073972747873,0.7060062293857579,-1.510177217672579,-0.3190660632816967,-0.20303718023695766,-0.4882520792370033,-0.5530916841875353,0.7970715001101324,0.9626078435112887,0.9038886510116798,0.5202818711785936,-0.6198397731016145,0
1.1145975846652827,0.03208962117218455,0.1963474497086251,-0.5120635694715222,-0.23846457639771726,-0.18895585698321166,-0.07178516446582714,-0.016370917410495456,1.0453073868873908,-0.6530953403124257,-0.8318938497948913,0.7837257938426212,-0.4209073972747873,-0.6803584822210322,-0.07392878921064873,-0.3190660632816967,-0.20303718023695766,-0.4882520792370033,-0.4300553932161729,-1.2545925928374415,0.4550524803391559,-1.5269157628619272,-0.1477129726048593,-1.0153800820663779,0
-0.8446919135018607,-0.6587351711571001,1.318332876615054,0.6620054638110109,-0.18145724623415707,-0.3032359114125625,0.9271040849393172,0.3602168939356766,2.0518624055560384,1.531170011903045,1.2020764431021533,-0.5110942418771752,-0.4209073972747873,1.3991885851891528,0.8422432784221955,-0.3190660632816967,-0.20303718023695766,-0.4882520792370033,-0.08033347417064324,0.7970715001101324,-0.9377825065613729,0.2811469375396538,-0.25254977533689554,-0.7160657881850154,0
-0.2970421166442417,-0.5985203690450595,-0.9256379771978037,-0.526116405753338,-0.10798131162846913,0.0208971431943208,0.14482703167327193,0.08411329337276112,0.038752368218742915,-0.6530953403124257,1.2020764431021533,-0.6549631347349304,2.375819494916491,-0.6803584822210322,-0.4365181469774052,-0.3190660632816967,-0.20303718023695766,-0.4882520792370033,0.471168334303944,0.7970715001101324,1.4964551053358301,0.7376016342051731,-0.22961092792066815,0.28008382213919886,0
-0.4785661667674111,0.4847068654973467,0.1963474497086251,0.5349427356006442,-0.026294104066942492,-0.2612953043024997,-0.5262632490505625,-1.0737896824546826,1.0453073868873908,1.531170011903045,-0.8318938497948913,1.2153324724158867,-0.4209073972747873,-0.6803584822210322,-0.15828548021049627,-0.3190660632816967,-0.20303718023695766,-0.4882520792370033,-0.9331167559463852,0.7970715001101324,-0.28050504774530555,0.3351060157869583,0.621436255792944,-0.440198107654561,0
-1.6444050617746246,0.610551514755656,0.1963474497086251,2.746213307714736,-0.22811738069777787,-0.32924988969213437,-0.1618901818095466,0.0633440607925217,0.038752368218742915,-0.6530953403124257,-0.8318938497948913,0.7837257938426212,-0.4209073972747873,-0.6803584822210322,0.39840048330602335,-0.3190660632816967,-0.20303718023695766,-0.4882520792370033,-0.10568765812060266,0.7970715001101324,-0.6971708483043934,0.2237749568238213,0.525970888564663,-0.23241779392012518,0
0.31561128965919927,-0.7827798607084563,-0.9256379771978037,-0.08581228321099976,1.8274649076680598,0.7120934633911784,-0.5287522474882046,0.9627862198627171,0.038752368218742915,1.531170011903045,-0.8318938497948913,1.0714635795581315,-0.4209073972747873,-1.3735408380244272,0.3298368209663834,-0.3190660632816967,-0.20303718023695766,-0.4882520792370033,1.1725189239392924,-1.2545925928374415,0.07313877659666765,1.2945930884950276,-1.8243399033487762,0.6138203329136738,0
-0.528677856988187,-0.15535519981468568,1.318332876615054,-0.6088219197004912,-0.2027628230443012,0.022777110589458045,-0.8525788609981877,1.1104254673252807,2.0518624055560384,1.531170011903045,1.2020764431021533,-0.5110942418771752,-0.4209073972747873,-1.3735408380244272,-0.34064560300173097,5.96794996197341,-0.20303718023695766,-0.4882520792370033,-0.2999407323606289,0.7970715001101324,-0.9060825929045342,0.25014289609733636,0.8850126846601999,3.839996033507428,1
0.06768403845923403,-0.8447653676678731,-0.9256379771978037,-0.3483240099948138,0.9488446240455838,0.7167923681451049,-0.42744029899424196,0.3111654359014044,-0.9678026504499049,1.531170011903045,1.2020764431021533,1.3592013652736417,2.375819494916491,0.01282387358236278,-1.6277653105222483,-0.3190660632816967,-0.20303718023695766,2.048122358357819,-1.2151453158130539,0.7970715001101324,1.9252123819478506,-0.7147235743774449,0.5873079961094795,1.8434417685351392,0
-1.0137172138797819,3.4168579518147544,-0.9256379771978037,-0.2598052682784058,-0.296568616237847,-0.30829401961770947,2.013576620884565,1.0801817501892081,-0.9678026504499049,1.531170011903045,1.2020764431021533,0.20825022241160054,-0.4209073972747873,-0.6803584822210322,-0.45518551792867046,-0.3190660632816967,-0.20303718023695766,-0.4882520792370033,-0.17224292351535067,-1.2545925928374415,0.28191262430741715,-0.8797303346814611,0.9701330926003728,-0.61181622054783,0
-0.4486680768331953,-0.9310089612522712,0.1963474497086251,-0.04746496251538207,-0.15011162512031842,-0.2510833604626677,-0.5191722042976322,-0.056598235885654456,-0.9678026504499049,-0.6530953403124257,-0.8318938497948913,-1.0865698133081958,2.375819494916491,-0.6803584822210322,-0.3091044705721933,-0.3190660632816967,-0.20303718023695766,-0.4882520792370033,-0.3815869167338706,0.7970715001101324,0.6199106527029009,-0.5498439683476513,0.7753765154057032,0.33104056929151293,0
-1.2229320007375308,-0.7461698441032195,1.318332876615054,-0.0846439264651469,0.5183108790619624,0.0772035796496693,-0.9138071376721885,-1.447034421778592,1.0453073868873908,-0.6530953403124257,1.2020764431021533,1.0714635795581315,-0.4209073972747873,0.7060062293857579,-0.4184967374864112,-0.3190660632816967,-0.20303718023695766,-0.4882520792370033,-0.5082588512546173,0.7970715001101324,-0.8707844079474668,-1.2536960691146979,-1.4011483200878587,1.2141024664244822,0
-1.6444050617746246,-0.4163163378258906,0.1963474497086251,-0.6003125903056684,-0.29023298591300684,-0.21098482521002895,-0.9045235411501356,-1.7087813804021108,0.038752368218742915,-0.6530953403124257,-0.8318938497948913,1.2153324724158867,-0.4209073972747873,-1.3735408380244272,0.1166599991603491,-0.3190660632816967,-0.20303718023695766,-0.4882520792370033,2.0496269201074035,-1.2545925928374415,0.10086369375373991,-1.0502439811705,0.2642300210232423,0.7572607107592693,0
-0.26807548583940793,-0.2726829936610146,0.1963474497086251,-0.4982722229728916,-0.010365027096621345,0.10896467441565756,0.5163553507743781,2.19448533107915,0.038752368218742915,1.531170011903045,-0.8318938497948913,1.5030702581313968,-0.4209073972747873,0.7060062293857579,0.8902387633558653,-0.3190660632816967,-0.20303718023695766,-0.4882520792370033,-0.506047129375597,0.7970715001101324,-0.3794158758671727,-0.11670334353410877,-0.9629038541253913,-0.20039642423950133,0
-0.3445251294223737,-0.7378785571906668,0.1963474497086251,0.6432492231192808,1.6291867089665175,0.10879152502766466,1.4772951649338797,-0.03388615823554831,0.038752368218742915,-0.6530953403124257,1.2020764431021533,0.20825022241160054,-0.4209073972747873,0.01282387358236278,-2.537333595098617,-0.3190660632816967,-0.20303718023695766,-0.4882520792370033,0.1113662413401325,0.7970715001101324,-0.19918394391768168,0.0992476012877568,-0.9649050721552019,0.5786269478803662,0
0.18218244237867995,2.6773114090668475,1.318332876615054,-0.5196353340750977,-0.3369686808417105,-0.3295015703663096,-0.5271938216151538,-1.0180192743710474,0.038752368218742915,-0.6530953403124257,-0.8318938497948913,0.20825022241160054,-0.4209073972747873,0.7060062293857579,0.2879828697969759,-0.3190660632816967,-0.20303718023695766,-0.4882520792370033,-0.24906011905775172,-1.2545925928374415,-0.4537982036350786,1.2135432542483435,-1.6202567323164843,-0.49333482621505254,0
0.3204967832341777,0.5306545897712839,3.5623037304279115,-0.362377702783957,-0.12813408514099608,-0.15664386349407444,-0.6614775389378799,0.8978971397755278,-0.9678026504499049,1.531170011903045,-0.8318938497948913,1.2153324724158867,-0.4209073972747873,-0.6803584822210322,-0.01311414066181933,-0.3190660632816967,-0.20303718023695766,-0.4882520792370033,1.054391174694006,0.7970715001101324,-0.2377702884586337,-1.8443753098460758,-0.33588051024598553,0.2450830704641014,0
1.1391774765245586,-0.04499718732229188,-0.9256379771978037,-0.19289948824511455,-0.29061910648400724,-0.30874018622334976,-0.13714349344986007,-0.8020310022758267,-0.9678026504499049,-0.6530953403124257,-0.8318938497948913,-1.3743075990237061,-0.4209073972747873,0.7060062293857579,0.5219532960604011,-0.3190660632816967,-0.20303718023695766,-0.4882520792370033,0.25342376580609494,0.7970715001101324,4.311072701318481,-0.5232583598353779,0.6720719178371246,-1.0226655806911225,0
1.245023792258921,-0.8291402050420933,-0.9256379771978037,-0.21705867077320598,0.04064142412035228,-0.10579771002942867,0.10634125132892064,1.5782289712286586,-0.9678026504499049,-0.6530953403124257,1.2020764431021533,0.0643813295538454,-0.4209073972747873,2.0923709409925477,0.1551474586886451,5.96794996197341,-0.20303718023695766,-0.4882520792370033,2.472818018590565,0.7970715001101324,0.45670110865355673,0.32781845140570626,1.0375644362154401,2.5411514989757564,1
2.372883371774432,0.5792606952853226,-0.9256379771978037,0.09894564027994779,-0.31376494927937676,-0.3283280606261386,0.5780641222943894,0.2626657416596197,1.0453073868873908,-0.6530953403124257,-0.8318938497948913,0.20825022241160054,-0.4209073972747873,0.01282387358236278,0.15196516916419348,-0.3190660632816967,-0.20303718023695766,2.048122358357819,0.04196253716890898,0.7970715001101324,0.9076345748864512,1.089782957588082,-0.24833451035756712,-0.30254403428352206,0
-1.5498523782813256,0.2839534639473579,0.1963474497086251,0.002596561400787986,-0.27215990200629875,-0.3091192293769913,-0.1280553020373576,-1.122687855440562,2.0518624055560384,-0.6530953403124257,-0.8318938497948913,-0.2233564561616649,-0.4209073972747873,2.0923709409925477,-1.6529778423389556,-0.3190660632816967,-0.20303718023695766,-0.4882520792370033,2.7375418021272337,-1.2545925928374415,1.4452021184943964,-2.5936878438048843,0.5700588295030856,-0.9454290352629134,0
0.8596342077148977,-0.4383757214527023,0.1963474497086251,-0.48687301532802896,-0.3285640565964946,-0.320088026217719,2.8535704314731234,-0.7441004118180161,0.038752368218742915,-0.6530953403124257,-0.8318938497948913,-0.7988320275926855,-0.4209073972747873,0.01282387358236278,-1.6748881854773991,2.8244419493458564,-0.20303718023695766,-0.4882520792370033,-0.44295315566821025,0.7970715001101324,0.0561736581265411,1.0441377078802976,-1.997802050839199,1.3196183126646877,0
0.48833766183476474,-0.5885981548459042,0.1963474497086251,0.447608592502509,-0.24606145749568695,-0.31373238930107833,-0.5276797866376391,1.1147122008669648,-0.9678026504499049,-0.6530953403124257,-0.8318938497948913,1.5030702581313968,2.375819494916491,-0.6803584822210322,0.9382990678420967,-0.3190660632816967,-0.20303718023695766,-0.4882520792370033,-0.4775195553478881,0.7970715001101324,0.056636074432220594,-0.41382989521777735,0.7556343537925903,0.25283146447944005,0
-0.5982444796398343,1.469566718813805,0.1963474497086251,-0.10674930095400842,-0.3160311043487958,-0.3257315148331633,2.397472382727404,-1.0234342349623724,0.038752368218742915,-0.6530953403124257,-0.8318938497948913,1.2153324724158867,-0.4209073972747873,-0.6803584822210322,-0.31228620271574103,-0.3190660632816967,-0.20303718023695766,-0.4882520792370033,-0.41391777141445096,-1.2545925928374415,2.7266285984359517,0.17934304752176441,0.25606436484176565,-0.8567354135945789,0
0.3540035203249971,0.3836759882645665,-0.9256379771978037,-0.395321976122399,-0.2672819784274652,-0.2683215379033371,-0.1858699043833007,-0.2831538602639228,0.038752368218742915,-0.6530953403124257,-0.8318938497948913,0.7837257938426212,-0.4209073972747873,1.3991885851891528,-2.6870458389414744,-0.3190660632816967,-0.20303718023695766,-0.4882520792370033,-1.211085311850687,-1.2545925928374415,-0.05369578134894515,-0.703279394508277,1.3587818401665936,-1.4013647881499114,0
0.4368152460265818,-0.6581894270371306,-0.9256379771978037,-0.5069940115053557,-0.24680628680901348,-0.20403725897253266,-0.9478939243705629,-0.8303600193251355,-0.9678026504499049,1.531170011903045,-0.8318938497948913,0.9275946867003763,-0.4209073972747873,0.01282387358236278,0.06673420074687637,-0.3190660632816967,-0.20303718023695766,-0.4882520792370033,-0.39513499409243474,-1.2545925928374415,-0.529007486912634,0.48925456853319454,-1.2661035106534082,0.5804729972310555,0
-1.6444050617746246,0.09450339919200026,0.1963474497086251,-0.6875034148244293,0.038295881293156815,2.4462875419551677,2.9277237721167406,1.3220340398331096,-0.9678026504499049,-0.6530953403124257,1.2020764431021533,0.0643813295538454,-0.4209073972747873,-0.6803584822210322,-0.6090455866983899,-0.3190660632816967,-0.20303718023695766,-0.4882520792370033,-1.3413923609537979,-1.2545925928374415,0.046542236281994366,-0.03330421955433431,-0.36042028100012086,-0.44062822800089807,0
0.050534477254017766,-0.3624773355386958,-0.9256379771978037,-0.5892368618793403,0.19235951044670013,0.8467862787243208,-0.9027194978430563,-1.1344373888863672,-0.9678026504499049,1.531170011903045,1.2020764431021533,-1.230438706165951,-0.4209073972747873,0.7060062293857579,0.36827437919052364,2.8244419493458564,-0.20303718023695766,-0.4882520792370033,-0.4503646114655142,-1.2545925928374415,0.46143237775408297,1.099510618208514,0.9296238853770473,1.8958255178954762,0
-0.7718567158392259,-0.6556304296657743,1.318332876615054,0.09020746338057942,-0.1333372515762619,-0.2595594328324616,3.7925138234886693,-0.15150173187928787,0.038752368218742915,1.531170011903045,-0.8318938497948913,-0.5110942418771752,-0.4209073972747873,-0.6803584822210322,1.17101925906062,-0.3190660632816967,-0.20303718023695766,2.048122358357819,-1.0440484470986935,0.7970715001101324,-0.6600779961718174,1.0524120683961127,1.011962232264574,-0.9342769575333429,0
-0.6222224645045704,2.4845328398165805,0.1963474497086251,-0.6111303508415477,-0.260802744015473,-0.12222371311140885,0.48715479508953846,2.208287653726646,1.0453073868873908,-0.6530953403124257,-0.8318938497948913,1.3592013652736417,-0.4209073972747873,0.7060062293857579,1.2357683057882258,-0.3190660632816967,-0.20303718023695766,-0.4882520792370033,-0.5599084959945893,0.7970715001101324,-0.9299377758323759,-0.8590012502555913,1.293795100966398,-1.2912708525352752,0
-0.2525384009779864,0.47442252194947937,0.1963474497086251,-0.2125069585750461,-0.21392003091582534,-0.2613283108161071,-0.7831534383201944,0.7917463585583225,-0.9678026504499049,1.531170011903045,-0.8318938497948913,-1.0865698133081958,-0.4209073972747873,-0.6803584822210322,-2.3002621985131726,-0.3190660632816967,-0.20303718023695766,-0.4882520792370033,1.503779314209133,-1.2545925928374415,-0.12578526894482314,1.5462414592288467,-0.9366105068367808,-0.6772638869659434,0
-0.0350778378323081,-0.5698099892082937,-0.9256379771978037,-0.5014260462480671,-0.2998090134912948,-0.279626072101247,-0.5192470045660977,0.7450930023768134,1.0453073868873908,-0.6530953403124257,-0.8318938497948913,-0.5110942418771752,-0.4209073972747873,-0.6803584822210322,0.504902431922673,-0.3190660632816967,-0.20303718023695766,-0.4882520792370033,-1.0398429083689877,0.7970715001101324,1.6629142319411585,-0.37354546601169886,0.4846073407199602,-0.7875426180844846,0
-0.526271159525888,-0.840697145804548,-0.9256379771978037,-0.43601074143709756,-0.29593666642199334,-0.28885729523954823,1.1194716896768968,-1.2240280663857273,0.038752368218742915,-0.6530953403124257,1.2020764431021533,0.9275946867003763,-0.4209073972747873,1.3991885851891528,1.1265352231474768,-0.3190660632816967,-0.20303718023695766,-0.4882520792370033,-0.461144884594622,-1.2545925928374415,-0.8253621967119881,0.3136274851478725,0.557414917387689,-0.8069995726540958,0
-0.583090897178873,-0.6583712478536019,-0.9256379771978037,-0.20353585254182685,-0.059282658826569586,-0.17101878198066361,0.8422140496425616,1.4754736654166305,2.0518624055560384,-0.6530953403124257,-0.8318938497948913,-0.36722534901942006,2.375819494916491,-0.6803584822210322,-0.24484248542304726,-0.3190660632816967,-0.20303718023695766,-0.4882520792370033,-0.779337909223151,0.7970715001101324,-0.5462138765923689,0.8599884515574856,1.0114723902813216,0.0711048150939115,0
0.7520371182695228,-0.10666811685605122,-0.9256379771978037,0.3566227838796904,-0.31739864419033237,-0.33205316465882934,-0.8330775123270541,0.49488859391572554,-0.9678026504499049,-0.6530953403124257,-0.8318938497948913,1.2153324724158867,2.375819494916491,2.7855532967959427,-0.8037350350885358,-0.3190660632816967,-0.20303718023695766,2.048122358357819,0.23975688822283783,0.7970715001101324,1.1181868316138668,0.8411920567676459,-1.1263959004890152,1.6639192339588715,0
-1.002468519217107,-0.6875175912946334,0.1963474497086251,-0.46938345829481426,-0.009432321121201955,0.06041525243581569,0.5388827268701348,-1.3055600281313202,-0.9678026504499049,-0.6530953403124257,1.2020764431021533,-1.6620453847392165,-0.4209073972747873,-0.6803584822210322,0.06600182368027785,-0.3190660632816967,-0.20303718023695766,-0.4882520792370033,-0.4563756514643163,0.7970715001101324,0.7991672653189514,0.3515186728200617,-1.3511950307340412,-0.482833979430019,0
0.5007010787778985,-0.4335099447249513,0.1963474497086251,-0.32839873166765104,0.471605239183435,0.29372818665235845,-0.5230852376477414,0.12824792284728703,0.038752368218742915,-0.6530953403124257,-0.8318938497948913,0.20825022241160054,-0.4209073972747873,-0.6803584822210322,0.9653296558211915,-0.3190660632816967,-0.20303718023695766,2.048122358357819,-0.8016082821092142,0.7970715001101324,-0.6712164117721188,-1.11991910899221,-0.17652295800386197,0.3222901203429345,0
0.04763955670571838,-0.8686888883384899,0.1963474497086251,0.22424874146162546,-0.2782458877559901,-0.31819636299676846,0.8869604531998151,1.737972388410737,-0.9678026504499049,-0.6530953403124257,1.2020764431021533,0.9275946867003763,-0.4209073972747873,0.01282387358236278,-2.035406004571535,-0.3190660632816967,-0.20303718023695766,-0.4882520792370033,-0.8864823261488716,0.7970715001101324,0.8868964776655923,-1.4013227005465179,0.6030772268416037,-0.7250807147419848,0
-0.5514459028416481,-0.6538930044901173,1.318332876615054,-0.16497900145717473,-0.29628523978477134,-0.31339510235806034,-0.31536347172320417,-0.8881425678232764,-0.9678026504499049,-0.6530953403124257,-0.8318938497948913,0.9275946867003763,-0.4209073972747873,0.7060062293857579,-1.514510773061518,-0.3190660632816967,-0.20303718023695766,2.048122358357819,0.7164755250875356,0.7970715001101324,-0.8966010634306152,0.3554572128276958,-0.358936713998752,-0.3314262370794481,0
-0.5104954797110014,0.8207461883731916,-0.9256379771978037,-0.30698574494716546,2.570807486907347,1.8097546995833982,0.6766958025660371,2.0790371676701063,-0.9678026504499049,1.531170011903045,-0.8318938497948913,1.5030702581313968,-0.4209073972747873,0.01282387358236278,1.3799086261264089,-0.3190660632816967,4.689424994147564,-0.4882520792370033,2.0562132774927466,0.7970715001101324,1.290589416513724,-3.412137018988693,0.7810643733916159,2.6503811394797387,1
-1.6444050617746246,0.20694056150190318,0.1963474497086251,-0.3680032671662114,0.30972182578370644,0.22347435509421174,-0.15333320899826994,-0.37484735976365,0.038752368218742915,-0.6530953403124257,-0.8318938497948913,1.3592013652736417,2.375819494916491,0.01282387358236278,-1.484760009717295,-0.3190660632816967,-0.20303718023695766,-0.4882520792370033,-1.0766871584240192,0.7970715001101324,-0.6523881609669118,0.47041124478626756,-0.7352247084640496,0.6194953684378038,0
0.6351911395585611,-0.9274450929694967,-0.9256379771978037,0.38846449345198825,0.205113104542638,-0.18646527151782621,1.098005345768302,-0.8364269927696482,0.038752368218742915,-0.6530953403124257,-0.8318938497948913,0.49598800812711086,-0.4209073972747873,-0.6803584822210322,0.8664851517772796,-0.3190660632816967,-0.20303718023695766,-0.4882520792370033,-1.0203062830156553,0.7970715001101324,-0.9559339460162753,-2.128081075887977,-0.06010124887392042,-0.827028669764099,0
-0.8672415486480204,-0.37062026601980225,1.318332876615054,-0.4620076637617536,0.29507433491375296,0.40371924569181905,1.0211890608844196,-0.70155336922308,-0.9678026504499049,-0.6530953403124257,1.2020764431021533,-0.36722534901942006,-0.4209073972747873,-0.6803584822210322,0.8812752099525688,-0.3190660632816967,-0.20303718023695766,-0.4882520792370033,-0.36828718248531916,0.7970715001101324,-0.9177500424103512,0.04038263155686459,1.3138959538739459,-0.9209799143706263,0
1.4957748204898753,-0.34904241233400923,2.4403183035214826,-0.5950521127317467,-0.28584594498797766,-0.2058631371784581,-0.9131474106687377,-0.5910546362499408,-0.9678026504499049,1.531170011903045,-0.8318938497948913,-0.07948756330390976,-0.4209073972747873,-0.6803584822210322,2.228511567686697,-0.3190660632816967,-0.20303718023695766,-0.4882520792370033,1.8083216342841013,0.7970715001101324,0.38893236311429674,0.9784331522804082,0.9004855006111414,0.2078521007026184,0
-1.1652710635273902,-0.05776152902921227,0.1963474497086251,-0.35417236430780685,0.1750450525883375,0.09099200860575654,-0.15925614232848104,0.9748939810425984,0.038752368218742915,-0.6530953403124257,-0.8318938497948913,1.3592013652736417,-0.4209073972747873,0.7060062293857579,-0.713818768828345,-0.3190660632816967,-0.20303718023695766,-0.4882520792370033,0.928186045641156,-1.2545925928374415,5.542024308892963,-1.5718540570255175,0.45401922460024813,-0.3711989948879898,0
0.9143474466963178,0.4946612716918812,-0.9256379771978037,-0.24740492211851625,-0.023157803513906394,-0.1323474386380439,-0.46174523065767586,-0.335576153795689,-0.9678026504499049,-0.6530953403124257,-0.8318938497948913,-1.6620453847392165,-0.4209073972747873,0.7060062293857579,-0.8409980013392284,2.8244419493458564,-0.20303718023695766,2.048122358357819,-1.0816513174600821,0.7970715001101324,-0.49359935483135203,1.1823592636410392,-1.5651229997725156,1.8097012622904785,0
0.8729075360611052,0.8483521858752312,0.1963474497086251,-0.059521377603192906,0.5943145008265862,0.09696425958488977,0.7410924167234599,-0.10552219277478675,-0.9678026504499049,1.531170011903045,-0.8318938497948913,-0.07948756330390976,-0.4209073972747873,0.01282387358236278,0.9271895309168914,-0.3190660632816967,-0.20303718023695766,-0.4882520792370033,-0.7997249755206857,-1.2545925928374415,-0.8767806020755656,0.22869603743919303,0.9184707557444346,0.13046554554941664,0
0.1595777024441532,-0.9704659665387895,-0.9256379771978037,-0.3805953658136189,-0.2886578109786846,-0.29040621047235626,0.4891775778726745,2.992984466889092,0.038752368218742915,1.531170011903045,-0.8318938497948913,-1.5181764918814613,-0.4209073972747873,0.7060062293857579,-0.5486044990432254,-0.3190660632816967,-0.20303718023695766,-0.4882520792370033,0.11191525305996275,0.7970715001101324,2.3545578254385036,0.11914256874009918,0.5949887528877489,-0.5386906613650264,0
-1.0642949943000213,-0.3764286040432913,-0.9256379771978037,-0.5413680904939908,0.8267304442950283,1.5943330484283882,0.4145543449050631,2.707493544934062,1.0453073868873908,1.531170011903045,1.2020764431021533,1.3592013652736417,2.375819494916491,0.7060062293857579,-1.0895369704202265,-0.3190660632816967,-0.20303718023695766,-0.4882520792370033,0.4200389153707057,0.7970715001101324,0.6742170878888427,1.163770784295776,1.6338288116016861,1.2679871173956538,0
0.1722429625197258,2.0789728253688238,-0.9256379771978037,-0.16734929830882414,-0.19992440846028112,-0.25984870948441857,0.05451577082828509,-1.6135781336096058,-0.9678026504499049,-0.6530953403124257,1.2020764431021533,-0.5110942418771752,-0.4209073972747873,-0.6803584822210322,0.7684081523400651,-0.3190660632816967,-0.20303718023695766,-0.4882520792370033,-0.1526158919686978,-1.2545925928374415,0.15414158617267104,0.4767163824727074,1.2046594532422563,-1.1088493108826798,0
-1.6444050617746246,-0.8312316858930129,1.318332876615054,0.49820586116439075,-0.25984422890779735,-0.3183018079517307,1.4935892969638789,2.26852117961159,1.0453073868873908,1.531170011903045,-0.8318938497948913,-1.6620453847392165,-0.4209073972747873,0.01282387358236278,-0.8364150662671745,-0.3190660632816967,-0.20303718023695766,2.048122358357819,-0.9373414801882871,0.7970715001101324,-0.6083663574514316,-0.6486749152778807,-0.9746688231129226,-0.7084851360595236,0
-1.4262937823483592,1.024294975176036,0.1963474497086251,-0.4414517629512901,-0.2652821870944461,-0.25477159807949296,0.9245788939264841,-1.390414042772312,0.038752368218742915,-0.6530953403124257,1.2020764431021533,1.5030702581313968,-0.4209073972747873,2.0923709409925477,1.0034360793644241,-0.3190660632816967,-0.20303718023695766,2.048122358357819,2.1501785958956883,-1.2545925928374415,-0.9230142886818873,0.9337246718148509,-1.5086201046262229,-0.6092009370203172,0
0.5476242991606287,0.5249335246465373,1.318332876615054,1.311514119521733,-0.060520579506434226,-0.2963248907698524,-0.6130221113852424,-1.1010027836591487,2.0518624055560384,-0.6530953403124257,1.2020764431021533,0.7837257938426212,-0.4209073972747873,-0.6803584822210322,0.7496798760647018,-0.3190660632816967,-0.20303718023695766,-0.4882520792370033,0.6815819271362692,-1.2545925928374415,-0.1382981808672338,-0.5419708389243844,-0.008581385235717802,-0.45965031666475253,0
-1.6444050617746246,0.8944715973073396,0.1963474497086251,-0.42537584606034484,-0.18466121895529186,-0.1767093401968481,-0.8959834223460461,-1.7378399223074796,1.0453073868873908,1.531170011903045,-0.8318938497948913,-0.6549631347349304,-0.4209073972747873,0.7060062293857579,0.3172000100984028,-0.3190660632816967,-0.20303718023695766,-0.4882520792370033,0.4721311491764135,-1.2545925928374415,-0.5947996037739921,-1.4873179177875508,0.4495853590970945,0.2674311351692938,0
-0.722518718610088,-0.6495522563033914,0.1963474497086251,-0.3759137950659546,0.07952920173809418,0.03327150272635943,-0.9083128338121483,0.1841404612875987,-0.9678026504499049,1.531170011903045,1.2020764431021533,1.646939150989152,-0.4209073972747873,0.01282387358236278,-1.3679982852936385,-0.3190660632816967,-0.20303718023695766,-0.4882520792370033,-1.3637445823592813,-1.2545925928374415,-0.39955894674284603,1.5403150266017245,1.1896377133349765,-0.3286038352959367,0
-0.23474471656690815,-0.9092955799128593,-0.9256379771978037,0.3695789549679065,-0.3351732559057742,-0.33718758367157214,1.429479334208842,0.5057843730022462,-0.9678026504499049,-0.6530953403124257,1.2020764431021533,-0.9427009204504406,-0.4209073972747873,0.01282387358236278,-0.4978996348252714,-0.3190660632816967,4.689424994147564,2.048122358357819,-0.016376861115888416,0.7970715001101324,-0.793779415435609,1.1308257901122125,0.370492381152692,1.1390673865955065,0
-1.0426419153062207,-0.05453012836058346,-0.9256379771978037,-0.6604054536019436,-0.07790899532182395,0.8476571209483409,1.2590818912942348,0.31046313399172454,-0.9678026504499049,-0.6530953403124257,-0.8318938497948913,-1.5181764918814613,-0.4209073972747873,2.7855532967959427,0.28250280140480444,-0.3190660632816967,-0.20303718023695766,-0.4882520792370033,0.8552969748770083,-1.2545925928374415,-0.8121593387572029,-0.5426999273095063,-2.5252367796439446,-0.2938737648824525,0
-0.7495358834625037,-0.6744090200321033,0.1963474497086251,-0.36474458266071275,-0.29547508927979044,-0.29836257857812304,-0.4831667884092413,-1.0157920501727082,0.038752368218742915,-0.6530953403124257,1.2020764431021533,-0.6549631347349304,-0.4209073972747873,-0.6803584822210322,1.6995937580728044,-0.3190660632816967,-0.20303718023695766,-0.4882520792370033,-0.10323762006436923,-1.2545925928374415,-0.3585550434760439,-4.054826190056636,1.414267128537473,-0.52935680467665,0
1.54203496594455,0.1608888189247152,0.1963474497086251,-0.5391137200040057,-0.21715841832161148,-0.13285170916753766,2.9424399781173367,-1.00577251513335,1.0453073868873908,-0.6530953403124257,1.2020764431021533,-1.230438706165951,-0.4209073972747873,-0.6803584822210322,0.6431263712375824,-0.3190660632816967,-0.20303718023695766,-0.4882520792370033,-0.4686223218788031,0.7970715001101324,-0.7699434394370985,0.9198438570554254,-0.537279940851874,-0.7973231786624289,0
-1.6444050617746246,-0.6737744229361367,0.1963474497086251,-0.5647725247886493,-0.3084137092218969,-0.2728891045306054,-0.3089466577924939,-0.789922397464979,-0.9678026504499049,-0.6530953403124257,1.2020764431021533,1.646939150989152,-0.4209073972747873,-0.6803584822210322,-0.8335847021673196,-0.3190660632816967,-0.20303718023695766,2.048122358357819,0.8400815721937082,0.7970715001101324,0.2342933636395617,0.033501747634904384,-2.0772657364078517,-0.1975876620829086,0
-1.1450588476151777,1.4977296959476125,1.318332876615054,-0.32752885811096,-0.30240949518581606,-0.3075508895142544,2.7292127793290613,-1.2259536363134185,0.038752368218742915,-0.6530953403124257,1.2020764431021533,-0.2233564561616649,-0.4209073972747873,0.01282387358236278,-0.44097499057171724,-0.3190660632816967,-0.20303718023695766,-0.4882520792370033,-1.4577346608486728,0.7970715001101324,-0.7527030540161734,-0.807940295480264,-2.1511524649502176,-0.43011373013959386,0
-0.43981878868721613,-0.7480798858356709,1.318332876615054,-0.2665287696471783,-0.22694373199267365,-0.2609733954199454,0.9992229045940729,-0.9442900180109115,2.0518624055560384,-0.6530953403124257,-0.8318938497948913,-0.07948756330390976,2.375819494916491,0.01282387358236278,-0.15850710735921283,-0.3190660632816967,-0.20303718023695766,-0.4882520792370033,-1.021303707621384,0.7970715001101324,-0.3474179376396289,-1.3866942089222956,1.3002161821455633,0.08345550536662076,0
2.2456868506597103,0.27630617962667,1.318332876615054,0.6642581417789422,-0.07390714689674636,-0.2792185474842935,0.47822101027450503,-1.5122114330927676,-0.9678026504499049,1.531170011903045,-0.8318938497948913,-0.36722534901942006,2.375819494916491,0.7060062293857579,0.7991132569269757,-0.3190660632816967,-0.20303718023695766,2.048122358357819,-1.114568200645658,0.7970715001101324,-0.2702220188058002,-0.025580754185274824,-0.6443794355757005,0.7024327087568171,0
-0.6415005954677409,-0.6213424570751906,-0.9256379771978037,0.2771990465996568,-0.22047504631538212,-0.3014223962666355,-0.18432337778734267,0.4988521474714052,1.0453073868873908,1.531170011903045,-0.8318938497948913,-0.5110942418771752,-0.4209073972747873,0.7060062293857579,-0.05033008867126354,-0.3190660632816967,-0.20303718023695766,-0.4882520792370033,0.9732198104547882,0.7970715001101324,0.16400372795267587,1.0928488849756273,0.670276826199063,-0.6983899906603244,0
-0.16521060380699193,-0.4458717647755198,-0.9256379771978037,-0.6798076104133366,-0.3253774417630512,-0.22572129057645587,0.815966859852757,-0.3855423726275406,0.038752368218742915,-0.6530953403124257,-0.8318938497948913,-0.36722534901942006,-0.4209073972747873,0.01282387358236278,-1.5598813228388122,-0.3190660632816967,-0.20303718023695766,-0.4882520792370033,-0.10131843703509749,-1.2545925928374415,-0.6473040686455747,0.502887586323998,0.9494215618543141,-0.4505113399006847,0
-0.6222671531611735,0.9462285907170914,-0.9256379771978037,-0.1661369773555656,-0.298240890303675,-0.3144233926962435,-0.8281028783454183,0.33388915704662575,2.0518624055560384,-0.6530953403124257,-0.8318938497948913,-1.6620453847392165,-0.4209073972747873,-0.6803584822210322,1.1001692901588693,-0.3190660632816967,-0.20303718023695766,-0.4882520792370033,-1.0886623200107146,-1.2545925928374415,-0.4106332706482562,-2.118407380633574,0.6964686240926213,0.28207046166922056,0
-0.8968085244191684,-0.829459802745676,1.318332876615054,-0.5822194266717253,-0.29234376746930346,-0.23115141743400763,-0.9536526328553785,-1.0886032471784406,-0.9678026504499049,1.531170011903045,1.2020764431021533,1.2153324724158867,-0.4209073972747873,2.0923709409925477,1.4821444389712595,-0.3190660632816967,-0.20303718023695766,-0.4882520792370033,1.620178630972966,-1.2545925928374415,-0.22645131165561216,0.2561926186220721,0.8354808344454698,-0.24293774769561538,0
-0.7034269269959359,-0.695392820325552,-0.9256379771978037,-0.5142832789059066,-0.22211398440559274,-0.16377994452639189,-0.9386664819165315,0.5369645211598946,-0.9678026504499049,-0.6530953403124257,-0.8318938497948913,1.0714635795581315,-0.4209073972747873,0.01282387358236278,0.31037906907116297,-0.3190660632816967,-0.20303718023695766,-0.4882520792370033,-0.7727347703486275,0.7970715001101324,-0.4940507127405971,-0.9744811234812656,-0.505324415574858,0.17808484144624814,0
1.6637649194034811,-0.51572401566859,0.1963474497086251,-0.07341396567523557,0.22602643091306623,-0.06882843563679245,0.7957778988519854,-0.31937379054893167,-0.9678026504499049,-0.6530953403124257,-0.8318938497948913,0.49598800812711086,-0.4209073972747873,-1.3735408380244272,-0.8852248034891002,-0.3190660632816967,-0.20303718023695766,-0.4882520792370033,-0.4320168212606222,-1.2545925928374415,-0.9123469921084895,-0.11175902393318389,-0.30241920149224866,-0.6470778630715803,0
0.07821185405672602,1.028297436373294,0.1963474497086251,-0.461872459542299,0.5454519716001603,0.6945188717757603,-0.7013396026469939,1.8227049918821099,2.0518624055560384,-0.6530953403124257,1.2020764431021533,-0.07948756330390976,-0.4209073972747873,1.3991885851891528,-0.6451601859901857,-0.3190660632816967,-0.20303718023695766,-0.4882520792370033,-1.2698812467217624,0.7970715001101324,1.2279296269930478,0.9857866871228439,-2.2450275207654316,0.7113940294316592,0
1.2023735468177121,-0.7276038187227013,0.1963474497086251,1.4775924411258647,-0.29805602789851077,-0.33316957267007985,-0.6145461349374619,0.2968383128617718,2.0518624055560384,-0.6530953403124257,-0.8318938497948913,-1.0865698133081958,-0.4209073972747873,-1.3735408380244272,0.12465707901306419,-0.3190660632816967,-0.20303718023695766,-0.4882520792370033,-1.1998819248754187,-1.2545925928374415,-0.7936590443851886,-0.04181583940220786,-0.7231611960688047,-0.7620350514534533,0
-0.3791408817825098,-0.7053156613247653,0.1963474497086251,-0.4773478366412574,-0.2451498551226858,-0.21788431887526966,-0.9536199894765672,0.5157523039468023,1.0453073868873908,-0.6530953403124257,1.2020764431021533,-0.07948756330390976,-0.4209073972747873,2.0923709409925477,-0.5675140680637237,-0.3190660632816967,-0.20303718023695766,-0.4882520792370033,2.31448660953257,0.7970715001101324,-0.335575734130172,0.8343838210682991,-0.06756320936769643,0.5481615929463712,0
1.3269179732166294,-0.46127541897751284,-0.9256379771978037,-0.6045584234739982,-0.2986504519567929,-0.227536579155454,1.0009627654502722,0.9082895438823058,0.038752368218742915,1.531170011903045,-0.8318938497948913,-0.2233564561616649,-0.4209073972747873,0.7060062293857579,0.7450073834210105,-0.3190660632816967,-0.20303718023695766,2.048122358357819,0.7801455746539975,0.7970715001101324,0.1140258930631894,-0.8607852007171051,-0.845486466639147,-0.4567320610453478,0
1.931828885360836,0.15169424653123703,0.1963474497086251,-0.3666042823596708,-0.32010267990662356,-0.31929018329103726,-0.450063059917667,-0.2474785796774395,-0.9678026504499049,-0.6530953403124257,1.2020764431021533,-0.2233564561616649,-0.4209073972747873,-0.6803584822210322,-0.9282308703804591,2.8244419493458564,-0.20303718023695766,-0.4882520792370033,-0.6402611715128724,0.7970715001101324,-0.4726176237297573,1.3471148943063638,-1.0793625324332938,1.1404343695381256,0
0.20674570107962068,-0.25816316960154356,-0.9256379771978037,-0.48152221490143027,-0.33120655423331474,-0.3238242679893655,-0.6697289576114647,-0.8190233953546655,-0.9678026504499049,1.531170011903045,-0.8318938497948913,-0.5110942418771752,-0.4209073972747873,-0.6803584822210322,-0.162165998049205,-0.3190660632816967,-0.20303718023695766,-0.4882520792370033,0.11775043702740542,0.7970715001101324,1.7770882369563266,0.4444560354641151,0.6460170454311327,-0.8382673901553193,0
0.6385231796903522,-0.6763749298249949,-0.9256379771978037,0.509967769685799,-0.14948819699141594,-0.29072666923088514,1.976256101733447,-0.3791949750410202,1.0453073868873908,-0.6530953403124257,1.2020764431021533,0.3521191152693557,-0.4209073972747873,-1.3735408380244272,-1.1932796472696845,-0.3190660632816967,-0.20303718023695766,-0.4882520792370033,-0.7040960093013827,-1.2545925928374415,-0.6254965140040467,1.3294596806311971,-0.3172420353293412,-0.7443370220223199,0
-1.0321507628097633,-0.5037844078762906,0.1963474497086251,-0.17895899875668392,-0.29196255752863687,-0.31028210626579167,0.863304750952365,-0.13010148955319767,1.0453073868873908,1.531170011903045,1.2020764431021533,-0.07948756330390976,-0.4209073972747873,-0.6803584822210322,1.5312869756574645,-0.3190660632816967,-0.20303718023695766,2.048122358357819,0.49652740062169715,0.7970715001101324,3.468083174710562,-0.5118518854988648,-1.614561089320226,-0.5136913018286752,0
-0.15791703522573838,-0.4418208050938374,0.1963474497086251,0.06771973908647587,0.14651839890707807,-0.14782450463838648,-0.6416029501350542,-0.7594626512145197,0.038752368218742915,-0.6530953403124257,-0.8318938497948913,-1.6620453847392165,-0.4209073972747873,0.01282387358236278,0.21909376930877317,-0.3190660632816967,-0.20303718023695766,-0.4882520792370033,-1.057655565932465,0.7970715001101324,0.5669687668542094,0.7101011693513598,-1.2196983142800504,-0.9969071709177311,0
-1.6444050617746246,-0.4394160891238418,1.318332876615054,0.46428100099910424,-0.14294181246515397,-0.28714525547243747,0.9074501005455146,0.45321140869421617,0.038752368218742915,-0.6530953403124257,1.2020764431021533,-0.07948756330390976,-0.4209073972747873,-0.6803584822210322,0.03518476808999232,-0.3190660632816967,4.689424994147564,2.048122358357819,-0.6604344016968136,0.7970715001101324,1.539104829326791,-0.8119144363724751,-1.3775667096801314,1.784963104287697,0
-0.9252050128676148,-0.2720667802211703,2.4403183035214826,2.553055564159961,-0.253677385887363,-0.3310690089073174,0.44872972809884687,1.1996951581748951,0.038752368218742915,-0.6530953403124257,1.2020764431021533,-0.36722534901942006,-0.4209073972747873,0.01282387358236278,0.995935634806525,-0.3190660632816967,-0.20303718023695766,-0.4882520792370033,-0.6120578928755427,0.7970715001101324,-0.20767259474640223,0.02473542703772037,0.8345682923571202,-0.6331003938500352,0
-0.12045900230458059,2.022828708113254,0.1963474497086251,0.4469893766457861,-0.29138311266038674,-0.32573682451231956,-0.4245741685948592,-1.0266183689289556,-0.9678026504499049,-0.6530953403124257,1.2020764431021533,0.49598800812711086,2.375819494916491,0.7060062293857579,-2.574861367498358,-0.3190660632816967,-0.20303718023695766,-0.4882520792370033,-0.11394203529489773,0.7970715001101324,-0.2590262711909204,-1.6385083407673975,0.008365332872358305,0.17809088320729075,0
1.7032762864635327,-0.6429037046554192,2.4403183035214826,0.5737519201906185,-0.2875649133144826,-0.3261741246406771,1.2340731741400757,-0.0893371474131183,-0.9678026504499049,1.531170011903045,-0.8318938497948913,-1.5181764918814613,-0.4209073972747873,0.7060062293857579,-0.0972137835786231,-0.3190660632816967,-0.20303718023695766,2.048122358357819,-1.4554103213840466,0.7970715001101324,5.5117774188485855,-1.3060893555070274,0.3253817761532321,-0.7838375887134199,0
0.15007420052450246,0.8108199827446988,0.1963474497086251,-0.5633173580081207,-0.12848039277066403,0.06288793438112761,2.5266904112814568,-0.6419403924543972,2.0518624055560384,-0.6530953403124257,1.2020764431021533,0.20825022241160054,-0.4209073972747873,0.01282387358236278,-0.240854295780564,-0.3190660632816967,-0.20303718023695766,-0.4882520792370033,-1.1565911996721523,-1.2545925928374415,-0.19371588205620513,0.9877320277532143,-0.11234986798891357,-0.2673079570078767,0
-0.36237888316826816,-0.05014034527448528,1.318332876615054,-0.4994985046800045,-0.20242290315273181,-0.1484117775421167,-0.31478342387296376,-0.5178914848805012,0.038752368218742915,-0.6530953403124257,-0.8318938497948913,0.3521191152693557,2.375819494916491,-0.6803584822210322,-0.016110144628328386,-0.3190660632816967,-0.20303718023695766,-0.4882520792370033,0.6099518203601666,0.7970715001101324,-0.9236847814911597,0.6023980015172322,0.07285574277140178,0.4552682771365539,0
-0.1488545850948168,-0.5586976854103216,3.5623037304279115,-0.6664637538282742,-0.3293057317435318,-0.2687301394940126,-0.703092127752343,-0.3939259402283251,1.0453073868873908,-0.6530953403124257,-0.8318938497948913,-0.5110942418771752,-0.4209073972747873,-0.6803584822210322,-0.9206054653104992,-0.3190660632816967,-0.20303718023695766,-0.4882520792370033,2.303897364775761,0.7970715001101324,-0.6839702566311388,0.5634592245698468,-1.0772679193928552,0.2180982695391353,0
-1.5477794580239097,0.09047470210061219,-0.9256379771978037,-0.3123143363502095,-0.2869728262531264,-0.2971898883473995,0.23328787336952955,-0.346728103674405,0.038752368218742915,-0.6530953403124257,-0.8318938497948913,-0.9427009204504406,-0.4209073972747873,-0.6803584822210322,0.4249179992350163,-0.3190660632816967,4.689424994147564,-0.4882520792370033,-0.5731013314386514,0.7970715001101324,-0.12607382908429532,0.8090286459174094,-1.2231142342486863,1.9008530206142924,0
-0.7541149566509494,2.5434367942718277,-0.9256379771978037,2.0979614244537266,-0.3055518770817873,-0.3354160173698188,-0.000649171615930834,-0.8178156611273781,0.038752368218742915,1.531170011903045,1.2020764431021533,-0.07948756330390976,-0.4209073972747873,1.3991885851891528,-2.0790224813185616,2.8244419493458564,-0.20303718023695766,-0.4882520792370033,0.8102008424437606,0.7970715001101324,-0.37478550585446674,0.9104855598393855,0.20887839015654494,0.977369204713881,0
0.7865550275027331,-0.9597207869561257,0.1963474497086251,-0.05085093221964086,-0.30732765474501583,-0.32287675178363684,-0.6142919910290079,-0.20270280001385113,-0.9678026504499049,-0.6530953403124257,1.2020764431021533,-0.2233564561616649,-0.4209073972747873,0.01282387358236278,0.20279132054658275,2.8244419493458564,-0.20303718023695766,2.048122358357819,1.9172272234986314,0.7970715001101324,1.7759941959115162,0.5832526353512205,1.579011971908898,0.7995504963120632,0
0.2764525126000152,1.361383457889996,-0.9256379771978037,1.1887694679791745,-0.03113926759455991,-0.28877488524122163,-0.6629880434613793,-0.708717878947288,0.038752368218742915,1.531170011903045,1.2020764431021533,-0.2233564561616649,-0.4209073972747873,0.7060062293857579,0.5125247764342158,-0.3190660632816967,-0.20303718023695766,2.048122358357819,2.21746205298262,0.7970715001101324,0.35167527559931955,-0.3354725277405513,1.4025522833022175,-1.1343772977346773,0
-0.07703758212134001,-0.6000601700397604,0.1963474497086251,-0.46749630856257235,0.10964633292630921,0.1989871990322803,0.8771840911260098,-0.04096221628488692,1.0453073868873908,1.531170011903045,1.2020764431021533,-0.36722534901942006,-0.4209073972747873,0.7060062293857579,0.7419440133920835,-0.3190660632816967,-0.20303718023695766,2.048122358357819,-0.4730859081696419,0.7970715001101324,-0.8226513331620815,0.6420085685830655,-0.8614770108280706,-0.10644637374301835,0
0.5515750271511028,0.6619377853860373,-0.9256379771978037,-0.42379195103678785,0.36717944960851373,0.3844799848131186,-0.7842540500343209,0.37777514576532495,0.038752368218742915,1.531170011903045,-0.8318938497948913,0.7837257938426212,-0.4209073972747873,0.7060062293857579,-0.6320108004443823,2.8244419493458564,-0.20303718023695766,-0.4882520792370033,0.5951157473628554,0.7970715001101324,-0.41699253765560373,0.8689000476221305,-0.13469604221834405,1.490639972350562,0
-0.18166881182201883,1.1400154347538023,1.318332876615054,0.032862774276681654,-0.21497109300601877,-0.2869357480130386,0.2542408722214344,-1.4312437207306974,-0.9678026504499049,-0.6530953403124257,1.2020764431021533,0.9275946867003763,-0.4209073972747873,0.01282387358236278,-0.9134399020606025,-0.3190660632816967,-0.20303718023695766,2.048122358357819,-0.2590990365197251,0.7970715001101324,-0.4385454623472743,0.008147643208842318,0.9200259647439388,-0.8326918869969343,0
-0.01333217622225805,-0.5521308657793909,1.318332876615054,1.5396084546945206,-0.3123975068867612,-0.33531875153836455,-0.6231860117120285,-0.469310620821943,-0.9678026504499049,1.531170011903045,1.2020764431021533,-0.36722534901942006,-0.4209073972747873,0.01282387358236278,0.9926926882917233,2.8244419493458564,-0.20303718023695766,-0.4882520792370033,2.0011718110332803,-1.2545925928374415,-0.4701673485245811,0.2586153539364582,-0.32180069567256914,1.2627054757613054,0
0.5824856956490265,-0.820828560482107,0.1963474497086251,11.8062551934093,0.09097236112170143,-0.3288119020774095,0.5951098225235608,-0.40256732256907507,1.0453073868873908,-0.6530953403124257,-0.8318938497948913,-0.36722534901942006,-0.4209073972747873,0.7060062293857579,0.9317253867856558,-0.3190660632816967,-0.20303718023695766,-0.4882520792370033,0.5690283918473624,-1.2545925928374415,-0.5538081291767956,0.05593774562460795,0.8646272252570459,-1.0304174744419843,0
-1.2640721143529898,0.2589092198389867,2.4403183035214826,0.36990151965242013,-0.17975860867926696,-0.2930890730354378,0.26664710652231594,-0.5683526586455697,-0.9678026504499049,1.531170011903045,-0.8318938497948913,1.646939150989152,-0.4209073972747873,0.7060062293857579,-2.077677815927142,-0.3190660632816967,-0.20303718023695766,2.048122358357819,0.4107635230139138,0.7970715001101324,0.06513837060175154,1.4811221081843344,-1.7669896051239182,-0.18294004655743942,0
0.3567289615403771,2.6283716016684733,1.318332876615054,-0.42126940687649805,-0.2724599906554035,-0.2675644569661216,0.7905177289189941,0.43557329538400674,-0.9678026504499049,-0.6530953403124257,-0.8318938497948913,-1.230438706165951,-0.4209073972747873,0.01282387358236278,-0.5077617086064137,-0.3190660632816967,-0.20303718023695766,-0.4882520792370033,0.45944034573645587,-1.2545925928374415,-0.22444263312261564,0.15965193825017798,1.324645862993481,-0.9011039011342303,0
2.297808320514424,-0.7109899093123822,-0.9256379771978037,0.6758672011832467,-0.21663891776437677,-0.3114055103638033,-0.5176444841701959,0.1823263921492074,0.038752368218742915,-0.6530953403124257,-0.8318938497948913,0.49598800812711086,2.375819494916491,0.01282387358236278,-1.54434739187688,-0.3190660632816967,-0.20303718023695766,-0.4882520792370033,1.8348058252412809,0.7970715001101324,-0.8400677514077851,-1.0611962914056388,0.6566908808681452,0.4769127627567359,0
-1.500791604703847,-0.7611973927138069,-0.9256379771978037,-0.37328720851521074,-0.04225203920268335,-0.07595718005993013,-0.11626316843157748,-0.14543542640771917,2.0518624055560384,-0.6530953403124257,1.2020764431021533,0.9275946867003763,-0.4209073972747873,0.01282387358236278,0.3199397214495858,-0.3190660632816967,-0.20303718023695766,-0.4882520792370033,0.5936395676469245,0.7970715001101324,1.6031218641402072,1.1736728618285441,-0.5837296378305402,-0.6192516438099793,0
-0.5772030132631302,-0.7563218760092946,-0.9256379771978037,-0.05765213584789308,-0.2324114206046543,-0.2879381366232643,-0.9120435503648194,1.2465172848078494,-0.9678026504499049,-0.6530953403124257,1.2020764431021533,-0.36722534901942006,-0.4209073972747873,0.7060062293857579,0.34204384961019274,-0.3190660632816967,-0.20303718023695766,-0.4882520792370033,3.070113698330527,0.7970715001101324,-0.35082002880676105,1.1479678585264779,0.6305607035249308,0.07532792981182948,0
0.36001622462601796,-0.9184084736664088,1.318332876615054,-0.2570192705950209,-0.23067607230272663,-0.26501578104454165,-0.6067516173247968,0.5019821381405278,-0.9678026504499049,-0.6530953403124257,-0.8318938497948913,0.639856900984866,-0.4209073972747873,0.7060062293857579,-1.0031503074654724,-0.3190660632816967,-0.20303718023695766,-0.4882520792370033,1.1237851602861821,-1.2545925928374415,-0.6612292380201226,0.9429294809795962,-2.3694617834789775,-0.342700449197824,0
0.2888796486917542,3.4425534639309427,-0.9256379771978037,-0.41814713181100005,-0.2050685093517975,-0.2008904513378172,-0.7115312698775346,-0.5115919472942265,-0.9678026504499049,-0.6530953403124257,1.2020764431021533,-1.0865698133081958,2.375819494916491,-1.3735408380244272,0.5583526549011415,-0.3190660632816967,-0.20303718023695766,-0.4882520792370033,-0.04480197413600128,0.7970715001101324,-0.973920406821326,0.7158885753105789,1.1549477334987932,0.40811119624629183,0
-0.15181162633509687,0.4067319893471483,0.1963474497086251,-0.5600305460395487,0.0065912017933161685,0.3027415962210343,0.4762147220984736,0.4275358048464733,-0.9678026504499049,-0.6530953403124257,-0.8318938497948913,1.3592013652736417,2.375819494916491,-0.6803584822210322,2.2623691065227485,-0.3190660632816967,-0.20303718023695766,-0.4882520792370033,0.37391370372421295,-1.2545925928374415,-0.5801895561126914,0.4842882295303515,-1.6458930625672614,0.5341533915978288,0
1.9232368827811024,0.15977910697094663,0.1963474497086251,-0.35720313397768777,-0.06824441063682905,-0.10907169574048722,-0.7871571604412854,-0.5575256873858747,0.038752368218742915,-0.6530953403124257,-0.8318938497948913,1.646939150989152,-0.4209073972747873,2.0923709409925477,-0.8230976917197181,-0.3190660632816967,-0.20303718023695766,-0.4882520792370033,1.5300742861037007,0.7970715001101324,1.3413252251018977,1.1762216537952486,0.8110409808458654,-1.333693106734786,0
-1.023830180345337,-0.7883282238089964,-0.9256379771978037,-0.3679813533968611,-0.3288674722952257,-0.3267645421790429,-0.5650318887045677,0.3669477561401887,1.0453073868873908,-0.6530953403124257,-0.8318938497948913,1.5030702581313968,-0.4209073972747873,0.01282387358236278,0.8304107761449523,-0.3190660632816967,-0.20303718023695766,2.048122358357819,-1.1806151594275478,-1.2545925928374415,-0.05607158912152236,0.4118381503284116,-0.36772653320988263,-0.9584159200049651,0
-0.6672521709351871,2.2225515855714764,-0.9256379771978037,-0.28351304289325996,-0.2266219476914117,-0.25775829417022117,-0.004089960833658306,0.9530201633557223,-0.9678026504499049,1.531170011903045,1.2020764431021533,-1.5181764918814613,-0.4209073972747873,0.01282387358236278,-2.065808626995474,-0.3190660632816967,-0.20303718023695766,2.048122358357819,-0.6733011804294557,0.7970715001101324,-0.1969652933881067,-1.4459530017485231,0.6380258397119185,-1.213173549059904,0
0.2694038131440313,-0.6644430874050999,1.318332876615054,0.21745737249360775,-0.25328803638615743,-0.30982180410523436,0.727668244860508,0.6134743938911389,1.0453073868873908,1.531170011903045,-0.8318938497948913,-1.5181764918814613,-0.4209073972747873,1.3991885851891528,-1.2788654889067,-0.3190660632816967,-0.20303718023695766,-0.4882520792370033,-1.653726204951097,0.7970715001101324,-0.45307913715047715,0.24308825304112247,0.32530283319887254,-0.9169959665405579,0
-0.18864528033078348,-0.2670318381927429,2.4403183035214826,-0.45676370066200295,-0.3110756150449964,-0.3022817325782243,-0.4941764100339375,0.33866691927110887,0.038752368218742915,1.531170011903045,1.2020764431021533,0.9275946867003763,-0.4209073972747873,0.01282387358236278,-0.962803589341271,-0.3190660632816967,-0.20303718023695766,-0.4882520792370033,0.47698392326801087,-1.2545925928374415,-0.226327183718132,0.35871064933801416,-0.01940833104839472,-0.3819041836310863,0
-1.1616132131721604,-0.2973925766998448,-0.9256379771978037,0.09236241328155928,-0.31952743562759006,-0.3304242860446272,-0.6001033201347153,-1.329215875871905,-0.9678026504499049,-0.6530953403124257,-0.8318938497948913,0.0643813295538454,2.375819494916491,0.7060062293857579,0.7218192997973178,-0.3190660632816967,-0.20303718023695766,-0.4882520792370033,-0.9698417957375703,0.7970715001101324,-0.5498062686532574,0.29145336316615406,0.21647711567904837,0.2915738431993478,0
1.7184221524236136,0.3333253576118199,0.1963474497086251,-0.643867305442807,0.2682600176114382,1.8705616265183356,-0.846405907251905,1.5133475032858634,-0.9678026504499049,-0.6530953403124257,-0.8318938497948913,0.20825022241160054,2.375819494916491,0.01282387358236278,-0.524478901299629,-0.3190660632816967,-0.20303718023695766,-0.4882520792370033,-1.656613221349575,0.7970715001101324,-0.6143554370719966,0.04511469030898435,-1.9908969954227773,2.5373206311152887,1
0.6241020675874037,0.47916599186912495,-0.9256379771978037,-0.2669224056047548,-0.3148070614593764,-0.32009978142589984,0.23585732999964615,-0.6473600629579601,0.038752368218742915,-0.6530953403124257,1.2020764431021533,-1.5181764918814613,2.375819494916491,-0.6803584822210322,-1.043308671077534,-0.3190660632816967,-0.20303718023695766,-0.4882520792370033,-1.351186956403042,-1.2545925928374415,-0.915027312063436,0.09676054245378096,-0.5661926458532129,0.1403703686989673,0
-0.23876443895871546,-0.831677756542128,-0.9256379771978037,0.512152386812364,-0.12269671974531138,-0.28408090184378076,-0.8942294196710782,-1.2503469179912854,-0.9678026504499049,-0.6530953403124257,-0.8318938497948913,-0.7988320275926855,-0.4209073972747873,0.01282387358236278,0.6803197923793782,-0.3190660632816967,4.689424994147564,-0.4882520792370033,-1.3645185653286502,0.7970715001101324,-0.08175243780033031,0.9630396265164481,0.034068322321407815,2.8929173270584747,1
0.44298327228192,1.2073004613976477,-0.9256379771978037,-0.30180906286787157,0.44378712599790565,0.23416039068398298,-0.5484390794889514,0.9513861424382077,-0.9678026504499049,-0.6530953403124257,1.2020764431021533,0.3521191152693557,-0.4209073972747873,-0.6803584822210322,-0.48334726879952805,-0.3190660632816967,-0.20303718023695766,-0.4882520792370033,0.7052921358068703,0.7970715001101324,-0.24796762816576917,1.6207706019297865,-1.287839741323505,-0.7411070814673205,0
-0.7095455404274715,-0.9490063045752735,0.1963474497086251,-0.0012305935818386728,0.7115252864237631,0.1122465329457696,0.07439031346120462,-0.7971494409069281,-0.9678026504499049,-0.6530953403124257,1.2020764431021533,0.7837257938426212,-0.4209073972747873,-0.6803584822210322,-0.937343423887481,-0.3190660632816967,-0.20303718023695766,2.048122358357819,0.12149970600880991,0.7970715001101324,1.4946519990138591,1.0395010490020875,0.4117973948524008,0.05397116415054439,0
-0.4794880723547353,1.5611239899491696,0.1963474497086251,-0.5943519740435348,-0.25909832711635583,-0.14513882600520892,-0.47546677733471965,-0.8747622181130666,1.0453073868873908,-0.6530953403124257,-0.8318938497948913,0.7837257938426212,-0.4209073972747873,3.4787356525993376,-0.7941848863602217,-0.3190660632816967,-0.20303718023695766,-0.4882520792370033,0.293968859311851,0.7970715001101324,0.15178512318577947,0.8436978678626703,0.03340629392695908,-0.6300478153284091,0
-0.7435606220912387,0.9765512487161145,-0.9256379771978037,0.6101333353369225,-0.3363514845373133,-0.33790192080344256,-0.7180753884833855,-0.03953613222112798,0.038752368218742915,1.531170011903045,1.2020764431021533,0.49598800812711086,2.375819494916491,-1.3735408380244272,-0.3368066163593315,2.8244419493458564,-0.20303718023695766,-0.4882520792370033,0.46805596243460335,-1.2545925928374415,-0.24477491394858816,0.9323583906353277,0.5356314190249332,1.7505766658035293,0
1.3727002646933382,-0.8627034101070628,0.1963474497086251,1.2128655295933797,-0.21716475832630008,-0.3192923001096733,-0.91989682042447,0.3258384016031669,0.038752368218742915,-0.6530953403124257,-0.8318938497948913,-0.6549631347349304,-0.4209073972747873,-0.6803584822210322,-1.3919313632575376,-0.3190660632816967,-0.20303718023695766,-0.4882520792370033,-0.8851830350680274,0.7970715001101324,1.5957006001740581,-0.7166186395147398,0.9781589078974194,0.2395712236155238,0
-1.6444050617746246,-0.3011887433401453,-0.9256379771978037,-0.41110434946775704,-0.082263642581865,-0.08385009597958351,1.4818897144057155,0.556198762719215,2.0518624055560384,-0.6530953403124257,1.2020764431021533,-1.5181764918814613,-0.4209073972747873,-0.6803584822210322,1.4369759895382048,-0.3190660632816967,-0.20303718023695766,-0.4882520792370033,-1.0109007700719617,0.7970715001101324,0.9686236090551489,-0.5240176796279753,0.9336227007434874,-0.7531055050501773,0
-0.9856600663180565,0.603775746598989,0.1963474497086251,-0.19428031203868457,-0.24009200785620408,-0.2792336119590634,-0.19855552982411537,-0.8219244408725624,-0.9678026504499049,-0.6530953403124257,-0.8318938497948913,0.639856900984866,-0.4209073972747873,-0.6803584822210322,1.2278975068533995,-0.3190660632816967,-0.20303718023695766,-0.4882520792370033,-0.3365630143326694,-1.2545925928374415,-0.9020833289682255,0.7546813833482192,-1.8827699646384763,-0.18803385454935234,0
1.3741021192036411,1.8569782899389182,-0.9256379771978037,-0.3088602268186597,1.035843803143691,0.6823160915700774,0.7724643742291726,-0.6437214206632964,0.038752368218742915,-0.6530953403124257,-0.8318938497948913,-1.230438706165951,-0.4209073972747873,-0.6803584822210322,0.07996063108449002,-0.3190660632816967,-0.20303718023695766,-0.4882520792370033,0.25506607630502814,-1.2545925928374415,-0.7908183157701447,0.2539581377985522,0.7911967292384666,-0.14121381364351177,0
-0.347453385321166,-0.39665407037010625,-0.9256379771978037,4.516215136170616,-0.31209218462869176,-0.3377516775978997,-0.8763330643298085,0.7099177927223287,0.038752368218742915,-0.6530953403124257,1.2020764431021533,0.20825022241160054,-0.4209073972747873,-0.6803584822210322,0.25586499488180886,-0.3190660632816967,-0.20303718023695766,-0.4882520792370033,2.361874578643612,0.7970715001101324,-0.9179201621216274,-0.6385831604423189,1.57910141250055,0.8205057298157666,0
0.6402073573077248,-0.7560151580875784,0.1963474497086251,0.17935817811058055,-0.331058582034977,-0.3352628654884751,-0.4256300761300757,0.5416618517888087,2.0518624055560384,-0.6530953403124257,-0.8318938497948913,0.20825022241160054,-0.4209073972747873,0.01282387358236278,0.8689849905222122,-0.3190660632816967,4.689424994147564,-0.4882520792370033,-0.9634443718146871,-1.2545925928374415,-0.8467893628777179,0.560218111645375,0.6170541916905086,1.5863694343474883,0
-0.015431427849660454,-0.5073317137985444,-0.9256379771978037,-0.27010317595503736,-0.29528832365469165,-0.30672415075618326,-0.31706473185331496,1.0898886332036322,-0.9678026504499049,-0.6530953403124257,1.2020764431021533,1.0714635795581315,2.375819494916491,0.01282387358236278,0.270183868229962,-0.3190660632816967,-0.20303718023695766,-0.4882520792370033,-0.5452792321883884,0.7970715001101324,-0.06664091835825162,1.4064443542114091,0.4694088848634702,0.5334223704659693,0
-0.8354877148484418,-0.903559780906671,-0.9256379771978037,-0.37472379787939447,-0.29986183950967715,-0.3010554939274521,0.06908185383947388,1.8319019925172315,-0.9678026504499049,-0.6530953403124257,-0.8318938497948913,1.0714635795581315,-0.4209073972747873,0.01282387358236278,0.9318746493006809,-0.3190660632816967,-0.20303718023695766,2.048122358357819,-0.8834254764939659,0.7970715001101324,-0.5063273693753974,0.22198643026706794,1.2512276735589758,-0.07983725066307366,0
-1.6444050617746246,0.16039414785500958,0.1963474497086251,-0.38836205874508184,0.6060768656714556,0.5275554615396312,-0.5007098466095423,-0.504479584699905,-0.9678026504499049,1.531170011903045,1.2020764431021533,0.3521191152693557,-0.4209073972747873,-0.6803584822210322,-1.4052003618656919,-0.3190660632816967,-0.20303718023695766,-0.4882520792370033,0.05519495062233204,0.7970715001101324,-0.9516169263969518,-1.340960563073578,-0.31144633176014636,-0.12847347310886875,0
1.9208125509182796,2.151919777424481,-0.9256379771978037,3.844090992149514,-0.25517541660967175,-0.3335899587794542,1.0014375619278921,1.013112778376151,-0.9678026504499049,-0.6530953403124257,-0.8318938497948913,-0.6549631347349304,-0.4209073972747873,0.01282387358236278,0.8556972544623087,-0.3190660632816967,-0.20303718023695766,2.048122358357819,0.336821426079321,-1.2545925928374415,-0.1967030636017192,-1.9206938784879797,0.35718696458166194,-0.6574629555236831,0
1.5392487963462131,3.1165799632820006,0.1963474497086251,3.4175438189104024,-0.2798930206112584,-0.33482828118742464,-0.6053732598131146,0.29596415903976614,0.038752368218742915,-0.6530953403124257,-0.8318938497948913,-1.230438706165951,-0.4209073972747873,0.01282387358236278,-0.4250790960860188,-0.3190660632816967,-0.20303718023695766,-0.4882520792370033,0.07197670250279246,-1.2545925928374415,-0.016635370277851887,-1.8621228220785009,0.6589329415249461,-0.8257074759595521,0
-0.04841994522069532,-0.1765441370980586,1.318332876615054,-0.10541129518396111,-0.31464518454556534,-0.32506891951136857,0.022411982688188954,-0.84800850490295,2.0518624055560384,1.531170011903045,1.2020764431021533,-0.2233564561616649,-0.4209073972747873,-0.6803584822210322,-0.5663286752495915,-0.3190660632816967,-0.20303718023695766,-0.4882520792370033,1.858852420207093,0.7970715001101324,-0.7737737652468888,-0.08550691116431804,1.3042246813459213,-1.3667200663218226,0
-0.8828267412377672,-0.8594329796409095,2.4403183035214826,-0.6912921691582093,-0.2027812622189669,0.7884132302021962,-0.9221255155774547,-1.5712060691161815,0.038752368218742915,-0.6530953403124257,-0.8318938497948913,1.646939150989152,-0.4209073972747873,0.01282387358236278,-0.968563493022016,-0.3190660632816967,-0.20303718023695766,-0.4882520792370033,-0.12126757175138686,0.7970715001101324,-0.5380692683110343,1.1851452085183363,0.09709330720412578,0.4302390219861206,0
1.4435223068702348,1.2320108146765387,-0.9256379771978037,0.32825961925661373,0.07751081036733953,-0.21538552222869767,-0.43695401433230824,1.521157756921267,-0.9678026504499049,-0.6530953403124257,-0.8318938497948913,0.3521191152693557,-0.4209073972747873,0.7060062293857579,-1.688197438445673,-0.3190660632816967,-0.20303718023695766,-0.4882520792370033,0.7529881054064341,-1.2545925928374415,-0.299456326231167,0.07253711474120965,-0.6655900534288569,-0.6664216470462525,0
-1.3187549772980185,-0.9484112584009201,-0.9256379771978037,0.059070270815514116,0.5853634433678278,0.027832688709333364,1.6507846692294994,1.531435544174048,-0.9678026504499049,-0.6530953403124257,1.2020764431021533,-0.07948756330390976,-0.4209073972747873,0.7060062293857579,-0.19175854755670813,2.8244419493458564,-0.20303718023695766,-0.4882520792370033,0.5576256033284329,-1.2545925928374415,-0.8212154334628099,0.7164571991225552,0.5985217852236281,1.8085490920540666,0
-1.6444050617746246,-0.8390467421363829,-0.9256379771978037,0.02644061691051915,-0.2182051928222769,-0.2878226670718058,0.3888717850579849,-0.09141429174003901,-0.9678026504499049,-0.6530953403124257,-0.8318938497948913,0.639856900984866,-0.4209073972747873,1.3991885851891528,-0.2199791444637106,-0.3190660632816967,-0.20303718023695766,-0.4882520792370033,-0.5594549861067878,0.7970715001101324,-0.9050655666440574,1.2127341022260574,0.9006308166531535,-1.0214627779666487,0
-1.2016075841211142,-0.40045316736638603,0.1963474497086251,-0.6750756067763765,-0.17061597269902457,0.6390569595112485,-0.8775354388885406,-0.7705935256869045,-0.9678026504499049,-0.6530953403124257,1.2020764431021533,-0.7988320275926855,-0.4209073972747873,-1.3735408380244272,0.4018011107245717,-0.3190660632816967,-0.20303718023695766,-0.4882520792370033,1.2511351410477178,-1.2545925928374415,2.624948163143683,0.8897696514233536,1.466319852052411,0.2224489387668426,0
-1.174340472916034,-0.8077369913348084,0.1963474497086251,-0.6740962745678885,-0.29999328899547584,-0.09634899374733019,-0.5050834871146167,-0.10437254363667064,0.038752368218742915,-0.6530953403124257,-0.8318938497948913,-1.0865698133081958,-0.4209073972747873,2.0923709409925477,0.6553757661179024,-0.3190660632816967,-0.20303718023695766,-0.4882520792370033,-0.5903834365113795,-1.2545925928374415,-0.59643533249307,-2.3807090156954827,0.721788730960404,-1.2021997895463339,0
0.09472395551991064,1.191323330013884,0.1963474497086251,-0.47096832188055127,-0.3208115329934532,-0.3119550700605509,-0.9617382599266788,-0.5823236397950249,1.0453073868873908,-0.6530953403124257,1.2020764431021533,-1.0865698133081958,-0.4209073972747873,0.01282387358236278,-0.6533652548921939,-0.3190660632816967,-0.20303718023695766,-0.4882520792370033,1.765341006497043,0.7970715001101324,0.35209964011738387,-0.46888566724567066,-0.17113988624275991,0.3368509489247969,0
-0.6909769630295557,-0.9012368300748412,2.4403183035214826,0.27744879601402694,-0.044452660447136076,-0.24690304652948042,-0.6332878909444127,-1.1485456298520391,0.038752368218742915,1.531170011903045,1.2020764431021533,-1.6620453847392165,2.375819494916491,1.3991885851891528,-0.7214830639691792,-0.3190660632816967,-0.20303718023695766,-0.4882520792370033,1.5289462312004163,0.7970715001101324,-0.8812014108689296,0.4416186949728061,-0.5613112409493898,0.9864006545683838,0
-0.052219489008475055,-0.6773428020180793,-0.9256379771978037,-0.5847755969579471,-0.29734549791731707,-0.23997458011969103,-0.4196639962320177,-0.3787680682951465,0.038752368218742915,-0.6530953403124257,1.2020764431021533,0.3521191152693557,-0.4209073972747873,-0.6803584822210322,-1.099369027765099,-0.3190660632816967,-0.20303718023695766,2.048122358357819,1.431601264660443,0.7970715001101324,-0.1915237935271425,1.2351575213659556,-0.017070237508254836,-0.8917442790880202,0
0.5281963021156334,-0.6179227673999045,0.1963474497086251,-0.44426103210893175,-0.2928930857552623,-0.28407110955329873,-0.5802454503549904,-1.199563666461084,-0.9678026504499049,-0.6530953403124257,-0.8318938497948913,0.7837257938426212,-0.4209073972747873,0.7060062293857579,1.043892560919428,-0.3190660632816967,-0.20303718023695766,-0.4882520792370033,2.144392140679428,0.7970715001101324,-0.22445691522595365,-0.6784015554659548,0.8435354417031392,-0.7015363448563472,0
-0.188013786880847,-0.4369217751884475,2.4403183035214826,1.8545664611650154,-0.00513613154325215,-0.29873556678438856,-0.8609488666284136,-0.8372406487138694,-0.9678026504499049,-0.6530953403124257,1.2020764431021533,0.639856900984866,-0.4209073972747873,0.01282387358236278,0.3444179259869523,-0.3190660632816967,-0.20303718023695766,-0.4882520792370033,-0.15401619915129486,0.7970715001101324,-0.40037649596022573,-0.7169678048785926,0.68479160242275,-0.2448353271176643,0
-0.9093137404531542,2.2039321152917566,-0.9256379771978037,0.46711237585023174,2.828222878203949,0.4873618252993323,-0.34036817136774494,1.427533054368317,0.038752368218742915,1.531170011903045,-0.8318938497948913,0.49598800812711086,-0.4209073972747873,1.3991885851891528,-1.071746786367059,-0.3190660632816967,-0.20303718023695766,-0.4882520792370033,-1.6022524899325647,0.7970715001101324,0.41996582158054474,0.6605556212933898,0.3874653584698106,0.3479005658931848,0
0.015127776300592168,-0.1304600409285377,0.1963474497086251,-0.519956680523732,-0.24838546912648657,-0.19802508191606516,-0.41143856800879797,-0.8368431083835041,1.0453073868873908,-0.6530953403124257,-0.8318938497948913,1.0714635795581315,-0.4209073972747873,0.01282387358236278,-1.0790199387716446,-0.3190660632816967,-0.20303718023695766,-0.4882520792370033,1.1021511294063142,-1.2545925928374415,0.5747234472250954,0.4288695318651495,-2.197925789880958,-0.2999862977317704,0
0.568522721416772,0.8055227149130525,-0.9256379771978037,-0.6496132400377714,-0.09765795675684641,0.6125035561263643,0.0868168218098231,-0.36013613101665876,1.0453073868873908,-0.6530953403124257,1.2020764431021533,-0.2233564561616649,-0.4209073972747873,-0.6803584822210322,-0.8254700694859035,-0.3190660632816967,-0.20303718023695766,-0.4882520792370033,1.7618299718758819,-1.2545925928374415,0.8199778274335336,-0.02239520758090519,-0.8716932350187614,-0.5913266018967336,0
1.9262655675887217,-0.5779162987169822,1.318332876615054,-0.5707747596745512,0.20000140296703375,0.7244516407677197,-0.45511924941113063,1.1563824908697702,-0.9678026504499049,1.531170011903045,1.2020764431021533,-1.3743075990237061,2.375819494916491,0.7060062293857579,0.7006208612864293,-0.3190660632816967,-0.20303718023695766,-0.4882520792370033,-1.461264971403418,0.7970715001101324,-0.4604016989568239,-1.100363082807784,-1.0942516662230843,0.9412125741443561,0
0.43669236155258706,0.07512808487042762,1.318332876615054,-0.5011468522249783,-0.3302945148823942,-0.32122761360333646,-0.5262322376253248,-0.1260062484912432,-0.9678026504499049,-0.6530953403124257,1.2020764431021533,0.20825022241160054,-0.4209073972747873,1.3991885851891528,1.7662608183173474,-0.3190660632816967,-0.20303718023695766,-0.4882520792370033,0.43925937449089913,0.7970715001101324,-0.6920843154201483,-0.31648972434600225,-0.36628305530135136,-0.8963231103110347,0
-1.228344919229475,-0.8896933955165605,0.1963474497086251,-0.1303721032400352,-0.3267851276115837,-0.3307798887771186,-0.8460315441217018,0.9851359230045377,0.038752368218742915,1.531170011903045,-0.8318938497948913,-0.7988320275926855,-0.4209073972747873,0.01282387358236278,0.4312742078460183,-0.3190660632816967,-0.20303718023695766,-0.4882520792370033,-1.1889428289818698,0.7970715001101324,-0.9543782437321977,-0.8379439776326346,-1.1121724142732319,0.39233363412883654,0
-0.012604767152845836,-0.7750533434849247,-0.9256379771978037,-0.572367686906459,-0.211863954168914,-0.07885273289813732,-0.5954827899955177,-0.32626249016610753,-0.9678026504499049,-0.6530953403124257,-0.8318938497948913,-1.5181764918814613,-0.4209073972747873,-0.6803584822210322,-0.5748043134706847,-0.3190660632816967,-0.20303718023695766,2.048122358357819,0.3316585727356152,0.7970715001101324,0.3410540199775085,0.42394707629266754,0.40607573597318436,-1.0218363554738699,0
-0.12134195019880714,0.467658916454755,3.5623037304279115,-0.5627453533887735,-0.31393081525780187,-0.28397478402769927,-0.08538119507368641,-1.1469790787141099,-0.9678026504499049,1.531170011903045,-0.8318938497948913,-0.6549631347349304,-0.4209073972747873,0.01282387358236278,-0.4552699317063974,-0.3190660632816967,-0.20303718023695766,-0.4882520792370033,-0.9533848311620302,0.7970715001101324,-0.7770519019516152,0.5230348097519991,-1.343231836975138,0.1730515317270801,0
-0.25601499331818584,-0.3902530437996739,-0.9256379771978037,0.2955809305789267,-0.27769651609533824,-0.31952011693442706,-0.577866394363681,0.7210980890763189,-0.9678026504499049,1.531170011903045,-0.8318938497948913,-1.6620453847392165,-0.4209073972747873,-0.6803584822210322,-0.5316067983056245,-0.3190660632816967,-0.20303718023695766,-0.4882520792370033,1.4192407742429167,-1.2545925928374415,5.193316024966706,-0.5462141398911061,-1.775460559960305,-0.7364721019495698,0
-0.5918566355698752,-0.4486689718462217,0.1963474497086251,-0.16504272109803345,-0.2799816048674781,-0.3043880238996221,-0.6595802359809259,-0.7674580970200179,1.0453073868873908,-0.6530953403124257,1.2020764431021533,0.7837257938426212,-0.4209073972747873,-0.6803584822210322,0.5494603323600628,-0.3190660632816967,-0.20303718023695766,2.048122358357819,-1.056649982753227,0.7970715001101324,-0.7622195695855185,-0.7257060670742621,0.3117050250152059,-0.7038239135511061,0
-0.41172623615302584,1.2902634234681238,-0.9256379771978037,0.4488370801030426,-0.3431305202714558,-0.33945910135487006,0.7602836979412911,0.2741959819378951,-0.9678026504499049,-0.6530953403124257,-0.8318938497948913,-0.6549631347349304,2.375819494916491,1.3991885851891528,1.6392955199612174,-0.3190660632816967,-0.20303718023695766,-0.4882520792370033,-0.2623431986030715,-1.2545925928374415,-0.2847678323048768,-1.008029165084666,-0.002808065052900121,0.4287174355313434,0
-0.33342429243535104,0.0017763156646842886,0.1963474497086251,-0.4073340611343811,0.0387688564760331,0.030150473566175805,-0.30024710566316604,0.0050380885737508424,-0.9678026504499049,1.531170011903045,-0.8318938497948913,-0.7988320275926855,-0.4209073972747873,0.01282387358236278,-0.7346352528877659,-0.3190660632816967,-0.20303718023695766,2.048122358357819,-0.9371700168538682,0.7970715001101324,-0.5775418593227631,1.4076319763278806,-0.08236663879636189,-0.5490609944652854,0
-0.18234583402791724,0.8609249691862125,0.1963474497086251,-0.25707344559706785,-0.2984240092354059,-0.30969891623386003,-0.37644973620539923,1.3059835866601255,0.038752368218742915,-0.6530953403124257,-0.8318938497948913,-1.3743075990237061,-0.4209073972747873,-0.6803584822210322,-0.8006810886220216,-0.3190660632816967,-0.20303718023695766,-0.4882520792370033,0.20929355534370206,0.7970715001101324,-0.5630172257235815,-0.2172690870697286,0.5982985899295358,-1.124808954505263,0
-0.22252956123164006,-0.3358108970581807,1.318332876615054,0.48287947193603453,0.3910754300373217,-0.1505323961842572,-0.2855343396917922,-1.1243677595242882,-0.9678026504499049,-0.6530953403124257,1.2020764431021533,1.646939150989152,-0.4209073972747873,-1.3735408380244272,1.260715881900266,-0.3190660632816967,-0.20303718023695766,-0.4882520792370033,-0.2569046749370637,-1.2545925928374415,-0.9257994105619732,-0.7350143921895118,-0.3644217523717588,-0.954169879642985,0
0.1767666828720107,-0.6523470687735665,0.1963474497086251,0.14852388350489093,-0.18067425969414705,-0.2816886003541887,0.42644656469629894,-0.03315887790693561,1.0453073868873908,-0.6530953403124257,1.2020764431021533,0.49598800812711086,-0.4209073972747873,0.01282387358236278,-0.20165243170407846,-0.3190660632816967,-0.20303718023695766,-0.4882520792370033,-0.4064597426220071,-1.2545925928374415,-0.8138522318440179,1.010891427378428,-0.2996033730292106,-0.2871597791977651,0
0.15122533937219085,-0.943985267941102,0.1963474497086251,0.34072752532444484,-0.08684505523544388,-0.26473856698074677,-0.9431194551369219,-1.3147609222902454,2.0518624055560384,-0.6530953403124257,-0.8318938497948913,-0.9427009204504406,-0.4209073972747873,0.01282387358236278,-0.782835700231151,-0.3190660632816967,-0.20303718023695766,-0.4882520792370033,-1.0399700080635574,0.7970715001101324,0.2532852807570071,-0.34896092459223027,-2.140963054284532,0.8333294561733565,0
0.2573894161800379,1.7914145610928405,0.1963474497086251,-0.38633503172884476,-0.16970219236107817,-0.1816247493842294,-0.9587450511328499,0.7244185179917336,0.038752368218742915,-0.6530953403124257,1.2020764431021533,-1.3743075990237061,-0.4209073972747873,0.01282387358236278,-0.23452143017515506,-0.3190660632816967,-0.20303718023695766,-0.4882520792370033,-1.0675826985427126,0.7970715001101324,-0.9790907461400139,1.5351659777097104,0.1295217140325506,0.2706144675974494,0
0.3226167310775552,0.09158642218052146,-0.9256379771978037,-0.6869408908198994,0.27822468867836686,4.136795000843937,-0.15484437578184912,-0.6442792758265109,0.038752368218742915,1.531170011903045,1.2020764431021533,0.639856900984866,-0.4209073972747873,0.01282387358236278,3.9978457011665793,-0.3190660632816967,-0.20303718023695766,-0.4882520792370033,-0.26207506494472643,0.7970715001101324,-0.5360759702939546,-0.4839005512716417,1.1554121128121022,-1.0643023889258274,0
0.040151213599359775,-0.5115355530974915,0.1963474497086251,-0.4640870764935399,-0.27055874255518375,-0.25374352579169324,-0.22944351334501117,-1.2659816624120388,1.0453073868873908,-0.6530953403124257,1.2020764431021533,1.646939150989152,-0.4209073972747873,0.01282387358236278,0.28327712916368847,-0.3190660632816967,-0.20303718023695766,-0.4882520792370033,-0.9292699992072078,0.7970715001101324,-0.6236312641682359,-2.055753324784648,-0.5722130702503089,-0.8505975916252675,0
-0.4959020358696961,-0.0009732778344687472,1.318332876615054,-0.13649100046095305,-0.3301689554745773,-0.33246755975727493,1.2341931642387776,-1.2368484407292983,1.0453073868873908,1.531170011903045,-0.8318938497948913,1.3592013652736417,-0.4209073972747873,0.01282387358236278,1.0590331342869552,-0.3190660632816967,4.689424994147564,-0.4882520792370033,0.44877225561301515,0.7970715001101324,-0.9029212676424447,-1.0339664463039435,0.23978561427637216,1.098989280226445,0
0.03342042907446456,-0.06451321970765467,-0.9256379771978037,0.5415698539797221,-0.31579269109639246,-0.3327620447922382,-0.8550646790197941,4.024876019906623,2.0518624055560384,-0.6530953403124257,-0.8318938497948913,-0.2233564561616649,-0.4209073972747873,-1.3735408380244272,-1.9766680490821202,-0.3190660632816967,-0.20303718023695766,-0.4882520792370033,1.6807917707975746,0.7970715001101324,-0.35830365310712214,0.18237048020557847,0.38961400314156286,0.5499013819784653,0
0.25608083925070807,1.3667185923628549,-0.9256379771978037,0.8764076908677793,-0.07971538450803768,-0.28832490411988,1.2017772635607666,-0.5765318314408199,-0.9678026504499049,-0.6530953403124257,-0.8318938497948913,1.2153324724158867,-0.4209073972747873,0.01282387358236278,-0.8753659287504805,-0.3190660632816967,-0.20303718023695766,-0.4882520792370033,-1.2224157070891621,0.7970715001101324,-0.9305993045285967,0.4197035978005079,1.719135119922036,-1.1037804400898403,0
0.5849630536091284,-0.8537985217413041,0.1963474497086251,-0.28629596525799833,0.7102796174840093,0.40148178883088675,-0.11245000146447306,0.6689729309252583,0.038752368218742915,-0.6530953403124257,-0.8318938497948913,-1.0865698133081958,-0.4209073972747873,0.01282387358236278,-0.7375716023027169,-0.3190660632816967,-0.20303718023695766,2.048122358357819,-0.10826774645726124,0.7970715001101324,0.8727963144110052,0.426779693819034,1.426243502631092,-0.10811597685452279,0
-1.6444050617746246,-0.8394284758385384,0.1963474497086251,-0.5789175554401521,-0.2756449590320548,-0.19908501647502866,-0.8157417210436632,1.7689893649420165,1.0453073868873908,-0.6530953403124257,-0.8318938497948913,-1.6620453847392165,-0.4209073972747873,0.01282387358236278,0.02575197349795685,-0.3190660632816967,-0.20303718023695766,-0.4882520792370033,1.2782011686535253,0.7970715001101324,0.033423740067505606,0.6742429452975487,-3.2997374939344835,-0.1188600479257608,0
-1.6444050617746246,-0.9139112955226422,0.1963474497086251,0.8954414765047048,-0.10109940065768153,-0.2930319808712742,-0.6763514643562162,0.7456120515421475,1.0453073868873908,-0.6530953403124257,-0.8318938497948913,1.0714635795581315,-0.4209073972747873,0.7060062293857579,0.7283451601381522,-0.3190660632816967,-0.20303718023695766,-0.4882520792370033,0.33886693260175443,0.7970715001101324,-0.7778568047521758,1.3146011960096406,0.03578441286716198,-0.4376196769834434,0
-1.6444050617746246,-0.1229142192595456,0.1963474497086251,-0.4763329217484551,-0.15047086056597594,-0.10199620491241447,-0.39795343211199913,0.7089071713380375,-0.9678026504499049,-0.6530953403124257,-0.8318938497948913,0.49598800812711086,-0.4209073972747873,0.7060062293857579,1.1135293334438248,-0.3190660632816967,-0.20303718023695766,2.048122358357819,-0.8327506778835424,0.7970715001101324,-0.8009556196332173,0.6186961004602128,0.372908087562515,-0.539956651375267,0
-1.016740925994037,0.3262637650419361,-0.9256379771978037,-0.5363407276654998,-0.07575994250493785,0.09175675869206913,-0.9346187495014391,-0.39259538910116726,0.038752368218742915,-0.6530953403124257,1.2020764431021533,-0.5110942418771752,-0.4209073972747873,-0.6803584822210322,0.12668559659124923,-0.3190660632816967,4.689424994147564,-0.4882520792370033,0.2466477103042582,-1.2545925928374415,-0.3612681705696906,-1.5184018448849568,0.2502011588389372,2.1723527744684845,0
1.1132333351674164,-0.595780560241598,-0.9256379771978037,1.3664614777680362,0.8773832958679357,-0.15781516467611126,-0.42609363402767325,-1.1179394629202544,-0.9678026504499049,1.531170011903045,-0.8318938497948913,-0.9427009204504406,-0.4209073972747873,1.3991885851891528,-0.7601518945339351,-0.3190660632816967,-0.20303718023695766,-0.4882520792370033,-0.6383977859018352,0.7970715001101324,-0.6305051205921461,-0.5000461919172428,0.5208019958052187,0.2032181163125282,0
1.1026101211629586,-0.030439117969869103,0.1963474497086251,-0.17122258309438865,-0.3188090975722773,-0.3256789320289052,-0.9008744276520826,0.7952652811778422,-0.9678026504499049,1.531170011903045,-0.8318938497948913,-0.6549631347349304,-0.4209073972747873,-0.6803584822210322,0.5455622366601479,-0.3190660632816967,4.689424994147564,-0.4882520792370033,0.25032184000509416,0.7970715001101324,-0.03084108174642951,0.42378765722856004,1.0176121446654876,2.5687959540164162,1
-0.5072506635224621,0.11196039198922976,-0.9256379771978037,0.06809294783337423,-0.19216452887639324,-0.28034362211589264,0.26347552554912296,0.022501417454114072,0.038752368218742915,1.531170011903045,-0.8318938497948913,0.3521191152693557,-0.4209073972747873,3.4787356525993376,-0.532222300062418,-0.3190660632816967,-0.20303718023695766,-0.4882520792370033,1.5929724584268519,0.7970715001101324,-0.6877908561217356,0.9817444436262217,-1.2687462630095199,-0.29020128047400706,0
0.2143177717920956,0.24219195058210297,1.318332876615054,0.7770613954486104,-0.10601578193408326,-0.29038998786864784,-0.4050652052853603,-0.1788865356397797,-0.9678026504499049,1.531170011903045,1.2020764431021533,-0.6549631347349304,-0.4209073972747873,-1.3735408380244272,-0.5005955025637554,-0.3190660632816967,-0.20303718023695766,-0.4882520792370033,-0.060279242580693324,0.7970715001101324,-0.7208156437786127,0.4119817566593138,0.7052555500176492,-0.6658476746433536,0
-0.47854787484949896,-0.9501965034270612,-0.9256379771978037,2.7706209599600555,-0.1656750350895815,-0.32375412799874426,-0.6552008314716672,0.8136175977959244,0.038752368218742915,1.531170011903045,-0.8318938497948913,1.2153324724158867,-0.4209073972747873,0.01282387358236278,0.4121295837943952,-0.3190660632816967,-0.20303718023695766,-0.4882520792370033,-0.8992020588213615,0.7970715001101324,-0.672894342020295,0.7510150862169894,-1.2333191936262955,-0.5691523237297602,0
-0.9553287817681586,-0.7628856026864009,-0.9256379771978037,-0.22445765370293538,-0.24515780996379757,-0.27875645226927587,-0.311978164839649,-0.6878936524789184,0.038752368218742915,-0.6530953403124257,-0.8318938497948913,0.3521191152693557,2.375819494916491,0.7060062293857579,-1.6780181772625564,-0.3190660632816967,-0.20303718023695766,-0.4882520792370033,0.031009031729742658,-1.2545925928374415,0.027351591522748357,1.054234484711625,1.061397996194802,0.010137280340535435,0
0.5166086533559824,-0.3302882581715727,0.1963474497086251,0.4138043747165331,-0.10237113021396649,-0.2737590609386628,0.25107831985487994,-0.001157504029716919,-0.9678026504499049,-0.6530953403124257,-0.8318938497948913,-1.5181764918814613,2.375819494916491,0.7060062293857579,-1.1310905102920659,-0.3190660632816967,-0.20303718023695766,2.048122358357819,-0.38971496190016375,-1.2545925928374415,-0.41440836074025716,0.5449412618540538,0.7169633478247056,-0.2500245096304475,0
-1.1836325684872409,-0.4300008965760703,0.1963474497086251,-0.10084498186674552,-0.31397784966984793,-0.32484364667342097,-0.7673141904244698,-0.9681711050074173,0.038752368218742915,-0.6530953403124257,-0.8318938497948913,1.2153324724158867,2.375819494916491,0.7060062293857579,-0.12180432352324529,-0.3190660632816967,-0.20303718023695766,2.048122358357819,0.340514412422598,-1.2545925928374415,4.314797423128663,1.3390316333395789,0.24130284932656332,0.689694869864031,0
2.5782034590092024,1.6781502243084874,0.1963474497086251,-0.24718284124768933,-0.18398857953675088,-0.2363669493988944,0.5293194438641499,0.36873266361705986,-0.9678026504499049,-0.6530953403124257,1.2020764431021533,0.0643813295538454,-0.4209073972747873,-0.6803584822210322,0.2658274192755872,-0.3190660632816967,-0.20303718023695766,-0.4882520792370033,-0.7132184266485692,0.7970715001101324,-0.39909253060416394,-0.6182761053628122,0.32790015956854507,-1.1679957861370553,0
0.6032513350787528,-0.6297143495671466,0.1963474497086251,-0.07979463358023123,-0.32627605061075066,-0.33122436430353835,0.4163786733866246,-0.19900994956352605,1.0453073868873908,-0.6530953403124257,1.2020764431021533,0.9275946867003763,2.375819494916491,-1.3735408380244272,0.5317591845680582,-0.3190660632816967,-0.20303718023695766,-0.4882520792370033,0.2952459381094192,0.7970715001101324,-0.6509667301611006,0.6407066083506785,-0.5260401087859257,0.27345865878552567,0
-1.3024006971076585,-0.49243799664210136,0.1963474497086251,-0.0257957763525628,-0.19433105044148777,-0.2734016513702355,0.47067903038622405,0.8140629927966513,-0.9678026504499049,-0.6530953403124257,1.2020764431021533,-1.0865698133081958,-0.4209073972747873,0.01282387358236278,-0.7947959635230459,-0.3190660632816967,4.689424994147564,-0.4882520792370033,2.393953219885036,-1.2545925928374415,0.29921934776324993,-0.6495382167967805,-0.19184894946676567,1.6498620707803016,0
0.11190837382338147,-0.27775840808268537,-0.9256379771978037,-0.07916428464332295,-0.31201944969911555,-0.3243973336418766,-0.9690462031666525,-0.6691359101018738,0.038752368218742915,1.531170011903045,-0.8318938497948913,1.2153324724158867,-0.4209073972747873,0.7060062293857579,-0.6861805114177331,-0.3190660632816967,-0.20303718023695766,2.048122358357819,-1.4570214783118396,0.7970715001101324,-0.007376821062865515,1.4461766914688694,-0.6900838726338135,0.5924474504530022,0
-0.05064379949219696,-0.3789050708218538,2.4403183035214826,-0.5440867520080924,-0.2657821777538003,-0.20883901311960834,-0.7852692502342118,0.9814062723057385,0.038752368218742915,-0.6530953403124257,-0.8318938497948913,-0.2233564561616649,-0.4209073972747873,0.7060062293857579,0.25805495281655494,-0.3190660632816967,-0.20303718023695766,-0.4882520792370033,-1.2347268907213498,-1.2545925928374415,-0.5770097614375955,0.9008384748838303,0.3721654355290494,-0.7306491810114745,0
1.534334569948303,-0.8082824739969898,-0.9256379771978037,-0.34379946248544435,-0.07120673132224602,-0.11945985052399108,2.315867323853473,-0.891266672528024,-0.9678026504499049,1.531170011903045,1.2020764431021533,-0.2233564561616649,-0.4209073972747873,0.7060062293857579,-0.2703245172616511,-0.3190660632816967,-0.20303718023695766,-0.4882520792370033,-0.12284137948388571,0.7970715001101324,-0.44779596379736547,1.351453881947086,-0.75804134796601,-0.5155884905550446,0
-0.5948130363636258,0.4110913496109341,-0.9256379771978037,-0.09458566537651625,1.42274064091581,0.5278600219935955,1.3363003456435554,-0.18206225196588421,1.0453073868873908,-0.6530953403124257,-0.8318938497948913,-1.6620453847392165,-0.4209073972747873,1.3991885851891528,0.7943926289439247,2.8244419493458564,-0.20303718023695766,-0.4882520792370033,0.12558871280888054,-1.2545925928374415,-0.4039951476182195,0.2405542763487486,-0.8814326924805785,1.8565505928324333,0
-0.9045820677936125,-0.5294221105874575,0.1963474497086251,-0.4160554469859496,-0.24091568083386788,-0.23742430193255498,0.7832267116714466,-0.5291875162092924,-0.9678026504499049,1.531170011903045,-0.8318938497948913,-0.9427009204504406,-0.4209073972747873,0.01282387358236278,-0.21525882096694007,-0.3190660632816967,-0.20303718023695766,2.048122358357819,1.3365639087654466,0.7970715001101324,0.7822905201478426,1.1198171767410912,-0.3571234328246589,-0.7356672340009857,0
-0.2163540191597372,3.0496840049021623,1.318332876615054,-0.6195126643988641,-0.32235699178426036,-0.27919780469609107,-0.5329091221425214,-1.1987031012375509,1.0453073868873908,1.531170011903045,-0.8318938497948913,-1.230438706165951,-0.4209073972747873,0.7060062293857579,-0.12905153815957304,-0.3190660632816967,-0.20303718023695766,-0.4882520792370033,0.08383296115183848,-1.2545925928374415,1.3857042972998321,-1.336470586413933,1.2827242515139998,-1.0018087975706844,0
-1.6444050617746246,1.138308876334399,0.1963474497086251,-0.5723354939855111,-0.2226453603241576,-0.10021054989341237,1.5468437590820325,-1.0883426678401757,-0.9678026504499049,-0.6530953403124257,-0.8318938497948913,1.2153324724158867,-0.4209073972747873,0.7060062293857579,0.9803835192115821,-0.3190660632816967,-0.20303718023695766,-0.4882520792370033,3.810265674698295,-1.2545925928374415,-0.946864384610945,0.6018839368544883,-0.2760770293864773,-0.9796533057019698,0
0.513630852643188,-0.8893069307544105,0.1963474497086251,-0.617376755392965,-0.3211573250585175,-0.27702482683824403,-0.8944178430961426,-0.4369172365053808,-0.9678026504499049,-0.6530953403124257,-0.8318938497948913,1.5030702581313968,2.375819494916491,-0.6803584822210322,-0.19228426399481394,-0.3190660632816967,-0.20303718023695766,-0.4882520792370033,-1.4911975034352696,-1.2545925928374415,-0.7512335840443877,-1.6952959715933755,0.3197816534515387,1.636739648083064,0
0.5071629833750286,-0.4893324341708874,-0.9256379771978037,-0.14381806370327568,-0.25477640959242603,-0.29224720771676477,-0.8642580689169743,-0.6739159035250116,-0.9678026504499049,-0.6530953403124257,1.2020764431021533,-0.6549631347349304,-0.4209073972747873,-0.6803584822210322,0.551145929063051,-0.3190660632816967,4.689424994147564,-0.4882520792370033,-1.4408738383315958,0.7970715001101324,0.3599400813399438,-0.14458000751376746,1.1985383154022498,2.643020271266476,1
-0.29162737342207223,-0.6653400377357974,0.1963474497086251,0.008437767210673946,0.8279571839286144,0.15553524982222183,-0.7719383129841887,0.3968666255986617,1.0453073868873908,-0.6530953403124257,1.2020764431021533,0.639856900984866,-0.4209073972747873,0.01282387358236278,-1.6344029561356246,-0.3190660632816967,-0.20303718023695766,-0.4882520792370033,2.0155038922658353,0.7970715001101324,-0.8161153958525267,0.28631090988858166,-1.9594297942360064,0.27565329442253406,0
1.3547789851111436,3.8727977708029364,0.1963474497086251,-0.6613321317087587,0.9763682951018092,5.6343740838591225,0.10972096318416845,1.3156643127752652,-0.9678026504499049,-0.6530953403124257,1.2020764431021533,0.49598800812711086,-0.4209073972747873,-1.3735408380244272,1.0680662436410193,-0.3190660632816967,-0.20303718023695766,-0.4882520792370033,-0.4913670259385001,0.7970715001101324,-0.8710115940258444,0.9225040450540222,1.4658185164126407,-0.04237661131598348,0
-0.5503893464429412,-0.7808358255734937,-0.9256379771978037,-0.22168403031448577,-0.30820753558945396,-0.317786963642233,-0.6924899834152886,-0.5122177868804516,-0.9678026504499049,-0.6530953403124257,-0.8318938497948913,-0.9427009204504406,-0.4209073972747873,2.0923709409925477,0.5888879102093649,-0.3190660632816967,-0.20303718023695766,-0.4882520792370033,-0.47959835173849147,0.7970715001101324,-0.8189401123518384,0.016576660763388117,1.2699820086752724,-0.9441343151277939,0
-0.7153826211333263,-0.5840374489085969,0.1963474497086251,-0.26443702240007455,-0.3212013603918462,-0.32448885352850043,1.0103494990420125,-0.4665185505247731,0.038752368218742915,-0.6530953403124257,1.2020764431021533,0.7837257938426212,-0.4209073972747873,0.01282387358236278,1.2259604516851514,-0.3190660632816967,-0.20303718023695766,-0.4882520792370033,-0.818959669592802,0.7970715001101324,-0.019057270199359218,-0.598629499759711,-0.04730715780119861,-0.8475124194100923,0
0.4785802569510515,-0.9461689037961418,0.1963474497086251,0.18162373518909813,-0.07138082182678875,-0.24637702025989416,0.10796674711246883,2.550331135264752,2.0518624055560384,-0.6530953403124257,1.2020764431021533,-0.7988320275926855,-0.4209073972747873,-0.6803584822210322,0.02496180942204397,-0.3190660632816967,-0.20303718023695766,-0.4882520792370033,1.931917772685842,-1.2545925928374415,-0.24133710141815104,-0.6476928435676926,0.5351684257441621,-0.37413365548021027,0
-0.41903139410841567,0.7762814221467258,0.1963474497086251,-0.3894775373659844,1.1577749959982104,1.0357118835077834,-0.771319909602653,0.8289364863267656,1.0453073868873908,-0.6530953403124257,1.2020764431021533,-0.36722534901942006,-0.4209073972747873,0.01282387358236278,-0.3079598852611664,-0.3190660632816967,-0.20303718023695766,-0.4882520792370033,0.5687950224219874,0.7970715001101324,-0.8003565587854207,0.02167404193766912,0.18859441710319122,0.1718168281064242,0
-0.24093472947465053,-0.6702690734544416,0.1963474497086251,0.013721593791864438,0.9092643372537148,0.1861341580560317,0.5047123618702042,0.7436633330912741,1.0453073868873908,-0.6530953403124257,-0.8318938497948913,-0.7988320275926855,2.375819494916491,-1.3735408380244272,-0.23434812792637422,-0.3190660632816967,-0.20303718023695766,-0.4882520792370033,1.234765550580548,0.7970715001101324,-0.19647048663961142,-1.9519990874286446,0.49478963536691717,1.1389753302583752,0
0.6218195844922034,0.470633762689861,-0.9256379771978037,-0.5882852209070291,-0.3276689304687559,-0.30416146779568576,-0.8042872684725383,-0.6362591779064791,2.0518624055560384,-0.6530953403124257,-0.8318938497948913,0.9275946867003763,2.375819494916491,2.0923709409925477,0.3081781950416602,2.8244419493458564,-0.20303718023695766,-0.4882520792370033,-0.2471445518609808,0.7970715001101324,-0.3763882653716487,-2.1184466057041047,0.9457564098549709,2.4839319932059376,1
-0.27617264830168986,0.5812202018558336,2.4403183035214826,0.49777044956297123,0.13230136660867103,-0.2186077618988948,-0.46327031121601986,-0.7805159155966347,2.0518624055560384,-0.6530953403124257,-0.8318938497948913,-0.07948756330390976,2.375819494916491,0.7060062293857579,0.7751115966350682,2.8244419493458564,-0.20303718023695766,-0.4882520792370033,-0.9169741543620228,-1.2545925928374415,-0.6882544701470029,0.8220119326222789,-1.2287322607124076,2.2465101076318392,0
-0.3301197045660125,-0.8932567920951191,2.4403183035214826,0.4165295827738042,-0.3006809942982978,-0.3278986161849034,-0.2796859610584966,0.03361954008193668,-0.9678026504499049,1.531170011903045,1.2020764431021533,1.3592013652736417,-0.4209073972747873,-0.6803584822210322,-1.9942626753447725,-0.3190660632816967,-0.20303718023695766,-0.4882520792370033,-0.6883494215553352,-1.2545925928374415,-0.36796912072835225,-1.5678404822137957,0.00578268465320994,-0.41348020452381457,0
1.2522594233908357,2.161895049215172,-0.9256379771978037,-0.10495065762044159,-0.26482412280196227,-0.3002085555780255,-0.9283477263756371,-0.20285731087687675,-0.9678026504499049,-0.6530953403124257,1.2020764431021533,-0.07948756330390976,-0.4209073972747873,0.7060062293857579,0.10957700602406434,-0.3190660632816967,-0.20303718023695766,-0.4882520792370033,-0.16257385989307097,0.7970715001101324,-0.19099400413370424,1.1828635800484941,-1.5793556259467798,0.9024995757713891,0
0.11401452618339601,-0.6990501769300941,2.4403183035214826,-0.46400911712260234,-0.2582510651823389,-0.23934075225337748,0.3155360621439176,0.451572150937855,-0.9678026504499049,1.531170011903045,-0.8318938497948913,-0.9427009204504406,-0.4209073972747873,0.01282387358236278,-1.0084922327678227,-0.3190660632816967,4.689424994147564,-0.4882520792370033,-0.42515165224650825,0.7970715001101324,2.6256473960426074,-0.4717380216183796,0.12819894629056022,1.3621843063918548,0
-0.7088310986404719,-0.7210243191921921,-0.9256379771978037,-0.6455616130217001,-0.13333985129759546,0.43556652528748857,0.7727110460681816,1.6250237338435756,0.038752368218742915,-0.6530953403124257,-0.8318938497948913,-1.5181764918814613,-0.4209073972747873,0.01282387358236278,-0.4741529821418284,-0.3190660632816967,-0.20303718023695766,-0.4882520792370033,-1.2364190083076136,0.7970715001101324,0.9284984846948966,-0.05907459900696332,-0.6190858676711966,-0.9726099679071644,0
-0.5839291895308315,-0.8165777047882022,-0.9256379771978037,-0.5545905251690234,0.09555332067019841,0.44089875874965107,-0.7404722790491624,0.3278625680857493,0.038752368218742915,1.531170011903045,1.2020764431021533,-0.9427009204504406,-0.4209073972747873,0.01282387358236278,0.8233476125330793,-0.3190660632816967,-0.20303718023695766,-0.4882520792370033,-1.367515634983584,-1.2545925928374415,-0.1548891778319841,-0.02784812647376961,-0.43963290718966425,-0.8903093296068235,0
-1.6444050617746246,-0.6738810416524899,1.318332876615054,1.8379457625604407,-0.3207265420260104,-0.33683305877331254,-0.8161261861676097,2.0815776999761977,1.0453073868873908,-0.6530953403124257,-0.8318938497948913,0.3521191152693557,-0.4209073972747873,0.7060062293857579,-0.6097263155193663,-0.3190660632816967,-0.20303718023695766,2.048122358357819,-1.6570040024788653,0.7970715001101324,-0.007750038213459607,-0.8326298697307293,0.9054909485860144,-1.1577076734264367,0
0.16562204734095595,-0.19777965756349092,-0.9256379771978037,0.2880137038359431,-0.3370919186608131,-0.33757943505678617,1.2646546568645611,-1.4641033863905586,0.038752368218742915,-0.6530953403124257,-0.8318938497948913,0.7837257938426212,-0.4209073972747873,0.7060062293857579,-0.8897766860326876,2.8244419493458564,-0.20303718023695766,-0.4882520792370033,0.4067726994245024,-1.2545925928374415,1.8968477127951724,0.8724870320389994,0.039135604945371064,1.3535186876203926,0
-1.2495029801107744,0.25506268071367705,0.1963474497086251,-0.5796017563048909,-0.303543781473157,-0.2562344515162355,-0.7619117502928862,2.415230699480101,1.0453073868873908,-0.6530953403124257,-0.8318938497948913,1.0714635795581315,-0.4209073972747873,2.7855532967959427,-0.4572335097855707,-0.3190660632816967,-0.20303718023695766,-0.4882520792370033,0.3125034504435464,0.7970715001101324,0.004500340849793746,-0.7215673426872738,-0.08071937957787535,-0.5480163890347309,0
-0.4947794513633569,-0.6405005681230608,-0.9256379771978037,-0.5100555576759319,-0.20320886483127815,-0.14036050710988288,-0.7619030479536426,1.471932253892497,2.0518624055560384,-0.6530953403124257,-0.8318938497948913,0.3521191152693557,-0.4209073972747873,0.01282387358236278,-0.0538831695020334,-0.3190660632816967,-0.20303718023695766,-0.4882520792370033,1.2804091322150686,-1.2545925928374415,0.7361557238076144,-1.361409971342116,0.645484595327322,-1.2089220339828017,0
2.033266813169961,-0.9395519291433556,2.4403183035214826,-0.3656585270725242,-0.26122138662963856,-0.2689343268658823,-0.46624041963522717,0.49012324208395264,2.0518624055560384,-0.6530953403124257,1.2020764431021533,-0.9427009204504406,-0.4209073972747873,-1.3735408380244272,1.3468265598435187,-0.3190660632816967,-0.20303718023695766,-0.4882520792370033,0.0549730588080681,0.7970715001101324,-0.06377829845452097,0.10177908039010099,-1.006616817334958,-0.11870457790050255,0
-0.43045365392806956,-0.6020340104095528,0.1963474497086251,-0.3726482289505122,1.1494270228282704,0.9637123317757555,-0.6341054766984164,-0.9093896047142649,-0.9678026504499049,-0.6530953403124257,-0.8318938497948913,-1.5181764918814613,-0.4209073972747873,-0.6803584822210322,-0.2442063473624502,-0.3190660632816967,-0.20303718023695766,-0.4882520792370033,-0.7964436827439707,-1.2545925928374415,-0.054358868797002316,1.445503173770261,0.4508111218981019,0.33826750267171074,0
0.22622477085828926,-0.0736169129966806,0.1963474497086251,-0.4859739207435762,-0.30362739832033664,-0.2882997254387533,-0.79528676221353,-0.9714391287082261,-0.9678026504499049,-0.6530953403124257,-0.8318938497948913,0.0643813295538454,-0.4209073972747873,2.0923709409925477,0.22386476180556097,-0.3190660632816967,-0.20303718023695766,-0.4882520792370033,-0.668455645047886,-1.2545925928374415,-0.44213767635456086,-0.24112959621371793,1.3655788651760568,-0.5079430417350179,0
0.29505349095773487,-0.21485815209384382,-0.9256379771978037,-0.16815005755047416,-0.1309905542693836,-0.22145405358975023,0.9827730302961563,-0.4414732784784916,-0.9678026504499049,-0.6530953403124257,1.2020764431021533,-1.5181764918814613,-0.4209073972747873,-1.3735408380244272,1.5870371930262845,-0.3190660632816967,-0.20303718023695766,-0.4882520792370033,-0.11292346909820433,0.7970715001101324,-0.7906478489402563,0.7517624417316526,-0.02382378294413527,-0.5460790958929804,0
-0.8323426570292656,1.1524618267588147,-0.9256379771978037,-0.33005082898790356,0.002441342325186071,-0.06958097407379062,0.5018090259979154,-0.5118975394577073,0.038752368218742915,-0.6530953403124257,-0.8318938497948913,0.3521191152693557,-0.4209073972747873,-0.6803584822210322,-0.6863020060650186,-0.3190660632816967,-0.20303718023695766,-0.4882520792370033,0.7284259400000853,0.7970715001101324,-0.08809808222935223,-1.0637970711633151,0.12817835994692753,-1.0033269374604223,0
0.5406223820984528,2.6476715923162857,0.1963474497086251,0.06469991275265172,0.2505126768146576,-0.10625924539947712,-0.9744726703381292,0.6739314487250224,2.0518624055560384,-0.6530953403124257,-0.8318938497948913,-1.6620453847392165,-0.4209073972747873,0.7060062293857579,0.36395870962375904,-0.3190660632816967,-0.20303718023695766,-0.4882520792370033,-0.9896328636877325,-1.2545925928374415,0.7067055748773855,0.4919726369701056,-0.5862622606224196,0.872192913123587,0
-0.8155900871760982,-0.2395559973709383,0.1963474497086251,-0.252633748980046,0.003906256094873075,-0.11239082987987942,-0.12811703265649177,-0.4528648991131363,0.038752368218742915,-0.6530953403124257,-0.8318938497948913,-0.07948756330390976,-0.4209073972747873,0.01282387358236278,0.772571039051782,-0.3190660632816967,-0.20303718023695766,-0.4882520792370033,-0.36334535849265825,-1.2545925928374415,-0.9653018513419271,1.165853910402236,1.1124791510700487,-0.7665501504566479,0
1.5145226682633421,-0.9510193628590913,-0.9256379771978037,-0.5898681331861104,-0.3118275970089514,-0.268550706230608,0.276351924000287,-1.0376731990226036,-0.9678026504499049,-0.6530953403124257,1.2020764431021533,-0.7988320275926855,-0.4209073972747873,0.01282387358236278,0.4073855892091758,-0.3190660632816967,-0.20303718023695766,-0.4882520792370033,-0.24251987892743077,0.7970715001101324,-0.9652531016181028,0.6197591212772934,-0.6130851369248135,-1.1510817124552484,0
-0.5613071056928087,-0.30705231663886934,0.1963474497086251,2.6897238961080965,-0.04797743411112575,-0.31263464459475404,0.007143824364997414,-0.4238562333667833,2.0518624055560384,-0.6530953403124257,-0.8318938497948913,0.20825022241160054,-0.4209073972747873,-0.6803584822210322,0.4873761559034687,-0.3190660632816967,-0.20303718023695766,-0.4882520792370033,-0.9501787018768225,-1.2545925928374415,0.2680871703983057,0.4622520278199235,-2.0171616818388176,-0.33959810401616713,0
-1.328611253445823,-0.7172140319765554,0.1963474497086251,0.08772767478591662,-0.2417405794561708,-0.3006864336822801,1.9611568910248645,0.5281008179310299,-0.9678026504499049,-0.6530953403124257,1.2020764431021533,-1.3743075990237061,-0.4209073972747873,0.7060062293857579,0.5590920031611247,2.8244419493458564,-0.20303718023695766,-0.4882520792370033,1.4451227238630961,-1.2545925928374415,-0.8153904740874647,-0.34339094302922996,-0.4840206392477207,1.0489301279604588,0
-0.9989556176641234,-0.7342646438568929,0.1963474497086251,-0.23295116025265813,-0.27552530262150077,-0.29677789647705627,0.027238785285763456,0.16458056265614054,-0.9678026504499049,-0.6530953403124257,-0.8318938497948913,0.49598800812711086,2.375819494916491,0.01282387358236278,-1.0453854672749399,-0.3190660632816967,-0.20303718023695766,-0.4882520792370033,0.3143095646751176,0.7970715001101324,-0.07267664384050987,0.6939059060373026,1.228511186519898,0.4848405438946127,0
-0.5450663629809462,0.6527133526903826,0.1963474497086251,-0.4759134335864557,-0.3361841428908719,-0.3302810376406826,-0.8517759830887134,-1.1244466027444742,-0.9678026504499049,1.531170011903045,-0.8318938497948913,-0.5110942418771752,-0.4209073972747873,-1.3735408380244272,0.04092042975595339,-0.3190660632816967,-0.20303718023695766,-0.4882520792370033,-0.35065183513632836,0.7970715001101324,0.8322152942434269,-1.3104498191217733,-0.44841335815703925,0.49976943248493816,0
0.34671450427640954,-0.2558855116056464,-0.9256379771978037,-0.4856863869999768,-0.24278982871629068,-0.21072250449353538,-0.7073281382779972,-0.2206985695987306,2.0518624055560384,1.531170011903045,-0.8318938497948913,1.2153324724158867,2.375819494916491,0.7060062293857579,-1.619010928584797,-0.3190660632816967,-0.20303718023695766,-0.4882520792370033,0.44001296490411596,-1.2545925928374415,1.236072053338644,0.8138888409989342,1.0994430956647407,0.013977012337022554,0
0.3113906612653436,-0.6937397192477248,-0.9256379771978037,-0.2640340513720835,-0.2932139407175582,-0.30576371731230106,0.02952310852016106,0.2037253373873633,-0.9678026504499049,1.531170011903045,-0.8318938497948913,0.639856900984866,-0.4209073972747873,0.01282387358236278,1.169978448690256,-0.3190660632816967,-0.20303718023695766,-0.4882520792370033,-0.5348562192598205,0.7970715001101324,0.7420182057744642,0.8659573129658368,0.3939209423967721,-0.7627798794551675,0
-1.6444050617746246,-0.3831234765289796,0.1963474497086251,-0.7024494233960774,0.40375337402923434,8.03349554735124,-0.26295130692786456,0.2858478562507362,-0.9678026504499049,-0.6530953403124257,-0.8318938497948913,-0.9427009204504406,2.375819494916491,-0.6803584822210322,-0.7351819482784976,-0.3190660632816967,-0.20303718023695766,-0.4882520792370033,0.7019723112722908,-1.2545925928374415,1.7777018943979557,0.5774252629459462,-1.2981510032067962,0.6126737896763884,0
-0.6658782626476883,-0.18739366816386746,-0.9256379771978037,0.3270600336266762,-0.2979358610192498,-0.32609471373398846,-0.9406352298813483,0.23030731176619582,-0.9678026504499049,-0.6530953403124257,-0.8318938497948913,0.639856900984866,-0.4209073972747873,0.7060062293857579,1.3029919181981824,-0.3190660632816967,-0.20303718023695766,2.048122358357819,-0.13462696704597513,0.7970715001101324,-0.8401734835122329,-0.1135788105177118,0.4897028636904657,0.3555137791279041,0
-0.14658057521542564,1.932754331892997,0.1963474497086251,-0.42504115638811346,-0.3377660730205108,-0.3334581958162014,-0.34118307108080015,2.2791499803992523,0.038752368218742915,-0.6530953403124257,-0.8318938497948913,1.3592013652736417,-0.4209073972747873,-1.3735408380244272,-0.3762869561080846,-0.3190660632816967,-0.20303718023695766,-0.4882520792370033,0.8514621565728724,-1.2545925928374415,-0.10710616254942025,-2.94488752364678,-1.3983150805914053,-0.5604723951356815,0
1.413661603312385,-0.8903755201362581,3.5623037304279115,-0.6008793631867523,-0.132684069635683,0.16955565128170316,0.9112714281440594,-0.1989011487542895,1.0453073868873908,-0.6530953403124257,-0.8318938497948913,-0.7988320275926855,-0.4209073972747873,-0.6803584822210322,-1.2741003107648252,-0.3190660632816967,-0.20303718023695766,-0.4882520792370033,0.3092736682808789,0.7970715001101324,4.458602932539923,-1.1478737154388994,-0.8010531713328443,0.07823003286426027,0
0.8448996662273393,1.3516179050014578,-0.9256379771978037,1.5713253062337083,-0.2719477749754216,-0.32989176617182375,0.12723366857697177,-0.8829766846231807,-0.9678026504499049,-0.6530953403124257,-0.8318938497948913,-1.3743075990237061,-0.4209073972747873,0.01282387358236278,-0.48377907152564203,2.8244419493458564,-0.20303718023695766,-0.4882520792370033,-0.4712607410310253,0.7970715001101324,-0.9395593536681602,0.889886660729688,1.4815844113962642,0.4903913093992453,0
-0.6033756132952034,-0.75696867320993,0.1963474497086251,-0.679369725783892,0.43559153816921536,4.435831701901652,-0.9312858309870435,-1.6436143007214399,-0.9678026504499049,1.531170011903045,1.2020764431021533,1.0714635795581315,-0.4209073972747873,2.0923709409925477,-1.1649489633971546,-0.3190660632816967,-0.20303718023695766,-0.4882520792370033,-1.0455109785191372,-1.2545925928374415,-0.8427257615577061,1.2753289406927035,1.365254130329733,-0.12317698790304525,0
-1.1975026137790963,0.710055904240079,0.1963474497086251,-0.4855093345193759,-0.3232321647516227,-0.3133975847407039,0.1808272067274858,0.8748833204840457,-0.9678026504499049,1.531170011903045,-0.8318938497948913,-0.9427009204504406,-0.4209073972747873,0.7060062293857579,1.2938366505930592,-0.3190660632816967,-0.20303718023695766,-0.4882520792370033,0.1299558331612788,-1.2545925928374415,-0.8818439994064489,1.0913994603370976,-0.6106910927913113,-0.46992940259914495,0
-0.9064704257367782,2.488405690179109,-0.9256379771978037,-0.4700571673439054,-0.30893238836789044,-0.2978028229692131,-0.24930018208610535,-0.5274247023161086,-0.9678026504499049,-0.6530953403124257,-0.8318938497948913,-0.6549631347349304,-0.4209073972747873,2.0923709409925477,-0.5848552384541142,-0.3190660632816967,-0.20303718023695766,-0.4882520792370033,2.2283639515531224,0.7970715001101324,0.2095729227139779,-1.3778467535624888,-0.9467811800990447,-0.5463779603263006,0
1.2560786133357895,1.2332089788311342,-0.9256379771978037,-0.08626560742819309,0.027324999678004048,-0.1597403103134021,2.5812660017493068,0.2023010133766327,-0.9678026504499049,-0.6530953403124257,-0.8318938497948913,1.3592013652736417,-0.4209073972747873,0.7060062293857579,-0.6899212164711138,-0.3190660632816967,-0.20303718023695766,-0.4882520792370033,0.39673247919290844,0.7970715001101324,-0.268301165788562,-1.7840426783059655,1.4455534089761723,-1.3127077287902713,0
-0.09220874879688812,-0.14549045300394178,1.318332876615054,-0.30934111402409814,-0.2495351801997213,-0.2697267139973997,-0.2585847753390216,-0.6424284693293524,-0.9678026504499049,-0.6530953403124257,1.2020764431021533,-1.0865698133081958,2.375819494916491,-0.6803584822210322,-0.8751293375257233,2.8244419493458564,-0.20303718023695766,2.048122358357819,-0.1390487901404085,-1.2545925928374415,-0.47917663430860474,0.8265508023848438,-1.223308718430566,2.547263981344311,1
0.9499485844736119,0.11671882925307495,-0.9256379771978037,-0.5856580838371975,-0.25889884834591737,-0.15639723701259603,-0.6456631815900268,-1.7267405666444506,1.0453073868873908,-0.6530953403124257,-0.8318938497948913,0.0643813295538454,-0.4209073972747873,0.7060062293857579,0.9483389748264911,-0.3190660632816967,4.689424994147564,2.048122358357819,-0.6731317912021907,0.7970715001101324,0.19711830500569835,-0.3096087316760037,0.5398847731958262,1.182793627395571,0
1.3323299113789207,-0.6606908425254537,0.1963474497086251,-0.5594261710226438,-0.34148148413379675,-0.3353851345687255,-0.3005760903700113,-0.06776746431111774,0.038752368218742915,1.531170011903045,-0.8318938497948913,-0.07948756330390976,-0.4209073972747873,1.3991885851891528,0.01638120431817686,-0.3190660632816967,-0.20303718023695766,-0.4882520792370033,1.9645732355857113,0.7970715001101324,-0.47283882799816146,0.00752201747278524,0.408251822848796,-0.7652041091500741,0
1.3304709955245229,-0.3488897951879254,-0.9256379771978037,-0.008109510301494,0.5608890526087956,0.05143514136156706,-0.8819082337729198,-0.12417750574886136,-0.9678026504499049,-0.6530953403124257,-0.8318938497948913,-1.5181764918814613,-0.4209073972747873,-1.3735408380244272,-0.3090803574605428,-0.3190660632816967,-0.20303718023695766,-0.4882520792370033,-0.6575763661454563,-1.2545925928374415,-0.5081880807823311,-0.03994585677993949,1.7386880595478185,1.0781392491932444,0
-0.5632483427027076,-0.7561446545202013,0.1963474497086251,-0.6633497490357911,-0.3019012107386661,-0.1442815180659196,-0.8073458748921457,1.3878919335222362,0.038752368218742915,-0.6530953403124257,-0.8318938497948913,1.3592013652736417,-0.4209073972747873,-1.3735408380244272,1.600606762522122,-0.3190660632816967,-0.20303718023695766,-0.4882520792370033,-1.1217819281025836,0.7970715001101324,-0.3514043729305269,-0.7032381534520369,1.3528753326289749,-1.0807806180848203,0
1.1853590569773034,-0.49050255859715547,-0.9256379771978037,0.33873024211398833,-0.26296187493112416,-0.3160292667735128,-0.5458781349843531,-0.6207345078347803,-0.9678026504499049,-0.6530953403124257,-0.8318938497948913,0.0643813295538454,-0.4209073972747873,-0.6803584822210322,1.9840382963484986,-0.3190660632816967,-0.20303718023695766,-0.4882520792370033,-0.8532084795944291,-1.2545925928374415,-0.7882621950161153,0.4275341280200316,0.642623787506615,-1.0680861460729867,0
-1.4489523990371684,-0.938296901983024,-0.9256379771978037,-0.3589773504148317,-0.31092854194929115,-0.31199539516743835,-0.744591820027422,1.3578323421839549,-0.9678026504499049,-0.6530953403124257,-0.8318938497948913,1.2153324724158867,-0.4209073972747873,1.3991885851891528,0.5514931943684726,-0.3190660632816967,-0.20303718023695766,-0.4882520792370033,1.7401464814797583,0.7970715001101324,3.915660527704589,0.9830079130117603,-0.3923746177686774,-0.2913709677177845,0
1.5065298886058873,0.6752802375680916,-0.9256379771978037,-0.599541584230195,-0.30008711801520926,-0.23526642436595446,-0.7922750437770769,-0.6879335136469157,-0.9678026504499049,-0.6530953403124257,-0.8318938497948913,1.5030702581313968,-0.4209073972747873,-1.3735408380244272,1.1566925984627223,-0.3190660632816967,-0.20303718023695766,2.048122358357819,0.7836155262924777,0.7970715001101324,0.8426354055018058,0.6193005716986937,-0.006100975503950339,-0.9338453223023643,0
-1.6444050617746246,0.1578631117439349,0.1963474497086251,-0.34791123636401644,-0.29733903817192864,-0.30170120773513565,-0.8856557163318759,1.3297945153322042,1.0453073868873908,-0.6530953403124257,1.2020764431021533,-1.5181764918814613,-0.4209073972747873,1.3991885851891528,1.5411717805548069,-0.3190660632816967,-0.20303718023695766,-0.4882520792370033,1.3818410986199379,0.7970715001101324,-0.5172392548612261,0.13288079777491665,-0.0900632849960878,0.23001369256918627,0
-1.20995770450956,-0.7233353703853947,1.318332876615054,-0.6149095410323709,-0.2998201362607871,-0.22064633810169035,-0.9588149124929952,0.40138462895289884,2.0518624055560384,1.531170011903045,1.2020764431021533,-0.7988320275926855,-0.4209073972747873,0.01282387358236278,1.703067156936027,-0.3190660632816967,-0.20303718023695766,-0.4882520792370033,-0.8021931485068216,0.7970715001101324,2.0364430289669015,-0.3470063039593321,0.6281721954517535,0.33201077598499007,0
-0.5476652810332204,-0.2177544025374123,0.1963474497086251,0.7975074228698253,0.07000742799183125,-0.2550811595603793,-0.3919753253259093,0.6265617306763356,0.038752368218742915,-0.6530953403124257,1.2020764431021533,1.5030702581313968,-0.4209073972747873,-1.3735408380244272,0.29553313635968514,-0.3190660632816967,-0.20303718023695766,-0.4882520792370033,-0.2623451390425418,0.7970715001101324,1.6290500574761633,-1.089964201762202,0.7393664530714271,-0.76727072880731,0
-0.048917399456403776,0.9462886291760964,0.1963474497086251,0.16405319305277644,-0.2823984927702584,-0.31820268261602114,-0.6361160771333397,-1.4637298431677286,0.038752368218742915,-0.6530953403124257,-0.8318938497948913,-0.07948756330390976,-0.4209073972747873,-1.3735408380244272,1.0856199484860665,-0.3190660632816967,-0.20303718023695766,-0.4882520792370033,2.289048783154055,-1.2545925928374415,-0.37563547961340865,-0.5816911926811204,0.03674448411911758,-0.5709375059549803,0
0.014725979064607231,-0.07062155057188854,-0.9256379771978037,1.9279395751459227,0.8689308062370673,-0.1972126785089714,0.6112956195376618,-0.3534582746504309,1.0453073868873908,-0.6530953403124257,-0.8318938497948913,-0.7988320275926855,2.375819494916491,1.3991885851891528,-1.309728388860827,-0.3190660632816967,-0.20303718023695766,-0.4882520792370033,0.2270103294046771,-1.2545925928374415,0.12727990424483024,0.0021471355743440963,-0.07588106275088087,1.2945538784890998,0
-0.32190900816947776,-0.11526684751632292,0.1963474497086251,-0.24103775106235328,-0.0364413970482519,-0.1435206454750632,0.7378443087198461,0.25655757787828753,-0.9678026504499049,-0.6530953403124257,1.2020764431021533,-1.230438706165951,-0.4209073972747873,0.01282387358236278,-1.0735181531492268,-0.3190660632816967,-0.20303718023695766,-0.4882520792370033,-0.9207176155876927,0.7970715001101324,-0.15658978137658575,-1.5888412664071918,-1.8232423783117653,-0.6762764805618475,0
-1.6444050617746246,-0.8674196973999732,-0.9256379771978037,1.434593533883575,-0.31995677014748247,-0.3361992657035731,0.5568632905857295,-0.9969408083782909,1.0453073868873908,-0.6530953403124257,-0.8318938497948913,-1.0865698133081958,-0.4209073972747873,0.01282387358236278,0.2004660134241428,-0.3190660632816967,-0.20303718023695766,-0.4882520792370033,-0.2934437549677083,-1.2545925928374415,-0.4592938598944146,-0.6312195990982714,0.6754210219227232,-1.0115284792949693,0
-1.6444050617746246,-0.5292558408601824,1.318332876615054,-0.3877250198501441,-0.17060531342043792,-0.18180661921153912,-0.754358178533736,-1.4447432879771107,-0.9678026504499049,-0.6530953403124257,-0.8318938497948913,-1.0865698133081958,-0.4209073972747873,2.7855532967959427,1.582739739625582,-0.3190660632816967,-0.20303718023695766,2.048122358357819,-1.002615413076799,-1.2545925928374415,-0.38548437279388376,-0.5293208725186398,1.0942184879164218,-0.38280395530514894,0
-1.219721754604155,1.550137421443267,-0.9256379771978037,1.1905622009406969,0.33734348820204785,-0.22893488221036223,-0.5198671562560052,-1.7993552382837565,-0.9678026504499049,1.531170011903045,-0.8318938497948913,0.20825022241160054,-0.4209073972747873,0.01282387358236278,0.11642052858255143,-0.3190660632816967,-0.20303718023695766,-0.4882520792370033,-0.7997493956932874,0.7970715001101324,1.2134370912079018,0.8895513361080404,-0.26880697661175745,-0.5099060934337787,0
-0.786286198592558,0.4709236607037126,0.1963474497086251,0.5984009991942567,-0.27514386434679095,-0.3235055181082123,-0.3427213317072231,-0.25130837925797367,-0.9678026504499049,1.531170011903045,-0.8318938497948913,-1.5181764918814613,-0.4209073972747873,-1.3735408380244272,-0.016030210374541054,-0.3190660632816967,-0.20303718023695766,2.048122358357819,-0.6407781352929292,0.7970715001101324,-0.13039589409963326,1.1458753931897754,1.6892416617403105,-0.968204940194331,0
-0.2374769615574818,1.9974912373729978,-0.9256379771978037,-0.34000036905630815,1.0304197019884325,0.7595100169619118,-0.2837736040417882,-1.1729840752382117,-0.9678026504499049,1.531170011903045,-0.8318938497948913,-0.2233564561616649,-0.4209073972747873,-1.3735408380244272,0.5873162365191833,-0.3190660632816967,-0.20303718023695766,-0.4882520792370033,1.0593813661374167,-1.2545925928374415,0.36645204223924815,1.2354978960123086,-0.1883018779212398,0.4597505363143925,0
-0.7307439851956561,2.0369126106666706,0.1963474497086251,0.0653294963008454,-0.3231064758481488,-0.3315155198554272,-0.16702578616149286,-1.135539748294896,-0.9678026504499049,-0.6530953403124257,-0.8318938497948913,-1.5181764918814613,-0.4209073972747873,1.3991885851891528,-1.3051201458780384,-0.3190660632816967,-0.20303718023695766,2.048122358357819,0.8181431790050058,-1.2545925928374415,-0.7849532250016173,-2.0581350582222795,0.5720436853902326,-0.5784923406840503,0
-1.6444050617746246,2.0964563700697965,0.1963474497086251,0.16048066212582715,2.277503339527454,0.5790264779643632,-0.5180329393353653,0.26817521925058063,1.0453073868873908,1.531170011903045,-0.8318938497948913,0.49598800812711086,-0.4209073972747873,0.01282387358236278,-2.2800160588466736,-0.3190660632816967,-0.20303718023695766,-0.4882520792370033,-0.8223242979011766,-1.2545925928374415,-0.2810662041863124,-0.48608634064602174,0.9669532263755087,0.33542153035016076,0
2.106362762530767,0.07624089960647769,-0.9256379771978037,-0.3470226652545176,-0.05805741593374337,-0.10689845488680044,0.837430272604152,-0.3186577582627696,-0.9678026504499049,-0.6530953403124257,1.2020764431021533,0.49598800812711086,-0.4209073972747873,-0.6803584822210322,-1.250120950742668,-0.3190660632816967,-0.20303718023695766,-0.4882520792370033,0.8458659711391847,-1.2545925928374415,0.7278677432790667,0.8717442004118555,1.2704978948271894,-0.8258140116437666,0
0.2905145613776358,3.1299477275716954,-0.9256379771978037,-0.11658095535396518,-0.2950191598683759,-0.3148206154148267,-0.2832605382471521,-0.39368830042713016,-0.9678026504499049,-0.6530953403124257,-0.8318938497948913,-1.230438706165951,2.375819494916491,0.01282387358236278,-0.125474187076942,-0.3190660632816967,-0.20303718023695766,-0.4882520792370033,0.8647536045512636,0.7970715001101324,-0.004626194297359033,0.2731752719405002,0.006023223640751879,0.6393057811476168,0
0.03327587682243601,-0.9126517779321687,1.318332876615054,-0.4487675775807415,-0.323725536428122,-0.31736904417913686,0.6319925749085068,-0.5564328394355692,1.0453073868873908,-0.6530953403124257,-0.8318938497948913,0.0643813295538454,-0.4209073972747873,0.01282387358236278,0.4133349650932907,-0.3190660632816967,-0.20303718023695766,-0.4882520792370033,-0.9228204527562422,-1.2545925928374415,-0.7011421499768431,0.2086077188985205,-0.5643263965632211,-0.21891682519053665,0
-0.2758773438430502,0.22718002972188697,3.5623037304279115,-0.17542530705749945,-0.306550770464245,-0.3186765374055806,-0.8027066306081905,-0.7420271846397828,0.038752368218742915,-0.6530953403124257,-0.8318938497948913,1.646939150989152,-0.4209073972747873,2.7855532967959427,-0.43743314983280146,-0.3190660632816967,-0.20303718023695766,-0.4882520792370033,-1.4721275994940706,0.7970715001101324,-0.4368747156149035,0.7795309937106002,0.26654537927976496,-0.19519895658681405,0
0.3815380333678661,-0.5342945750001171,-0.9256379771978037,-0.4237527500151111,-0.22443804233329417,-0.21807813258883005,1.3992956184382348,1.6193013725285985,0.038752368218742915,1.531170011903045,-0.8318938497948913,0.9275946867003763,-0.4209073972747873,0.7060062293857579,1.5841472763084439,-0.3190660632816967,-0.20303718023695766,-0.4882520792370033,-0.25005064170391555,-1.2545925928374415,-0.9427057073024256,0.024897697647831098,1.2662127866604371,-0.6815807759086526,0
0.6533055690557457,-0.30696156974718747,0.1963474497086251,-0.5522835010981796,-0.18882076097788453,-0.06786527962010871,1.2067010006533898,-1.567833130961415,-0.9678026504499049,1.531170011903045,-0.8318938497948913,-0.2233564561616649,-0.4209073972747873,0.01282387358236278,-1.298613524387943,-0.3190660632816967,-0.20303718023695766,-0.4882520792370033,-0.20323627586082688,-1.2545925928374415,-0.2285785447551978,0.9126700470642352,0.6241302151754451,-0.9800432091573051,0
-0.25950350084920615,2.07017885866045,1.318332876615054,-0.5913536974195731,-0.14332703616720865,0.11074336873092354,-0.3972333658509874,-0.7141145078816459,-0.9678026504499049,-0.6530953403124257,-0.8318938497948913,-0.5110942418771752,-0.4209073972747873,0.7060062293857579,-0.03766400756583937,-0.3190660632816967,-0.20303718023695766,-0.4882520792370033,0.4977598246960656,0.7970715001101324,1.0667485282796108,0.46016414695561025,-0.05824767753911524,-0.7314759556967849,0
0.47721269129326543,-0.5198695934987729,-0.9256379771978037,-0.47000669131624734,-0.17728612188051893,-0.13993040513329058,-0.3276941242016943,0.18054300029889844,-0.9678026504499049,-0.6530953403124257,1.2020764431021533,1.646939150989152,2.375819494916491,-0.6803584822210322,-0.34925459284302257,-0.3190660632816967,-0.20303718023695766,-0.4882520792370033,0.2835499953064718,0.7970715001101324,0.3267489134085627,1.099571265603304,0.5785089877426834,-0.022681047056301525,0
-0.8210376141591066,-0.8820723217398843,0.1963474497086251,-0.47371223903473714,0.24559692178798623,0.377431494032087,1.5054177805237878,-1.0079215833473827,0.038752368218742915,-0.6530953403124257,-0.8318938497948913,-0.7988320275926855,-0.4209073972747873,-0.6803584822210322,-0.7993717838462604,-0.3190660632816967,-0.20303718023695766,2.048122358357819,0.3325394618137977,0.7970715001101324,-0.767149850335788,1.4859097587773495,-0.45705626229763563,-0.6817762204252232,0
0.8513164986531624,-0.8110625188095275,1.318332876615054,0.8092862265796087,1.3679241259589028,0.00745417908711685,-0.9352567589825694,-1.3580942869026524,2.0518624055560384,-0.6530953403124257,-0.8318938497948913,1.2153324724158867,-0.4209073972747873,-1.3735408380244272,-0.49550367465197925,2.8244419493458564,-0.20303718023695766,2.048122358357819,-0.5999781492842938,-1.2545925928374415,0.6431700569865103,0.2670226595913891,1.2019904671096655,2.4781092423164206,1
-0.17501437293973748,1.5538734883434124,-0.9256379771978037,1.626617144804207,0.23064842542398162,-0.2635485445578845,-0.9263952550122717,-0.4912281596251642,2.0518624055560384,-0.6530953403124257,-0.8318938497948913,-0.36722534901942006,-0.4209073972747873,0.01282387358236278,-0.1710427311059396,-0.3190660632816967,-0.20303718023695766,-0.4882520792370033,-0.38551080404506327,0.7970715001101324,-0.7048066578893406,0.7115280722218381,-0.5813348002536805,0.824999301304645,0
-1.248247045437228,-0.9570626770696744,-0.9256379771978037,0.011886350839748297,-0.3180010544963878,-0.32878311921359926,-0.023314429047333916,0.59838906056208,1.0453073868873908,-0.6530953403124257,-0.8318938497948913,-1.6620453847392165,-0.4209073972747873,0.01282387358236278,-2.1932420288285166,-0.3190660632816967,-0.20303718023695766,2.048122358357819,-0.11601576439583655,0.7970715001101324,-0.7045075345988046,-0.14890592997040758,0.12488248445183178,-0.6587852862570275,0
-0.2710957538640622,-0.7714331486039475,1.318332876615054,-0.6062264773593278,0.8523536795106578,2.6695808959876857,-0.3224007111535931,0.2430421058982902,1.0453073868873908,-0.6530953403124257,1.2020764431021533,1.3592013652736417,-0.4209073972747873,-1.3735408380244272,-0.6483734482799306,-0.3190660632816967,4.689424994147564,-0.4882520792370033,-0.9564878619049136,0.7970715001101324,-0.6723283692597042,0.38107779254853824,0.1411049172673436,2.742104176455058,1
-0.5122310014871134,-0.8085336933883321,-0.9256379771978037,-0.3799902108093486,-0.22632474091394078,-0.23494448675652058,4.044285355116013,-0.1494115112193423,-0.9678026504499049,-0.6530953403124257,1.2020764431021533,1.2153324724158867,-0.4209073972747873,0.7060062293857579,-0.11596444950996358,2.8244419493458564,-0.20303718023695766,-0.4882520792370033,-0.561315757029484,-1.2545925928374415,-0.6122263619918241,-0.1915414294750717,-0.020238670493860984,0.7877956974471035,0
-1.4614541169693742,2.0689145817830172,-0.9256379771978037,1.0899554150332915,-0.28717360286008253,-0.3299254564858565,-0.45187783016232064,-0.09676058286901448,-0.9678026504499049,1.531170011903045,-0.8318938497948913,-1.6620453847392165,2.375819494916491,-0.6803584822210322,0.38952676777083334,-0.3190660632816967,-0.20303718023695766,-0.4882520792370033,1.0472054503274348,0.7970715001101324,-0.5810040585407237,0.7622538086752826,1.498581972627596,0.31271417110010474,0
-1.2341532872686347,-0.44138534192481815,-0.9256379771978037,-0.5891331877788963,-0.25546627720872506,-0.1442971352920076,-0.7472963498581129,-1.144188325379719,-0.9678026504499049,-0.6530953403124257,1.2020764431021533,1.0714635795581315,-0.4209073972747873,1.3991885851891528,0.08845492678891996,-0.3190660632816967,-0.20303718023695766,2.048122358357819,-0.06969605161954028,-1.2545925928374415,1.1735318620490172,0.7695736963914688,1.4656729752448472,-0.7770637943494086,0
-0.7787077421620913,-0.683471378868005,0.1963474497086251,0.752267607908186,-0.3220636064800954,-0.335059839001632,-0.9306311928314054,0.3418630335499139,-0.9678026504499049,1.531170011903045,-0.8318938497948913,1.5030702581313968,-0.4209073972747873,-0.6803584822210322,1.9885068918435413,-0.3190660632816967,-0.20303718023695766,2.048122358357819,-0.5688292028181366,-1.2545925928374415,0.41106622936482545,0.14973254860183283,0.16117487834105634,0.4421421826918827,0
0.04426712966179367,1.152128677246465,0.1963474497086251,-0.6440102439285466,1.3262930268632975,5.701132921621246,2.26004395658007,-1.1053115169907066,0.038752368218742915,-0.6530953403124257,-0.8318938497948913,-1.230438706165951,-0.4209073972747873,0.01282387358236278,1.6437540533685033,-0.3190660632816967,-0.20303718023695766,-0.4882520792370033,0.7347136340562556,0.7970715001101324,-0.9541613289711708,0.5123280578544182,-0.6102915933044233,-0.12314576007078067,0
-0.40095209241643487,0.36035232017358165,0.1963474497086251,-0.5612679823685421,-0.28843857142107,-0.23738495611829843,0.5134390333468362,-1.2936565536543865,-0.9678026504499049,-0.6530953403124257,-0.8318938497948913,-1.230438706165951,-0.4209073972747873,-0.6803584822210322,0.45097142712194266,-0.3190660632816967,-0.20303718023695766,-0.4882520792370033,-1.3627289013473014,-1.2545925928374415,0.41265599435693007,0.5821380275125926,0.29991395359718626,-1.0001459219984357,0
0.7129208805624725,-0.8212679368336125,-0.9256379771978037,-0.34067910191049233,0.04741871729742542,-0.026177735660642635,-0.7041855564418442,0.831438761941616,-0.9678026504499049,-0.6530953403124257,1.2020764431021533,0.49598800812711086,-0.4209073972747873,-0.6803584822210322,0.1794283926658251,-0.3190660632816967,-0.20303718023695766,-0.4882520792370033,0.3159484400565825,0.7970715001101324,0.9667637668806434,0.14436895758180848,-3.045122935385098,-0.3638975490154552,0
1.3232413551677964,-0.8698612688771098,0.1963474497086251,0.8796961743612186,1.4954793295410014,0.01700856838156167,0.029450692986661045,0.5148686415907245,-0.9678026504499049,1.531170011903045,1.2020764431021533,-0.6549631347349304,-0.4209073972747873,2.7855532967959427,0.19123998906193523,-0.3190660632816967,-0.20303718023695766,-0.4882520792370033,1.611564587345487,-1.2545925928374415,-0.7265337851277179,1.126301360332278,1.648590349077014,-0.6969928528321058,0
0.9004623104976988,-0.8703129132097212,-0.9256379771978037,0.7698784607633878,-0.202446611157566,-0.31022137626414503,-0.42226776970983,0.40984439769350084,-0.9678026504499049,1.531170011903045,-0.8318938497948913,-0.9427009204504406,2.375819494916491,-1.3735408380244272,-0.9574786633090349,-0.3190660632816967,4.689424994147564,-0.4882520792370033,-0.2064426312669937,0.7970715001101324,1.6119447005667757,-1.7735705122927057,-0.4194101948323317,3.214929804628493,1
1.0884893494793786,-0.16459218396785819,-0.9256379771978037,-0.6773971557552666,-0.28704434722430494,-0.004792857223911471,-0.9492778145497682,-0.34473119192527124,0.038752368218742915,1.531170011903045,1.2020764431021533,-0.36722534901942006,-0.4209073972747873,0.01282387358236278,-0.9469026378883452,2.8244419493458564,-0.20303718023695766,-0.4882520792370033,-0.21889262899414463,-1.2545925928374415,1.912600430043038,-0.7479246264285715,0.3174770001640678,2.13650925129919,0
-0.37076019141557487,-0.4424751333426561,3.5623037304279115,-0.19808325203966243,0.003237801641066402,-0.13607415411492363,0.24897845228519494,-1.150603437655404,0.038752368218742915,-0.6530953403124257,-0.8318938497948913,-0.36722534901942006,-0.4209073972747873,-1.3735408380244272,1.3679337500431508,-0.3190660632816967,-0.20303718023695766,2.048122358357819,-0.4533891187037025,0.7970715001101324,0.22899196041963532,0.8702860072433077,-1.4020168202493126,-0.12877258444920017,0
1.372259936401726,-0.3934466127291766,-0.9256379771978037,-0.3394321402775698,-0.3353548446549535,-0.3328860950770383,-0.7806770475870217,1.472024345886432,-0.9678026504499049,-0.6530953403124257,-0.8318938497948913,0.9275946867003763,-0.4209073972747873,-0.6803584822210322,-0.1369788672190429,-0.3190660632816967,-0.20303718023695766,-0.4882520792370033,1.7035719432208936,0.7970715001101324,-0.6936337850891866,0.5943261302003814,0.15084777789038506,-0.4105781331911798,0
-0.47041831396527,1.8185209947440137,-0.9256379771978037,0.3342835845436099,-0.28601150954664,-0.32268985300755704,0.9081996030440458,-0.95347852367585,-0.9678026504499049,-0.6530953403124257,1.2020764431021533,-0.5110942418771752,-0.4209073972747873,2.7855532967959427,-0.5108913599085922,-0.3190660632816967,-0.20303718023695766,-0.4882520792370033,-0.20088578716999508,-1.2545925928374415,-0.42174729262738025,-0.060033734816953725,0.14077624261933136,-0.7098733797141741,0
1.445628107645993,-0.41852588222296766,0.1963474497086251,0.34105303271879367,0.28441087175335716,-0.15658010952134382,-0.6555513569674052,0.08384875370617571,-0.9678026504499049,-0.6530953403124257,-0.8318938497948913,0.20825022241160054,-0.4209073972747873,-1.3735408380244272,1.7858027413392799,-0.3190660632816967,-0.20303718023695766,-0.4882520792370033,-0.09419273767411587,-1.2545925928374415,-0.8300822237884079,1.275469524046396,-1.6313851675080244,-0.3062075209800499,0
-1.480023213856935,-0.27794562776297127,0.1963474497086251,0.20442709943162052,-0.20595737323452284,-0.29359849944007504,-0.9081669295426031,-0.0031086608975130444,-0.9678026504499049,-0.6530953403124257,-0.8318938497948913,-0.5110942418771752,-0.4209073972747873,0.01282387358236278,0.7481763558410611,-0.3190660632816967,-0.20303718023695766,-0.4882520792370033,-1.0121955050126836,-1.2545925928374415,0.1911576445820683,0.7276198669356256,0.37750329630466584,0.43152434826794606,0
1.562120871846536,0.37767777851196865,0.1963474497086251,-0.24359531758689962,-0.33229828281667645,-0.3322552464275673,0.3602933230791319,-0.3247675253940779,-0.9678026504499049,-0.6530953403124257,-0.8318938497948913,0.3521191152693557,2.375819494916491,0.01282387358236278,-0.994999500212124,-0.3190660632816967,-0.20303718023695766,-0.4882520792370033,-0.027209742048569553,-1.2545925928374415,-0.6076104222259332,-0.2564193983814579,-2.064212260827392,0.7414223055265411,0
-0.40443896938654456,-0.3346863622010341,0.1963474497086251,0.32249588849498384,0.7875175303949916,-0.004167924586122283,-0.8540518617009802,-0.7167572477456907,-0.9678026504499049,-0.6530953403124257,1.2020764431021533,1.0714635795581315,-0.4209073972747873,0.01282387358236278,0.24850222134569933,-0.3190660632816967,-0.20303718023695766,2.048122358357819,2.048335208833803,0.7970715001101324,0.6830172470676241,-0.2646672161602331,0.130637782922432,1.1871128239308844,0
-0.4034381632569021,-0.679909946596181,-0.9256379771978037,-0.4301726713490204,1.0539954379246241,1.1142429772130351,-0.39116951061619726,0.6113250159386138,-0.9678026504499049,-0.6530953403124257,-0.8318938497948913,1.0714635795581315,-0.4209073972747873,1.3991885851891528,-0.35999698047318507,-0.3190660632816967,-0.20303718023695766,-0.4882520792370033,0.41640548908923464,0.7970715001101324,-0.8251346710220715,0.6380460887022831,1.1245841479454242,0.26787346202176304,0
1.6202944500922583,-0.941240016947432,-0.9256379771978037,0.16970985047918652,0.2915753689490652,-0.11924523076623737,0.44978950438356,-1.503430222873541,0.038752368218742915,-0.6530953403124257,-0.8318938497948913,1.2153324724158867,-0.4209073972747873,-0.6803584822210322,-0.5127340249620223,-0.3190660632816967,-0.20303718023695766,-0.4882520792370033,0.5674664769189386,0.7970715001101324,-0.3681149022900986,0.6988215663263336,0.7383077788722431,-0.8050405485708089,0
-0.09960598364786738,-0.5095404154001217,-0.9256379771978037,0.017613521844366906,-0.32646057917377996,-0.332397278928645,-0.3076295430515324,-1.0169397660286499,2.0518624055560384,1.531170011903045,1.2020764431021533,0.7837257938426212,-0.4209073972747873,0.01282387358236278,-1.277485437689407,-0.3190660632816967,-0.20303718023695766,-0.4882520792370033,-0.32650231164871807,0.7970715001101324,0.23647484336271424,0.5273280152533502,0.6540327723393996,-0.9172559318342758,0
0.12740232315223549,-0.6744241041907814,1.318332876615054,-0.18731055835410265,0.09403516189409931,-0.08791099531611891,-0.4024705768482903,1.5934241527433952,0.038752368218742915,-0.6530953403124257,-0.8318938497948913,0.20825022241160054,-0.4209073972747873,-0.6803584822210322,-1.2307231818793272,-0.3190660632816967,-0.20303718023695766,-0.4882520792370033,1.8506299205469028,0.7970715001101324,-0.17638208968670854,0.3351840652144311,0.47076424781880155,-1.019527221469372,0
-0.7478492826878397,1.075053585674049,0.1963474497086251,-0.37123290769576683,-0.2794551553987237,-0.2836890956819822,-0.23534461590742553,-1.5157110121809438,2.0518624055560384,-0.6530953403124257,1.2020764431021533,-1.0865698133081958,-0.4209073972747873,0.01282387358236278,0.36443379210544924,2.8244419493458564,-0.20303718023695766,2.048122358357819,-0.7401704969948766,-1.2545925928374415,-0.2765837379269269,1.0950497878448657,-0.5371051248430256,0.9284262062783105,0
1.1529038005910381,-0.4971526814617369,-0.9256379771978037,-0.5518762355430323,0.0379386814486375,0.32822955231652334,-0.4027312986233384,0.29425565824269406,-0.9678026504499049,-0.6530953403124257,-0.8318938497948913,-0.7988320275926855,-0.4209073972747873,-0.6803584822210322,-2.538505398967437,2.8244419493458564,-0.20303718023695766,2.048122358357819,-0.5191065343678826,-1.2545925928374415,0.7222540199507692,0.3628747064718345,-1.2178215597604776,1.1921107790044676,0
-1.6444050617746246,-0.9051899707595813,-0.9256379771978037,-0.47526852924758484,-0.22964547909794777,-0.19989925029605096,0.3988641721285389,0.8046746065034722,-0.9678026504499049,1.531170011903045,1.2020764431021533,-1.3743075990237061,-0.4209073972747873,0.7060062293857579,0.1678052055102462,-0.3190660632816967,-0.20303718023695766,2.048122358357819,-0.42644042437245017,0.7970715001101324,5.281128566086505,1.001699649328519,-0.16218580020116483,-0.44577698059118265,0
0.04605126813310115,-0.6816591586890899,0.1963474497086251,1.1528293345068485,-0.24546707694198275,-0.32333561921703635,0.010326335558826921,-0.4518701808444926,-0.9678026504499049,-0.6530953403124257,-0.8318938497948913,0.20825022241160054,-0.4209073972747873,0.7060062293857579,-0.10300188067620203,-0.3190660632816967,-0.20303718023695766,-0.4882520792370033,-0.8370278960184507,-1.2545925928374415,0.5757070195979769,1.4493150847493417,-0.8947558453783031,-0.9431292618170347,0
-0.23467292570731535,-0.9340233109481192,-0.9256379771978037,-0.5187233690514345,-0.25152116805744146,-0.2034768625671602,-0.5649808405565763,-0.4437852430522215,0.038752368218742915,1.531170011903045,-0.8318938497948913,-0.9427009204504406,-0.4209073972747873,-0.6803584822210322,0.588248301033508,-0.3190660632816967,-0.20303718023695766,-0.4882520792370033,0.025502901576159264,-1.2545925928374415,0.5064901280445754,-0.51160873960415,-1.8056864310335898,-0.21668038654888255,0
0.34834158428095063,-0.42104732821199,-0.9256379771978037,1.7488025967171856,-0.31819274572677264,-0.33641308775613915,-0.013739091779532754,-1.332812462760782,-0.9678026504499049,1.531170011903045,-0.8318938497948913,1.5030702581313968,-0.4209073972747873,0.7060062293857579,0.06099017203366669,2.8244419493458564,-0.20303718023695766,-0.4882520792370033,-0.4199357136704387,-1.2545925928374415,0.0569654179190642,1.4436302114411954,0.5883472331305388,0.9184099063115293,0
-0.7313222413996827,0.04111057776691593,0.1963474497086251,3.695996167193716,-0.171936859872932,-0.32751670736975286,-0.08811943766725903,0.3554009812795503,-0.9678026504499049,-0.6530953403124257,-0.8318938497948913,-1.6620453847392165,2.375819494916491,0.7060062293857579,-0.5655463671050867,-0.3190660632816967,-0.20303718023695766,-0.4882520792370033,-0.12476353635789315,0.7970715001101324,0.1935535310792685,1.181045517149593,0.42759072671975235,0.5115422026592006,0
-1.025308131519708,-0.8103384807133991,1.318332876615054,-0.41100779459666903,-0.30440022239693476,-0.3011083462135281,0.3306175665908058,-0.3312414419000057,0.038752368218742915,-0.6530953403124257,-0.8318938497948913,0.7837257938426212,-0.4209073972747873,-0.6803584822210322,-1.1514442162946297,-0.3190660632816967,-0.20303718023695766,-0.4882520792370033,-0.661648151860252,-1.2545925928374415,-0.350590743281712,-1.2114061941052663,0.45897177533504113,-1.0264218066239295,0
0.19715461205430657,1.6834862200638057,0.1963474497086251,0.65675665472369,0.04372846013599298,-0.2524154614214958,-0.29772359184065456,0.05422464696668549,2.0518624055560384,-0.6530953403124257,-0.8318938497948913,-1.0865698133081958,-0.4209073972747873,2.0923709409925477,0.30621771309793505,-0.3190660632816967,-0.20303718023695766,2.048122358357819,1.038857173208839,0.7970715001101324,-0.8951490293500128,-0.22208587913037553,-0.24710703247967009,-0.4540154746285,0
-0.38533383570944973,-0.04256124064735738,-0.9256379771978037,-0.5666766168884806,-0.22186914611988917,-0.10700920260885582,-0.5042437908424493,-0.577221037982936,1.0453073868873908,-0.6530953403124257,1.2020764431021533,0.9275946867003763,-0.4209073972747873,0.7060062293857579,0.39934474205853265,-0.3190660632816967,-0.20303718023695766,-0.4882520792370033,0.05597942710543532,-1.2545925928374415,-0.7413109966177311,-0.0018218355255377968,0.06118980852897296,-1.0753028054035978,0
-0.6599871202618643,-0.9423846390967071,-0.9256379771978037,-0.36260433275014997,-0.09916850738550673,-0.13193943881383483,0.5452009165168821,0.3249106989005279,0.038752368218742915,-0.6530953403124257,1.2020764431021533,0.3521191152693557,-0.4209073972747873,0.7060062293857579,-1.8315730619245307,-0.3190660632816967,-0.20303718023695766,-0.4882520792370033,0.22763455061376942,0.7970715001101324,0.18081821092613085,-2.271350936472858,1.3865387644123712,-0.9724502623383764,0
0.9807659557323605,-0.4772551887926064,0.1963474497086251,0.37664014184696326,-0.22392906102022647,-0.3058296058181721,-0.8917167770334751,-0.5637850685766682,1.0453073868873908,1.531170011903045,-0.8318938497948913,-1.0865698133081958,-0.4209073972747873,0.01282387358236278,0.7078798277712979,-0.3190660632816967,-0.20303718023695766,-0.4882520792370033,0.23524056922970815,0.7970715001101324,0.7024093936968906,-0.5271300661245629,0.7066893322471861,0.862360622483393,0
1.048778140130412,-0.6700100268412941,0.1963474497086251,0.0010724951062944064,-0.3084040247066159,-0.3245261860591075,-0.015039229476228329,0.3380696751197289,1.0453073868873908,1.531170011903045,1.2020764431021533,-0.07948756330390976,-0.4209073972747873,-1.3735408380244272,-0.0873679120120808,-0.3190660632816967,-0.20303718023695766,-0.4882520792370033,-0.8643790332384429,0.7970715001101324,-0.7949857608803391,0.13868020523146127,-1.5985621124718696,0.05631956366172084,0
-1.6444050617746246,-0.6433739642405429,-0.9256379771978037,0.6015407676305727,0.39535236721313266,-0.16637818366881585,-0.7582903244418356,0.19052027631906004,-0.9678026504499049,-0.6530953403124257,1.2020764431021533,1.646939150989152,-0.4209073972747873,-0.6803584822210322,1.1254292109884196,-0.3190660632816967,-0.20303718023695766,2.048122358357819,0.7259987736786655,0.7970715001101324,-0.215022042556164,0.5168638362216206,1.6987563636711054,-0.905207423044464,0
0.7213949977525418,0.45948480411621806,-0.9256379771978037,-0.6334081727862059,-0.27683832401685454,-0.12390169925477407,0.34055289012100165,-0.12382069158795783,-0.9678026504499049,1.531170011903045,1.2020764431021533,-0.5110942418771752,2.375819494916491,1.3991885851891528,-0.5562143358860788,-0.3190660632816967,-0.20303718023695766,2.048122358357819,-1.5567111472529016,0.7970715001101324,1.3968056581925714,-3.305264227455713,0.4783506861513006,0.1308171778233454,0
1.1567780903026952,-0.8810346387440032,0.1963474497086251,0.41792507416730573,-0.23088734777492606,-0.30893706584313113,-0.8814446685112143,-0.2415472162972697,-0.9678026504499049,-0.6530953403124257,1.2020764431021533,-1.230438706165951,-0.4209073972747873,0.7060062293857579,0.9653112044097726,-0.3190660632816967,-0.20303718023695766,-0.4882520792370033,0.3124672819900796,-1.2545925928374415,-0.2717146070236106,-0.3238522807848727,-1.1299174097568454,0.15958024159667444,0
0.9432483482644916,-0.5250272085204213,0.1963474497086251,-0.6262271228360675,0.6505212249340093,2.642452927768271,-0.06261403815051055,-1.662667708529451,2.0518624055560384,-0.6530953403124257,1.2020764431021533,1.3592013652736417,-0.4209073972747873,0.7060062293857579,-0.521593362301807,-0.3190660632816967,-0.20303718023695766,-0.4882520792370033,-0.715196709636967,0.7970715001101324,-0.862801621414873,-1.085623313362478,1.1907707975786417,-0.48285381775399233,0
0.5421974360447477,-0.49882283844947395,2.4403183035214826,-0.6908799517366718,-0.04525303914656913,2.0234814625044613,2.1182268720023676,-0.23166415086100156,0.038752368218742915,-0.6530953403124257,-0.8318938497948913,1.5030702581313968,-0.4209073972747873,-1.3735408380244272,0.03152862854561331,-0.3190660632816967,-0.20303718023695766,-0.4882520792370033,-0.417340251198846,0.7970715001101324,0.4852037392562775,0.9465735190248722,0.6213172803815228,-0.6910180299594587,0
-1.0345266479385224,-0.9119616319533858,1.318332876615054,-0.5362518723867103,1.1774343146774984,2.1075072869546676,-0.6634619454531503,-0.6346032578027759,-0.9678026504499049,1.531170011903045,1.2020764431021533,0.3521191152693557,-0.4209073972747873,-0.6803584822210322,-0.9239981641790797,-0.3190660632816967,-0.20303718023695766,-0.4882520792370033,-0.26873644193868956,0.7970715001101324,1.2954881233209925,0.5706069296812268,-0.2610682352608913,0.0028853032642963024,0
2.5061460684749672,-0.7120419871945207,-0.9256379771978037,-0.2769895900134433,-0.2870270289532156,-0.30053495240714295,4.58906691184843,-0.20779599314321917,-0.9678026504499049,-0.6530953403124257,1.2020764431021533,0.20825022241160054,-0.4209073972747873,0.7060062293857579,0.66209897880614,-0.3190660632816967,-0.20303718023695766,-0.4882520792370033,-1.2147969015190414,0.7970715001101324,-0.7453963120279831,0.44543905383568183,-0.9679826056912579,-0.6230794994882838,0
0.12856209819396577,-0.8845987868612065,1.318332876615054,2.098068628520662,-0.2624922729139962,-0.33066336509442673,-0.5041866912402535,1.572558918313329,-0.9678026504499049,-0.6530953403124257,-0.8318938497948913,-0.6549631347349304,-0.4209073972747873,-0.6803584822210322,-1.0894170821015337,-0.3190660632816967,-0.20303718023695766,2.048122358357819,-0.4105565885064047,0.7970715001101324,-0.9255354771732125,-0.01901205450139911,0.1566838866144767,-0.6979804207071076,0
0.8859465389408404,-0.9542172130364271,0.1963474497086251,-0.4290433465216283,-0.2209874987075468,-0.21236794903122233,-0.6860708541790923,-1.7045075716487226,0.038752368218742915,-0.6530953403124257,1.2020764431021533,-0.36722534901942006,-0.4209073972747873,-1.3735408380244272,-0.6011096144504097,-0.3190660632816967,-0.20303718023695766,2.048122358357819,-0.5750162272020489,0.7970715001101324,0.4065809579787824,0.13504461775202198,-0.4348534237055165,-0.767809684345485,0
-1.6444050617746246,0.9319755778388681,0.1963474497086251,-0.09253505453085396,-0.2773390564966513,-0.30710207781446475,0.21082347080728994,-0.43971457892085464,1.0453073868873908,-0.6530953403124257,-0.8318938497948913,-0.2233564561616649,-0.4209073972747873,0.7060062293857579,-0.6154055051141567,-0.3190660632816967,-0.20303718023695766,-0.4882520792370033,-0.26540685780262485,0.7970715001101324,-0.8986017852203,0.7290978069151212,0.3988019553720842,-0.4981639923900073,0
0.9246325843971014,-0.3869504963900693,1.318332876615054,0.5040441610921237,-0.2813681439378178,-0.32384646702435205,0.2875929181798029,2.0210386820297157,-0.9678026504499049,-0.6530953403124257,-0.8318938497948913,1.5030702581313968,-0.4209073972747873,-0.6803584822210322,0.11766509867760742,-0.3190660632816967,-0.20303718023695766,2.048122358357819,2.155706453060378,0.7970715001101324,-0.6950819447901804,1.2535301548833147,-2.5753350227106195,0.017747135896831252,0
1.5108072470361453,-0.8897967049152695,-0.9256379771978037,-0.44883000452009836,-0.32853579431107105,-0.3226989535967512,-0.2662595138667191,1.3474686608797963,-0.9678026504499049,-0.6530953403124257,-0.8318938497948913,-1.5181764918814613,-0.4209073972747873,1.3991885851891528,-0.0666107654141293,-0.3190660632816967,-0.20303718023695766,2.048122358357819,-0.10947758046949269,0.7970715001101324,0.12647487375429697,0.8383603000267521,-1.388094894562967,-0.42338640721830323,0
1.4248500009901643,-0.2611728057123005,0.1963474497086251,-0.38931018770727305,-0.10305414044930866,-0.11923098203037734,-0.925706660352619,1.7073074413140836,0.038752368218742915,1.531170011903045,-0.8318938497948913,-0.6549631347349304,-0.4209073972747873,0.7060062293857579,-0.9751435566572463,-0.3190660632816967,-0.20303718023695766,2.048122358357819,2.3527514558195572,0.7970715001101324,-0.6552404216165667,0.09027543924112728,0.8550810768197025,-0.314921318404728,0
1.8913989110271185,-0.34009709222563383,-0.9256379771978037,-0.00657788928955534,-0.30322247927081725,-0.322131349005369,-0.2907802502408509,-1.2051122147175968,0.038752368218742915,-0.6530953403124257,-0.8318938497948913,0.49598800812711086,-0.4209073972747873,-0.6803584822210322,1.2035828868252305,-0.3190660632816967,-0.20303718023695766,-0.4882520792370033,0.813608224213418,0.7970715001101324,-0.25381074608467274,0.8743299818991694,-0.0955617142666628,-1.1677742944461222,0
2.082615006426185,-0.9530226899579413,-0.9256379771978037,0.3656433206973166,0.004647903332135616,-0.24037917608067488,0.2202006464397241,-0.30533174116198747,1.0453073868873908,-0.6530953403124257,-0.8318938497948913,-1.5181764918814613,-0.4209073972747873,-1.3735408380244272,0.009622948521236064,-0.3190660632816967,-0.20303718023695766,-0.4882520792370033,0.3495048330356351,0.7970715001101324,2.8276760495338227,0.30711067657896635,0.8483072743668346,-0.8688095460417529,0
0.1839140131401394,0.23878157142256035,-0.9256379771978037,-0.538172136360784,-0.3268916899860634,-0.31215127850446833,-0.9339138302196577,-0.745709759785389,1.0453073868873908,-0.6530953403124257,-0.8318938497948913,-0.5110942418771752,-0.4209073972747873,0.01282387358236278,0.8755466670714989,-0.3190660632816967,-0.20303718023695766,-0.4882520792370033,-0.1670467638242118,0.7970715001101324,0.035322194899832876,-0.24023767675254745,1.9022812645045524,0.2137135086229572,0
-1.2516406545216494,-0.7374521216323446,-0.9256379771978037,-0.31259197514540077,-0.29291236733040577,-0.3016005924038388,-0.58909410135933,1.0209297480508674,-0.9678026504499049,1.531170011903045,1.2020764431021533,0.49598800812711086,-0.4209073972747873,0.7060062293857579,-0.2766888259242405,-0.3190660632816967,-0.20303718023695766,-0.4882520792370033,0.05915618117368573,-1.2545925928374415,-0.25791119929059,0.39048039954853875,-0.14633188528931063,-0.5051292930621744,0
0.8776318316853402,-0.13446676404097738,1.318332876615054,-0.2006112660628506,-0.34177260218238276,-0.3384382032280163,1.0243054938172287,-0.5229155045601415,1.0453073868873908,1.531170011903045,-0.8318938497948913,1.2153324724158867,-0.4209073972747873,-1.3735408380244272,1.1218454090214478,-0.3190660632816967,-0.20303718023695766,2.048122358357819,-0.3815333128514715,0.7970715001101324,0.7785616329466782,0.8164709769333692,-0.2079723291417456,-0.5317726879366607,0
2.266347002640579,1.026865713122912,3.5623037304279115,-0.5540741044701173,-0.3193940882586932,-0.2963905891883855,0.11760397628414787,-0.5781273844113316,-0.9678026504499049,1.531170011903045,1.2020764431021533,0.7837257938426212,-0.4209073972747873,1.3991885851891528,-1.059037803324071,-0.3190660632816967,4.689424994147564,-0.4882520792370033,0.7528199128349492,-1.2545925928374415,1.2121585949785243,-0.24951930701572858,0.9007988303633367,2.493168187608192,1
1.7714590452208532,0.18190767145763126,-0.9256379771978037,-0.058904272025937426,-0.3189904192385525,-0.3280985592451512,-0.2933467171303695,-0.6086692684043575,0.038752368218742915,-0.6530953403124257,-0.8318938497948913,1.2153324724158867,-0.4209073972747873,1.3991885851891528,0.26239207199651615,-0.3190660632816967,-0.20303718023695766,-0.4882520792370033,0.39048783142387106,-1.2545925928374415,-0.6491331777709775,-0.23851102171584412,0.32245210292504467,-1.1021743179967363,0
0.2318708468091585,-0.6953794105758668,-0.9256379771978037,-0.46260623348651786,-0.33987357754041214,-0.3350485384883419,1.7508163337464548,0.1955404750773165,-0.9678026504499049,-0.6530953403124257,1.2020764431021533,1.3592013652736417,-0.4209073972747873,0.01282387358236278,-0.2145068920559804,-0.3190660632816967,-0.20303718023695766,-0.4882520792370033,0.4294836653497844,0.7970715001101324,0.1956717820959419,-3.223686495889699,0.9741153195233873,-0.5186747281223789,0
-1.3469535272034783,-0.6934894688764546,0.1963474497086251,-0.46356669349001006,-0.3281504386489219,-0.32131212162587003,-0.283156946243189,-0.4904605616814457,0.038752368218742915,-0.6530953403124257,1.2020764431021533,-0.2233564561616649,-0.4209073972747873,0.7060062293857579,-0.019954670710092912,-0.3190660632816967,-0.20303718023695766,-0.4882520792370033,1.0249472150170043,-1.2545925928374415,0.858408458505579,0.2865238474017104,1.3054178471599558,-1.2721230001910153,0
0.8856893084196762,0.30869282638286705,2.4403183035214826,-0.3089169554129443,-0.16067800523798853,-0.2039687846702725,0.2349013315881791,0.45724813845057993,0.038752368218742915,-0.6530953403124257,-0.8318938497948913,0.49598800812711086,-0.4209073972747873,1.3991885851891528,1.3278797064878578,-0.3190660632816967,-0.20303718023695766,2.048122358357819,0.04441137624274476,0.7970715001101324,-0.9733504256012069,1.4336825443577326,1.8158001896678038,-1.1614062626712578,0
-0.9347006834807843,-0.0007856955088045206,0.1963474497086251,-0.4629223094206126,-0.28695344546085516,-0.2732585798465548,-0.6760773734870416,0.5184208819008882,-0.9678026504499049,-0.6530953403124257,-0.8318938497948913,1.5030702581313968,-0.4209073972747873,-0.6803584822210322,1.6801685961055335,2.8244419493458564,-0.20303718023695766,2.048122358357819,-1.033543345036342,0.7970715001101324,0.050566775458949394,1.2014239130102942,0.5439448052703881,1.3675141376255313,0
0.9284712346425543,0.9437724229336175,-0.9256379771978037,-0.6416306989270552,-0.2429558756423462,0.015364123667438919,0.39714359263643323,-1.0771182165476563,-0.9678026504499049,-0.6530953403124257,-0.8318938497948913,-1.5181764918814613,-0.4209073972747873,-0.6803584822210322,-0.21052449927001904,-0.3190660632816967,-0.20303718023695766,-0.4882520792370033,0.9480962873500159,-1.2545925928374415,0.14035299921728608,-0.8780548711730828,0.30550996509580947,-0.7925437067843435,0
-1.044499924050897,-0.6834807154429666,-0.9256379771978037,0.2506633888922427,0.17710136214774863,-0.1738631441568565,-0.7663976313429739,0.2544460611005068,0.038752368218742915,-0.6530953403124257,-0.8318938497948913,-1.6620453847392165,-0.4209073972747873,0.7060062293857579,0.40835940546440286,-0.3190660632816967,-0.20303718023695766,-0.4882520792370033,0.7117573487526598,-1.2545925928374415,-0.890129913392201,-0.5087881346797295,1.3212826102603004,-1.2004548958660846,0
0.2147677274171232,1.2247597523131208,0.1963474497086251,0.6204095835420289,-0.3233086666450414,-0.3349005874047703,0.8672300457426968,1.4048720562379717,-0.9678026504499049,-0.6530953403124257,-0.8318938497948913,0.0643813295538454,-0.4209073972747873,0.01282387358236278,-0.1817435741709186,-0.3190660632816967,-0.20303718023695766,-0.4882520792370033,-0.8144437769266419,0.7970715001101324,-0.3788859002924836,-0.01816214728336428,-0.5715456673278568,-0.5784049281150323,0
-0.4604296832054846,1.969488330517703,-0.9256379771978037,-0.4243899166274524,-0.25098440335890226,-0.244914380261288,2.311032708076546,0.7713088790327375,-0.9678026504499049,1.531170011903045,1.2020764431021533,-0.36722534901942006,-0.4209073972747873,0.01282387358236278,-1.9160020564560207,-0.3190660632816967,-0.20303718023695766,-0.4882520792370033,-1.5412140358332995,0.7970715001101324,0.22167095322736374,-0.19093551963801758,-1.3407747679535693,-0.6634448173254471,0
-1.6444050617746246,-0.8186263674016826,0.1963474497086251,-0.07201509282544179,0.28960811458402885,-0.039251381059775346,-0.5126522302837968,0.9416326054464067,1.0453073868873908,-0.6530953403124257,1.2020764431021533,0.3521191152693557,-0.4209073972747873,0.01282387358236278,-0.09302841252899711,-0.3190660632816967,-0.20303718023695766,2.048122358357819,-0.3471003423997029,0.7970715001101324,-0.7283906524522226,0.0313022561022576,0.11225832721604445,-0.9291103044952537,0
-0.5644883437872876,0.6678541586583321,-0.9256379771978037,-0.4107526672813276,-0.10273452274406994,-0.10412980265181351,-0.7591028404523561,-1.0507970986068935,1.0453073868873908,1.531170011903045,1.2020764431021533,0.20825022241160054,-0.4209073972747873,0.7060062293857579,-0.7743995325548914,-0.3190660632816967,-0.20303718023695766,-0.4882520792370033,2.196164557945061,0.7970715001101324,-0.47521806296615093,1.1904342812652167,-0.4452779772719056,-0.0009921285786778757,0
1.7109782685129165,1.5929175772079136,0.1963474497086251,-0.5792940844194534,-0.31572077727574754,-0.2815754759709738,3.2380036602500906,-1.422761188011948,0.038752368218742915,1.531170011903045,-0.8318938497948913,1.3592013652736417,-0.4209073972747873,0.01282387358236278,0.732724392277792,-0.3190660632816967,-0.20303718023695766,-0.4882520792370033,2.8665258680067844,0.7970715001101324,-0.5529339775812614,0.620072162691883,1.6527052016288752,-0.8193517465352758,0
-0.24512708423522536,-0.8434416792120578,2.4403183035214826,-0.3670485658068316,-0.2630803156556235,-0.2702613106467996,-0.972921938526433,-0.5835280136198068,1.0453073868873908,1.531170011903045,-0.8318938497948913,1.5030702581313968,-0.4209073972747873,2.7855532967959427,-0.24947464237208108,-0.3190660632816967,-0.20303718023695766,-0.4882520792370033,-1.544400583019488,0.7970715001101324,-0.7394872709092729,0.25765278573171596,0.37709962808364433,0.39626031244965865,0
0.5876818695557137,-0.49024595860389536,2.4403183035214826,-0.279515985233593,-0.030280417160572188,-0.1225145237635693,-0.21806379686604835,0.6061244438598713,1.0453073868873908,-0.6530953403124257,-0.8318938497948913,0.0643813295538454,-0.4209073972747873,0.7060062293857579,-0.33075404536752856,-0.3190660632816967,-0.20303718023695766,-0.4882520792370033,-1.4558439062386603,-1.2545925928374415,-0.561912175302802,1.08227198666896,-0.48758318371493986,-0.3177322728166722,0
-1.6444050617746246,-0.7880285941380515,-0.9256379771978037,0.3529492508550751,-0.12810407112423924,-0.2774741529907409,3.6193853194252217,0.012634991953954223,2.0518624055560384,1.531170011903045,-0.8318938497948913,-0.6549631347349304,2.375819494916491,0.01282387358236278,-0.3926906762113558,-0.3190660632816967,-0.20303718023695766,-0.4882520792370033,-0.48069350367560565,0.7970715001101324,-0.05658729462793754,-1.0531470247086976,0.6769877629856517,0.4826390327600146,0
1.0669879559439308,-0.4179340673577908,1.318332876615054,-0.4544166106497324,-0.2670706566206517,-0.252807340580893,0.16771319323403489,-0.5814890422759812,-0.9678026504499049,-0.6530953403124257,1.2020764431021533,-0.36722534901942006,-0.4209073972747873,2.7855532967959427,-0.9558126898186278,-0.3190660632816967,-0.20303718023695766,2.048122358357819,0.36016716201124876,0.7970715001101324,0.14698905544109836,1.1792173042477019,1.2698097917778464,-1.2130438814768072,0
-0.3890114549429561,2.352846249629419,-0.9256379771978037,-0.2245056569063462,-0.32749085714332976,-0.32956676161388765,1.7398205093703059,-0.5439654495193634,-0.9678026504499049,-0.6530953403124257,-0.8318938497948913,-0.36722534901942006,-0.4209073972747873,0.7060062293857579,0.32472246670808275,2.8244419493458564,-0.20303718023695766,-0.4882520792370033,0.4153224056778629,0.7970715001101324,0.05456227008215472,-1.3489042448549302,0.9396108142907349,0.8114061295593963,0
0.13709635033681417,-0.3856839027753505,0.1963474497086251,1.521503167740302,-0.2347535140642878,-0.3245195315782733,0.03314355766017427,-0.8182621472826813,-0.9678026504499049,-0.6530953403124257,1.2020764431021533,0.639856900984866,-0.4209073972747873,-0.6803584822210322,-0.2167995270957474,-0.3190660632816967,-0.20303718023695766,-0.4882520792370033,-0.46484194404997004,0.7970715001101324,-0.6805625923658827,-0.008250224410214755,1.6762290072352002,-0.9391934571044029,0
-1.6444050617746246,0.042525985133399585,-0.9256379771978037,0.0607933971729465,-0.245177376936351,-0.30071648809598545,0.4652622870407763,-1.36552944899749,-0.9678026504499049,-0.6530953403124257,1.2020764431021533,-0.9427009204504406,-0.4209073972747873,0.01282387358236278,0.40612110763802944,-0.3190660632816967,-0.20303718023695766,-0.4882520792370033,-1.2858441680006556,0.7970715001101324,-0.9732801125975904,1.3335442404344053,1.5076684753068397,-0.9043594282824572,0
-0.5196620010714093,-0.5463930039391292,-0.9256379771978037,-0.6130474917166646,-0.3300064784458183,-0.30289312942119434,0.5098577757031316,1.5317183653616249,-0.9678026504499049,-0.6530953403124257,-0.8318938497948913,1.5030702581313968,-0.4209073972747873,-0.6803584822210322,-0.4240724043183091,-0.3190660632816967,-0.20303718023695766,2.048122358357819,-0.5334910718490666,0.7970715001101324,0.6168692186398125,0.5373437548039904,1.337814745280369,-1.0708327554051447,0
-1.6444050617746246,-0.4486551039441308,3.5623037304279115,-0.4214134061112914,-0.19240858657263832,-0.18662895366476887,-0.06270337541812639,-0.41773576291223324,2.0518624055560384,-0.6530953403124257,1.2020764431021533,1.646939150989152,-0.4209073972747873,-0.6803584822210322,-0.46682109964980373,-0.3190660632816967,-0.20303718023695766,-0.4882520792370033,-0.5984208506610572,0.7970715001101324,-0.703965644070744,0.12742253692966532,-0.3020460768630774,-0.370458640230712,0
0.6672657540297768,-0.8508148071684579,1.318332876615054,0.4899587604041609,0.2804839305707861,-0.1799226650873259,-0.34709687331235856,-0.6298791004597888,0.038752368218742915,-0.6530953403124257,1.2020764431021533,1.5030702581313968,-0.4209073972747873,0.01282387358236278,3.009819038863707,-0.3190660632816967,-0.20303718023695766,-0.4882520792370033,-0.45363349880116316,-1.2545925928374415,0.36971957282467177,1.1891360666407214,-0.5011111852918179,-0.899240781212683,0
0.38326794619470084,1.4072981492300296,0.1963474497086251,-0.6615731493407406,-0.3097907299546672,-0.18515637480904149,-0.8593805464051384,0.9536266860631875,-0.9678026504499049,-0.6530953403124257,1.2020764431021533,-1.0865698133081958,-0.4209073972747873,1.3991885851891528,-0.22066656728170164,-0.3190660632816967,-0.20303718023695766,-0.4882520792370033,0.6480668521399944,-1.2545925928374415,-0.5963710725059813,0.8182342384197273,-1.5294224953486504,0.8806564070269501,0
0.9972752096392252,-0.8561094749307486,1.318332876615054,1.6521339088575926,2.6083751637743795,0.04720754783581981,-0.7276081201361186,2.624604477414374,1.0453073868873908,-0.6530953403124257,-0.8318938497948913,0.9275946867003763,-0.4209073972747873,0.01282387358236278,-0.8266910041122343,-0.3190660632816967,-0.20303718023695766,-0.4882520792370033,1.3235045319244543,-1.2545925928374415,-0.7685304149042885,0.007644672213184823,0.4746323432255229,0.1292043374752825,0
0.756456487295278,1.881635679422015,0.1963474497086251,-0.20458239245766566,-0.2925582142073596,-0.30920502329098787,3.6406912773696503,0.2872444762185861,0.038752368218742915,-0.6530953403124257,-0.8318938497948913,-0.9427009204504406,-0.4209073972747873,1.3991885851891528,-0.9287013146914477,-0.3190660632816967,-0.20303718023695766,-0.4882520792370033,0.0170301774567457,0.7970715001101324,-0.4024857301678029,0.5659081755249885,0.8928372276742982,-1.2736791873888051,0
-1.6444050617746246,-0.5727212379286201,-0.9256379771978037,-0.6288437635775767,-0.20922573556120774,0.07439968642804619,7.171349982752774,-0.33689080070088506,1.0453073868873908,-0.6530953403124257,-0.8318938497948913,-0.07948756330390976,-0.4209073972747873,0.01282387358236278,1.8087720774985718,2.8244419493458564,-0.20303718023695766,-0.4882520792370033,2.5793849766645236,-1.2545925928374415,2.435446526797361,0.9626038711038368,-1.2978153025214794,1.5758540296413794,0
-0.8357985556878189,-0.8409014962802647,0.1963474497086251,0.2940544732614007,-0.14531063930743815,-0.2791439932114873,-0.27269701131983914,1.144939974134266,-0.9678026504499049,1.531170011903045,-0.8318938497948913,-0.6549631347349304,-0.4209073972747873,0.7060062293857579,0.27412044130523816,-0.3190660632816967,-0.20303718023695766,-0.4882520792370033,-0.418495560278737,0.7970715001101324,-0.9328581292921592,-0.16243450650147562,-0.22035758149455606,-0.9497195667934412,0
0.3482872505916009,-0.48502345951474,-0.9256379771978037,-0.6040739192536942,-0.21491098932662392,-0.020893169675794118,-0.8408011590956643,0.9121465866554005,0.038752368218742915,-0.6530953403124257,1.2020764431021533,-1.6620453847392165,-0.4209073972747873,0.01282387358236278,0.3095644220460917,-0.3190660632816967,4.689424994147564,-0.4882520792370033,-1.1267956653476305,0.7970715001101324,-0.6140438876867382,0.8253601756948146,-0.607990047001347,2.9668143149620465,1
-0.8795044834639174,3.1408348190005606,-0.9256379771978037,-0.6101072865117503,0.5632112389160092,2.0158400515584836,-0.5086124179742008,-1.3168257730731752,2.0518624055560384,-0.6530953403124257,-0.8318938497948913,-1.3743075990237061,-0.4209073972747873,-0.6803584822210322,-1.107720732958521,2.8244419493458564,-0.20303718023695766,2.048122358357819,-0.8849353842709872,0.7970715001101324,-0.9635586614248831,-2.6553268496370213,-0.18131222115425394,1.9292855819542147,0
1.0035871139545889,0.1700050614192972,0.1963474497086251,-0.20521883575582778,-0.025538538452389993,-0.15041638486499662,1.3691217219885647,1.1316539582693348,-0.9678026504499049,1.531170011903045,1.2020764431021533,-1.0865698133081958,-0.4209073972747873,-0.6803584822210322,0.3221020818429003,-0.3190660632816967,-0.20303718023695766,-0.4882520792370033,-0.8677685233275386,0.7970715001101324,1.3512838388891322,-0.7878525475540086,-1.0454823178118295,-0.19212150981573203,0
0.5506298891181465,0.7647132344033424,1.318332876615054,-0.6889474971665073,-0.26375933734660223,0.2643802106461842,-0.03149945242172397,1.0361618771528012,-0.9678026504499049,-0.6530953403124257,-0.8318938497948913,-1.6620453847392165,-0.4209073972747873,-0.6803584822210322,-1.087631617490721,-0.3190660632816967,-0.20303718023695766,-0.4882520792370033,-1.5289697841509717,0.7970715001101324,1.627292956760859,1.284263727703198,1.5992766604568707,-0.9779515207591721,0
1.7937115756633821,3.5075416273600077,0.1963474497086251,0.3865544361236934,-0.07011603569392763,-0.26313571421788207,-0.7637986174835741,-0.9068925446816963,-0.9678026504499049,-0.6530953403124257,1.2020764431021533,0.639856900984866,-0.4209073972747873,1.3991885851891528,1.852407078965828,-0.3190660632816967,-0.20303718023695766,-0.4882520792370033,0.023623219474010866,0.7970715001101324,5.244398788101922,0.21531982291344823,-0.30107578137067453,-0.5597701698668236,0
0.0060113232085207205,-0.6602466168983127,-0.9256379771978037,-0.5876161558130778,0.5284028491572247,1.568457103662882,0.19987908777462168,0.0038371091217618233,1.0453073868873908,-0.6530953403124257,1.2020764431021533,1.2153324724158867,-0.4209073972747873,-0.6803584822210322,-0.33269026684940967,-0.3190660632816967,-0.20303718023695766,-0.4882520792370033,-1.3771936039827302,0.7970715001101324,-0.39004594568933043,1.4015726327629299,-0.5042922903478181,0.1928023978033424,0
1.7374396287186367,-0.5529497019827264,0.1963474497086251,-0.588654149626251,-0.33434971729686064,-0.31879138205104834,1.5231714405265273,2.635209945406193,-0.9678026504499049,-0.6530953403124257,-0.8318938497948913,0.49598800812711086,-0.4209073972747873,-1.3735408380244272,-0.5926447117330719,-0.3190660632816967,-0.20303718023695766,-0.4882520792370033,-0.5600187850199325,-1.2545925928374415,-0.4489280691657431,0.5682025605797391,-1.137564804779961,-0.8472660422465778,0
0.16896339109977204,-0.3457005789208434,0.1963474497086251,-0.3732942662553264,-0.3182384656688201,-0.3172787890809693,-0.6262525942915067,-1.2142743063012102,2.0518624055560384,-0.6530953403124257,-0.8318938497948913,0.9275946867003763,-0.4209073972747873,0.7060062293857579,0.0674598958693011,-0.3190660632816967,-0.20303718023695766,-0.4882520792370033,0.08626471838549973,0.7970715001101324,-0.9025500366486271,-0.11103528540153086,0.9334835227132875,-0.6711312403080241,0
0.043697106185124034,-0.8191889513328783,0.1963474497086251,0.13193919076899474,0.7846193544898608,0.06892068046870733,1.086375094186865,-1.146077368355761,-0.9678026504499049,-0.6530953403124257,1.2020764431021533,-0.2233564561616649,2.375819494916491,-0.6803584822210322,1.2797883164990858,-0.3190660632816967,-0.20303718023695766,2.048122358357819,-1.152511063466458,0.7970715001101324,0.1534594588833266,0.014229524485096583,-0.8810523864822,1.5846351861864052,0
0.6670303298881387,-0.6902735957710582,0.1963474497086251,-0.44987600106386066,0.5100175368042087,0.6108360241028724,-0.41798570213214975,0.6350824556803736,0.038752368218742915,-0.6530953403124257,1.2020764431021533,0.49598800812711086,-0.4209073972747873,-0.6803584822210322,0.0018133574816261526,-0.3190660632816967,-0.20303718023695766,-0.4882520792370033,-1.0417172748952537,0.7970715001101324,-0.6194533301493869,-0.9729723464866782,0.8954855491987548,0.15722628989027634,0
0.894033892926805,-0.8130287249851107,-0.9256379771978037,-0.49055331466912205,-0.23232012484568004,-0.19447363873061882,-0.7410547524059102,1.393738624282259,-0.9678026504499049,1.531170011903045,-0.8318938497948913,0.639856900984866,-0.4209073972747873,-1.3735408380244272,-0.7646008172606775,-0.3190660632816967,-0.20303718023695766,2.048122358357819,0.8826402062041362,-1.2545925928374415,0.10188002751957972,0.35268682479732105,-1.0570971193446463,-0.3482076353661714,0
-1.0580439783816171,-0.6612053365155233,1.318332876615054,1.59347686329094,-0.1242483690026126,-0.31014200615281395,-0.6016205967860703,1.2823221568188732,2.0518624055560384,-0.6530953403124257,-0.8318938497948913,1.0714635795581315,-0.4209073972747873,0.7060062293857579,0.8182333966072065,-0.3190660632816967,-0.20303718023695766,-0.4882520792370033,0.36744553633788823,0.7970715001101324,0.5102325797556841,-1.4489478083613785,1.1533562315944086,-0.6580291902368197,0
0.35478803779196705,-0.19185797303011234,0.1963474497086251,0.17050430314031595,-0.33951573967087495,-0.33815076961318347,0.29712045205761023,-0.02302567451484069,0.038752368218742915,-0.6530953403124257,1.2020764431021533,0.0643813295538454,-0.4209073972747873,-0.6803584822210322,-0.7481420555954252,-0.3190660632816967,-0.20303718023695766,-0.4882520792370033,-0.2578068707196991,-1.2545925928374415,0.40113672379897464,-1.3742153005013849,0.9714042456841105,-0.6389265432709297,0
0.01453509561448825,-0.4433915273530411,0.1963474497086251,0.3866293062126002,-0.32878215083877654,-0.335438675104377,-0.6555380762694829,0.9334718137841521,2.0518624055560384,-0.6530953403124257,1.2020764431021533,-1.6620453847392165,-0.4209073972747873,0.01282387358236278,0.9621111744744268,-0.3190660632816967,-0.20303718023695766,-0.4882520792370033,-0.5000674417390717,0.7970715001101324,1.352594182782435,-0.5100350214931063,-1.4292634755133768,-0.7025784270642896,0
-1.2585035469486918,-0.03623518377950732,1.318332876615054,-0.18530679137106176,-0.19975967939637285,-0.25712537185869866,-0.3849255092971337,1.9970255806204331,-0.9678026504499049,-0.6530953403124257,1.2020764431021533,-1.6620453847392165,-0.4209073972747873,0.01282387358236278,-0.9068282549309984,-0.3190660632816967,-0.20303718023695766,-0.4882520792370033,1.4178936936005195,-1.2545925928374415,-0.8296257464010144,-1.2862602347584693,-1.368956432475545,-0.31879895389831964,0
-1.6444050617746246,0.06792026479565791,-0.9256379771978037,-0.33562748785259994,-0.33566260400301756,-0.33319461753516594,-0.9351394470546622,-0.11638690798093691,-0.9678026504499049,1.531170011903045,-0.8318938497948913,0.49598800812711086,2.375819494916491,0.01282387358236278,-0.7690425410226789,-0.3190660632816967,-0.20303718023695766,-0.4882520792370033,1.1101873031657963,0.7970715001101324,-0.15891837858792293,-2.080234285733013,-0.5883335722514942,1.0642190550074924,0
2.325386442759475,1.279419932264845,-0.9256379771978037,-0.46456488361070664,-0.3242880911662291,-0.3167061035493351,-0.6205080258766904,-0.9611167005503496,-0.9678026504499049,1.531170011903045,1.2020764431021533,0.639856900984866,-0.4209073972747873,-0.6803584822210322,0.24034095978936498,-0.3190660632816967,-0.20303718023695766,-0.4882520792370033,-0.7471903853164061,0.7970715001101324,-0.7043472633648911,-0.6240381135521943,-2.1049246515515545,-0.26479305019408805,0
-1.6444050617746246,1.3234090524487403,1.318332876615054,-0.006425146835290554,-0.06548520141500966,-0.21960750340758675,-0.3520885927886084,0.25997438389916466,0.038752368218742915,-0.6530953403124257,1.2020764431021533,1.0714635795581315,-0.4209073972747873,-0.6803584822210322,-0.3965241055459244,-0.3190660632816967,-0.20303718023695766,-0.4882520792370033,-1.1088677162250096,0.7970715001101324,-0.5692030443053145,-2.050827096553271,-0.753501769826659,-0.5782973005425696,0
-0.19752144958936896,-0.7518982048806063,-0.9256379771978037,-0.5033264554253455,-0.3291699888329362,-0.3195042498436997,-0.7245644564531252,0.11084420811290001,0.038752368218742915,1.531170011903045,-0.8318938497948913,0.49598800812711086,-0.4209073972747873,0.7060062293857579,-0.9572945576473999,-0.3190660632816967,-0.20303718023695766,-0.4882520792370033,0.818311613412449,0.7970715001101324,1.6490081924186863,0.4438795343088987,-0.42079296226903495,-0.44639063357326914,0
-0.19919200902758344,-0.4179365445923406,-0.9256379771978037,-0.6125585694664061,-0.2641690399585511,-0.12851096815481744,-0.8110621540549493,0.42395738953909895,0.038752368218742915,1.531170011903045,-0.8318938497948913,1.3592013652736417,-0.4209073972747873,0.7060062293857579,-0.8907824879696267,-0.3190660632816967,-0.20303718023695766,-0.4882520792370033,0.2491521933504293,0.7970715001101324,0.5930903043522499,0.19791560548788267,1.042172896608838,-1.202517317026119,0
-1.1049520902106074,-0.587087893723045,-0.9256379771978037,0.8238628150583618,-0.2525915440649323,-0.32131585840941146,-0.7890503478607809,2.7247590968669004,1.0453073868873908,1.531170011903045,1.2020764431021533,0.20825022241160054,-0.4209073972747873,-1.3735408380244272,3.303428486242096,-0.3190660632816967,-0.20303718023695766,-0.4882520792370033,1.03399338829199,0.7970715001101324,-0.8118870665161564,0.9551257086334396,0.019331101143291854,-0.6920505004838339,0
-0.33163692917802035,-0.9078974595401866,-0.9256379771978037,-0.07552191866703442,0.3341445047353465,-0.01640890899019708,0.07654376779644904,-1.3609964602876437,1.0453073868873908,1.531170011903045,1.2020764431021533,1.2153324724158867,-0.4209073972747873,-1.3735408380244272,-1.0494787777699355,2.8244419493458564,-0.20303718023695766,-0.4882520792370033,-0.020501177708925608,0.7970715001101324,-0.20562389981944318,1.1597223567307287,0.3382449137135713,0.9936848146647853,0
-0.5568680773731463,0.5776487332376444,-0.9256379771978037,0.49792624885243664,0.24217954768290206,-0.19069476335260063,-0.18858433233466487,-1.9158127605324007,-0.9678026504499049,-0.6530953403124257,-0.8318938497948913,-0.6549631347349304,-0.4209073972747873,-0.6803584822210322,-0.5538076348276062,-0.3190660632816967,-0.20303718023695766,2.048122358357819,-0.25294037524506174,-1.2545925928374415,0.3789529492006882,1.0827701172124968,0.27967689423549297,-0.18589850697791796,0
-0.8562624320608534,-0.34146073124929677,0.1963474497086251,0.2657915357169088,-0.19496581409890387,-0.29298992200704493,-0.6930798430004521,-0.00528777099798934,1.0453073868873908,-0.6530953403124257,-0.8318938497948913,1.5030702581313968,-0.4209073972747873,0.7060062293857579,-0.09150377462993826,-0.3190660632816967,-0.20303718023695766,-0.4882520792370033,0.47027016177474323,-1.2545925928374415,-0.15889697782197482,1.2165158495988633,-0.5120265351831295,-1.0409196950222401,0
0.9309845502059753,-0.2884356974296508,-0.9256379771978037,-0.27760840718956603,-0.21865623674264104,-0.2533331019408259,1.3247481003803894,0.09702408420716234,0.038752368218742915,1.531170011903045,-0.8318938497948913,1.5030702581313968,-0.4209073972747873,0.01282387358236278,-0.6415871024598924,-0.3190660632816967,-0.20303718023695766,-0.4882520792370033,1.2515576027612716,-1.2545925928374415,-0.9081243131000595,0.05482424079247431,0.34878600492742556,-0.6062992890415129,0
0.8329920930506401,0.05163274452857053,0.1963474497086251,-0.11490401185527634,0.2609488820531859,-0.0328554802375069,0.31108371417211195,-1.4579419937528222,0.038752368218742915,-0.6530953403124257,-0.8318938497948913,-0.7988320275926855,-0.4209073972747873,0.7060062293857579,0.9225066385783758,2.8244419493458564,-0.20303718023695766,-0.4882520792370033,-0.7559755415200851,0.7970715001101324,-0.469849373310446,0.36565224044665523,-1.781519238724873,1.3992877194870037,0
-0.4051621866398772,0.018861543183714444,-0.9256379771978037,-0.6078245479936184,-0.27327878239046677,-0.15988677425033032,0.02800891464130623,-1.350969734217103,-0.9678026504499049,-0.6530953403124257,-0.8318938497948913,-0.9427009204504406,-0.4209073972747873,1.3991885851891528,1.4121516783689438,-0.3190660632816967,-0.20303718023695766,-0.4882520792370033,-0.24034734396093727,-1.2545925928374415,-0.4330446996344391,-1.6735979776113106,0.7303285038724829,-0.7029019084299529,0
-0.6104824337733021,-0.5117285385218548,-0.9256379771978037,-0.2849611032560079,0.05999996118767316,-0.05657484041702062,-0.28588198190140796,-0.6407856614594617,-0.9678026504499049,-0.6530953403124257,-0.8318938497948913,-1.0865698133081958,-0.4209073972747873,-0.6803584822210322,0.5248968788114318,-0.3190660632816967,-0.20303718023695766,2.048122358357819,1.209838227654273,0.7970715001101324,0.3831778192328569,-0.6804330746049813,0.26504302144286784,-0.35049954660895283,0
0.477350217945769,1.324356649094738,1.318332876615054,-0.494194033044026,-0.26914487394537295,-0.2409223152399194,0.7765644111210449,-0.9108325581551378,1.0453073868873908,-0.6530953403124257,-0.8318938497948913,-0.2233564561616649,-0.4209073972747873,0.01282387358236278,2.550223707327859,-0.3190660632816967,-0.20303718023695766,-0.4882520792370033,0.5150558510835702,0.7970715001101324,-0.5323860331056228,0.6396405751565781,0.07861421863054686,-1.0039759700763282,0
-0.10298480462153559,-0.6232672191450337,2.4403183035214826,-0.38110389269492945,0.1885832054531156,0.13630474968451156,-0.7997991377241395,1.8835269957806673,1.0453073868873908,-0.6530953403124257,1.2020764431021533,0.7837257938426212,2.375819494916491,-0.6803584822210322,-1.270765953241209,-0.3190660632816967,-0.20303718023695766,2.048122358357819,0.17465376772616464,-1.2545925928374415,-0.8775440185973742,-1.3252721060621526,-0.8202002671345758,0.9569365466033026,0
-0.4531969764857789,2.3064683182811057,-0.9256379771978037,-0.5799984033593144,-0.3353000516571118,-0.3219654474324804,-0.02812598566928213,-0.23666523038124843,0.038752368218742915,1.531170011903045,1.2020764431021533,-0.36722534901942006,-0.4209073972747873,-0.6803584822210322,-0.7205943264754671,-0.3190660632816967,-0.20303718023695766,2.048122358357819,0.13193102364218784,0.7970715001101324,-0.8829318743758617,1.1987291424200475,1.0946467374589373,-1.2104668764325441,0
-1.6444050617746246,-0.17332808737191105,2.4403183035214826,0.3689015532612966,-0.33630777416786856,-0.3375082877286002,-0.8604717993135607,1.516362239937754,-0.9678026504499049,-0.6530953403124257,1.2020764431021533,-1.230438706165951,-0.4209073972747873,0.01282387358236278,0.12414564414461549,2.8244419493458564,-0.20303718023695766,-0.4882520792370033,-0.401134520254523,0.7970715001101324,0.8246193543706763,-2.8877707030008666,0.810721828789884,2.3144700590088894,0
1.2403077095950226,0.633849426311557,-0.9256379771978037,-0.20470586650454195,-0.3199291981503373,-0.3254549193743357,-0.7588243384787983,-1.8541960279804666,1.0453073868873908,-0.6530953403124257,-0.8318938497948913,-1.230438706165951,-0.4209073972747873,-1.3735408380244272,-0.9425917896275611,-0.3190660632816967,-0.20303718023695766,-0.4882520792370033,-0.5702912834555857,0.7970715001101324,-0.6611220072122689,-0.5236613905693395,0.4854228316871782,-1.2075792597834067,0
-1.1171734234338917,0.10503836466091179,-0.9256379771978037,-0.31741277787256694,0.08128613982744555,-0.018234093471635727,-0.7993929383466067,-0.8932333495648545,2.0518624055560384,-0.6530953403124257,-0.8318938497948913,-1.0865698133081958,-0.4209073972747873,2.0923709409925477,-1.2091034410420738,2.8244419493458564,-0.20303718023695766,2.048122358357819,-0.13974972634051025,0.7970715001101324,-0.6656970883361528,-1.4874565415362682,-0.2356172053600728,0.8611436555218829,0
0.42334750089861434,0.1655084907354902,0.1963474497086251,-0.25187633723492353,0.12089128867221592,-0.03641665999453948,0.08170855480216387,1.564701520649027,-0.9678026504499049,-0.6530953403124257,-0.8318938497948913,1.2153324724158867,-0.4209073972747873,-0.6803584822210322,0.058067974402258415,-0.3190660632816967,-0.20303718023695766,-0.4882520792370033,-0.0020109563511001307,0.7970715001101324,-0.7972315889071562,0.7936051352352512,0.10823677559525732,-0.6560064348839375,0
0.8763772480338258,-0.06298230586442488,-0.9256379771978037,0.4249473862984508,2.8030403629185954,0.5107405536073293,0.3865272123594749,-0.006713641848207691,0.038752368218742915,-0.6530953403124257,1.2020764431021533,-0.5110942418771752,-0.4209073972747873,-1.3735408380244272,-0.4918157687057415,2.8244419493458564,-0.20303718023695766,-0.4882520792370033,-1.2664417402910064,-1.2545925928374415,1.5492910079669648,-0.663615550381617,1.0327640930575284,1.5271052427738978,0
0.00824113491052529,-0.8029671915580223,2.4403183035214826,0.36431602705090643,1.1018777086146043,0.07267106703760651,-0.1258938072853567,-1.0672064383171924,0.038752368218742915,1.531170011903045,-0.8318938497948913,-0.9427009204504406,-0.4209073972747873,1.3991885851891528,0.5443830153284802,2.8244419493458564,-0.20303718023695766,-0.4882520792370033,1.1269201793241166,0.7970715001101324,-0.07339191161187537,-1.0968936041423811,1.3452020478938265,1.4713465688353116,0
0.1686545387440932,-0.6427643558371764,-0.9256379771978037,-0.44446771071106456,0.17457624625252863,0.22650718987443386,-0.3486070909935392,0.9747674794470154,-0.9678026504499049,-0.6530953403124257,-0.8318938497948913,-0.7988320275926855,-0.4209073972747873,-0.6803584822210322,-2.6330595904187413,-0.3190660632816967,-0.20303718023695766,-0.4882520792370033,0.5956645301192097,-1.2545925928374415,-0.5855294002771813,1.0626514569772032,1.0952271018962114,-0.759720512698995,0
1.4470582397115415,2.929697900662085,1.318332876615054,-0.47868983099796947,-0.07698059376812466,-0.008593729099660361,0.026733498019887923,0.01568217552062609,0.038752368218742915,1.531170011903045,-0.8318938497948913,-0.36722534901942006,-0.4209073972747873,0.7060062293857579,0.5897912637919068,-0.3190660632816967,-0.20303718023695766,-0.4882520792370033,-1.3688558989752506,0.7970715001101324,-0.16790446913256646,0.2051424556706134,-0.2594909974976385,-0.8942501575510167,0
0.2611219742246982,-0.0702480373527688,-0.9256379771978037,6.275242842917917,-0.19574312158593246,-0.3330406791663473,-0.3251581299926232,0.6578710138724202,-0.9678026504499049,-0.6530953403124257,-0.8318938497948913,1.5030702581313968,2.375819494916491,-1.3735408380244272,0.9541712658200486,-0.3190660632816967,-0.20303718023695766,-0.4882520792370033,0.37499902352938713,-1.2545925928374415,-0.5060061298856958,-1.416354412160814,0.548277657682716,0.38704851559218256,0
-0.3308402657256459,0.8119559979808258,2.4403183035214826,-0.14510944398342965,-0.339645405669239,-0.33741730391936314,0.3905825043983946,1.6908897168388755,1.0453073868873908,-0.6530953403124257,1.2020764431021533,0.7837257938426212,-0.4209073972747873,1.3991885851891528,-0.1466493944316586,-0.3190660632816967,-0.20303718023695766,-0.4882520792370033,0.4191994073700651,0.7970715001101324,-0.748815107565846,-0.3967345178740489,-1.1609674001783061,-0.5552829938234864,0
0.5922835594741256,-0.8877887321790394,-0.9256379771978037,-0.5995779599275493,0.5003036737977381,1.675933886511208,-0.838082287529569,-1.3507385869009403,-0.9678026504499049,-0.6530953403124257,1.2020764431021533,0.9275946867003763,2.375819494916491,0.01282387358236278,-1.2762467375136046,-0.3190660632816967,-0.20303718023695766,-0.4882520792370033,2.338956299157288,0.7970715001101324,-0.27083794536108236,1.3054136825428688,1.409558269620978,2.442552751636098,1
-1.6444050617746246,1.411713236465005,-0.9256379771978037,-0.6604922574085141,-0.2946383111589268,-0.11980522677155775,1.1839110735592873,-0.6803392521579978,0.038752368218742915,1.531170011903045,-0.8318938497948913,-1.6620453847392165,-0.4209073972747873,0.7060062293857579,0.04274710957758221,-0.3190660632816967,-0.20303718023695766,2.048122358357819,2.3421143901622052,0.7970715001101324,-0.3484518338081185,0.2274138864794962,-1.9561258333794462,-0.32878412094464243,0
1.090389443167931,-0.4436368434476457,0.1963474497086251,0.025139163069409207,-0.06651961890082811,-0.22505006871874927,-0.9630299094293434,0.4768232855158463,0.038752368218742915,1.531170011903045,-0.8318938497948913,-0.36722534901942006,-0.4209073972747873,-0.6803584822210322,-0.7554928653341462,-0.3190660632816967,-0.20303718023695766,-0.4882520792370033,-0.620462415808101,-1.2545925928374415,-0.9072580375861653,1.259923979648223,0.02072177066245434,0.22558798581373626,0
-1.0890054043935053,0.04829531408243239,0.1963474497086251,-0.2409545278298947,-0.3160876074909865,-0.32195353560453427,-0.8037399532212068,0.6668365592688359,-0.9678026504499049,-0.6530953403124257,-0.8318938497948913,-0.6549631347349304,-0.4209073972747873,0.7060062293857579,0.9909243980342078,-0.3190660632816967,-0.20303718023695766,-0.4882520792370033,-0.9431729208412605,0.7970715001101324,0.04764672992207116,0.3213571467920113,0.06648756394167486,-0.708680121387852,0
-0.9345506105744721,0.33403291774571686,-0.9256379771978037,-0.6501379335069146,-0.3411893494857103,-0.32943534208659603,1.5503520019143584,-0.8778249600232042,2.0518624055560384,-0.6530953403124257,-0.8318938497948913,-0.2233564561616649,-0.4209073972747873,-0.6803584822210322,-1.2819680790520105,-0.3190660632816967,-0.20303718023695766,-0.4882520792370033,-0.3570552402198737,-1.2545925928374415,-0.2722997863702258,0.5087526059886026,1.4835121865055745,-1.0706801861899315,0
-0.060528248438450935,3.976606535147156,0.1963474497086251,0.2633438104986005,-0.33866810259155555,-0.33802350800763775,0.7342661880597324,1.8466270582184399,-0.9678026504499049,-0.6530953403124257,1.2020764431021533,-0.36722534901942006,-0.4209073972747873,-0.6803584822210322,0.0001952374315041117,2.8244419493458564,-0.20303718023695766,-0.4882520792370033,-0.9932856999188651,-1.2545925928374415,-0.9155855763242878,-1.3327992467669731,0.2757290262833776,0.8955610207481408,0
0.6192722661387731,1.2187546316263431,0.1963474497086251,-0.5582115288871486,-0.3147593521060479,-0.28694399845774404,0.8267369644925938,1.5468828699038142,-0.9678026504499049,-0.6530953403124257,1.2020764431021533,0.639856900984866,-0.4209073972747873,0.01282387358236278,-0.41184385220908504,-0.3190660632816967,-0.20303718023695766,-0.4882520792370033,-0.6819755333777507,0.7970715001101324,0.6765066302423389,-0.2928369238869044,0.44390632987866024,-1.3095601145829403,0
0.9520713921621904,0.5272651455076641,1.318332876615054,-0.5687681181839234,-0.293252172427089,-0.24193973070429872,-0.721838960900455,1.1895015584837774,0.038752368218742915,1.531170011903045,-0.8318938497948913,1.5030702581313968,-0.4209073972747873,-1.3735408380244272,0.40397865694799584,-0.3190660632816967,-0.20303718023695766,-0.4882520792370033,0.03224099864005443,0.7970715001101324,1.294507312673794,-0.06453627154113653,0.6894779014116028,-1.4715519520668805,0
-1.3423320201688291,-0.8159214901667701,-0.9256379771978037,-0.3752733971163677,-0.2936669593061756,-0.2955486736878362,-0.8624035904386551,0.12122432514345781,0.038752368218742915,-0.6530953403124257,-0.8318938497948913,-1.230438706165951,-0.4209073972747873,0.01282387358236278,0.15951382720464893,-0.3190660632816967,-0.20303718023695766,-0.4882520792370033,2.9069682809878814,0.7970715001101324,-0.05813572095850721,0.09031934102143828,0.7428884380502595,0.49647017078271816,0
-0.8822376140085493,0.7260338401632469,0.1963474497086251,-0.31079799360945354,-0.2490165902909068,-0.2690980189114876,-0.552426453184716,2.1435871150984105,-0.9678026504499049,-0.6530953403124257,-0.8318938497948913,-0.5110942418771752,-0.4209073972747873,-0.6803584822210322,0.4148024293753514,-0.3190660632816967,-0.20303718023695766,-0.4882520792370033,-0.5664712909368147,0.7970715001101324,-0.935190612941953,0.7231449987266301,-0.9002300997188893,-0.9111822948433459,0
0.03246241460067564,-0.437632496014154,-0.9256379771978037,-0.6111886798271541,-0.2774342200458311,-0.1657002435126956,0.5360089029328304,-1.5819239099313478,1.0453073868873908,-0.6530953403124257,-0.8318938497948913,-0.6549631347349304,-0.4209073972747873,-0.6803584822210322,0.7558009451054063,-0.3190660632816967,-0.20303718023695766,-0.4882520792370033,-0.8310557176196594,0.7970715001101324,-0.7067560536290295,-0.6169513929948148,-0.10891339468401437,-0.44628230931609175,0
0.782307870991004,-0.3205325869903241,-0.9256379771978037,-0.18151210337550414,-0.23769335892322635,-0.2792744874429797,-0.1459888838304064,-0.2816783716505611,-0.9678026504499049,-0.6530953403124257,1.2020764431021533,-0.9427009204504406,-0.4209073972747873,-0.6803584822210322,1.0123818975836207,2.8244419493458564,-0.20303718023695766,-0.4882520792370033,-1.2856585095223891,0.7970715001101324,-0.4699613625586651,0.21518255318233345,-0.7231763981749362,0.8149764138422076,0
0.17817192208496543,-0.02099960045365257,-0.9256379771978037,-0.5436438601653328,-0.26250345257415614,-0.20366617129782183,-0.5824450863466631,0.9158066351312395,-0.9678026504499049,1.531170011903045,1.2020764431021533,-1.6620453847392165,2.375819494916491,0.01282387358236278,-0.6702295725995878,-0.3190660632816967,-0.20303718023695766,-0.4882520792370033,-0.3385352360510843,-1.2545925928374415,-0.8757262949033316,1.3324756887140554,-1.6186624821941968,0.15485374475809105,0
-1.1494058611960634,-0.13170875140840463,0.1963474497086251,-0.07304075236701192,-0.34163560735190424,-0.33860619973563955,1.845973248480396,-0.8778915223129418,-0.9678026504499049,-0.6530953403124257,-0.8318938497948913,-0.5110942418771752,-0.4209073972747873,-0.6803584822210322,0.1476786162300898,-0.3190660632816967,-0.20303718023695766,2.048122358357819,0.7843717598933737,0.7970715001101324,-0.20052874177547553,1.3123507533784737,-0.10262510222182304,-0.3449235639758411,0
-1.179713317395933,-0.0665099449756399,0.1963474497086251,0.08337563237336994,-0.2918096226380631,-0.3196880448168136,-0.7665456053415066,-0.2682609020050441,-0.9678026504499049,1.531170011903045,1.2020764431021533,0.9275946867003763,-0.4209073972747873,-1.3735408380244272,0.8596462925288464,2.8244419493458564,-0.20303718023695766,-0.4882520792370033,-0.7302492691766934,0.7970715001101324,0.24859606550320337,0.3862050668810759,-0.3356528542675189,1.2489596712252564,0
-0.3233971809514525,-0.692474321210159,-0.9256379771978037,-0.16199047967401342,0.045657641204874665,-0.12570017441227904,-0.49547980810929876,0.88530282944545,1.0453073868873908,1.531170011903045,1.2020764431021533,-0.36722534901942006,-0.4209073972747873,0.7060062293857579,0.45297182523237334,2.8244419493458564,-0.20303718023695766,-0.4882520792370033,1.6779107389027867,-1.2545925928374415,-0.5174362044061502,1.2921719247630163,1.1475440364460954,0.564236449278156,0
-0.7413373409144939,-0.765602490438059,0.1963474497086251,-0.011917154209545536,-0.2761769709903666,-0.31024830860221353,-0.495132074080195,-1.7997318124825037,0.038752368218742915,1.531170011903045,-0.8318938497948913,-0.9427009204504406,2.375819494916491,0.01282387358236278,-1.118991660683313,-0.3190660632816967,-0.20303718023695766,-0.4882520792370033,1.1579737235181997,-1.2545925928374415,-0.7764905163607083,1.1797554645025041,-1.8271948226339687,0.4202762488443067,0
-0.16243120069021572,-0.2830502342896073,1.318332876615054,-0.22046342806434657,-0.10547741254596245,-0.19370593478482603,0.29060146049557645,-1.1916003203571925,-0.9678026504499049,1.531170011903045,-0.8318938497948913,-1.3743075990237061,-0.4209073972747873,0.01282387358236278,0.08143100593718362,-0.3190660632816967,-0.20303718023695766,-0.4882520792370033,-1.3917235361471,0.7970715001101324,-0.503873468174728,1.0973405000878738,0.4543119996654084,-0.8608517102485457,0
-0.5135609929700177,0.9318800740373219,-0.9256379771978037,-0.3418084092915414,-0.30246381539596945,-0.3064151616846557,0.017230651312124524,-0.7385932121561991,2.0518624055560384,-0.6530953403124257,-0.8318938497948913,1.646939150989152,-0.4209073972747873,-0.6803584822210322,0.40099310731501847,-0.3190660632816967,-0.20303718023695766,-0.4882520792370033,-0.29429357645020177,-1.2545925928374415,-0.47144704176053587,0.20794398651180226,-0.20410283157001927,-0.5088985670635225,0
-1.1370777212646765,-0.5665817992240094,0.1963474497086251,0.625692855061489,0.17052834710153048,-0.22122462083181202,2.6195380793367486,0.1841677750487674,-0.9678026504499049,-0.6530953403124257,1.2020764431021533,0.7837257938426212,-0.4209073972747873,0.7060062293857579,-0.6672860618293702,-0.3190660632816967,-0.20303718023695766,-0.4882520792370033,1.898716531422847,0.7970715001101324,0.076679540100172,0.6292294694315516,0.8515269437317834,-1.0709778498370464,0
-0.16815688704542056,0.3819891067213989,0.1963474497086251,-0.6711854470568711,-0.3273517636860375,-0.2527532566681446,1.0666312789595935,-0.8554640812704017,0.038752368218742915,-0.6530953403124257,-0.8318938497948913,1.0714635795581315,-0.4209073972747873,0.7060062293857579,-1.0102201107905682,-0.3190660632816967,-0.20303718023695766,-0.4882520792370033,0.6135908508036972,0.7970715001101324,-0.04437053600041142,0.04540851834302672,-0.7067170217862401,-0.37698368429898077,0
2.61994505026077,-0.007860465735583588,1.318332876615054,0.021583151042215986,-0.32625032575916985,-0.33234821407426307,-0.2603926586850715,-1.2284064716892271,2.0518624055560384,-0.6530953403124257,1.2020764431021533,1.3592013652736417,-0.4209073972747873,0.01282387358236278,-0.5332087768537839,-0.3190660632816967,-0.20303718023695766,-0.4882520792370033,-0.6830758485514334,0.7970715001101324,0.3508660676338059,1.4324649862118517,1.2285070916888208,-0.7895448043105869,0
-1.2014795617250318,0.30781203122085904,0.1963474497086251,-0.054352951066353135,-0.18527527935454605,-0.26642103730128175,0.665309991396845,-0.511401373338196,-0.9678026504499049,-0.6530953403124257,-0.8318938497948913,-0.9427009204504406,-0.4209073972747873,-1.3735408380244272,0.043942061522881354,-0.3190660632816967,-0.20303718023695766,-0.4882520792370033,-1.0847298343294147,-1.2545925928374415,-0.30939156835881576,0.8495056445750352,1.703799759651562,-0.5905470168354275,0
0.9948034484577213,-0.5484530762283708,-0.9256379771978037,1.1987414132217922,-0.2784985724980698,-0.3290693084196364,1.1042292929153281,1.6823735730003169,-0.9678026504499049,1.531170011903045,-0.8318938497948913,0.3521191152693557,-0.4209073972747873,0.01282387358236278,1.5351542391090542,-0.3190660632816967,-0.20303718023695766,-0.4882520792370033,0.8113741994970427,-1.2545925928374415,-0.7280557972035868,-1.5106324460801346,-0.28894133035692254,-1.0271740812749548,0
0.21424734301550816,-0.8908098848778027,1.318332876615054,-0.5061395631272723,-0.19097230104944113,-0.1268011663107942,-0.9651314512655325,-0.9722568865120778,-0.9678026504499049,-0.6530953403124257,-0.8318938497948913,-1.0865698133081958,-0.4209073972747873,0.01282387358236278,-1.2934357018358258,-0.3190660632816967,-0.20303718023695766,2.048122358357819,-1.401553291916295,0.7970715001101324,-0.5784774853383712,0.4677335287751294,1.226285457979151,0.2630296127619035,0
-1.6444050617746246,0.8513205808744867,1.318332876615054,-0.579494329879963,-0.029435046133895238,0.311069604488899,2.466267019564994,0.9560897193978367,2.0518624055560384,1.531170011903045,-0.8318938497948913,0.3521191152693557,2.375819494916491,2.0923709409925477,0.18878564269221645,-0.3190660632816967,-0.20303718023695766,-0.4882520792370033,1.8958266004273139,-1.2545925928374415,1.1305998308935035,0.9311128671573558,0.7985202087487749,0.5130796364351593,0
0.10726982515069346,1.2298356356589077,0.1963474497086251,-0.1993020083541322,0.23635603237298522,0.0014450166019843536,1.0392444552774787,-0.5992605297811117,-0.9678026504499049,1.531170011903045,1.2020764431021533,-0.5110942418771752,2.375819494916491,-0.6803584822210322,0.5750439487102865,-0.3190660632816967,-0.20303718023695766,-0.4882520792370033,-1.0132488691820896,0.7970715001101324,-0.20222266671168,-0.05038238687847715,-0.7889821169160887,1.118934489437659,0
0.9410794386925839,-0.4881177127474356,-0.9256379771978037,-0.5190805391022811,0.024343032565687105,0.2044487958515947,-0.8492491769584366,-1.1217634366465745,-0.9678026504499049,-0.6530953403124257,-0.8318938497948913,0.0643813295538454,-0.4209073972747873,0.01282387358236278,0.7964580490031046,-0.3190660632816967,-0.20303718023695766,-0.4882520792370033,-1.3530953568683035,-1.2545925928374415,0.08154071826173993,-1.5923198730179942,0.7605373207668337,0.5389609222459993,0
2.5598075667346776,-0.8259504449402953,-0.9256379771978037,-0.08696454738198364,-0.33278066001553663,-0.3342869634964579,0.7729452038029846,-0.8111267128066083,-0.9678026504499049,-0.6530953403124257,-0.8318938497948913,1.3592013652736417,-0.4209073972747873,-1.3735408380244272,0.5160539464545535,-0.3190660632816967,-0.20303718023695766,-0.4882520792370033,-0.3853938818671504,-1.2545925928374415,1.2852332224192413,0.04735823340228452,-0.7335730328479372,-1.003100767128326,0
-0.8872374658105386,-0.16034793565280525,-0.9256379771978037,-0.04189892160291767,-0.3138611921984055,-0.32605759446307236,-0.022645084165907062,0.3936170779155718,1.0453073868873908,-0.6530953403124257,1.2020764431021533,1.5030702581313968,-0.4209073972747873,1.3991885851891528,-0.4219509528892618,-0.3190660632816967,-0.20303718023695766,-0.4882520792370033,-0.3294839681352316,-1.2545925928374415,-0.26889994370684867,1.2621398415506582,-1.8031416766460209,-0.6420686467345266,0
-0.8201974834034497,-0.8106219593078201,-0.9256379771978037,-0.1552570356611723,-0.18032366632688537,-0.25088568120386157,-0.8028567466940599,0.867032747796324,-0.9678026504499049,-0.6530953403124257,1.2020764431021533,-1.3743075990237061,-0.4209073972747873,0.01282387358236278,0.7285959688645722,2.8244419493458564,-0.20303718023695766,-0.4882520792370033,1.3886693497975378,-1.2545925928374415,-0.9596567954735347,0.9174363513814262,-0.6392225400781246,0.9866742000854091,0
-1.247755719573598,-0.7715306481665106,-0.9256379771978037,-0.25707039186224057,-0.3376422963074561,-0.33557029922065623,0.5035430708531984,3.106354964075335,1.0453073868873908,-0.6530953403124257,1.2020764431021533,-1.230438706165951,-0.4209073972747873,0.7060062293857579,-0.10312631792083579,-0.3190660632816967,-0.20303718023695766,-0.4882520792370033,-0.49654374761993586,0.7970715001101324,-0.5288830873177901,-0.6459334568964562,-0.541454288941719,-0.4737629792048921,0
0.12581479470231396,0.23678310423627996,-0.9256379771978037,-0.42032956530274634,-0.19133747871738896,-0.1860852264647387,-0.5177929118214586,-0.8770314875872219,-0.9678026504499049,1.531170011903045,-0.8318938497948913,-1.0865698133081958,-0.4209073972747873,-1.3735408380244272,0.22688355901502635,-0.3190660632816967,4.689424994147564,-0.4882520792370033,-0.8044270064870603,0.7970715001101324,0.8274855384002097,0.1650346539169388,0.096152030969172,1.8380708608304972,0
0.2671542860876942,-0.6561772059426444,-0.9256379771978037,-0.10084120632204746,-0.25589845608463707,-0.2960392904195319,-0.7130622435352687,-1.5991737389571994,0.038752368218742915,1.531170011903045,1.2020764431021533,-0.36722534901942006,-0.4209073972747873,0.01282387358236278,-1.7930674202565848,-0.3190660632816967,-0.20303718023695766,-0.4882520792370033,0.1117167711657358,0.7970715001101324,0.0771895525119116,-0.6256844493075874,1.4597252937906926,-0.7389324184384697,0
-1.3572620142336034,-0.570031674535467,-0.9256379771978037,-0.3333520038659721,-0.21118906129355822,-0.2353413582698269,0.5863618087024313,-1.3093198138456725,1.0453073868873908,1.531170011903045,1.2020764431021533,-0.7988320275926855,-0.4209073972747873,-0.6803584822210322,1.5052548334600193,-0.3190660632816967,-0.20303718023695766,-0.4882520792370033,-0.44419423028455124,0.7970715001101324,-0.9414415738510811,0.39551588266591675,-0.16846871097324484,-0.7087744622389862,0
-0.4506998335186002,0.5032423703577367,-0.9256379771978037,-0.16524067495371952,-0.14449694226042537,-0.22952442006440194,-0.6424232355778828,-0.8092396626445331,1.0453073868873908,-0.6530953403124257,-0.8318938497948913,1.3592013652736417,2.375819494916491,-0.6803584822210322,-1.3291930891748298,-0.3190660632816967,-0.20303718023695766,-0.4882520792370033,-1.060242351654469,0.7970715001101324,-0.7679900296672724,0.09895656726735623,0.6407524779966256,0.3246464598156455,0
-0.15721684173081232,-0.9279846217362233,-0.9256379771978037,-0.7059616883277312,0.2626574249927871,7.432515057116169,1.8783418935269554,-1.2927625528755597,-0.9678026504499049,1.531170011903045,1.2020764431021533,-0.36722534901942006,-0.4209073972747873,1.3991885851891528,0.008734529444716841,-0.3190660632816967,-0.20303718023695766,-0.4882520792370033,0.685273763258463,0.7970715001101324,-0.7556330078180513,0.6501435131185235,-1.0808323702310119,-0.5057082847255105,0
1.124631475334219,0.6540875434743717,0.1963474497086251,0.34963720815245153,-0.28740446554623345,-0.3233334875882862,-0.8722020624375507,1.9875515500159597,-0.9678026504499049,-0.6530953403124257,-0.8318938497948913,-0.7988320275926855,-0.4209073972747873,0.7060062293857579,-0.6063760773606569,-0.3190660632816967,-0.20303718023695766,2.048122358357819,0.23783572368969674,0.7970715001101324,-0.2804988656658733,-1.132259600300601,0.021048635353512524,0.18831108169172173,0
2.61994505026077,0.6423248564982907,0.1963474497086251,-0.5254918750558939,-0.19627912344198406,-0.11478066185399687,0.18316176286081243,-0.16800994425730328,2.0518624055560384,-0.6530953403124257,-0.8318938497948913,-1.3743075990237061,-0.4209073972747873,-0.6803584822210322,1.1520637602635206,-0.3190660632816967,-0.20303718023695766,-0.4882520792370033,0.22435322238223102,-1.2545925928374415,-0.03343750634029678,-2.2461701534832823,-1.6293742752805211,-0.8151788824871105,0
2.5720237861355275,-0.2162452674748334,0.1963474497086251,-0.5804033363198419,1.0132591073479187,2.486319609027221,-0.5354112499918099,-1.5463006667409236,0.038752368218742915,1.531170011903045,1.2020764431021533,1.0714635795581315,-0.4209073972747873,2.7855532967959427,-0.8356183538903648,-0.3190660632816967,-0.20303718023695766,-0.4882520792370033,0.43623362784994496,0.7970715001101324,-0.4072011556626924,0.6411075125398126,-1.3172767920488824,0.23577469415524516,0
-0.21973331868985893,-0.8164653924649016,1.318332876615054,-0.08017257678084244,-0.31201317043886945,-0.32437068069192093,-0.5484584466117984,-1.0299251300625296,2.0518624055560384,-0.6530953403124257,1.2020764431021533,1.0714635795581315,-0.4209073972747873,-1.3735408380244272,0.6296005123851683,-0.3190660632816967,-0.20303718023695766,2.048122358357819,-1.1462389501386219,0.7970715001101324,-0.5543626889956165,-2.226332558540343,-1.8558589006890325,-0.5334675610061032,0
0.6421908622963506,0.08999026073565052,-0.9256379771978037,-0.18439078756342936,-0.31812771294929004,-0.32495255624135033,-0.6315238807320567,-1.5356004069879945,1.0453073868873908,-0.6530953403124257,1.2020764431021533,1.2153324724158867,-0.4209073972747873,-0.6803584822210322,0.18528543112583457,-0.3190660632816967,-0.20303718023695766,-0.4882520792370033,-0.3397766388721324,-1.2545925928374415,-0.741028423111115,0.9953475573872599,1.1256292886425847,-1.0198641777604394,0
-1.3608239355843905,-0.27410027769088346,-0.9256379771978037,-0.5449328900514531,-0.32384671753081945,-0.3060212042411582,-0.7667628430963422,0.32918661251461984,0.038752368218742915,-0.6530953403124257,-0.8318938497948913,0.0643813295538454,2.375819494916491,-0.6803584822210322,-0.2283176851443333,-0.3190660632816967,-0.20303718023695766,-0.4882520792370033,-0.6427656588608264,-1.2545925928374415,-0.22335344397024848,0.9278836899356703,-1.9403296612925864,0.8528779328747905,0
0.2017655920337395,1.5970890163653457,-0.9256379771978037,-0.3688460640178735,-0.3227101572273348,-0.32141594658997763,0.2279571194555927,0.9357362975830709,-0.9678026504499049,1.531170011903045,1.2020764431021533,-0.36722534901942006,-0.4209073972747873,2.0923709409925477,-0.1375642156541647,-0.3190660632816967,-0.20303718023695766,-0.4882520792370033,-0.7289136681463928,0.7970715001101324,-0.14533952514119095,0.1625934384902526,0.1870109430257676,-0.5676907414100386,0
-0.07052299492204883,0.6879420225794449,1.318332876615054,-0.2815839335457612,0.05338219405729963,-0.06330919288765405,-0.21609807963099997,1.4370302849352803,0.038752368218742915,1.531170011903045,-0.8318938497948913,0.20825022241160054,2.375819494916491,-0.6803584822210322,-0.6227314527681133,2.8244419493458564,-0.20303718023695766,2.048122358357819,-0.15172495654848928,-1.2545925928374415,-0.4756252185991564,0.32446570722136137,-1.7970970954622212,2.2538944162661263,0
-0.392029399098901,-0.6905747927485772,-0.9256379771978037,-0.23714485745573607,-0.28551502736605455,-0.30273711850636537,0.2637739755554807,-0.4005948128532189,0.038752368218742915,-0.6530953403124257,-0.8318938497948913,-0.7988320275926855,-0.4209073972747873,-1.3735408380244272,-0.628487890142068,-0.3190660632816967,-0.20303718023695766,-0.4882520792370033,-1.0448072184634543,0.7970715001101324,-0.979882488932751,1.0822643352380559,0.34726418119496394,-0.5348276340720578,0
-1.035345923989011,-0.960968692852277,1.318332876615054,-0.05264911862394333,-0.32271535508332005,-0.32992108696985484,-0.14635091389040464,-0.6280962651550313,0.038752368218742915,-0.6530953403124257,1.2020764431021533,1.5030702581313968,-0.4209073972747873,-1.3735408380244272,-1.1600867209779575,-0.3190660632816967,-0.20303718023695766,-0.4882520792370033,-0.38393636194239167,-1.2545925928374415,1.2812263922613463,1.2711721762882726,-0.33085379446171365,-0.71115036179428,0
0.5775093512971863,-0.5784755961389375,0.1963474497086251,-0.17408506471597454,3.390460134936447,1.7562381336376187,-0.6090317116416641,-0.44262656378380927,-0.9678026504499049,-0.6530953403124257,-0.8318938497948913,-1.230438706165951,-0.4209073972747873,0.7060062293857579,-0.055416423069898336,-0.3190660632816967,-0.20303718023695766,-0.4882520792370033,0.5749874937103233,-1.2545925928374415,-0.26956909697384523,0.8685963137015147,0.3147565157717972,0.4230272967705554,0
-0.10411773497709677,0.7528900949997721,-0.9256379771978037,-0.5564591012608539,-0.26648617041935413,-0.20079519285024097,-0.16448863569404112,-0.4394037909621859,0.038752368218742915,-0.6530953403124257,-0.8318938497948913,0.49598800812711086,-0.4209073972747873,0.01282387358236278,-0.8636028093998227,-0.3190660632816967,-0.20303718023695766,-0.4882520792370033,-0.019668129685986975,-1.2545925928374415,-0.22736343714835297,-0.7294695562244198,-0.5595339200543402,-0.6558231469702928,0
-0.7250421043681883,-0.3403076743724407,0.1963474497086251,-0.6162787437213529,0.3696000284504378,1.6133014077434722,-0.42454720101641386,-1.3875299332554252,2.0518624055560384,-0.6530953403124257,-0.8318938497948913,0.639856900984866,2.375819494916491,-0.6803584822210322,0.9450511302789514,-0.3190660632816967,4.689424994147564,-0.4882520792370033,0.2074296592127142,-1.2545925928374415,0.5064485330285413,0.7769137099915864,0.9353090579443029,2.7782381819974646,1
0.5961087352663959,0.5788006695609024,0.1963474497086251,-0.6473711580117097,-0.32638167727170175,-0.27404619033888905,0.47599261516301433,0.3613568672732036,0.038752368218742915,-0.6530953403124257,1.2020764431021533,-0.6549631347349304,-0.4209073972747873,-0.6803584822210322,0.20714089469381364,-0.3190660632816967,-0.20303718023695766,-0.4882520792370033,-0.49674617885695344,0.7970715001101324,-0.06781169136616018,-3.0032293413249347,-0.9945761078654267,-0.40155153538199645,0
-1.6444050617746246,-0.3033473860314612,0.1963474497086251,1.9536763986700272,-0.17690997197888686,-0.3202259454305759,-0.1526903175576091,1.837933075228354,-0.9678026504499049,-0.6530953403124257,1.2020764431021533,-0.07948756330390976,-0.4209073972747873,-1.3735408380244272,-0.45722343111342406,-0.3190660632816967,-0.20303718023695766,-0.4882520792370033,-0.9856545916090076,-1.2545925928374415,-0.3430930909530845,0.5240476962193994,1.4390864773124115,-0.8113921539903387,0
-0.08936740006425282,-0.7987307991447412,0.1963474497086251,0.773302715371861,-0.1725429725437478,-0.30407961426125263,1.5598938677973773,-0.1259603588098808,-0.9678026504499049,1.531170011903045,-0.8318938497948913,1.646939150989152,-0.4209073972747873,-0.6803584822210322,0.41916882090432256,-0.3190660632816967,-0.20303718023695766,-0.4882520792370033,-0.4018461821069811,0.7970715001101324,-0.9720965271567941,-1.3193607987967422,0.5287625432423999,-0.31342683660128123,0
-0.7295193831442457,0.29154819025182355,1.318332876615054,2.2874246987709643,-0.22784677702327896,-0.3276424331066772,1.9009161713120202,0.047292074559739536,1.0453073868873908,1.531170011903045,-0.8318938497948913,0.639856900984866,-0.4209073972747873,2.7855532967959427,1.4670764173163329,-0.3190660632816967,-0.20303718023695766,2.048122358357819,-0.3602502324581251,0.7970715001101324,-0.596840959354893,0.9347065725192008,-0.475871969520924,-0.4317532569925084,0
0.5860848285581144,0.288659173435453,1.318332876615054,-0.4304674867749496,0.7906827016021032,0.8415269673563424,-0.9252920731721512,0.06827482411123462,-0.9678026504499049,-0.6530953403124257,1.2020764431021533,-0.07948756330390976,-0.4209073972747873,0.01282387358236278,-0.18232710582130407,-0.3190660632816967,-0.20303718023695766,-0.4882520792370033,-0.05302830365894532,0.7970715001101324,-0.8276847000833156,-2.3424564309805804,-0.6274877595345703,1.2757623759315144,0
1.7336050696330734,0.8508913325581671,-0.9256379771978037,0.37192177794818987,-0.31111201178520437,-0.33037787987767525,0.48156086281030364,0.03688946634809235,-0.9678026504499049,1.531170011903045,1.2020764431021533,-0.6549631347349304,-0.4209073972747873,0.01282387358236278,0.33873425114594397,-0.3190660632816967,-0.20303718023695766,-0.4882520792370033,-0.5539744031285007,0.7970715001101324,-0.1250675908341226,-1.4103881946095596,-0.03125527440484053,-0.471085319335496,0
-0.6016882601990599,0.924656261645729,-0.9256379771978037,0.17368120016464125,-0.280004154498832,-0.31760412176684194,0.27637242204281554,-0.5279521402981154,-0.9678026504499049,-0.6530953403124257,-0.8318938497948913,0.639856900984866,-0.4209073972747873,0.7060062293857579,-0.11610547860867176,-0.3190660632816967,-0.20303718023695766,2.048122358357819,-0.0736769390878542,-1.2545925928374415,0.4315537689375031,0.5524085640687469,-0.9183531240535499,0.1086804618448969,0
1.0167954830121988,3.925860975447131,-0.9256379771978037,-0.5568407003583786,-0.2722680293350183,-0.21089460055254364,-0.10713394639845018,1.3095890949443385,1.0453073868873908,-0.6530953403124257,-0.8318938497948913,-0.7988320275926855,-0.4209073972747873,0.01282387358236278,-2.1098709052643096,-0.3190660632816967,-0.20303718023695766,-0.4882520792370033,-1.1868474688315773,0.7970715001101324,-0.07151652305136498,0.994857489116597,0.2253996665973068,-0.9963947100498544,0
-0.9503800649712251,-0.851067407423085,-0.9256379771978037,0.43366683909144776,0.011820182084372003,-0.24425626159390362,0.2622265520308166,0.6032155416026985,0.038752368218742915,-0.6530953403124257,1.2020764431021533,-0.5110942418771752,-0.4209073972747873,-0.6803584822210322,-0.6529369689147948,-0.3190660632816967,-0.20303718023695766,-0.4882520792370033,0.1386165272598382,-1.2545925928374415,-0.7450550359527048,-0.4185268415440652,-0.9285414611412803,-0.8388455419276534,0
-0.5069569996476534,1.2931626473568147,-0.9256379771978037,-0.4005875317694742,-0.23447833471777063,-0.23612437387176208,-0.1957276666362659,-0.8602353226388996,-0.9678026504499049,-0.6530953403124257,-0.8318938497948913,-1.230438706165951,-0.4209073972747873,0.01282387358236278,0.36026536443906243,-0.3190660632816967,-0.20303718023695766,-0.4882520792370033,2.3779267459864406,0.7970715001101324,-0.8520712059822229,0.5092015229326743,0.8102930320002664,-0.563435445296898,0
-1.2662134604358948,-0.3661951028925508,3.5623037304279115,-0.6327867099811131,-0.03373344791000474,0.6528518029879403,1.1744058934783765,-0.16517502140769327,-0.9678026504499049,-0.6530953403124257,-0.8318938497948913,-0.7988320275926855,-0.4209073972747873,-0.6803584822210322,0.644089812110095,-0.3190660632816967,-0.20303718023695766,2.048122358357819,-0.8101789336586305,0.7970715001101324,-0.9650463645056768,1.4161889596015884,0.3270802213370148,-0.15373765609733603,0
0.29461561326435143,0.6787220373861403,-0.9256379771978037,2.587492658760267,-0.31458564092340974,-0.3368891411654436,-0.8820904089302076,-1.1067912769758925,0.038752368218742915,-0.6530953403124257,1.2020764431021533,0.20825022241160054,-0.4209073972747873,-0.6803584822210322,-1.0571105174557973,2.8244419493458564,-0.20303718023695766,2.048122358357819,-1.2489716971230662,-1.2545925928374415,-0.20656910514187385,-0.33548682445378925,-0.27104428416795284,2.1257186951434432,0
1.3479989170532345,-0.5923671905952074,0.1963474497086251,-0.01715138589873794,-0.15198561230973467,-0.2556677887899439,-0.8298423152339321,-0.11881919756356296,-0.9678026504499049,-0.6530953403124257,1.2020764431021533,1.2153324724158867,-0.4209073972747873,1.3991885851891528,0.6036915905905874,-0.3190660632816967,-0.20303718023695766,-0.4882520792370033,-1.1317712730351102,-1.2545925928374415,-0.44610436136950676,-0.0023485482586025515,0.3360261387251507,0.4390751774983408,0
-1.1902519909978626,-0.8499390441315875,0.1963474497086251,-0.5682294152420804,-0.16678052163124488,0.0013200379939120963,-0.6393207847058952,-1.3969129340872823,0.038752368218742915,-0.6530953403124257,-0.8318938497948913,1.0714635795581315,-0.4209073972747873,0.7060062293857579,1.3030550012616677,-0.3190660632816967,-0.20303718023695766,-0.4882520792370033,0.9261024281483186,-1.2545925928374415,-0.7195682771308779,0.049202130500316535,1.6393367622480552,-0.6730768996811024,0
1.0642285513563452,-0.7529497453681742,-0.9256379771978037,-0.10060316347965402,-0.12128787126461164,-0.2293209585823146,-0.6974875003665392,-0.0035613019583311594,1.0453073868873908,-0.6530953403124257,-0.8318938497948913,-1.230438706165951,-0.4209073972747873,1.3991885851891528,-2.2532448502411793,-0.3190660632816967,-0.20303718023695766,-0.4882520792370033,-1.082297281376032,0.7970715001101324,-0.11368439015155356,0.2941658462870629,0.26126091440626015,-0.8841371482748107,0
0.11178208232868142,0.8083825600118194,-0.9256379771978037,-0.4341153445612007,-0.3223252878126444,-0.31699484711304454,-0.5551232887201389,-0.7167474190040413,1.0453073868873908,-0.6530953403124257,-0.8318938497948913,1.3592013652736417,-0.4209073972747873,1.3991885851891528,0.19090073046874864,-0.3190660632816967,-0.20303718023695766,-0.4882520792370033,1.2335351520110212,0.7970715001101324,0.7936431662380983,0.9600894523426846,-0.6729864300936801,-0.42088051343078775,0
-1.6016843908851344,-0.23854569397708145,0.1963474497086251,-0.18706341390311568,-0.21385813093151285,-0.26496042437681505,-0.38441795586182814,0.5285442508564334,-0.9678026504499049,1.531170011903045,1.2020764431021533,1.646939150989152,-0.4209073972747873,0.7060062293857579,-0.1627829991850021,-0.3190660632816967,-0.20303718023695766,-0.4882520792370033,-0.8228351608936703,-1.2545925928374415,-0.5592053616515092,-1.4439720819465147,-1.5498440752207903,-0.833284762718614,0
0.7421574693841966,0.5722094852290477,0.1963474497086251,0.7601965801172584,0.9747687078846273,-0.06346127018380049,-0.6641729875790651,-0.8376814743235981,0.038752368218742915,-0.6530953403124257,1.2020764431021533,-0.5110942418771752,-0.4209073972747873,0.7060062293857579,-0.12931954113579786,-0.3190660632816967,-0.20303718023695766,2.048122358357819,-0.2354402038605245,0.7970715001101324,0.21728191551072334,-0.2773056616947966,0.8875378952086839,0.2632493280971473,0
-0.5073258114698982,0.72218399646748,0.1963474497086251,-0.4513829232314702,-0.18492819434193808,-0.16181728961928774,-0.26297354217587515,-0.673928384506282,0.038752368218742915,-0.6530953403124257,-0.8318938497948913,-1.3743075990237061,-0.4209073972747873,0.01282387358236278,1.1687751549206622,-0.3190660632816967,-0.20303718023695766,-0.4882520792370033,-0.37173699284970463,-1.2545925928374415,0.015841544543495595,0.9913506245596398,-2.546750573964929,-0.4064794897768239,0
0.8595060095055665,0.9146875690707834,0.1963474497086251,-0.413099047779505,-0.3096209126026429,-0.3059922076525339,1.969219229733237,-0.845848749983523,-0.9678026504499049,-0.6530953403124257,-0.8318938497948913,1.5030702581313968,-0.4209073972747873,0.01282387358236278,-0.1789779159087675,-0.3190660632816967,4.689424994147564,-0.4882520792370033,1.047871151204559,-1.2545925928374415,-0.6912044713880503,0.3387809110687833,-0.18776225915680528,1.6723625667493218,0
0.32840031634367967,-0.6744715862113281,-0.9256379771978037,-0.5851514657541549,-0.33809949637427694,-0.3273583236483355,1.2112858616612594,-1.494479162167233,-0.9678026504499049,-0.6530953403124257,1.2020764431021533,-0.07948756330390976,-0.4209073972747873,0.7060062293857579,0.6154557962292307,-0.3190660632816967,-0.20303718023695766,-0.4882520792370033,-0.40210795644435177,0.7970715001101324,0.11031431011037955,-1.0502240562092886,0.6364286769472778,-0.6160335200098013,0
-0.8030411650818396,-0.2053168657678157,-0.9256379771978037,0.4718921397609118,0.36298698218139575,-0.15609810649128997,-0.9537666065298354,-0.596415004236157,0.038752368218742915,-0.6530953403124257,-0.8318938497948913,0.3521191152693557,-0.4209073972747873,0.01282387358236278,1.0219036271402746,-0.3190660632816967,-0.20303718023695766,-0.4882520792370033,-1.1404822346306873,0.7970715001101324,-0.7846609443600157,0.9301911428732097,1.4560379157873455,0.1643575871515941,0
-1.6444050617746246,0.5997706338299534,2.4403183035214826,0.8977404631078986,-0.20106580100449434,-0.31226695070592786,-0.5953084541604031,-0.6181615114575154,1.0453073868873908,-0.6530953403124257,1.2020764431021533,0.7837257938426212,-0.4209073972747873,0.01282387358236278,-1.1689760833628444,-0.3190660632816967,-0.20303718023695766,-0.4882520792370033,-0.5179831213018155,0.7970715001101324,5.129953544998977,-1.7296117983641024,-1.5395137101927157,-0.2891243398866135,0
-0.790271972171519,1.0202555871815933,-0.9256379771978037,0.06291111454806315,-0.17690137376501527,-0.27394919194137457,-0.5835496776678357,-1.3048691515789947,0.038752368218742915,-0.6530953403124257,1.2020764431021533,-0.36722534901942006,-0.4209073972747873,0.7060062293857579,0.09997944523327225,-0.3190660632816967,-0.20303718023695766,-0.4882520792370033,-0.9511488374392418,0.7970715001101324,-0.9139906606918257,1.047996527547402,0.850640428039394,-0.8808895206879898,0
-0.4518480176625766,-0.6924510029381337,0.1963474497086251,0.026650589267276672,-0.19592795650980008,-0.27864946077913416,0.2751001847482261,-0.2842111955977067,0.038752368218742915,-0.6530953403124257,1.2020764431021533,-0.36722534901942006,-0.4209073972747873,-1.3735408380244272,-0.2978712616726336,-0.3190660632816967,-0.20303718023695766,-0.4882520792370033,-0.18772784131867262,0.7970715001101324,-0.7906061933346007,0.021265212459580074,0.502484416414321,-0.4265052401335441,0
0.6880787861526553,0.4608567728315711,0.1963474497086251,3.919954458608167,-0.13641876591048113,-0.3257160559406402,0.5991446628326818,-0.8631769419786683,0.038752368218742915,-0.6530953403124257,-0.8318938497948913,-1.5181764918814613,-0.4209073972747873,-1.3735408380244272,0.5931272319886195,-0.3190660632816967,-0.20303718023695766,-0.4882520792370033,-0.6112017301741107,0.7970715001101324,-0.6399143589233465,0.14156420971989928,1.6764125135837284,-0.6734663857891936,0
-1.6444050617746246,-0.5261084033184613,0.1963474497086251,0.23874151242773767,-0.22089531641499768,-0.3000411528281573,-0.9066297659955397,0.224500558401999,0.038752368218742915,-0.6530953403124257,-0.8318938497948913,0.639856900984866,-0.4209073972747873,-1.3735408380244272,-0.2357319914174731,-0.3190660632816967,-0.20303718023695766,-0.4882520792370033,-0.6736850975555023,0.7970715001101324,-0.4245591095757953,-1.2184108962577238,-1.17325525077958,0.7696145905922973,0
-1.4391130999053043,-0.9374265506304426,-0.9256379771978037,0.8771163064489846,0.4912982888863692,-0.17744735936302533,-0.12872053738515846,2.489070263180655,0.038752368218742915,1.531170011903045,-0.8318938497948913,0.3521191152693557,2.375819494916491,-0.6803584822210322,1.4838453834474181,-0.3190660632816967,-0.20303718023695766,-0.4882520792370033,-0.6480960931298138,-1.2545925928374415,-0.9703485445097225,-0.3949166381968169,1.0856254060683448,0.8300715680698133,0
-0.3601145348951711,-0.9208949962055303,1.318332876615054,-0.562727792482081,-0.283865075566299,-0.2279748879289442,0.6404788802183597,1.7673169156873378,0.038752368218742915,-0.6530953403124257,-0.8318938497948913,-1.5181764918814613,-0.4209073972747873,-0.6803584822210322,0.5205992993873844,-0.3190660632816967,-0.20303718023695766,-0.4882520792370033,-0.8556814691283103,0.7970715001101324,-0.21100752731369785,0.705930002691257,0.8725799784808794,-0.46394379468703206,0
0.06519151546661264,-0.9020561877432001,-0.9256379771978037,-0.5787222749716942,-0.1339868657933619,0.09245143648843344,2.4866664965405474,0.17771845265416428,-0.9678026504499049,1.531170011903045,1.2020764431021533,0.9275946867003763,-0.4209073972747873,-0.6803584822210322,0.33047084536619764,-0.3190660632816967,-0.20303718023695766,-0.4882520792370033,-1.1745460152229867,-1.2545925928374415,-0.24400869573703168,0.8299711494481512,0.909042393621726,-0.9304818469192334,0
0.9106168194371931,2.6844533704076268,0.1963474497086251,1.8967444182687758,-0.1653005424597473,-0.3184256173520751,-0.9228689796698086,0.050737623203312716,2.0518624055560384,-0.6530953403124257,-0.8318938497948913,1.5030702581313968,-0.4209073972747873,0.01282387358236278,1.4408967380132203,-0.3190660632816967,-0.20303718023695766,-0.4882520792370033,0.6116142393387828,0.7970715001101324,0.34920326955028574,-0.9232693413335762,0.05680771714101732,0.5055630281693264,0
0.9136948391292337,0.08930392332676855,1.318332876615054,-0.6374617886149734,-0.31916860375466116,-0.2567958736366789,-0.959378508565358,0.07566602491427171,1.0453073868873908,-0.6530953403124257,1.2020764431021533,-0.9427009204504406,-0.4209073972747873,0.7060062293857579,-2.0498127205437546,-0.3190660632816967,-0.20303718023695766,-0.4882520792370033,-1.3667513434573584,0.7970715001101324,-0.6389319119872303,-1.1576371778177994,-0.08946771076794144,0.25241905813540083,0
-0.40754275394045664,-0.7010856881472473,2.4403183035214826,-0.49287639575852654,-0.3240761605907901,-0.31369308547545055,1.9904662646141489,0.22041340928055603,0.038752368218742915,-0.6530953403124257,1.2020764431021533,-0.36722534901942006,-0.4209073972747873,0.7060062293857579,-2.272339675655175,-0.3190660632816967,-0.20303718023695766,-0.4882520792370033,0.9052017779800842,0.7970715001101324,-0.36176176649193553,0.7050120045590735,1.2882641645428394,-0.9819856890138863,0
0.24415299585260414,-0.7665585679324207,-0.9256379771978037,0.041606066468678704,-0.3376915243106482,-0.3371644904655607,-0.9463501995985838,0.30506176775479243,-0.9678026504499049,-0.6530953403124257,-0.8318938497948913,-0.7988320275926855,-0.4209073972747873,-1.3735408380244272,-1.624187371369858,-0.3190660632816967,-0.20303718023695766,-0.4882520792370033,-1.0360031919268964,0.7970715001101324,-0.8166072196482727,0.7014187324976566,0.4411193707757969,0.4705070037426862,0
-1.6444050617746246,0.2025481292706968,-0.9256379771978037,0.39711499504413883,1.0019704606741267,0.033011681694996416,2.1175635700036164,-0.13484337419313192,0.038752368218742915,-0.6530953403124257,1.2020764431021533,-1.230438706165951,-0.4209073972747873,0.7060062293857579,-1.6617844263764805,-0.3190660632816967,-0.20303718023695766,-0.4882520792370033,-0.2629908680146199,-1.2545925928374415,-0.17658926204205586,0.031568121701891334,1.00565565881909,0.17754077898323437,0
0.3954308033169021,0.40453848499117673,0.1963474497086251,-0.40032215411836986,-0.29734361315549496,-0.2956802157089888,-0.949156919127577,-1.9811891348335877,0.038752368218742915,1.531170011903045,1.2020764431021533,1.2153324724158867,-0.4209073972747873,0.7060062293857579,0.15692569072924695,-0.3190660632816967,4.689424994147564,-0.4882520792370033,0.03989709472258005,-1.2545925928374415,-0.8246781874154558,-0.5815895320326505,-0.26229587173381524,2.594750331232025,1
1.8433657643068517,-0.9296390043327645,0.1963474497086251,0.4509692164152518,0.16378461983981346,-0.20549229078270537,-0.7162854289531967,0.3628774555810629,-0.9678026504499049,-0.6530953403124257,-0.8318938497948913,-0.5110942418771752,2.375819494916491,1.3991885851891528,0.9500331377520626,-0.3190660632816967,-0.20303718023695766,-0.4882520792370033,-0.30962386802021113,0.7970715001101324,-0.8802128202598056,0.16685026366849734,-0.764127603826722,0.5000758248846013,0
0.6522028061929211,0.08854879895621325,1.318332876615054,-0.3564448312255517,-0.25523000430250814,-0.2656738923356803,-0.45374204459132317,-0.454314411202433,1.0453073868873908,1.531170011903045,1.2020764431021533,-0.36722534901942006,2.375819494916491,0.01282387358236278,-1.598484365366008,2.8244419493458564,-0.20303718023695766,-0.4882520792370033,-1.002403644962556,-1.2545925928374415,-0.724123297068467,-2.4709829353623323,1.148096490832856,1.7117277300433413,0
0.95055547473801,-0.6266297088204761,0.1963474497086251,1.0185513249846567,-0.2661400013698624,-0.3257741644448601,-0.6076324299009129,1.0455500379659037,0.038752368218742915,1.531170011903045,1.2020764431021533,-0.7988320275926855,-0.4209073972747873,0.01282387358236278,1.1743466286310227,-0.3190660632816967,-0.20303718023695766,-0.4882520792370033,-0.6008713580441926,0.7970715001101324,0.006187862991697621,-0.6788770958231979,-2.5300132607393637,0.18096770666161213,0
1.4941494652689897,-0.8729174581656439,0.1963474497086251,-0.4844131287920606,0.04836885835579445,0.15824685917968337,-0.9342130855964188,-0.5403072447709169,-0.9678026504499049,-0.6530953403124257,-0.8318938497948913,-0.9427009204504406,-0.4209073972747873,0.7060062293857579,-0.09724201327704009,2.8244419493458564,-0.20303718023695766,-0.4882520792370033,0.8322828813969605,0.7970715001101324,0.7184208354902554,0.12046174861685094,1.4946026879165244,2.2063193149258757,0
-0.1811525880998772,-0.5076967522272572,0.1963474497086251,-0.6507827553782898,-0.09822924061951947,0.6242611934616433,-0.3879079897637764,1.4560718108583954,0.038752368218742915,-0.6530953403124257,1.2020764431021533,-0.07948756330390976,-0.4209073972747873,0.7060062293857579,1.409235161616993,-0.3190660632816967,-0.20303718023695766,-0.4882520792370033,-0.5165818782596271,-1.2545925928374415,-0.970198666057456,-0.5761907083469946,0.3710573921346781,-1.2265084328674183,0
0.518782040277526,-0.8556448548486014,-0.9256379771978037,-0.6303476018369563,0.1736430215086564,1.2762124815240776,0.6205166206632717,0.05464353715632203,-0.9678026504499049,-0.6530953403124257,1.2020764431021533,1.2153324724158867,-0.4209073972747873,-1.3735408380244272,0.42041557981481803,-0.3190660632816967,-0.20303718023695766,-0.4882520792370033,-1.3359180406579094,0.7970715001101324,0.3654846022371192,0.2834762723528455,0.7019334521172385,-0.20357514347533653,0
1.7227648813202368,0.10087798438968555,0.1963474497086251,0.4765567498794746,-0.3056068767302137,-0.3297567632143005,-0.12613891201701474,1.5396379556499464,0.038752368218742915,1.531170011903045,1.2020764431021533,-1.6620453847392165,-0.4209073972747873,-0.6803584822210322,-0.2613758155849433,-0.3190660632816967,-0.20303718023695766,-0.4882520792370033,-0.287165153417024,0.7970715001101324,-0.9342714505035519,-0.9726960756337828,0.6779963952235523,-0.777773904100941,0
-0.9309627488700174,-0.6916330640252678,-0.9256379771978037,-0.28024291368517373,-0.11059335377556001,-0.177871712049063,-0.7594837955242801,0.7354259858516996,-0.9678026504499049,1.531170011903045,-0.8318938497948913,-0.6549631347349304,-0.4209073972747873,1.3991885851891528,1.0157085683558609,-0.3190660632816967,-0.20303718023695766,-0.4882520792370033,-0.27396620493015583,-1.2545925928374415,2.0708080878205886,-0.17399322565773942,0.8561253861170177,-0.6616465147381559,0
1.219739423277501,0.13526405984783582,-0.9256379771978037,0.5221765034354053,-0.16452855784678933,-0.2949523181140465,-0.4424099544816495,0.37607792026020137,-0.9678026504499049,-0.6530953403124257,-0.8318938497948913,-0.6549631347349304,-0.4209073972747873,0.01282387358236278,-0.9153059443883866,-0.3190660632816967,-0.20303718023695766,-0.4882520792370033,-1.4363858050246001,0.7970715001101324,-0.8639482277479074,-1.5434699635856963,-0.6899897793895052,-0.6935152168224388,0
-1.272096082954759,0.41953751871826667,-0.9256379771978037,-0.45245819581819524,-0.3394546415876059,-0.3347454999393939,-0.47949356380638036,-0.1533703040306786,0.038752368218742915,-0.6530953403124257,1.2020764431021533,-0.2233564561616649,2.375819494916491,0.7060062293857579,-1.0969932949424197,-0.3190660632816967,-0.20303718023695766,-0.4882520792370033,-0.07355566743394332,0.7970715001101324,0.10675815021367784,-0.5811456881510813,-0.7405671234279096,1.263737428234947,0
-1.187300567581217,0.7285493753140181,0.1963474497086251,1.2966754381589234,-0.33982280153778865,-0.33902491599225476,0.32169797619139673,0.7125739103019082,-0.9678026504499049,-0.6530953403124257,-0.8318938497948913,0.0643813295538454,-0.4209073972747873,0.01282387358236278,0.021223522283563816,-0.3190660632816967,-0.20303718023695766,-0.4882520792370033,-0.09714257608539546,-1.2545925928374415,-0.826600760017137,0.953679430773293,1.34795179040671,-1.073626483833125,0
